0,1,"The text is a first-person account of the author's personal experience with a health condition and how a Wii has helped them with at-home physiotherapy. The author describes their emotions and feelings about the Wii, including being ""damn happy"" with it and wanting to share their experience with others.","I have something similar to MS, mostly affecting my lower half. My main problem is balance and lack of strengh.   Recently, I was given a gift of a Wii with a balance board. I said I could use it for at-home physio, as the closest phisyo place is about two hours from me. I had NO idea how much it would help.  Getting INSTANT feedback on how I was not balancing correctly has helped me beyond what words can say. I don't have to tip over to know I'm leaning. It is teaching me what standing centered feels like.  I have re-learned how to walk this past year after not being able to for the previous three. If I had any idea how much the Wii would help I would have gone in to debt and bought one right away.   I'm not paid to say this stuff, I just REALLY wanted to share my experience with it. It has helped me so much... Three days ago I walked without a cane or walker... ALL ON MY OWN for the first time in four years!!  I also love how it makes fancy little graphs to show you exactly how you're doing. Helps make me WANT to get up and get on that board... see how I'm doing on a given day.   Sorry for the rant.... I'm just so damn happy with it!  *TL;DR* Got a Wii VERY happy with it for physio and want every fellow gimp to have one!!"
6,1,"The text belongs to class ""1"" because it contains a self-description of the author's experiences and how they feel about them. The author shares their personal story of being diagnosed with PTSD and conversion disorder, their struggle to find a job, and their eventual success in getting a part-time desk job. The author expresses their emotions of frustration, excitement, and happiness throughout the text.","I've been diagnosed with severe prolonged PTSD, because of that also conversion disorder with complete paraplegia four and a half years ago. I couldn't walk for three and a half years, the last year has been good progress in getting my mobility back and improving my mental health.  Just wanted to say that after (coming up) five years not working, I GOT A JOB!!! I've worked there two months now, already got promoted!! I was getting turned down left right and center... No one even wanted me to volunteer. I was getting VERY frustrated, then applied at a place where my BF knows the staff so they would give me a chance.   I proved myself and now have a part time job, permanently. (I only wanted part time, gotta work up.) I am SO damn exited and happy to be back in society.... I never thought I'd love a desk job so much. I don't have to worry about how my lower half is going to be or baby it every day before I work... It's all good because I'm at a desk!!  I wanted to let everyone know that there IS hope out there for those wanting to get back in the work force... You just gotta find the right place that will look past your 'disability' and see YOU.   /hug!"
19,2,"The text belongs to class ""1"" because the author describes her personal situation, including her chronic health problems and her desire for more independence. She also shares her thoughts about getting a service dog and asks for input from others who have service dogs. This indicates that she is open to hearing about others' experiences and feelings, which suggests that the post is not just a question.",I'm a 23 y/o girl with chronic health problems that makes it difficult for me to get around.  I am thinking that a service dog could help me be more independent by picking things up when I am in my wheelchair and by helping me when I have weakness spells.  I know this is a big decision and would love to hear from people who have service dogs about their experiences.  Thanks!  :0)
26,2,"The text belongs to class ""1"" because the author is describing their personal experience and condition, as well as how it affects their decision-making process when it comes to replacing the carpet with hardwood floors in their condo. They also express their thoughts and concerns about the situation, including the potential need to make accommodations for their disability.","Hi, this is my first reddit post. I am purchasing a level entry (second floor) condo, and I am trying to decide if I should replace carpet with hard wood floors. Reason being I have nerve damage in my feet and easily trip, especially in the dark. I also need to use a wheelchair when I just cant be on my legs anymore.  According to the CCRs for the condo, I am supposed to get board approval before replacing carpets with solid surface floors (its a noise issue for people downstairs) Timing of the sale and being able to get contractors in the unit before I move in may prevent me from going through that process. I am thinking I may just go ahead and have the floors put in, with noise abatement material under the floor. If they complain I can make a very real case that this is a disability necessity. Anyone have any experience with this issue?"
28,2,"The text belongs to class ""1"" because the author describes their personal experience of receiving Supplemental Security Income, going through a periodic review of their case, and changing their bank account to a credit union. They also express concern about having to undergo another review so soon after the first one.","Hi all,  I'm disabled from birth and receive Supplemental Security Income. In September I did one of their periodic reviews of my case. Everything went fine.   Today I received another letter saying I have to do it again. The only thing that's changed is that I changed bank accounts to a credit union shortly after the review (which I reported to them right away).  Is this something I should worry about,  or is it just something triggered by changing banks? I've never had two reviews so close together; or even in the same year."
29,1,"The text belongs to class ""1"" because the author is describing their personal experience of using a wheelchair for a month as a professional development goal, as well as sharing their thoughts and feelings about this experience. They also ask for advice and suggestions from others who use wheelchairs or have disabilities, indicating a desire to learn from the experiences of others. The text contains a self-description of the author's condition and their thoughts and feelings about it, which is characteristic of class ""1"".","As a teacher, I have to pursue a professional development goal. This year I have decided (and been approved) to teach for the month of December (and probably March or April as well) while using a wheelchair. Today (parent-teacher conference day) I've given it a test run.   My classroom is *so* not wheelchair-friendly. I'm learning powerful things about how different the world is from the other perspective. I've always tried to be aware of such things, and I've worked with many people of varying levels of dis/ability, but of course it's so very different when you put yourself in the other situation.  I'm keeping a blog [here](http://pchair.edublogs.org/), in case anyone wants to read it. Meanwhile, I'm curious to know what other folks who use wheelchairs (or live with other disabilities) think I should know.   I also have some questions:  * I'm planning to use my biking gloves while in the chair. Are these generally best, or is there another kind I should know about?  * I dropped a piece of paper today and struggled for a couple of minutes before getting up to grab it. (I know, this is where I come to the project with privilege.) I grabbed a couple of rules to use like chopsticks, but perhaps someone else has a better suggestion?  * I'm a fiercely independent person. How hard is it for you to ask for help on occasion?  Thanks in advance."
31,1,"The text belongs to class ""1"" because it contains a self-description of the author's condition, experiences, and how the author feels about them. The author describes their struggles with primary immunodeficiency disease, hospitalizations, treatments, and the impact on their daily life. The author also expresses their feelings of humiliation about their situation and the need for social assistance.","I'm a 21-year-old female from Florida. I have primary immunodeficiency disease which I've struggled with for the last few years. I've been hospitalized for long stretches of time, numerous times. I've had plasma transfusions, several surgeries, been on a lot of medication and my daily activities, ability to work in an office environmental, and general ability to take care of myself are impaired. I currently live with my parents but would like to live with my boyfriend. He is a full time student and full time worker. And won't be able to take care of me if I have a bad flare.  Would my case be applicable for some sort of disability assistance (Either insurance as I'm a consultant who works from home with no insurance of my own) or social security?  I feel very humiliated about the whole thing as my illness is mostly invisible and I'm very young to be looking for social assistance.   Still, I don't think I could make the move to independent living without a real safety net. Any advice would be great."
32,2,"The text belongs to class ""1"" because it describes the author's personal experiences and interests in anthropology, disability studies, and People First Language. The author also expresses their thoughts and concerns about the use of political correctness in relation to People First Language.","I'm currently finishing up my undergrad career majoring in anthropology with a focus on anthro of disability/disability studies.  I've had many opportunities working with disability both in my local community and abroad in research and volunteer work.  Since I found this field of interest, People First Language has been something I've always tried to be cognizant of; yet in a generation when Political Correctness is such a sensational band wagon to get on, how far can I truly defend PFL?  That being said, does r/disability feel strongly about the difference between between ""being disabled"" vs ""having a disability"", or no?  Thanks everyone."
34,1,"The text describes the author's personal experiences and feelings about the representation of disability on Reddit, making it class ""1"". The author talks about their own situation as a person with a disability, their observations of other posts and users, and their opinions on the matter, all of which indicate a self-description of the author's condition or experiences.","I'm a guy with SMA and really getting into Disability Studies.  This is basically the only disability subreddit I've found.  While there are a lot of great links, there's no real discussions going on.  There are plenty of Redditors out there with disabilities.  LINK was on the front page just yesterday. And yet we need a strong subreddit to address ridiculous reactions like LINK.  I know that post is a part of r/circlejerk, but I also know (and you also know) that it's expressive of a very real and unapologetic ableism.  I've seen too many people with disabilities posting on r/depression.  It makes me think to myself (no offense to r/depression) that some of these posts need be in a disability subreddit instead.  When a woman with a C5 spinal injury is despairing over her situation, she needs to talk to us.  I'm tired of passing by somebody with a disability in the comments section and either having an awkward conversation that leads to nowhere or not having one at all.  What do you guys think?  Do you think disability is underrepresented on Reddit too?"
35,1,"The text belongs to class ""1"" because it contains a self-description of the author's condition (Spinal Muscular Atrophy) and their personality traits (sarcastic and snarky). The author also mentions how people with this condition tend to be this way, indicating a shared experience.","Check out the sidebar. And, please, have fun with it. My flair is a bit of an inside joke at MDA Camp about how people with Spinal Muscular Atrophy (which is what I have) tend to be sarcastic and snarky."
39,2,"The text belongs to class ""1"" because the author is describing their personal experience and feelings about their upcoming birthday and navigating bars in a wheelchair. They also mention their injury and express concern about how to conduct themselves in a bar setting.","Hey!  I'm a bit new to this subreddit, but I thought I'd throw this out there.  My birthday is tomorrow and I'll be 21!  Now, I probably haven't been to a ""bar"" bar (one that's not attached to a restaurant, like free-standing bar) since my injury roughly 2 years ago.  I was just curious as to how to conduct myself since I know for a fact I will run into places where the ""bar"" seating/counters are not accessible.  Any other tips (such as how to wheel around in a manual wheelchair while drunk and *not* falling) are very much appreciated!  Thanks!"
47,1,"The text contains a detailed description of the author's personal experience and feelings about their current situation, making it class ""1"". They share their struggles with navigating a hilly college campus on crutches, the pain they're experiencing, and their gratitude for the help they received. This self-reflection and expression of emotion indicate class ""1"".","I've been on crutches for 3 weeks on a hilly college campus. I live about .8 miles from my first class. A few days ago I started having pain in the leg I'm walking on as well as in the side of my hip. I decided to pick up a wheel chair so I wouldn't have to overuse my right leg.  I kinda thought it would be easy, and I was glad to get my weight off my leg. However, as the day went on, I started to realize how difficult the campus is to navigate without using stairs. Some buildings here have a handicap entrance on one side of the building, and the elevator all the way on the other side. Going uphill might be faster if I were crawling.  The worst part IMO was waiting 5 minutes for an elevator, it opened on my floor and was full...Full of people with two working legs and no heavy items to carry. No one got off the elevator to let me on.  On the bright side, a friend with the same schedule helped me get up a few hills, and my girlfriend drove me from my house to campus. Without their help I wouldn't have lasted the day.  I didn't sign in to reddit to complain. I'll be able to walk again in three weeks. I just wanted to say how much of a new found respect I have for anyone with a disability; mobility related or otherwise."
49,1,"The text belongs to class ""1"" because it contains a detailed self-description of the author's medical condition, experiences, and emotions. The author shares their struggle with Congenital Heart Disease, leg malformations, and the pain they are currently experiencing. They also mention their feelings of depression and the choice they are facing regarding amputation.","I was diagnoised with Congenital Heart Disease and a multitude of leg malformations when I was born, including Tibial and Fibial Haemimilia. I have had many corrective operations and surgeries to get me to the best possible state.  A state that I am still not in.   I'm currently in massive amounts of pain in my lower-back and ankle/forefoot (right leg). I am on high doses of morphine and even then I only recieve 1-2 hours of 'pain-free-ness,' which is not nearly enough to live a happy life - as such I have depression.   Currently, I am faced with the choice that has been presented to me many times but immediatly dismissed. Amputation. I dismissed it before since I had many more options in terms of corrective surgery and was willing to go that route to save my leg, however I have now - at the age of 19 exausted all those options. The last of which was an ankle fusion.   So my question and choice is, to amputate or to not amputate? Is there anything I can do along with exercise and find better specialist shoes (I currently have a small rise + rocker inbuilt) and if I have to go with amputation, what should i be expecting? how do i handle it? I am extremly scared of the idea but I obviously have to be willinging and accepting.   Thanks in advance."
54,1,"The text belongs to class ""1"" because the author describes their personal experience of being hard of hearing and calls themselves deaf in some situations. They also express their feelings about their situation, specifically their frustration with existing hearing aids and their desire for a non-hearing aid solution. The author's question about a potential solution is secondary to their personal experience and feelings.","I'm very hard of hearing, calling myself deaf in some situations, and I was wondering if there was a non-hearing aid solution where you wear headsets and put a microphone on someone to isolate this person's voice in noisy situations? I'm thinking some sort of wireless solution, that you can bring to these situations.   Sadly, hearing aides are not very useful to me, as I have real trouble filtering out ambient sounds and need an isolated boost.  Any ideas or experiences that could help me?"
64,1,"The text describes the author's personal condition and experiences with epilepsy, including how it affects their daily life and emotions. The author also expresses frustration and disappointment about their situation. Therefore, the text belongs to class ""1"".","hello... mcnerdius here.  i have a few questions brewing but i figured i'd break it down into two posts rather than posting one big long ramble.    first off, i'm somewhat paranoid even posting here to begin with, as my disability is kinda, well... different.  i've got really effing bad epilepsy.  no (*cough*legal*cough*) meds have been able to fully treat it, and while most of my seizures are non-convulsive, i have more than my fair share of convulsive seizures.  It doesn't put me in a wheelchair or leave me with many other direct physical symptoms.,,, ***hour or so later:*** annnnnnd i just had a seizure.  6-7th today. :(  Anyhoo, what i was saying is that while it doesn't directly *physically* disable me, it screws me out of alot of physical activities and what's been making me cranky lately is TRANSPORTATION ! Driving, walking on sidewalks near busy roads, using the bus (for reasons beyond epilepsy alone, though), biking - they're all out.  Having no family/friends doesn't help either :(  Didn't mean to get off to so much of a sob start there - it's been a bad day.  I'm kinda just  testing the waters or something here... like i alluded to before, i'm not sure how i and my disability will be ""received"" here - considering it could be (and is, by some folks i know personally) looked at as a ""major inconvenience"" coupled with some psychological difficulties.  Hell, that's pretty much how my ex views it...  I'd really love for them to walk a mile in my shoes, though... that would be nice.  Alright i'm disappointed in this post, after having that seizure and reading this post back, i realize that there isn't much content, but i'm gonna leave it be for now.  Oh one thing i did want to ask/share: where's everyone from ?  I'm in the US. :("
75,1,"The text describes the author's personal experience using a cane and how it has improved their mobility, as well as their feelings about the stigma surrounding mobility aids. The author expresses frustration with able-bodied people who don't understand their experience. This indicates that the post belongs to class ""1"".","First off - I'm not one of those ""Just think positive"" types. Really not. I believe in the healing power of having a damn good snark three times a day. But I keep seeing people go on about how ""sad"" canes and wheelchairs and things like that, and so I'm getting opinionated here.  For a long time I used a cane once in a while, on bad days. Then it was over winter when it was cold and there was snow, and then a couple of winters ago I just... never came back off it. It took a long while to adjust to this - I finally got a nice cane but even then, in the back of my head I was thinking ""Maybe I'll be off it again"".  But I found the people around me were more upset by me using a cane than I was. I got a lot of ""Are you sure you need it?"" or ""What if you left it at home?""  Let's see.  Without cane: I can get about the house on my own on good days. I could *possibly* make it to the local supermarket, but I'd feel unsafe trying, and I definitely couldn't make it home carrying any amount of shopping. I can't really use public transport because I'm unsafe getting out of my seat while it's moving.  With cane: I can get around the house on my own on bad days. I can go to the local supermarket, and the big store further away, and carry my own groceries home. I can go for a wander around town or down to the seaside. I can catch the train all over the country on my own.   So you know what? I'm glad I finally ""gave in"" and started using my cane full time. It broadened my world out from ""my bedroom"" to ""anywhere I can afford to travel"". Yes - it still hurts. But frankly with my joints it's going to hurt even if I'm lying flat on my back. Yes - I still have bad days. But again, I'm going to have those whether I can leave the house or not, and at least this way there are some good days too.  Anyone else found that a lot of able-bodied people just do not seem to understand this? What do you do about them?"
82,1,"The text describes the author's personal experiences and feelings about their situation, including their difficulties in finding employment and the negative attitudes they have faced from various organizations and individuals. The author's use of first-person perspective and emotional language, such as ""I need help"" and ""I have always been poor,"" further supports this classification.","In Ann Arbor Michigan we have AACIL, (Center For Independent Living) and MRS (Mich Rehab) AACIL will let you know what they think of you in a way... No intake, no action, no hurry, no departments with definite assignments, ( what you may call a non-job is what many of these people enjoy) Neither of these places keep track of new offerings toward the disabled,on the internet, neither acknowledges new College grads- They will make work for themselves and get you a blue collar job!  I need help if I'm to get a Schedule A form filled out for a person with a disability.  Univ of Mich Doctors said I'm disabled from a severe head injury and flexed neck. I am on SSI, thought I could do better, no one is concerned... only about me starting trouble for them by asking for something!  MRS moniker "" Meaningful Careers for Disabled""  I have heard of none who got one. I live in a building filled with clients of theirs at some time.  I only seek - To better my situation towards getting some sort of job at college level or the best I can get anyway, probably is not going to pay much... I can't have everything!  BTW- I have been told that - I'm on drugs or am burned out by them, a nut, have aspbergers, faking it, and latest- too old so that explains things. ( Drs. have noted my flat way of talking, weird gait, and anxiety/depression issues and there's more, as typical head injury stuff.) Drs. do not do vocational stuff, Social worker types do. I started school at 39 and am pushing 50 now, graduated in 2007  Bachelor of Science Technology Management from Eastern Michigan Universityy Construction Management from Washtenaw Community College Most of a Health Care Certificate from WCC.  Yeah, I am a troublemaker, a bum, Sorry, this happened long ago to me, I have always been poor.  Reason I mention it, is I lack resources, I need stuff close, I do have a 1992 car, I bet i could do some sort of internship in an area that is worthwhile steppingstone. I've been roughed up by Social Worker types pretty bad.On the way by  PPS If I find good stuff, I will surely post it for  you guys."
110,1,"The text describes the author's personal experience and feelings about their invisible disability and the challenges they face when trying to use public transportation. They express concern about causing inconvenience to others and are unsure about the etiquette of asking for a seat. This self-description and emotional context indicate that the text belongs to class ""1"".","The buses in my city have [this](http://www.grt.ca/en/accessibility/resources/Priorityseating.jpg) sticker indicating that the seats underneath are for people with disabilities. I have a (somewhat) invisible disability (I wear a knee brace, but people don't really see/recognize it) and I need a seat on the bus, otherwise I'm in extreme pain. Is it appropriate to ask for a seat when all of the accessible seats are full? I realize that I don't know who else might have invisible disabilities and I would never ask someone specifically, but is it rude or irresponsible or inappropriate to ask?"
111,1,"The text belongs to class ""1"" because the author describes their personal experience with a disability, including the pain they feel and the difficulties they have with walking and running. They also express a desire to learn how others have come to accept their own disabilities.","Hey /r/disability I don't know if I'm in the right place for that but, I just want to know how do you accept yourself and how you live with yours disabilities. I had torn my ACL and my meniscus a year ago. After my operation, I did physiotherapy for months (almost everydays) and I still suffer a lot every single morning I wake up, each step I do with my cane, every night before I sleep, my knee still hurt me all the times a lot. I have difficulties to walk and I can't really run. It's pretty hard to live with the constant pain I would like to know your stories if you wanna share it and especially how you learn to live with your own disabilities.   Sorry if my english isn't that good"
121,2,"The text belongs to class ""1"" because it contains a self-description of the author's experiences and feelings. The author talks about their own experience of dancing with the person they care about and how it made them feel. Additionally, the author expresses their concern about the person's feelings and their physical condition.","How can i dance with her? I tried once and she said it was great, (for a guy that never danced before). During our graduation of middle school, we had to stand up for the Pledge of Allegiance, and i stood, and i looked at her and felt sad. Can any one help with this also i don't want her to feel bad. FYI: She is physically handicap, and needs a wheelchair to get around."
124,1,"The text belongs to class ""1"" because it describes the author's personal condition, including their brain cyst, constant migraines, blackouts, and seizures. The author also expresses their feelings about their situation, such as feeling like they are at the end of their rope, losing faith in humanity and the country's system, and feeling like they need help.",I have a cyst in my brain and have constant migraines/blackouts and have had some seizures in the past and natural sunlight hurts my eyes severly as well as looking at the computer for more then 30 minutes at a time. Ive been home for 4 years and havent driven or barely left the house . and have been denied disabilty 3 times now ...what can i do ..i feel that im at the end of my rope..i have an attorney but he seems to not do anything..who can i call for help asap..im about to lose everything i have and own . my savings are all but dried up . ive been to brain surgens and they say its inoperabble due to it being in the center of my brain ...i dont know what to do and am/have lost faith in humanity and this country's system. i am a person that actually needs help but all i ever see is people that dont have anything really wrong with them getting assistance...please help
129,1,"The text belongs to class ""1"" because it contains a self-description of the author's condition or experiences, and how the author feels about them. The author describes their struggles in the workforce due to their disability, including instances of harassment and misunderstandings. They also express their emotions, such as frustration, sadness, and hopelessness.","Ive been in the workforce for 15 years now.  I managed to put myself through college, struggling through my disability to learn an extremely complicated degree at a pretty esteemed university.  Everything I know I've had to learn on my own because few people are aware or have any compassion for a disabled person.  I always used to blame myself for my failings.  I've had a lot of setbacks in my career.  I've been harassed, I've been sworn at publicly in front of other coworkers.  Most recently I was brought into a room over a misunderstanding of a minor situation by two senior managers and attacked by them with the assumption that I was doing anything maliciously.  I can't play politics in the office.  I don't hear what people are saying behind me.  I also don't normally hear tone too well (except, of course when people speak in an annoyed tone if I ask them to repeat themselves).  I'm at my wit's end here.  I hate using my disability as an excuse.  I've fought it for many years.  People will accuse me of selective hearing or not paying attention to detail.  I've been crying since I got home yesterday out of frustration, sadness and hopelessness.  I thought I had a manager at this new position who'd support me and defend me.  Instead she threw me to the dogs and publicly ridiculed me in front of another senior manager.  Then they told me to leave the room so they can laugh and gossip about someone in the company who recently left.    I decided to write a letter to HR and so I did, on the advice of a friend who recognized what was going on when I did not.  He told me that what was going on was their fault, not mine, and that I'd been very clear from the time I interviewed till now that my hearing disability is a weakness and I need help to do my job well.    Nobody seemed to listen.  And now I've been threatened to be fired twice for miscommunications.    What I want to know is this...has anyone else experienced this kind of thing in the workforce?  What did you do to resolve it?  Did I just screw myself emailing HR and should I have just kept my mouth shut and struggled on?  I've lost many jobs over the years and this seems to be the issue that keeps being brought up.  I'm never fired per se, but my managers always bring up the communication issue in my performance reviews.  I had a senior manager at my previous company who was very aware of my hearing disability and was able to advise me on how people treated me as a result of my not hearing what they said.  He said that I have a valid issue here and that I should not be doubting my ability.  He also recommended I speak with HR.  I'm now terrified of going to work."
137,1,"The text belongs to class ""1"" because the author is describing their personal experience and feelings about their disability and social interactions. They describe their general approach to viewing themselves and others as people first, but also share their specific nervousness in certain social situations due to their use of a wheelchair. The author's self-reflection and emotional experience are central to the text, which is why it is classified as class ""1"".","I always strive to see myself and others as a ""person first""- not a ""disabled person"", but a person who happens to have a disability. I am genrally pretty good at this, especially in terms of other people. However, especially in social or flirty situations, I often get nervous about how people will react to me (I use a wheelchair). I'm wondering if anyone has tips to boost my confidence..."
143,1,"The text belongs to class ""1"" because it contains a self-description of the author's condition, experiences, and how they feel about them. The author shares their personal story of being a third-year university student with ""mild"" Cerebral Palsy and legal blindness. They also express their feelings about their situation and future plans, including the challenges they face and the steps they are taking to become more independent.","Hello r/Disability!   I’m new here, so I figured it would be a good idea to introduce myself.  I’m a twenty year old third year (Junior) university student majoring in Spanish.  I have “mild” Cerebral Palsy and I’m legally blind.  After university I’m hoping to begin working for my university (it’s considered “state government” work).  I originally wanted to become a teacher, but due to my disabilities, I’ve realized that is an impossibility.  The university has the option of being a “live in” employee with housing and food provided, so I feel it’s the best fit for me in terms of living my life as independently as possible.  At this stage in my life I’m basically learning how to function independently with the cards I’ve been dealt.  In August I’m going to be receiving orientation and mobility training (I know, I should have received it sooner, however my doctor is um… well, let’s just say ranting about him would require a separate post).  To those of you who are legally blind and/or have “mild” CP: what tips/advice can you offer me in terms of being “alone” for the first time?  What things helped you and what things did not help you when you were in the “transition to ‘independence’ stage”?  I’m looking forward to reading your replies!  ¡Espero que ustedes les tengan un día fantástico (I hope you all have a fantastic day)!  - ML"
144,1,"The text belongs to class ""1"" because it contains a self-description of the author's condition and experiences as a paraplegic for 20 years, and how he tries to be active by participating in wheelchair sports. He also shares his love for surfing and his intention to turn an off-road Segway into an off-road wheelchair to change his life and have access to the great outdoors without barriers. He is asking for people's help by voting for him in a competition, which shows his desire to improve his life and overcome the limitations he faces as a wheelchair user.","I have been paraplegic for 20 years and try my hardest to be as active as possible. I participate in various Wheelchair sports, particularly Wheelchair Basketball. I am also a a huge fan of surfing and try and go as much as possible, even though I live in Aylesbury, Bucks, UK However, my life is very limited because after all, this is an able bodied world and is not really designed for wheelchairs users to experience the great outdoors. I have entered a competition to win an off road Segway that I intend to turn into an off road wheelchair that will change my life and give me access to the great big world out there, without barriers. What I need, is for people with a face book or twitter account to click the link supplied and vote for my picture and give me a better chance of winning the opportunity to have a fuller life without limits. Please assist me by submitting a vote for my picture at GoApe - http://goape.rusic.com/goape-summer-campaign-2012/ideas/2639 In advance of your assistance, I would like to say a huge thank you for even looking at this request. Please place a vote for me and help change my life. Thanks Lee Scrafton"
150,1,"The text belongs to class ""1"" because it describes the author's personal experience with Crohn's disease and how it affects their work and financial situation. The author expresses their feelings about the situation, including their desire to work and their fear of losing their home and car due to their illness. They are seeking advice on how to apply for some sort of intermittent disability in California.","Hello,   I've had Crohns disease since I was 14, I'm now 28. I've struggled off and on with flair ups for the entire time...missing a day of work here a day there, nothing too big. But lately I've been getting a lot more sick. I've used up my 10 days of vacation/sick time plus 5-7 days beyond that.   My work is really supportive, and wishes me the best, but my bills aren't so supportive. My lack of work is KILLING me on the financial side of life.   I don't want full disability, I want to work, but I also would like to be able to miss a day of work and not be fearful of losing my car, house, etc.   Does anyone know how a individual in California can apply for some sort of random disability? Like maybe I can call my doctor, get a note, and get paid for the day I miss via disability? I've been working since I was 15 so I'm pretty sure I've earned something :-)   TL;DR I have Crohns disease, I miss work because of it, I need some sort of intermittent disability money. Please advise."
160,1,"The text belongs to class ""1"" because it describes the author's personal experience and emotions related to writing with pain and using a dasher. The author expresses their frustration and desire to write creatively despite the challenges they face.",I have a lot of pain and sometimes use dasher. I want to start writing creatively again but the inability to write nearer to the speed of thought is so frustrating. Just writing this short bit is making me want to type despite the agony. [Dasher](http://www.inference.phy.cam.ac.uk/dasher/)
168,1,"The text contains a self-description of the author's condition (receiving SSI due to a psychiatric disability) and their emotional response (happiness when finding out about the SSI, followed by hopelessness about their current situation).","I get $665 a month from SSI due to a psychiatric disability.  When I found out I got it, I was so happy because I thought it meant I would be able to move out of my parents' house.  But that's not the case.  How am I supposed to be able to find an apartment and afford food on that?  I am currently in a bad living situation and I feel hopeless that I will never be able to move out."
172,1,"The text belongs to class ""1"" because it contains a self-description of the author's condition and experiences, as well as how the author feels about them. The author describes their struggles with asthma, neurological damage, and autonomic dysfunction, and expresses their fear, anger, and sadness about their situation. They also mention their previous life and plans, which were disrupted by their health issues.","I've been in the hospital for a week now with an asthma attack that won't let up. Maybe blame this emotional vomit on the steroids, but this is so scary. I just got my first tank of oxygen to take home with me tomorrow.   I'm 24 years old. I had a life. I had a plan. I wanted to live fast and burn out. I knew I wouldn't have long. I have too much neurological damage from encephalitis and menigitis as a kid. I had a hole in my spinal cord that leaked all my spinal fluid into a my abdomen for six months. I survived all of that. All it lead to was narcolepsy and some shitty autonomic dysfunction where my autonomic nervous system doesn't just dislike me when I stand, but when I move and breathe and try to function. Every fucking day is a struggle to get up, to keep going.   I was an athlete before this. I played basketball. I fenced. I swam. I hiked. I loved everything about moving. Now I sit here in the hospital bed, too weak find a computer cable to charge my damn laptop.   Tomorrow I'm to be released. I'll take a taxi back to my shitty second floor walkup and laughably get fitted for the wheelchair I was supposed to get two years ago. I was too stubborn. Too scared. Now I'm on oxygen and on wheels and have no hope.   I had a life. I had a plan. I wanted to travel and move and see everything. Instead, my parents are picking up their adult child this month and I get to live my own worst nightmare. No way to walk or breath on my own and stuck in my parent's basement for the rest of my life.  I know that being disabled means I'm supposed to be some sort of happy-go-lucky-everything-is-fine-look-how-amazing-I-am sort of gig, but I never got that. All I feel is angst. I'm terrified. How can anyone keep going when all I feel is like I'm a genetic reject?  And I'm so sorry if I've marginalized anyone. Everyone has their own struggles and oh god, if I made anyone feel worse, I'm so sorry. I am just so lost."
178,1,"The text describes the author's personal experience and emotions regarding the use of handicap bathrooms in their dorm. They express frustration and provide a solution they have implemented, as well as asking for advice. This indicates that the post belongs to class ""1"".","In my dorm there are two handicap bathrooms/showers and I asked my RA to reserve only one for me.  It took two weeks but he finally put a sign up saying it was for PWD and emergencies only and it seems that even more people are using it now than before.    Any ideas on what I can do to encourage people not to use the handicap bathroom?    It sucks big time for me, especially when people take super long showers.  I feel like I am justified in reserving the one bathroom out of several since I can ONLY shower in an accessible bathroom. Also, the girls bathroom is a very long walk/wheel (for my low endurance self) away so even going to the bathroom is easier for me in the closer accesible one. I'm thinking about leaving a personal note so my dormmates know that when they use it, they are directly inconveniencing a real person.  It will be taken down by the RA, but I hope enough people see it that it leaves an impression before it is taken down.  Any other ideas or advice on how I can world my note so that I don't become the pariah of the dorm?  Edit: I would especially love suggestions of ways I can express my concerns in memes.  I feel like those would be better received.  :0)   Edit 2:  I ended up posting a handwritten letter and a bunch of memes and so far it has worked!  :0)  The bathroom hasn't been occupied when I needed to use it.  And my RA hasn't taken the memes down.   In case you were curious, here's a link to the memes: http://imgur.com/a/jV5xR  Thanks everyone for their ideas!"
184,1,"The text belongs to class ""1"" because it describes the author's personal condition and experiences, as well as their feelings about the situation. The author has sensory processing problems and Generalized Anxiety Disorder with Social Phobia, and they find their job to be difficult due to the loud and busy environment. They are considering leaving the job and are seeking advice on how to explain their departure to their employer.","I have sensory processing problems (really sensitive to sound and touch) and General Anxiety Disorder with Social Phobia. Given these 2 issues, my job is pretty awful (very loud, very busy, surrounded by people).   I never informed my employer of either of these conditions (I didn't have an official diagnosis when I started the job).   Do I have to say that I'm leaving for these reasons, or could I make something up (I'm going to school soon, I could use that as an excuse)? If I do say that I'm leaving because of these problems, how much would they be able to tell potential future employers? (I live in Oregon, if that is relevant.)"
188,2,"This text belongs to class ""1"" because the author is describing their personal experience and feelings about their current situation, specifically their desire to get in shape and the challenges they face due to their disability. They are not asking a question, but rather seeking advice based on the experiences of others.","I'm thinking that I need to get (back) into shape.  However, due to issues with my disability, I'm not quite sure of the most effective means.  Paraplegics: Have any of you had success with a particular type of workout regimen?"
190,1,"The text belongs to class ""1"" because it contains a self-description of the author's condition and experiences, as well as their feelings about the situation. They describe their physical condition, medical history, and financial struggles, and express their loss of hope.","I've been disabled for the last 8 years. Almost completely immobile for the last 3 of those years. I'm 24 and married. I was in a major auto accident in 2004 that started everything off. I've had two failed back surgeries, surgeries that did what they were supposed to do (herniated disc, arachnoid cyst, lumbar fusion) but didn't fix my pain, in fact they made it worse. I'm on heavy pain medication, have had round after round of PT and chiro. I've tried message and acupuncture. I'm trying right now to get SSI, but my insurance company is fighting me tooth and nail. I just want to know if it's worth it. I'm going to doctors every month that don't fix anything, paying money for pills that don't work, having treatment the only causes more problems. I'm running my husband and myself into financial hell. Will someone please tell me if it's worth it? I'm loosing my hope here."
191,1,"The text belongs to class ""1"" because it contains a self-description of the author's condition, experiences, and emotions. The author describes their disability, the challenges they face in finding housing due to their income, and their frustration with people's false perceptions. They also express their concern about losing their disability benefits if they are rejected by Social Security.","I receive $698 per month from Social Security for my disability, which is paranoid schitzophrenic. Unfortunately, the social worker who submitted my application marked the box that states that I need a Financial Representative, and now I have one. I cut off all access with the social worker after I acquired disability payments. She lied to me and said she didn't mark it, and she did the application over the phone.  Anyway, I'm moving out of the current room I'm renting and need to find a apartment or room to rent. I haven't been able to find any apartments for rent because of their income guidelines, but today I called an apartment landlord and after I told them I received disability (I even lied and said I receive it for autism), she immediately became disinterested and said that there is a room available but the tenants haven't moved out yet.  I'm not a danger to anyone and I have a clean criminal record, what should I say to potential landlords so they're comfortable with the idea of renting to me? I've rented a room for almost a year now and didn't cause my roommate any trouble. It's aggravating that people don't want to rent to me just because of their false preconceived perceptions.  I hate that I have a financial representative but I don't want Social Security to reevulaute my case and possibly reject me because I'd be SOL if they reject me and cut off disability payments."
201,1,"The text belongs to class ""1"" because the author describes their personal experience and feelings about an upcoming operation. They share their fear of hospitals, vaccines, and medical procedures, as well as their desire to remain calm during the surgery. They also ask for advice and support from others who may have had similar experiences.","Short version: I'm going to have an operation soon and I'm terrified. I've never been good with hospitals, it's major surgery. I *want* to go ahead with it, but I know that it will go easier if I can be calm. Any advice/tips? Anyone dealt with the same? What did you do?  Longer version: I've been terrified of doctors since I was a kid. I was mostly healthy but had bad reactions to all my vaccines - so the only times I went into the doctor's I'd walk in healthy, he'd do something, I'd be sick. Which makes a hell of an association when you're 5 years old!   I had a couple of hospital stays as a small child but they're blurry - I wasn't that conscious and I know I've blocked some out. So in a way this is ""First time"". I've never even had stitches, and now I'm going to have major surgery, stitches, the works.  And yes, I am willing to admit I'm bricking it. No matter what happens, I'm going ahead with it, but I'd like to not be sobbing on the nurse when I do.  I have 2 weeks until surgery, so things like ""Go in for therapy"" aren't really plausible. But I'd appreciate some help."
209,2,"The text belongs to class ""1"" because it describes the author's personal experience and emotions regarding their mother's struggle to obtain disability coverage. The author provides specific details about their mother's health issues, financial struggles, and the challenges they face in navigating the system. The author also expresses their frustration and sadness about the situation, making it a clear example of a self-description of the author's condition or experiences, and how the author feels about them.","..ok, not my only hope, but I'm hoping the only one I'll need. I think I'm posting in the correct subreddit (if not, I'll gladly go to the right one).  **TL;DR** at the end  I'm the adult daughter of an 80% disabled vet (though that will probably be 100% by Spring) and a very ill mother who is being ignored by the system. They are not well, and I am now their live-in caregiver. We've been through some issues dealing with the VA for my dad, but it's my mom who's in trouble.  My mother has a massive hernia that formed out of a c-section from her last pregnancy which was (you guessed it) me. She had it ""treated"" about 10 years ago with some sort of mesh patch, but it quickly came undone. Now it is very large (visible through her clothing) causing hip and back pain, but more importantly, destroying her intestines. She has to manually press food through them after she eats and she's sick all the time.  She also is suffering from COPD. In April, she spent 2 weeks in the hospital, after a common cold almost killed her. Now she has an oxygen machine and a long list of meds she cannot afford. Simple tasks are beyond her now, like grocery shopping alone or gardening. She doesn't feel safe being alone with her grandson. Working a job is out of the question.  She will be eligible for some sort of SSI in January (she'll be 62), but we're afraid it won't be nearly enough to keep her comfortable (much less healthy). Yes, she's applied to disability and been rejected. She's going through it again...constant questions and phone calls, emails, faxes, letters. Her claim will be probably be rejected again because they require medical tests, but she can't afford them (which is why she needs help, but she won't get it without the tests she can't pay for, duh!). She's thousands of dollars in medical debt (nearly 100,000) and hounded by collectors.   I feel that her adjudicator (is that the right word?) has been abusive and harrassing, but that could be that I'm pissed off. For example, the agent has been repeatedly told that the cell phone is for emergency contact only and we have provided the home phone at least 10 times--I stopped counting. Today, she fought with my mom because Mom didn't answer her cell phone. After the conversation, my mother went outside and wept. She's so tired and beaten down. It's awful. And this happens all the time.  Is this how they are taught? Is it a strategy to keep from having to pay out? I've asked my mother to seek legal help, but she's just depressed now. Not to worry, I'm generally a not-nice person, so I will keep irritating her about this.  We accept that life goes on, age and deterioration happen, but she worked all her life paying into a system that promised to help her when she needed it. Aside from ""lawyering up"" is there some way to speed up or streamline the process?   **TL;DR** Unhealthy mom needs disability coverage, getting the runaround for the second time. Florida resident, if location helps."
212,1,"The text belongs to class ""1"" because it describes the author's personal experiences and emotions related to their worsening bipolar disorder and social anxiety, as well as their consideration of applying for disability benefits.","I'm a 24 year old female who lives in SC and work just over the boarder in NC. I work in a call center. Since the beginning of my work history, I've been choosing jobs that has less and less interaction with the public. I'm bipolar with severe social anxiety. ( had it since I was little).  Some of my symptoms : Panic attacks. Lack of motivation. Dreading any interaction with people. Swings between sleeping all the time to going days without sleep. No confidence( uncertainty in judgment). Crying spells. Suicidal thoughts. Severe depression with swings of manic activity( for the mania- usually only lasting a day. Always less then a week). Over the last two years, have gained over 100 pounds.  Hate to admit it but a decrease in hygiene. Dread of talking on the phone( bad for someone who works in a call center). Severe decrease in social interactions. Lack of concentration. Inability to make decisions. Racing mind. No energy. Feelings of guilt. Bursts of spending or ideas stuck in head with plans to implement. Very distractable. Constant feeling of apprehension or dread. Inability to look at one thing for a long time( if I'm watching a TV show that's 30 mins. It will take me about 2-3 hrs cause I keep pausing it and doing something else.)   So, that's most of my major symptoms.   Basically what is going on,  is in the last 2 years, my bipolar and social anxiety has been getting worse. My Dr and I have tried many different medications and medication combinations. All have been failures. My social anxiety has gotten to the point where I can almost not go into work anymore. I'll cry for about an hour before I have to go into work because it scares me so much. I've missed a lot of work recently due to my anxiety.  I have tried to get better while still working, but I just seem to be getting worse. I was thinking I might take a leave of absence and apply for disability. That way I can concentrate on getting better without having to set my progress back every day I have to go into work.  From what I have been able to gather from the internet, I meet all the criteria for mental disability.   I would like some input. How do I go about applying? Do I need a lawyer? Can I apply for disability while on a leave of absence or do I need to be unemployed?  Any other information or tips or ANYTHING would be greatly appreciated."
216,2,"The text belongs to class ""1"" because it contains a self-description of the author's condition and their personal experience with Duschenne Muscular Dystrophy. The author also expresses their thoughts and feelings about their situation, such as wanting to get a job and having trouble thinking of a suitable position. The author is not asking a question about a factual matter, but rather seeking advice based on their personal circumstances.","Quick background, I am 23 and wheelchair bound due to Duschenne Muscular Dystrophy( muscle weakening disease). I can move my arms fairly well, but I can't lift anything. I finally decided to get off my ass and get a job. The only problem is I am having trouble thinking of a job I could do. Does anyone know of jobs that someone like me could do? What kind of desk jobs would be in demand now?"
217,1,"The text belongs to class ""1"" because the author describes their personal experience and feelings about being labeled as ""crazy"" and how it affects them. They also express their frustration and seek advice, indicating that they are going through a challenging time due to their mental illness.","Im sick to the back teeth of being told im ""crazy"", that ""crazy people"" should be kept away from the nice, pristine ""normal"" people, lest their crazy juice get all over them.  It's hard enough even to get people to understand that a mental illness CAN be a disability, but being made to feel like im inferior, useless, defective because of my illness is more than demoralizing. It makes me so angry, but getting angry doesnt solve it either.  Any advice?"
221,1,"The text is a self-description of the author's condition and experiences, as well as their feelings about them. They discuss their diagnosis with OCD, GAD, bipolar disorder, and ulcerative colitis, as well as the challenges they face in their daily life due to these conditions. They also express their concerns about losing their health insurance and their difficulty in speaking with a disability attorney.","I guess I should start off by saying I am not even sure if I am a person with a disability. I consider a disability to be a highly impairing cognitive or motor function.    With that said I was diagnosed with OCD at age 7, GAD at age 12 (Doctor that liked to play loose with his script pad got me hooked on benzo's) and finally Bipolar which was given to me as a diagnosis back in 2010ish. In 2008 I developed Ulcerative Colitis (People with high anxiety tend to get this) basically the last 6+ inches of my rectum are covered in ulcers (I poop blood). I have had 3 colonoscopies and I am only 25.   I really, really feel bad for even looking into disability but at 25 I am having to face the hard reality that:  A. I will be dropped from my parents insurance  B. I have a plethora of Pre-existing conditions  C. I have been deemed 'medication resistant'  At my last job and even in college I have to spend an abnormal amount of time in the bathroom and most employers look down upon me as if I am goofing off when in reality I am straining to pass a bowel movement  :(  I don't want a hand-out and when I tried to talk to a disability attorney I just couldn't even bring myself to continue the conversation. Am I truly a person with a disability?"
228,1,"The text belongs to class ""1"" because it contains a self-description of the author's condition and experiences, as well as their feelings about the situation. The author describes their experience with receiving SSDI benefits for Bipolar Disorder, the amount of money they receive, and their difficulties with reaching SSDI for assistance. Additionally, the author expresses their concern about not receiving enough money and their struggles with paying rent. The author also asks a question about services that help people with SSDI pay for college and settle past debts, but this question does not detract from the overall emotional and personal nature of the text.","Hello, I'm 25yo and have been receiving SSDI benefits for the past 3 years for Bipolar Disorder. I get paid a monthly check for about $380, even though I should be getting more since I quit my part-time job 9 months ago and was living in an apartment paying rent for the last 4 months. The phone number to reach SSDI here in rhode island is always busy so it's hard for me to figure out what to do. It's really hard for me to go to the offices in person, but I know I should be getting more money than the amount I am given.   But, I also have a question about college and debt. Are there services that help out people with SSDI to pay for college and to settle past debts?   Thank you"
229,1,"The text belongs to class ""1"" because it contains a self-description of the author's condition or experiences, and how the author feels about them. The author describes their physical and mental health issues, their struggles, and their feelings about their situation. They also mention their attempts to seek help and the obstacles they have faced in doing so.","I'm stuck. I haven't been able to work the past few years and I keep worrying about my future.  These are the problems I have:  * No Help: I've not been to see a Doctor since I was 19, under my Dad's Insurance in Massachusetts. I'm 29 now. I have various mental issues, and physical issues now.   * The Mental Issues: I stress a lot. I have severe panic attacks over things that happened years ago, as I relive events in my head. This leaves me spacey I've been told during it. I've lost my last job because of my failure to focus after repeated warnings. I cannot meet new people, I am **afraid** of telephone conversation that goes beyond 'being shy'. I have severe bouts of depression and have come close to suicide more than a few times only to somehow pull myself out of it. I snap at people in anger at even minor irritations. I worry a lot about minor, stupid shit that can't possibly happen like 'Oh, I'm probably going to be homeless tommrow, even though there's no indicators of that at the moment'. I grind my teeth in stress to the point that my right lower jaw is a mess/offset and my teeth are ground flat and two broken. I've never been officially diagnosed with anything, as I've never been able to see a Doctor as my first point says, so I have no basis in which to say apply for SSI/SSD or any Mental Health Programs, or get on SMI.   * The Physical Issues: My back hurts all the time. I can't stand for longer than 5 minutes at time. I can't life heavy things. I'm overweight, which I'm sure contributes to this, but I am not so morbidly obese for my height I should be having THESE kinds of problems I've tried exercise for 6 months and there was NO improvements. Once again, I can't see a doctor to see if this is anything serious.  * Unverified Cerebral Palsy: I was told a bit ago by an estranged aunt that I was born with Cerebral Palsy. My parents never told me if this is the case, but I do remember little bits of Physical Therapy when I was a kid and needing to wear special foot inserts for a long while when i was 5-8. I have no clue if this is part of my physical ailments in terms of the backpain.  I have no idea where to begin to get on Social Security, a Temporary Program of anything, or other programs because I have no documentation, or paperwork, or Doctors notes, or anything. I have no idea how to get information about my medical past because I am miles away and I don't know the Hospitals I've been at over the years.  Where can I start? I can't see a Doctor, and can't afford one. I've tried Social Security Application before, but I didn't have any paperwork---I was under the assumption they would send me to a Doctor to have them look over me to do a mental exam.   What can I do to get started? I'm not sure if this is the place to post this, but I have a feeling that if I posted this on AskReddit, I'd be called names, etc like I have before when I've asked similar questions....I don't need that right now.....  I'm in Phoenix, AZ for the record."
234,1,"The text belongs to class ""1"" because the author describes their personal experience with a rare and progressive muscle disease, and shares the strategies they have developed to cope with it. They also express their hope that their experience can benefit others.","&gt;I have had a rare, progressive, untreatable, disabling muscle disease (Inclusion Body Myositis) since 1985.  During that time I have accumulated a wealth of tools, ideas and coping mechanisms to allow me to continue to enjoy life and remain independent.  In this blog I will share my experiences in the hope someone else might benefit. Please keep in mind that no two people are the same, and that what works for me might be useless, or even counterproductive for you or someone you care for. I am not a medical professional (nor have I played one on TV), so please judge the content of this blog site accordingly.  http://lifedisabled.com/ &gt;      My girlfriend's Grandpa loves when he gets new views on[ his blog](http://lifedisabled.com/) or 'likes' on [his YouTube videos](http://www.youtube.com/watch?v=CRo5By9YvuA). I would really appreciate any time you spent checking out his blog and videos and I know he'd really love it too! Thank you."
247,2,"The text belongs to class ""1"" because it contains a self-description of the author's condition and experiences, as well as how the author feels about them. The author describes their struggles with taking care of their 11-year-old child with Cerebral Palsy, and how it affects their ability to go out and socialize with family and friends. The author expresses their emotions and frustration, and provides an explanation for their behavior.","I get the feeling my family and friends wonder why I don't go out often, and when I do, I go home early. They don't fully realize how difficult it can be with an 11-yr old child with Cerebral Palsy and is confined to a wheelchair.   Take tonight for instance. We went to my inlaws for dinner. While we're there I have to carry my daughter's 80 lb frame to the bathroom, to the dinner table, back to the front room to play Wii, back to the bathroom. When I leave early, we get home and I have to carry her from the driveway, unlock the doors, get her inside, take off her coat and boots, get her on the toilet, change her into her pj's, set her up on the couch watching her favorite movie, make popcorn for her, grab her drink, and give her a kiss...all before I can even think of relaxing. She's 80 lbs, and it's hard on my back/legs. YES, I realize there are ramps, etc, but we've used up all our grant funds on wheelchairs and a lift for the van. We can't afford ramps, etc at this time.   TL;TR - My family and friends wonder why I don't have the energy to visit, etc. I have a kid in a wheelchair. Maybe come visit us instead?  Sorry for my rant. Kinda needed it tonight."
254,1,"The text belongs to class ""1"" because it describes the author's personal situation and their need for help with grocery shopping. The author also expresses their desire to maintain their independence by cooking their own meals. The text conveys the author's feelings about their situation, including their reliance on their father and their desire for independence.","I live in New Mexico and I am physically and mentally disabled and I need help getting groceries, both food and non-food items.  I also need to be able to use food stamps (SNAP).  My father has helped but I can't keep relying on him.  I do not want pre-made meals delivered.  I like to cook and even though it is difficult I want to hang on to any shreds of independence!  I'm not sure what my options are or who to contact to find out.  Please help if you can, thanks!"
257,2,"The text belongs to class ""1"" because it describes the author's personal experience and feelings about their brother's condition and their desire to help him. The author is not asking a question about a specific game or system, but rather seeking recommendations for something that would be fun and helpful for their brother.","Hi everyone! I posted this in r/gaming and someone suggested I post here.   Basically, my brother was really into video games and got into a motorcycle accident 2 years ago. He had a very bad TBI and has been working really hard at getting back to his old self since then. He has limited movement of his arms, can't stand/walk. He has full mental faculty, just poor motor skills. I want to get him something fun that would also help him get some dexterity back.  I was thinking about getting him xbox + kinect, but not really sure how it works. Do you have any recommendations on gaming systems or things like that which would be fun/good for him?  Thanks in advance!"
260,1,The text describes the author's personal experience and emotions related to their struggle to obtain hand controls for driving due to financial constraints and bureaucratic obstacles. The author's question about alternative ways to acquire modified vehicles is secondary to their primary concern about their personal situation.,"I passed drivers ed way back in high school. Which was about 5-6 years ago now. The school rented hand controls for me and I drove fine. The only problem was I never had a modified vehicle at home. My driving plans went on hold while I was in college since I never had enough money to afford the modifications.   I could have gotten assistance from the state [Illinois] but they wouldn't put hand controls on a vehicle that was older than 5 years or had more than 60k miles on it. Which was ridiculous, how could a college student afford a car like that? Well, my plans for driving went on hold.   Now that I have graduated I have been trying to work with the state’s Division of Rehabilitation Services to get hooked up with modifications.   The loops and legal crap they make me go through is weighing on my nerves. After finally getting a drivers prescription from a doctor I was able to sign up with Marion Joy in Chicago for a ""drivers evaluation"". Granted, I passed drivers ed in high school with a B. I have been out of practice for many years but that shows I'm at least capable of driving.  Today I get a call to set up a driver’s evaluation with Marion Joy. Come to find out, the test itself costs $700 dollars. I must pay $517 up front the day I have the test. I’m not even guaranteed to pass, and if I didn’t I would be out $517. I really can’t afford something like that, especially when I need to save money for a car so I can drive.  I’m asking r/disability if they know of any better way to do this besides going through DRS. I do not want to keep running around for them just for free $800 hand controls when everything else might cost more than that.  Can I purchase my own controls and get a permit and just go take a test all on my own? Are there other ways to get modified vehicles in the state of Illinois or nationally? I really have no idea what to do next. It feels like they are making it impossible for me to get my last step at independence."
262,2,"This text belongs to class ""1"" because it describes the author's personal experience, including their interactions with the cafe employee and their attempts to assert their rights. The author also expresses their feelings about the situation, such as their frustration with the employee's behavior and their disappointment with the police officer's response.","My daughter, a 23-year-old woman with multiple disabilities (legal blindness, seizures, autism), uses a service dog from PGI (Paws Giving Independence). I was with Sarah and her dog, Jordan, in Chicago, when we decided to go into an independently-owned coffee shop named Cafe Descartes at 327 N. Michigan Avenue in Chicago. As soon as we entered the shop, the only employee there began shouting at us, asking us to leave and saying ""No pets! No pets!"" We attempted to explain our ADA protections and to show him the paperwork &amp; I.D. badge that we carry in Jordan's zippered vest, but the employee would not touch or look at the materials, nor would he listen to our explanations.  The employee placed a call to the store owner, who was in Rockford, Illinois at the time. After he got off the phone with the store owner, he told us that we could ""stay one-half hour only."" Again, I explained to him that we had the same rights as any other customer, and could stay as long as we chose to stay. I called the police non-emergency phone number and requested that they send out an officer for mediation.  After speaking to the employee, the officer showed us a bottle of ""Espresso Machine Cleaner,"" and explained that the employee told her that the chemicals were unsafe for pets. He said that the espresso machine was leaking. However, the floor was bone-dry when we entered the store and there wasn't a chemical smell that we could detect. Additionally, there were children present in the store. None of the children had been yelled at or asked to leave. I took a picture of the espresso machine cleaner bottle with my cell phone.   This morning, I realized that a police report had not been generated. I called to speak to the officer, Officer Rodriguez in the 1st District, to request a written report. She refused to write a report, saying that she ""did not know the brand name of the cleaner."" I am working with the Chicago Mayor's Office for People with Disabilities in order to get a written report.  By the way, the brand name of the espresso cleaner that purportedly excluded us from the cafe was ""Cora Clean."""
264,1,"The text belongs to class ""1"" because it describes the author's personal experience of being unemployed for four years and their struggle to find a job due to their disability. The author then shares their positive experience of being hired by a company that accepted and supported them, leading to their current situation of fully supporting themselves. The text conveys the author's emotions and feelings about their experience, making it a self-description of their condition and emotions.","I felt the need to post this because of the TIL earlier about Walgreens. I was unemployed for four years, desperate to work again. I applied everywhere i could.. McDonalds, Walmart, EVERYWHERE. A small company hiredme for paperwork and i did that for a year, now with a company that is AMAZING. I've had a quick relapse while working for them. They didn't freak out or treat me different when I used my chair or walker. They still joked and laughed with me. I'm fully supporting myself now... The pride in that can't be explained to anyone who hasn't been there.   Some of  you may be having frustrating times... You just need to reach out there. Know what you're good at and how your disability affects you and an employer. Shout high, I'm a gimp yet I beat out over 200 applicants for my job. You can do it, it's just tricky finding somewhere that can ""handle"" you and your situation.   Keep the faith!! The personal pride is a HUGE reward!!"
274,1,"The text belongs to class ""1"" because it describes the author's personal experience and emotions related to discovering that they should have been receiving a disability pension from their ex-employer. The author expresses their feelings of frustration, anger, and disappointment about not receiving the money earlier, and even considers taking legal action to recover the lost funds.","I've been on disability since 2000. I just found out I should be getting hundreds a month from a disability pension from my ex-employer. I filed in December and they're starting it next month.   I am sickened that I have lost about $48K by not getting it over the last 12 1/2 years! I asked them about it and the guy laughed and said, ""We usually don't pay retroactively.""  Does anyone know if I have a right to that money? I emailed a couple lawyers online about it and asked if they'd help me sue on a contingency basis -- but they never replied so I'm thinking winning this isn't a good bet."
278,1,"The text is a description of the author's personal experiences and emotions related to their financial situation and mental health, and they express their feelings about the situation.","Hello I'm on cppd but was on odsp prior to that, I have chronic depression, and social anxiety. Each day of my life is filled with fear, I escape to my mind for solitude. I'm still searching for answers and can see now that I process info very differently than the norm. My question is I received last year ten thousand dollars from cppd as retro pay, I told this to odsp immediately and a month later they came back telling me that I owed them 9400 dollars to pat them back. I said yes take it I don't want it if I owe it. There response was for me to keep it in my account untill I received a letter to pay it back. I thought great ill have some extra money for emergency. Well unfortunately as the days went buy, then weeks then months I watched the money disappear. I used it to make my vehicle safe with repairs and then just daily expenses things for my children things for my family, gas, rent , food. Part of my illness is my anxiety I can't leave my room I'm to afraid, but if I have a purpose to go out I can place it in my mind that I can shop. I know I'm a loser I'm irresponsible I know but when you hide in isolation year after year, having the operatunity to run over and buy a game or a book is a wonderful feeling. But as the money slowly disappeared I became overwhelmed with fear of getting the phone call from odsp or the letter. When the phone range I would cover my ears, when the mail came I would pace for hours before getting it. The thought crippled me inside and I'm more afraid then ever. Now it's been eleven month still no word from odsp. Now I have my T4 from cppd and it includes that money on it and I must pay the taxs. I get my responsibility to pay this back somehow but this feeling of worry for so long has brought back my suicidal thinking. I just want to know why why give money like this to someone who's mentally ill who doesn't behaive the same way as normal people why make me suffer everyday with this. Being on such a low monthly assistance and having a big chunk go to child support this extra money seemed at the time to be a blessing now I just affirm that I'm an irresponsible loser who doesn't deserve to be here anymore. I don't want to leave my kids without there dad but I don't know how much longer I can live in this fear."
280,1,"The text belongs to class ""1"" because it contains a self-description of the author's condition and how he feels about it. Zachary Smouse describes his experience of living with Cerebral Palsy and how it limits his abilities to achieve his dreams. He expresses his desire to live independently, but also acknowledges the challenges he faces in doing so. Overall, the text conveys the author's personal experiences and emotions, making it a clear example of class ""1"".","I’m Zachary Smouse, I’m 19 years old living with Cerebral Palsy. I feel like I’m stuck in a body limiting my abilities to succeed with my dreams. I want to get out on my own, but some things I can’t do. The simplest things that normal people do in everyday life, I can’t do by myself; like I can’t cook, wash clothes, and fill my cup up with drinks. I need older people that have Cerebral Palsy to talk to that have succeeded in life; I want to succeed my dreams."
284,2,"The text belongs to class ""1"" because it describes the author's personal experience and feelings about their condition. They are sharing their background and how it is relevant to their future goals. They also express a concern about how to prove their condition for graduate school.","I have mild Cerebral Palsy and am applying to grad school. The doctor who diagnosed me is dead and the only record I have is a letter he wrote me. What is the usual way to prove something like that?  I've never claimed it before, but feel that its relevant in this case because I am studying to become a therapist and would like to work with similar cases."
285,1,"The text belongs to class ""1"" because it describes the author's personal experience and feelings about their situation. They have a sleeping disorder and have been trying to get accommodations from their college for years, but have been unsuccessful. They express frustration and a sense of injustice about the situation.","I've had a documented sleeping disorder for nearly 15 years now. Originally it was thought to be insomnia, but we now know that it is delayed sleep phase disorder (DSPS). My sleep schedule is shifted forward somewhere between 4 and 8 hours relative to other people, and not sleeping on my circadian schedule causes lots of problems. It is severe and is completely treatment resistant.  I've asked my college for every accommodation I can think of over the years:  - Appropriate housing so I don't wake up roommates - Night classes - Taking classes outside the university for transfer credit so I can finish on time - Recordings of classes (video/audio, school has a system for it) - Disability department to help other departments schedule classes at a later time (they told me to go ask the department myself-- that didn't work) - Taking tests later in the day when I am not dead asleep  School has called every single one unreasonable and refuses to accommodate. Professors are always willing to help, but they can't do anything without me ""registering"" for services through disability department, and disability department turns me away with ""We can't help you anyways, why don't you go try this"" before registering me. So I've been given the shuffle for well over five years.  This has cost me a lot of money directly, and a lot more indirectly in terms of opportunity costs. What can I do to get accommodations, and do I have any recourse?"
289,2,"The text belongs to class ""1"" because it contains a self-description of the author's experience and feelings about their cat Sammy. The author describes how they feel when Sammy sits on them while they are using their computer, and their frustration at not being able to move her. They also express their love for Sammy, but mention feeling like they could strangle her at times. This indicates that the text is about the author's personal experiences and emotions related to their cat.","First off, I really do love having my animals, but sometimes they can be awfully tiresome. Tonight, my cat Sammy decided that she must sit on me while I am using my computer. This is somewhat of an issue, as I am unable to use my mouse when she is sitting on me. Normally her lounging location wouldn’t be a problem, but being that the computer is one of my main ways of accessing the world it’s not the best place for her to be. Sammy, a gray tabby, is probably the most insistent cat in the world. if she wants to sit there, then there is no way you will persuade her to move, and if you put her down within two seconds she will be back to her former position. I think she knows that I have no way of making her do it, or it’s just the fact that she is a cat. I love her, but sometimes I feel like I could strangle her."
290,1,"The text is a self-description of the author's condition, experiences, and emotions, specifically discussing their struggles with ADHD, anxiety, depression, and social deficits, as well as their history of job loss and inability to live alone. The author also expresses their feelings of anger and concern about their inability to work and potential legal consequences. Therefore, the text belongs to class ""1"".","I've basically always had ADHD, anxiety, depression &amp; social deficits, but I've only got a diagnosis in the past year. I've been on a variety of meds ranging from SSRIs to stimulants with only moderate success. I've lost every job I've ever had due to being fired or quitting on bad terms. The only time I've tried to live on my own I was so stressed out I couldn't sleep &amp; could barely eat. I quit my last job because I was having a hard time containing the anger I feel towards people, &amp; I didn't want to assault someone &amp; probably become a felon. So now, I feel like I really shouldn't be working in addition to simply being unable to.  Anyway, at the moment I only have my medical records from my previous psychiatrist. I've never been hospitalized for anxiety or treated on an inpatient basis. I had meningitis which I think could possibly be relevant, but it was far too long ago to get records from the hospital.  Does this sound like a reasonable grounds for disability &amp; should I have more documentation for this?"
296,1,"The text belongs to class ""1"" because it contains a self-description of the author's condition and experiences, as well as their feelings about them. They discuss their history with medication, self-harm, and substance use, as well as their fears about disclosing their illness in job or school applications.","Im fairly ""out of the closet"" about my illness, although i dont broadcast it. Im (mostly) medication compliant, my risk assessment has me down as ""risk to self"" (i used to self-harm because of my voices, but havent in some time) but not ""risk to others"" (i have commands to harm people, but it's almost 100% of the time a command to hurt those close to me, not random people. And in 26 years of having these commands, i have never acted on them).  I have a ""history with alcohol"" (i used to drink heavily to self-medicate my symptoms, pre-diagnosis), but i stopped drinking almost entirely (every few months i might treat myself to a beer or a glass of wine, but honestly i'd rather have a fancy soda these days than alcohol). I flirted with OD-ing a little on things like NyQuil and Benadryl so i could sleep, but it wasnt even bad enough to be considered substance abuse. But all this is in my psych file and im scared that if i apply for school or a job, and they want to know about my illness, that i might get fired/ not hired.  I've been told numerous times by people that i will never be allowed to work in a profession where i could harm people in any way, that because of my illness i simply would not be trusted with that kind of responsibility.  Is this true?"
298,1,"The text describes the author's personal experience and emotions regarding their new life in a wheelchair, including their physical condition, their interactions with healthcare providers, and their feelings about the changes in their life.","I have severe peripheral neuropathy, and can barely walk anymore, even with the assistance of a cane. Today I scheduled an appt with my pain doctor, and bluntly asked him if he could give me a referral to amputate my legs. I was not joking, I thought that would be the only way out of this mess. This bothered him, and he doubled my morphine and sent me to the healthcare accessories department. Thank goodness I have Medicare and Medicaid, Medicare paid the full amount for a standard wheelchair for me. I have no idea what I'm doing when I try to steer it. It's bulky with no perks, but I am grateful for it. I am also lucky I live in a building for disabled people, with wide doors and a seat built into the shower. Another bonus is that I live in the largerst apartment in this building.  I am not complaining about the chair. My mother, when she had cancer and was dying, had no health insurance and had to apply for a used (and sagging seat)wheelchair from tons of agencies.   I am just going to have to get used to my new life. I do not own a car,  and thankfully the buses have wheelchair straps for people in wheelchairs. The drivers don't like the extra work, but oh well. I will have to take the service elevator from now on. I am going to cover the hospital adverts on the back with Hello Kitty stickers or maybe a bumper sticker. I had ordered a $200 office chair weeks ago, and it's still in its box. My brother said he'd return it and get a refund for me. I will use that money for custom tote bags on the back and sides of the chair. This will certainly take some getting used to.   When I got home, initially I panicked. It's a wide chair and barely fits through doorways. I'm still not finished moving from my old apartment, and a new tenant arrived today. It was a basement apartment so it will be difficult for me to go down there and sort. I resorted to burning scented lavender oil and candles to calm me down. Like I said, my life did a 180 today and this will definitely take some adjustment. I just couldn't ignore the pain anymore, and he said it was time to get a chair. So that's that. I am also grateful I am not paralyzed (sans my toes - they can't move anymore) so I can stand for very short periods.  I don't know why I'm posting this here...scores of you are in wheelchairs and maybe you think I'm pathetic for writing about it. I just wanted to say that I'm still in shock. Thanks for reading this.  **TL;DR 36 y/o female now in a wheelchair and assimilating**"
300,1,"The text belongs to class ""1"" because it describes the author's personal experiences and emotions related to being approved for SSI on account of anxiety, depression, and OCD. The author expresses their feelings of shock, guilt, and dependency, and their struggle to find a solution to the problem of a required payee.","I was recently approved for SSI on account of anxiety, depression, ocd. The SSI office called me today to set up a time to come in to set it up and informed me that the judge required a payee. I was shocked by this since of all my problems, paying my bills is not one of them. Now my problem is what to do about a payee. My family despises me for getting on SSI, I get guilted to no end when a letter shows up from the SSI office and they have to hand it to me. I cannot imagine the misery of going through that every month with a check. Never mind the hoops they'll be able to make me jump through to get it from them. A payee service seems even less appealing since they'll be able to utterly dictate how I can spend the money and probably take a fee.   The whole idea of getting on SSI was so that I could break away and become independent and stop being hurt by these people. Now I'm going to be more dependent than ever and its already making me feel like scum. Does anyone have an idea about what I can do? Thanks"
305,1,"This text belongs to class ""1"" because it describes the author's personal experience at their favorite coffee shop, including their interaction with the cashier/manager and their feelings about the situation. The author's emotional response to the situation is evident in their description of the cashier/manager's behavior as ""offended"" and their own frustration at being denied access due to their disability.","I'm currently sitting in my favourite coffee shop, possibly my soon-to-be-ex favourite coffee shop. They have a button to open the door installed, but it doesn't work, and it hasn't worked any other time I've been here. Today I mentioned it to the cashier/barista, who may have been the manager as well, and her response was ""Oh, I turned that off, it takes too long to close and it gets cold in here."" Nothing else, no apology, no recognition, didn't turn it back on. She was even offended that I asked if she thought it was okay to deny access to people with disabilities. All because it's ""cold outside""."
307,1,"The text belongs to class ""1"" because the author describes their personal experience of dealing with chronic fatigue and the impact it has on their daily life. They also mention their need for a voice amplifier due to their condition.",Hi everyone. I'm currently dealing with a lot of chronic fatigue (likely just a side-effect from a medication adjustment) and even talking for too long or too loudly gets me extremely tired. I was wondering if anyone could recommend a voice amplifier to purchase. I'm on a student budget and would be interested in using it at group programs I speak to throughout the week.
310,1,"The text describes the author's personal experience and emotions related to their hearing condition, including the impact on their daily life and the steps they are taking to manage their symptoms.","7 months ago i started noticing that the sounds i was hearing were beginning to seem glassy and piercing.  it wasn't long before every day sounds started causing physical pain in my ears.  October came around, and my ears started ringing.  then they started ringing louder.  i saw an audiologist around this time, and his advice was to enrich myself in low level sound.  i took the time off work, and set up a simple surround sound system in my room that i would play low level babbling brooks nature sounds over.  things were going well, and i was adjusting.  in January, it got worse.  the ringing got louder.  the ear pain upon noise became more severe.  near the end of February, i got a brutal cold.  as a result, my symptoms are now unlivable.  the pain in my ears is significant.  i have to wear ear muffs in public, but even then, the sounds that make it through the ear muffs can cause pain after any sort of prolonged exposure.    i can't socialize.  i can't watch movies or tv with sound.  i can't listen to music.  i can't play my guitar or my drums.  i'm stuck in my room all day with nothing to do but browse the internet.   i started taking ativan to take the rough edge off symptoms, and it does.  it really helps get me through the day without crying in torturous agony.  i've tried reading books, but i can't focus on them.  i've tried video games, but my carpal tunnel syndrome acts up and it becomes a pain all on its own.  as a musician, you learn to live your life through sound.  without sound, i can't enjoy movies or television.  even with subtitles, it just feels emotionless and bland.  i can't read fast enough for the subtitles either.  i've seen enough doctors at this point to know there is no simple solution.  i am going to begin using in-ear sound generators at a very low level to try and rebuild my sound tolerances over time.  in the meantime, i am applying for a disability pension and welfare.  thanks for hearing my story.  feel free to ask questions."
312,1,"The text belongs to class ""1"" because it contains a detailed self-description of the author's experience and emotions related to a Redditor who donated money to them. The author shares their personal situation, feelings, and warnings for others based on their experience.","This is a new account, but for reasons explained below, I had to create it after being a reditor for 8 months. I am physically and mentally disabled, and I became acquainted with a Redditor on my old account who donated a large sum of money to my paypal account as a ""present."" He was ""happily married, he said"" and that the present was from him and his wife. He even fwd'ed an email that he'd ""sent to his wife's email account."" Sorry for all the quotes, just bear with me. Everything seemed copacetic, I spent the money appropriately on meds and a few things for the house. After the money was spent, he started to get odd, sending sexual notes. It made me uncomfortable so I asked what his wife would think of this, and that I could no longer be his friend because of his behaviour. He wrote one-sentence emails after this, like ""Bullshit."" and ""I'm not giving you up that easily."" Come to find out he'd preyed on women before who were disabled, and would invite them to his home, even women with guardians. My family advised me to longer come to Reddit, but it's so addicting (I'm sure you know that). So that is why I created a new s/n. I will prove to you that I am a veteran by stating that for some odd reason cats and boobs make the front page, unfortunately. So be careful, do not accept any gifts, no matter how much money they contain/are worth, never EVER accept gifts. I was dumb and even wrote him and ""his wife"" a lengthy thank-you note from my home. Please do not tell me how stupid I am for doing this, I was generally under the guise that he was married, the gifts were from him and his wife,etc. When I told him to no longer contact me, he promised stereos, clothes, etc. So please be careful. I will not state his name because I am scared of retaliation, though he has deleted his past 3 mos of posts. Happy posting, and be safe! I know he might still retaliate on this post (he is a frequenter of this sub) but I am willing to risk that to help the ladies beware.   **tl;dr Do NOT accept presents from anyone on the net, no matter how exceedingly large/cash they contain**"
314,1,"The text belongs to class ""1"" because it contains a self-description of the author's condition, experiences, and how the author feels about them. The author shares their personal journey of managing bipolar disorder, their decision to stop taking medications, and their thoughts on the healthcare system. The author also raises a question about continuing disability support, but it is in the context of their personal experiences and emotions.","Hello everyone, I have been classified as having bipolar disorder and am on disability. I do have depressive moods, but have been over the past year creating changes in my lifestyle such as, yoga, meditation,journaling, spirituality, reading a lot on my behaviours. I've turned my life around emotionally and physically, I'm even vegan now. I stopped taking my meds 5 months ago, because I was not liking the side effects, I also believed that having been on medications since I was 6 that they never actually helped. I was able to cope when I was taking meds, but ended up working on nights for twenty years hiding from my social anxiety. Now that I've been doing this self healing work over the past year, I'm more in touch with myself and who I can be. So today I saw my shrink and he told me I must be on certain meds for stability, but I'm not a danger to myself or to anyone else I'm a very compassionate man. I enjoy the naturopathic approach I've taken and yes it difficult to feel emotions of pain, but its better than never understanding myself and continuing to hide. So my question is do I need to take medications to continue my disability support? I've been accepted to school in January and am actively looking for work, so I do want to come off this disability support its just for the immediate future I need it so I'm not out on the street. Can cppd do anything if I refuse my meds because I don't have faith in our healthcare system. I do support our doctors I think there undervalued, and I know that there essential for emergency care. It's just if I'm not in an emergency and I feel safe, why in today's society do I feel afraid if I'm not taking medication."
317,1,"The text belongs to class ""1"" because it contains a self-description of the author's condition and experiences, as well as how the author feels about them. The author describes their chronic pain, the treatments they have tried, and their struggles with obtaining disability benefits. They also express their emotions, such as frustration and despair, about their situation.","Hey folks! 35m. I am surely not the only one that is disabled here, but I am also guessing I am not the only one in this situation. Bear with me while I give you a bit of background:  A few years ago, I hurt my back. I was off work (playing with my 3m old daughter), no insurance, and on the tail end of Unemployment. After quite a few doctor visits (and ER), I finally found a doctor I was comfortable with (and could 'kinda' afford). He ordered an MRI and found that L1-L5 and S1 are mush (more info if anyone is interested). His first plan of attack was physical therapy (didn't help), then Chiropractor (Vax-D stretching- didn't help), then Steroid Injections (hurt more than it helped). Now we are contemplating surgeries with a Specialist (and that went nowhere- more info if needed), but he stated that the two surgeries won't have a significant impact on my pain, only my sciatica. Throughout my back I was told that my Degenerative Arthritis is that of a 70year old, and there is no surgery that can help that. Fme, right?  I have constant pain 24/7. Pain meds (codone 10/325- 5-6 per day, and it only calms me, but the pain and pinches/stabs are still there). I have sciatic stints that happen on a daily basis. I have to wear a tens unit (helps slightly with sciatica- note the 'slightly'). If I sit on a hard chair (like kitchen or doc office) for more than a few minutes, I lock up. I can't walk a block without having to stretch/stop/squat/etc.   My doc advised me to get paperwork for a Disability Placard, so I did. It makes life quite a bit easier to shop (I do my own shopping 75% of the time, there are times when I have friends/family help because I cannot physically do it myself). I did that.   Now for the disability part. I do not think I did the paperwork properly, or explained as much as I could have. It's hard when you are a Type A personality and have a hard time talking about myself, let alone try to explain the pain and suffering I deal with...  After the first denial, I saw two state doctors for review, one for back, one for ADD/Depression. Of course, I didn't think to NOT take meds before my back review, and wasn't in horrible pain, and since I do not lie, I explained to him that I was having a good day and didn't hurt too bad (bad mistake there). I think he thought I was trying to bullshit him. Oh well. I am not gonna lie to anyone.   I just recently (a few months ago) got my third denial and have talked with a Lawyer for my court date. They said it could take up to a year....  I really don't know what else to say, I am just lost right now. I am in an absurd amount of debt, I cannot even function with daily tasks let alone think about working at all.   I guess I just need to vent about it and see if anyone has advice. You would think that I would have been approved since day one, but it's been almost two years and I am just done, and do not understand why I could have been denied, denied, and denied again when I obviously cannot work. I want to work. I want to get better. I want to go back to 70K a year. My mind wants to but my body will not let me. Ugh.  I dunno. Someone? Anyone?  Thanks ahead of time for reading this. And if you have advice, please let me know."
318,1,"The text belongs to class ""1"" because the author describes their personal experience with constipation and the methods they have tried to manage it, as well as expressing their concerns about the potential negative effects of long-term laxative use. They are seeking advice and personal experiences from others, indicating that they are looking for a solution to their problem.","I am a 25 yr old with very mild ataxic CP.  I have been diagnosed with dysmotility (basically a fancy word for constipation :s).  My doctor recommended strong laxatives when it gets unbearable, but that stuff hurts. Cramps suck.   I spoke to a nutritionist and she recommended an herbal laxative once a day.  It works without killing me from the inside.  My concern though, is that I have always heard that taking laxatives for too long can harm your digestive system, or make constipation worse.  So Reddit, any suggestions or relevant stories.  Do you take these kinds of pills regularly?  Should I just say f that, and accept it as a consequence of  C.P.?     Sorry to bring this up as my first post here, but the interweebs are not helping me at all."
328,1,"The text describes the author's personal experience of being discriminated against due to their cerebral palsy at a bar, and how it made them feel (angry, offended, and sad). They also express their desire for the bartender to be reprimanded or fired.","I have to get this out, I'm so mad I could scream and I'm not sure if there is anything I can do.  Please let me know, if so.  I'm not the type of person who tries to find discrimination or gets mad at it, but today just infuriated me.   I have MILD cerebral palsy and was invited out for my best friend's birthday. (I live in Texas, btw)  I went to the restroom and when I came out, one of my friends asked me to order her drink as she went to the restroom.  I did so, which should be fine as I had nothing to drink previously, and don't drink.  However, the bartender said that I was walking, ""like a drunk"" and wouldn't serve me. I was floored and explained I had not had a drop to drink and it wasn't even for me. He rolled his eyes and said, ""you know this is a gay bar, right?"" (which I do, I'm a girl but my best friend/roommate is a gay guy) and proceeded to tell me I needed to leave immediately.  He was completely out of line and I said to my other friend, ""what the freaking crap?"" to which I was kicked out of the bar ""because I was cussing at him"" I have the video of the whole situation to show thats a lie.  I explained that I wasn't drinking and have cerebral palsy and he said, ""I don't care, you're out of here.""  I was then approached by the security guard and was ordered to leave the premises and was mortified. The place had just opened a few minutes prior.  I had not had one drink and was completely offended.  I even explained I wasn't drinking but was still not allowed inside, simply because of my disability (aka the way I walk.) I asked what his name was to which he replied, Joe Blow.  I then called as I was outside to ask what his name was and he replied, Princess Retard Diana and hung up.    Is there anything I can do?  If nothing else I think this guy should at least be fired or reprimanded..."
329,1,"The text belongs to class ""1"" because it contains a self-description of the author's condition or experiences, and how the author feels about them. The author, Dominick Evans, talks about his physical disability, Spinal Muscular Atrophy, and how it affects his daily life. He also shares his feelings about being labeled as inspiring or courageous, and expresses his thoughts on how people perceive and treat those with disabilities.","My name is Dominick Evans. I am 32 years old. If you could see me, you would know that I have a physical disability. I was born with a neuromuscular disease known as Spinal Muscular Atrophy. I have used a power wheelchair to get around since I was 16. I have never let that stop me!  I am currently a junior in a competitive film program at Wright State University in Dayton, Ohio. My program is extremely demanding. For two years you go through auditions/interviews to stay in the program. I have made it through every audition and have even been selected as one of three to make their Junior Thesis Film! This summer, I will be directing a short film entitled, Trip! You can find out about it at my film website (a work in progress) - electricmarshmallow.com. We went to three different cities for casting over the past few weekends and it has been a blast!!  My disability sometimes sucks. I have a lot of pain that makes sitting in my wheelchair hard. I need help doing most ADLs (activities of daily living) like getting dressed or washing my hair. However, with help I am able to be independent. I've been with my girlfriend for over a decade. We have a family. We have a nice life together. I don't let any of my limitations stop me from doing ANYTHING I put my mind to. At the same time, I am not an inspiration or courageous. To call me such is highly offensive. I am just a GUY trying to live his life and do the things he LOVES! It just takes me another way to do many things. That makes me resourceful not inspiring.  I have to say, I've been really disappointed when reading what others have to say about having similar disabilities. I believe how you are treated depends on how educated people are about people with disabilities. I also believe that your attitude affects everything. I am not living my life waiting to die. I could die from ANYTHING. Tomorrow, I could go out and get hit by a bus. Anyone can die regardless of their ability level or lack thereof. As humans, our intrinsic flaw is we are living to die....That is the end goal of all our lives. It's pretty morbid when you put it into perspective. This is why I do not live my life with the belief I am dying anytime soon! I have a lot more life to live!  I have been very busy with film things and am slacking a bit, but I write more about my thoughts at my blog on dominickevans.com. Feel free to check it out, if you like.  I hope you will see that just because a person has a disability, they still have similar wants, needs and desires to everyone else. They can do nearly anything they put their mind to - they just need to find another way to do these things! So, the next time you feel compelled to talk about how someone with a disability was inspiring, why not try talking to them, as a person and not an object of pity or awe?!"
330,1,"The text belongs to class ""1"" because the author describes their personal experiences and emotions related to being disabled. They talk about how people often give unsolicited advice and opinions about their condition, which affects them emotionally. They also ask for thoughts, stories, or suggestions from the community, indicating a desire to connect with others who have had similar experiences.","Do you feel like being disabled sometimes appears to be an open door for people to get into your business?  I know that others are always going to have opinions about me from how I do my hair to how I like my coffee (not that I care), but it seems like people are much more interested in telling me how I should be acting or thinking since I got sick/disabled.  I can usually brush it off, but after five years of being told this or that is a coping mechanism or I'm in denial or whatever is starting to get to me.  I almost feel like people want me to censor my normal happy self because sick people shouldn't be happy.  (Same goes for people saying I don't try hard enough or am sick because I think negative thoughts...so many people have an opinion.) Aside from that little vent, I really do want to hear thoughts, stories, or suggestions from the community.  I can't be the only one this happens to."
331,1,"The text describes the author's personal condition, their struggle with a nonverbal learning disability and ADHD, and how it has affected their academic performance and relationships. The author also expresses their feelings about the situation, making this text a clear example of class ""1"".","I don't even know where to start. I've always enjoyed school and learning, I wanted to go to graduate school. But, I've always struggled no matter how hard I tired. I finally confronted myself and got myself tested. Two years ago at the age of 22, I was diagnosed with a nonverbal learning disability and ADHD (which is often co-morbid with NVLDs) I took the WASI and I'm all over the place. Most notably I was placed in the 34th percentile in perceptual reasoning, 9th percentile in mathematics. Most of my scores were low, except for the 86th percentile in verbal comprehension.  My FSIQ was 53%. Anyways a lot of my classes I passed and did well in, but my math classes have brought me down, very down. My GPA went from close to a 3.0 to a 2.2 and Im failing the class I'm in now. Next semester will be my senior year and I'm the first year thats required to take Advanced Statistics and Research Methods. I can't fucking focus on studying something I know is so hard for me, I've been so stressed I've literally thrown up. I can't stop looking at my IQ and all these numbers that biology has given me. My advisor told me I'm not going to get into graduate school, and I might have to take an extra semester of college as well as this advanced statistics and research methods class. I feel so fucked. So royally fucked. My girlfriend of four years just dumped me and she's the only one I felt comfortable talking to about my disability as well. I hate feeling all alone and royally fucked, I've literally puked because of the stress. (which I didn't know was possible)   tl;dr  royally fucked because I am mentally disabled, already in major college debt and depressed going into my senior year (if I pass the classes I'm in)"
338,2,"The text belongs to class ""1"" because it describes the author's personal experience and emotions related to reconnecting with her son, who has Smith-Magenis Syndrome, and addressing his inappropriate sexual behavior. The author provides details about her past and present relationship with her son, and expresses her feelings about the situation, including confusion, shock, and concern. She also shares her thoughts about how to handle the situation and her desire to maintain a loving relationship with her son while educating him about appropriate behavior.","Without having to go into to much detail of the past situation, i will briefly  give you the current details of what is happening and hope someone has had a similar situation to deal with and had a positive outcome.  Four years ago i separated with my partner and left my son with Smith-Magenis Syndrome in his care. Smith-Magenis is a chromosomal disorder with mild retardation and development delay. My son was 9. He currently had his 13th birthday. Ive had very little involvement with him during this time (reason irrelevant) and am now transitioning back into his life. I spent the day with my son who has always been extremely affectionate (a trait of Smith-Magenis Syndrome). We had to travel a short distance to where we were going and my son put his hand on my shoulder than began stroking my hair. In the past i would often have him laying his head on my lap and stroke his head so i guessed he was just displaying the same affection. He then put his hand on my leg which  i felt was something only partners did so i gently grabbed his hand and guided it to the centre console and commented to him that he was being very affectionate. Later we were strolling through the shopping centre and he put his arm around my shoulder. At first it felt odd but knowing my son and how cuddly he likes to be, i ran with it. I just assumed he missed me and was enjoying the time with mum. He has always had this  thing where he rubs my belly and puts his ear to it. In the past i would tell him how once upon a time he was a tiny baby and was inside my belly. He would squish my belly and comment how it felt. This was all ok until when i turned to him and told him he was still being very affectionate, he went straight for my lips for a kiss. I turned my face so he got my cheek. He was standing very close and his leg was touching mine when i noticed he had an erection. Without a comment i stepped to the side and diverted his attention to something in a shop window. I was shocked It was at this point i honestly did not now how to handle the situation i was in. For the rest of the day i kept my distance without trying to make it obvious and constantly kept him busy to avoid affection. I mentioned to his father what had happened and ask if he had   talked with my son about sexual feelings and his father said when he tries to talk with him he shuts down on the subject. The only advice he gave me was to nip it in the bud. Well obviously........but how? My current partner believes it should be his father that needs to educated him in this area and although i am willing to talk with my son about his feelings I'm just not sure how to approach the subject. Any positive advice at the moment would be appreciated. I want to have a loving relationship with him but at the same time educate him on what is appropriate and what isn't? Not an easy one but I'm willing to try anything."
339,1,"The text belongs to class ""1"" because the author describes their personal experiences and emotions related to their disability. They discuss the physical and mental challenges they face, as well as their frustration with people assuming they need help and their difficulty in meeting new people. They also express their feelings of hurt and depression.","First to get it out of the way: I have a prosthetic left arm and leg. I'm lucky in that my disability really doesn't affect me much physically.  Really the only effects are a bad limp/slower gait and that I use one hand to do everything.   Mentally, however,  dealing with a disability has been a real challenge for me.  What has always bothered me was an assumed helplessness. I'm sure many of you have experienced this before in some way. ""Let me help you walk up these stairs"".  ""Let me help you with that bag"".  I know people are not trying to be insulting but it really frustrates me. I'm a competitive, independent person and to be treated like a child just hurts. Moreso when people assume I need help and don't even bother asking. How do you guys deal with these situations without completely ignoring it or coming off as an asshole? (I've tried both)  What has also recently been bothering me more was my difficulty in meeting new people. I always had a more difficult time making close friends than the average person, but especially since coming to college I feel like its been a lot harder/especially in the relationship department. I'm not sure if its my body issues(this is a long story in itself so I'll leave it for another day), my naturally more introverted personality, or people actually judging me for having a disability. It's probably a combination of the above. All I know for certain is that it seriously hurts when I go out with friends to a party and after awhile people will start flirting/making out and I'll just leave the party and feel terrible because I know no one would want to be with me. Recently I haven't been going out with my close friends because  going to parties with them just makes me depressed. I've been lying and saying I am too busy to hang out with them. I don't know if I should tell them the truth or how to tell them for that matter.   Sorry about this extremely unstructured rant. I just had to get my thoughts down as it's been gnawing at me for awhile now. If any other college aged students could reply it would be especially helpful, but seriously advice from people of all ages would be helpful.   edit: This was an extremely personal post for me/I'm usually not very open with my feelings. I don't care if you don't upvote my post but actively downvoting it is a pretty jerky thing to do when I pretty much laid everything out there. Feel free to post in the comments if you have a problem with something."
341,1,"The text describes the author's personal experience and how they feel about it, specifically a situation where they felt discriminated against due to their cerebral palsy. The author is seeking to understand if their rights were violated, indicating a concern about their condition and related experiences.","Hi,  I have mild cerebral palsy and was recently at a concert at a private venu.  I was in the bathroom to escape the crowd because I was feeling dizzy, and as I was using a restroom stall a security guard entered and confronted me. He assumed I was taking narcotics and proceeded to ask me to empty my pockets and searched its contents. As he was doing so he noticed my hands moving in odd ways and assumed I was already on drugs, he asked me “why are your hands so weird, what type of drugs did you take?” I told him that I had a disability which is why my hands were “weird” and he asked me for my “disability identification”. I did not get kicked out but I am wondering what the laws are pertaining to this. Did he violate my rights?"
344,2,"The text belongs to class ""1"" because the author is describing their personal experience of driving a car for the first time as a T3/T4 paraplegic and is seeking advice on whether they can put a specific image on their car. The author's emotions are also evident in their excitement about the experience.","Today I can drive my car for the first time! :) I am a T3/T4 paraplegic and I want to put the reddit snoo in the wheelchair on the back of my car. Would this be aloud? I am putting the legal sticker as well, but do I need permission to put the reddit wheelchair dude? If I am aloud, where could I get a good quality picture?"
345,1,"The text is a first-person account of the author's experiences, including their struggles with physical limitations and how they overcame them by starting a business. The author also shares their emotions and feelings about their experiences, making it a clear example of class ""1"".","I went through grade school wearing sweatpants.  Not cool, but since I struggle with zippers and buttons they were pretty much my only option. Somewhere in middle school we came up with the idea of adding elastic to a regular pair of blue jeans.  For the first time I dressed like everybody else and still kept my independence. I have always known I wanted to run my own business and I ran a small vending machine company while still in high school.  Business was my favorite thing to talk about and my dad and I talked over hundreds of ideas during this time.  Somewhere along the way we realized that although products were available to assist in overcoming physical limitations they were hard to find.   In 2011, I accomplished something that had been a dream of mine for a long time when I was accepted into the number one rated entrepreneurship program in the nation, the University of Houston’s Wolff Center for Entrepreneurship. With the backing of the staff of the Wolff Center, I began to resuscitate and reimagine the idea of “UNlimiters” (they liked it better than my alternative of a custard/milkshake stand which I started with). What is UNlimiters? I hope UNlimiters will be the mainstream, online marketplace, providing products and services (unlimiters) proven to assist individuals in overcoming the physical obstacles of everyday life.  UNlimiters will provide access to these products whether they were designed specifically for a given challenge or whether they are common products not usually marketed towards overcoming a disability but which happen to do so, with or without modification. Some ideas are as simple as using sugar cubes instead of trying to balance a teaspoon or a better way to hold Q-tips to apply makeup for someone with limited mobility in their hands and arms.  Other ideas are as complicated as the invention of a universal wheelchair desk to be left in a high school classroom so any student can set up without disturbing the rest of the class or an electronic drain tube release for a catheter bag allowing the user to drain the bag without assistance even if they can only move a finger or arm.  UNlimiters’ aim is to provide a central marketplace for these items but also to become a place where people can share their own creativity and ideas to help make somebody else’s life a little easier. We will depend on our customers, the users of these products, to help us determine what we carry. For the spring semester of 2012, the five members of the Unlimiters business plan team competed in four national competitions. Incredibly, we took first place at the Texas Christian University, University of Nebraska, tied for second at Chapman University, and placed in the top ten at San Diego State University, winning a grand total of $44,000 in the process. If you would like to read more or maybe become part of the team (we need bloggers, product recommendations and reviews, etc.) you can read more below and pm me.   Links:   http://www.newsevents.tcu.edu/2552.asp (TCU Article)   http://www.youtube.com/watch?v=bqJowLfOERY (video of our TCU winning presentation)   http://bauerticker.uh.edu/degrees-and-programs/entr-team-wins-big-at-biz-plan-competition/ (UH Article)   http://www.chapman.edu/research-and-institutions/leatherby-center/business-plan-competitions/Cali-dreaming-business-plan-competition/2012-CD-Competition.aspx (Chapman University)   http://www.youtube.com/watch?v=FJmD1awF9tM (UH video)   http://www.youtube.com/watch?v=LbAvLsJF4ag (small promo video)    **The website: http://www.unlimiters.com/Default.asp**  **Let me know what you think...**"
346,2,"The text is a description of the author's feelings and experiences with disabilities, including their frustration with a company that they perceive as discriminating against people with disabilities. Therefore, it belongs to class ""1"".","Guess he's never cared for a child or adult with extreme disabilities or spent a day in a special developmental school. Or what future the child has when parents are no longer around to care for them. No one chose this life and unfortunately some people are given and have to live with the disability for the rest of their lives! Bernie Brookes you can read, write, speak, eat, walk, work but many people with disabilities are not able to. As for being a Loyal Myer's customer I have cut my Myer Card, I refuse to back a company with discrimination against people with disabilities. Hope you sleep well at night, while many people struggle to."
348,1,"The text belongs to class ""1"" because it describes the author's personal condition and their negative experience with their company and insurance company. The author's emotions are also evident in their words, such as their frustration and disappointment.","I am epileptic.  Anyone know? My company made me go on disability or risk termination. My insurance company says only my doctor can put me on disability. They said I could come back to work, but the minute this was brought to light they say I am terminated.   I don't want to take legal actions but there are also other things going on which would seem to warrant it."
349,1,"The text belongs to class ""1"" because it contains a self-description of the author's condition, Limb Girdle MD, and their personal experiences and emotions related to it. They express frustration, loneliness, and the challenges they face in their daily life, as well as the difficulties they have in being understood by others. They also mention their feelings about being judged and excluded due to their condition.","Hello all, I'm a 22 year old dude battling Limb Girdle MD, and trying to maneuver the best I can as it hit me onset from birth. I've been looking for a disabled subreddit and hadn't turned anything up until now.  Looking to see if anyone here else has MD and would be willing to partake in a open forum of sorts. I've never met anyone else with my type of MD so I've never been able to base my self-consciousness or difficulties on anyone else.  I look forward to the responses, if any and getting to know some people who have to deal with a similar situation. I never voice my frustrations to anyone usually, but my strong shell can be very lonely when I haven't had companionship in 7+ years, nor can my best friends truly understand why I hate dropping things, or have a bone chilling fear of falling out of my chair. Sometimes I feel like a burden on the world and just not in a depressive way, it just has always sucked knowing things are deteriorating and you can't really build that muscle back.  Or why people think I'm bullshitting because I can use my legs to push and they don't look ""disabled"". I've been called everything in the book, store at and doubted. Excluded and pushed around more than a bad marriage. People rely on my patience and sometimes it hurts to live on compassion and other people's clocks. Almost like my life waits for a moment when my number is called like I'm at the DMV. Anyways. Sorry for the rant. I just wanted to throw some things out there, so we can start a discussion. Cheers!"
351,1,"The text belongs to class ""1"" because the author describes their personal experience with narcolepsy, including the stereotypes they face and the symptoms they deal with. They also express their feelings about the situation, specifically their desire for others to understand the disorder better. This self-description and emotional content indicate that the text belongs to class ""1"".","I'm a 22 year old college student with narcolepsy and everyone always thinks of it in a stereotypical way. If there was any one thing that would make my life easier it would be for others to understand the implications of the disorder beyond sleeping. (Hallucinations, constant fatigue, automatic behaviors ect.)   What is one thing you wish others did or knew in regards to your disability and how would it impact your life?"
354,2,"The text belongs to class ""1"" because it contains a self-description of the author's experience and feelings. The author introduces themselves, shares that they have joined the site recently and like it, and expresses a desire to meet people who have similar struggles.",hi my name is Christopher I joined this site about a month ago and I really like it so far it seems cool and I want to meet people like me and who have struggles like me everyday so nice to meet you.
359,2,"The text belongs to class ""1"" because the author describes her personal experience and feelings about her recent back surgery, her current mobility, and her new living situation. She also expresses her need for a specific solution (a sign for sale) related to her situation. Additionally, she asks for suggestions on subreddits and work-from-home opportunities, which can be seen as a request for help or advice based on her personal circumstances.","i had 2 discs explode in my back and after recent surgery i am able to walk, but slowly, with a cane. i have never lived in a neighborhood so i get a lot more visitors and my last place was much smaller, so in only 2 weeks i've had 3 people leave before i can even get to the door. a sign might not even be my solution, but if it is, does anyone know how to find one for sale?   p.s. this is my first ever reddit post, if anyone has any suggestions on subs for an independent, newly disabled 30 y/o woman, toss those suckers out! also, suggestions on legit opportunities to work from home would be appreciated."
362,2,"The text is a first-person account of the author's experience creating an anthology about magic practitioners with disabilities, illnesses, or addictions. The author describes their personal motivation for creating the anthology and its purpose in helping those with similar experiences. The text includes the author's emotions and feelings about the project, making it a self-description of the author's condition or experiences.","I recently sent the anthology Rooted in the Body, Seeking the Soul: Magic Practitioners Living with Disabilities, Addiction, and Illness to Megalithica Books/Immanion Press. I’ve enjoyed working with all of the contributors.  This anthology explores magical, occult, and esoteric topics from the view points of practitioners who are disabled, part of the deaf and Blind communities, or have an illness or addiction. Though the voices collected here come from diverse social, magical, and national backgrounds, they don’t represent every individual’s story. The only way to understand the personal history and feelings of any one is to share in open dialogue.  One purpose of this anthology is to help those struggling with a disability, injury, illness, or addiction find comfort in the fact that they are not alone. Some of the authors, like myself, turned to a magical practice as a way to find healing and the anthology included rituals and stories about healing. Covens, circles, temples or any other type of magical group can use it as a resource toward understanding members or potential members with disabilities. There are interviews with professional counselors about assisting Pagans and magic practitioners that are useful to anyone in the medical profession.  If you would like to be notified when the book is ready (sometime in early 2014), please message me."
379,1,"The text belongs to class ""1"" because it contains a self-description of the author's experience with Muscular Dystrophy, how it affects their life, and their emotional response to a friend's comment about their own condition.","I should preface the following by saying that I have Muscular Dystrophy, leaving me wheelchair-bound. My specific form, Central Core Disease, is mild and actually most people with it can walk (I guess I just got God's leftover legs ha ha). Every year, I go to a camp for kids aged 6-17 (I'm 15) with Muscular Dystrophy, run by the Muscular Dystrophy Association.   Seeing as the most common form of MD is Duchenne (DMD), I've met a lot of friends and have seen countless people with it, and it breaks my heart. Whether it's the little children who wobble around with their big calves, or my friends struggling to breathe on their own, it is challenging.  However, one quote from a friend (with DMD) got to me particularly, and it is still haunting me a week later — and I think it will for the rest of my life. We were discussing wheelchairs, because what else do you do at ""cripple camp""? I forget the exact context, as the rest was a blur, but he (who is 17) said, ""My next wheelchair will be my last."" I left where we were talking to go to a bathroom, and I cried. I felt angry that little seems to be done; sad that he knows of his fate that is too quickly approaching; guilty for all the times I felt sorry for myself just because I can't walk... Ever since then, it's been hard to approach all of this the same way. I'm not sure what I'm asking for, maybe just some advice as to what to think, or maybe just a sounding board where people will understand... It's been rough; that one quote has been consuming me for the past week."
389,1,"This text belongs to class ""1"" because the author describes their personal experience and feelings about being in crowded places as a result of having PTSD. They also express their need for more awareness and understanding of customers with invisible disabilities, such as PTSD, from businesses.","As someone with PTSD it's very difficult at times for me to be in a crowded store when children are running around yelling, people are talking on their cells, and we're all crammed into the check out lane. Opening up another lane would really help me because I wouldn't have another cart so close to my back etc. and end up in a frantic state of wanting to run away and hide or take my medication while the cashier rings me up. The ADA set up guidelines to help people with disabilities; however, it seems more for people with visible disabilities. For example people with sight, hearing, or mobility issues. The only time I've read about people with invisible disabilities getting proper assistance is on the job and get this ... amusement parks! People with disabilities can go to the front of rides and ride twice.   If anyone has any resources that would be great.  I do understand how important it is to understand my needs. I don't expect anyone to cater to me, I would just like to see more awareness about customers with invisible disabilities such as PTSD being discussed with businesses."
391,2,"The text belongs to class ""1"" because the author describes their personal experience as an amputee who loves being active in the wilderness but is held back by their crutches. They also express their feelings about their current crutches being restrictive and their desire to find more rigid and sortable ones for outdoor activities. They also mention their inability to find such a device, indicating their frustration and need.","I am an amputee and love being active and the wilderness, but my crutches hold me back. I was wondering if anyone new of any kind that are more rigid and sortable for being more outdoors. I like elbow crutches, but theyre still restrictive.  I was thinking that there was maybe some type of crutch that had maybe springs or some type of system, but im useless as to where I'd even began to search for any device like what I'm looking for(or even if it exist)."
401,1,"The text belongs to class ""1"" because it contains a self-description of the author's condition and experiences as a lifelong person with a disability (PWD), including the challenges they face and the impact on their life. They also express their feelings about the situation, specifically their inability to cope with the stress. Although they end with a question, the primary focus of the text is on their personal experiences and emotions.","I'm a lifelong PWD.  I'm 36, and have been using a wheelchair for 27 of those years.  I have also begun to experience chronic pain, and various other issues stemming from my physical limitations.  These issues, and my apparent inability to cope with the stress, have been putting a large strain on various aspects of my life (my marriage, my work, my ability to socialize, etc).  That being said, I am looking for resources/advice on how to cope.  Can anyone offer some sage advice?"
413,1,"The text describes the author's personal experience and feelings about the situation, making it class ""1"". The author is sharing their experience of being discriminated against because of their walking stick and expressing their frustration and legal concerns.","Hi everyone. Something happened to me last weekend. I wonder if I don't see a lot of posts like this because it's just that common? I hope not.  I tried to get into a club and the bouncer tried to refuse me because I had a walking stick. I told him I need it and he can't keep me out on those grounds. He hemmed and hawed, then let me in. There was another bouncer on the inner doors and he wouldn't let me through. Kept saying ""It's too much like a weapon,"" ""the manager won't like it"" and ""just leave it by the wall when you go in."" It's not a fucking toy and it's not a weapon.  I'm in the UK and I'm pretty sure that's illegal. Can anyone suggest what to do? I'm going to call the EHRC advice hotline in the next few days, just wondering if anyone here has any experience they might be willing to share."
419,2,"The text belongs to class ""1"" because the author describes their personal experience and condition (CP, risk of clots due to sitting, taking longer to recover from colds), as well as their desire to get the HPV vaccine and their attempts to convince their mother of its safety. The author also expresses their concern about their mother's worry and is seeking advice, indicating that they are emotionally invested in the situation.","Hi everyone.I'm 17, I have CP, and I've been considering getting the HPV vaccine.  I've wanted to for a while, but my mom is worried that it isn't safe because of side effects.  I've tried to tell her that the vast majority of people don't experience massive side effects, but she read something about clots and is worried I'm at risk for clots because I sit so much.  It also takes me a bit longer to get over colds and the like, so she worries about a weaker immune system.  I convinced her to talk to my pediatrician, and we are waiting to hear from her.  In the meanwhile, does anyone have any insight?  Thanks"
425,1,"The text belongs to class ""1"" because it contains a self-description of the author's condition and experiences, as well as how the author feels about them. The author describes their chronic sports injuries, the impact on their life, and their hesitancy to label themselves as disabled.","I'm interested in participating in this community. I'm a young man with several sports injuries that have become chronic irritants to various aspects of my life, but I'm hesitant to use the term disabled for fear of offending anyone whose issues are more severe or life impacting than my own.  I have tendinitis in one knee, an improperly aligned hip - this is the biggest thing, as it makes any kind of vigorous exercise extremely painful - disc and ligament problems in my cervical spine, and some cognitive issues resulting from a string of concussions.  Anyway, there not being a reddit for beat-up college students, I'm hoping you'll let me hang around here."
428,1,"The text describes the author's personal struggles with being a high functioning Autistic, having ADHD, depression, anxiety, PTSD, nerve and tendon issues, and receiving disability benefits. The author expresses their feelings about the challenges they face, particularly when asked about their occupation, and how it affects their self-worth.","This is a serious question and a topic that I am personally struggling with.   I am a high functioning Autistic, with ADHD, severe depression, anxiety, PTSD, I have some nerve and tendon issues, and who knows what else.... I'm also receiving disability benefits. I've been since I was 18.   The thing I dread hearing from others is ""What do you do?"" in a normal conversation. What do I do? I try my best to help around the house, give what I can to the needy, volunteer, help out neighbors... But I have no job and currently am unable to work, though I am going to try working, one of these days. I can't just say this though, it will mean next to nothing to most people.  If I say ""Oh, I am disabled, don't work."", then I am often looked at as lesser, or like ""are you kidding?"" I know that I should not totally base my worth on having an occupation but when everyone you know has a job, and thinks I should work, it is not easy feeling good about myself.  I do my best to work as hard as I can and be helpful but it always comes to ""What do you do? (Your occupation?)""... when mines just trying to live my life without feeling like death every day, and trying to improve myself in every way."
434,1,"The text is a self-description of the author's condition, experiences, and emotions. The author shares their personal experience of working as an office clerk and the challenges they face due to their disability. They express their feelings of humiliation and anger, and directly address the person they are frustrated with. This post belongs to class ""1"".","I don’t know anyonewho will understand how humiliated and angry I am right now, except the people here, so you’ll have to forgive me if I rant a bit.   I work, through my University’s work study program, as an office clerk in the Physical Therapy Office.  Usually, it’s a bunch of make work, and filing.  Nothing spectacular, but I make more than minimum wage and it was a guaranteed job that would respect my school commitments.  However, today I had a really irritating experience, that is making me angrier the longer I think about it.  My disability (CP, if you’re interested) is pretty minor.  Usually it doesn’t impact me too much.  I limp on my left side, and have balance and fine motor issues.  This means I can’t do seemingly ordinary activities like riding a bike, or cutting on straight lines, or coloring in small areas.   It’s occasionally inconvenient, especially socially, but overall, my impairment could be much more severe.   The only impact it has in my current job is in fine tasks, like cutting out small binder tabs, or adhering labels.  And here’s where the problem lies.  My supervisor asked me if I could put some labels to some folders.  I know she is pretty OCD about things like that so I told her I could, but that, given my fine motor difficulties, they probably wouldn’t be completely straight.  She said that was fine. So I went ahead and did it.    The label ended up probably 5mm away from the top of the folder on one side, and flush on the other side.  I handed them to her, and she told me , in a condescending tone, that It “just wouldn’t do,” and was “gross” .  She then proceeded to strip the label off and say, in a tone that I reserve for use with my 2 year old nephews (honestly, I’m not exaggerating her tone at all ) Now opal_1016, watch me, watch me….watch how I do it”  while sticking the label back on the paper.  She then turns to me and says, in the same tone “now you try it…”  Like you would tell a toddler to put a simple puzzle together. Gritting  my teeth, I moved on and tried to stick another one on.  It worked out the same, but she looked at it, clapped her hands,  and said, in that same STUPID tone; “YAY!  I knew you could do it.”  But, about five minutes later, she said, reverting to her disgusted tone, “Oh…oh no.” and the sighs heavily and says “I guess I’ll do it”  Look lady.  I am not two.  I am not an idiot.  I am not lazy.  I do not need you to teach me this kind of basic thing.  That’s what my occupational therapist was for when I was younger, and this was the best she and I could manage, working together.  If I tell you what I can and can’t do, don’t assume you know better than I do, and don’t assume I’m trying to skive off.  It seems silly.  I’m aware of how silly it is.  I’ve gone through my whole life as the kid who was messy, and I’ve been made fun of for it.  If there is anyone on this planet who understands how stupid it is that this is the kind of thing I struggle with, it’s me.  But do me a favour, when I, an adult, tell you that I can, or can’t, do something, believe me.    Oh…and you and your labels can go fuck yourself.  Edit: Phrasing"
435,1,"The text belongs to class ""1"" because the author describes their personal experiences and emotions in detail, including their history of heart problems, anxiety, depression, and chronic pain. They also express their feelings about their situation, including their fear of moving closer to another suicide attempt.","My name is Alex.  I'm 23 and terribly out of sorts.   Sine I had a cardiac arrest when I was 8 I have had 9 surgeries for pacemaker/defibrillators for cardiomyopathy and long qt.  I have also been shocked by said devices over a hundred times due to viruses/broken leads.  I have severe depression, anxiety, and ocd.  I have attempted suicide while being placed in inpatient than outpatient care.  From years of surgery I have chronc scar tissue pain that after 4 years and tons of doctors and surgeries hasn't fixed.  The pain is so bad I caj barely mve around or work.  I don't know what to doand everytime I try to stwrt paperwork for it I start panicking and have an anxiety attack.  I just dont know what to do.  The pain and depreswon are so bad I fwel like ik slowly moving closer to another attempt.  :(    I'm really sorry for the wall of text.   I just an at the end of my rope.  Thank you for taking the time to read."
471,1,"The text belongs to class ""1"" because it describes the author's personal experiences and feelings related to their medical condition. They share their struggles with using the restroom in college due to lack of privacy, and how this has led to heart problems. They also express their desire to find a solution to their problem, such as a surgery or device, and mention their openness to it. The text conveys their emotions and personal situation, making it class ""1"".",I'm a 19 year old quadriplegic and currently in college. During my k-12 years I had a nurse at school with me and my own private bathroom. I don't have that at college. I have an attendant now and am forced to use the regular restrooms. There is no privacy for me in there so I've been waiting to drink until I go home. This is causing heart problems for me.  My urinary system is me wearing adult diapers. I don't use the restroom there because I don't want anyone to know. I have not found a urinary system outside of the one I currently use that does not leak. I am open to surgery. So if anyone here knows of a surgery or a device that works please let me know. I am a male so that cuts my options in half it seems. I can also feel everything and that cuts out cathing for me.
482,2,"The text belongs to class ""1"" because it contains a self-description of the author's experience and how they feel about it. Specifically, the author is describing their interaction with someone they have never met before and their surprise at the person's existence. The author also expresses their feelings about the situation by saying ""Wow!"" and ""Gimme some zingers."" Additionally, the author discloses their initial assumption about the other person's physical condition and their subsequent realization that they were wrong. All of these elements indicate that the text belongs to class ""1"".","Let's be real.  It happens.  I'll go first.  1. ""Hey there, buddy!  I've never met you in my life, but you exist, and you're doin' stuff!  Wow!""  2. ""I just saw you move your leg!"" ""I...I'm not a paraplegic."" ""Well, how was I supposed to know that?""  Gimme some zingers."
494,1,"The text is a first-person account of the author's experiences and emotions related to their journey through college and film school while living with a disability. The author describes their challenges, accomplishments, and goals, and expresses their desire to prove doubters wrong by finishing their film and submitting it to festivals. The author also includes a link to their Kickstarter campaign to raise additional funds for post-production.","Hello! My name is Dominick. I'm in a wheelchair due to a progressive muscle disease called Spinal Muscular Atrophy. In spite of that, I've never let anything stop me. I may have let a few things slow me down, but I am on my way to achieving my goals!  I first attended college from 2000-2003, but had to quit when I fell out of my wheelchair and fractured my tibial plateau. This led to FIVE years stuck in bed. I had doctors coming to my house, PT, and was on mad pain killers. One day, I woke up and was sick and tired of letting life pass me by, so I took pain meds, and slowly started getting out of bed.  By 2010 I had re-entered college, and started a new degree program. Next summer I'll receive two degrees, one a BFA in Motion Pictures Production and the other a BA in Political Science. I was chosen, last year, as one of three from my highly competitive film program to make my script into a film. We shot it and now we need color correction, sound editing and some other post-production editing for it.  My film is getting great reviews and has great potential to go onto festivals. We've raised $3500, thus far, but if we don't raise $1500 more in three days, we won't get a cent. My cast and crew have worked so hard, and my journey through film school has been tough. Being in a wheelchair most people assume I'm not capable. Making this film and submitting it in festivals will prove them wrong!  If you have anything to spare, please help me make my dream a reality!!  http://www.kickstarter.com/projects/electricmarshmallow/get-trippy-with-the-cast-and-crew-of-trip  Thank you for your time, thoughts and consideration!"
495,1,"The text belongs to class ""1"" because it contains a self-description of the author's condition or experiences, and how the author feels about them. The author describes their struggles with learning disabilities, anxiety, depression, autism, and ADHD, and expresses feelings of hopelessness and low self-esteem due to these challenges.","I have some serious issues at hand. I'm over 21 and I've not yet passed my GED tests. I passed two of the topics, but went into serious shutdown mode for a very very long time due to severe anxiety, depression, autism, physical pain, and complications from learning disabilities and still haven't gone back to the place to learn, nor the place to take more tests.       I have very hard troubles learning math. I must have spent over five months going in the GED classroom every day trying to learn the basics. I don't know why it is so hard but I am really doubting my capabilities at learning math, and some other topics but math is the worst by far.     My doctors will not prescribe me medicine for my very bad ADHD either, I have tried asking them. They did when I was just a little kid but no longer. I think they've become very strict with who they prescribe it to, or at least mine are super strict. I feel like the ADHD meds would help me a lot in accomplishing my goals to get my GED and I have told them this, to only see them give me a blank stare and offer me more SSRI's and the like, which they hand out like candy.     What can I do? I don't see me learning the math they want me to learn, and actually absorbing it to the point that I would pass the test. I feel hopeless. Like I will never get my GED. My pride is so low because of it."
498,1,"This text belongs to class ""1"" because it describes the author's personal experience as a high school student and power wheelchair user, and how they felt about the secretary pulling their chair. The author's use of ""I"" and ""my"" throughout the text, as well as their description of their own emotions and reactions, indicate that this is a self-description of the author's condition or experiences.","I'm a high school student and power wheelchair user.  I was called to the main office, got in the door with no issues, but when I went to leave someone had blocked the pathway to the door so I had to go around.  Since my vision isn't the best, I asked one of the secretaries if the pathway looked big enough to get through  Instead of answering me, she grabbed my char and PULLED me backwards, which didn't do anything because my chair weighs 300 pounds.  I only noticed because she was panting with the effort.  I had to hide my laughter behind coughing, so now she probably thinks I'm sick too."
499,2,"The text belongs to class ""1"" because the author describes their personal experience with a learning disability, including when they found out about it and the challenges they faced. They also express their desire to create a supportive community for others with learning disabilities.","Hello everyone, I recently made a subreddit for learning disabilities /r/LearningDisabilities. I have a learning disability, I found out about it in 2nd grade. I grew up with no real place I could seek advice or support. I was told I would never graduate high school because of my learning disability. I am now in college (undergrad) and really wanted to make a safe place for people like me. So please take a look and make this a safe place to share your story or give advice. Thanks so much!"
502,2,"The text is a first-person account of the author's struggle to find participants for their senior thesis survey on the needs of people with mobility impairments, specifically those with spinal cord injuries. The author expresses their frustration and disappointment at the lack of responses from local home health agencies and the Independent Living Center. They also express the importance of the study and the impact it would have on their thesis. The author's personal experience and emotions are central to the text, and they are actively seeking a solution to their problem.","I am in my final semester of an Exercise Physiology program before I (hopefully) continue on to Occupational Therapy school.  For my senior thesis, I really wanted to address the fact that Exercise Science, as an academic discipline, too often ignores the needs of people with mobility impairments.    I designed a study that would survey people with spinal cord injuries.  I was really excited about my project, and I contacted all the local home health agencies and the Independent Living Center to ask them to pass on letters explaining my study to anyone with a spinal cord injury.  Obviously, because of privacy restrictions, I've had no way to contact potential participants directly, unless they first found out about my study through one of those letters and then contacted me.  Unfortunately, I have received zero responses to those letters.  Now, I'm turning to reddit as a last-ditch effort.  I need survey responses this week, or else I'll have to change my population to something I know I can easily sample, like college students without disabilities.  That would completely defeat the original purpose of my study!  Please, fellow redditors, if you are over 18, live in the U.S., and have a spinal cord injury, take my survey (link below).  If you do not meet those requirements, but you know someone who does, please pass the link along.  If you have any ideas of other places online where I might find some help, please let me know.  Thanks for reading!  Here's the link: https://www.surveymonkey.com/s/S8NJS8J"
507,1,"The text belongs to class ""1"" because it describes the author's personal condition, their experiences, and how they feel about them. The author's emotions are evident in their struggle to find financial support due to their medical condition and the need for assistance to pay for aides. The author is seeking help and advice, indicating a question, but the overall context of the text is about their personal situation and emotions.","I have muscular dystrophy and am the father of a 3-year-old girl. My parents were supporting me so I could live independently with my wife and child, but they say they don't have the resources to continue. I'm running out of money because I'm currently married and can't get Medicaid, so I have to pay privately for aides up to 24 hours a day. I need help to get through the next few months until my divorce goes through. Some wealthy family and friends would be willing to donate to a nonprofit that would help me, but they won't give to me directly if it isn't tax deductible. Does anyone have advice? My state is New York."
517,2,"The text belongs to class ""1"" because the author is describing their personal experience and feelings related to their upcoming appointment with a counselor. They also express curiosity about the experiences of others, which suggests they are seeking to understand and relate to the experiences of others in a similar situation.",I have an appointment next week with a counselor. My only experience working was before I became disabled over 3 years ago. I know it probably varies from state to state but I was curious to know what everyone's experiences were like. How long is the process? Is the initial meeting similar to a job interview? What sort of questions should I ask?
519,1,"The text belongs to class ""1"" because it contains a self-description of the author's condition and how it affects their life, as well as their emotions regarding the situation. The author describes their audiological condition, hyperacusis, and how it causes severe pain in their ears. They also mention their financial struggles and the emotional distress they are experiencing due to their situation. They are seeking help and are unsure of their options, indicating a need for support and guidance.","I am 24 years old and I have a very severe audiological condition called hyperacusis where normal levels of sound cause severe pain in my ears. Hearing protection barely helps. This has been ongoing for just over a year now.    I applied for the federal disability pension plan and was denied because I had only paid into the plan for 4 out of the 6 years required.  I am currently on social assistance (welfare) but I am barely making enough money to even comfortably live with my parents.  I will soon be forced to move out and get my own place, but I just don't have enough money.  How do they expect me to live?  What am I supposed to do?  I have no idea what my options are and I'm running out of time...  Please help, anyone."
528,1,"The text belongs to class ""1"" because it describes the author's personal experience and feelings about being a bridesmaid for her friend's wedding. She describes her disability and her concerns about the picnic reception, and how it would affect her physically and socially. She also mentions her worry about other people's comfort and whether to bring up the issue with the bride. All of these elements indicate that the text is a self-description of the author's condition and emotions.","(I originally posted this in r/wheelchairs, but that subreddit isn't as active as this one, I'm new here so forgive me if I did something wrong).  My best friend recently got engaged and I am to be one of her bridesmaids. The problem is that her 'vision' is to get married in a grassy field in early June and to have a picnic reception in the same place with picnic blankets. I am able to walk short distances and stand for a bit, so I have no issues with the ceremony (plus one of the other bridesmaids is very aware of my disability so I'll be able to lean on her). It's the picnic reception that has me concerned. I'm not going to be able to use my wheelchair (I'm good at doing wheelies over grass, but not THAT good to do it for hours) but I don't want to be stuck on a picnic blanket for the entire reception (it'll get boring, not to mention painful sitting/laying on the ground for that many hours) and I don't want to be the only one sitting in a chair above everyone else. Should I just tough it out for one day, or do I bring this up with the bride? I don't want to make it seem like I want her to change her entire wedding for me, but I am concerned about other people (pregnant women or heavier-set grandparents) being in pain for this wedding."
529,1,"The text describes the author's personal experiences and emotions related to their disability, as well as their thoughts on how the disabled community is perceived. They express admiration for the strength of the community and question why people are resistant to being admired. This self-reflection and expression of emotion indicates that the text belongs to class 1.","I've made it through some pretty brutal stuff. I've done a fair amount of public speaking, and really tried to examine my disability. What I've never understood is why we are so resistant to being admired. We do amazing things, we transcend crazy challenges, we sometimes suffer, often live in pain. Why not acknowledge the unique strength that I think our community has show itself to have. I think you can recognize a trait of a wider community without blanketly expecting all disabled people to be Tony Robbins. Thoughts?"
533,1,"The text belongs to class ""1"" because it contains a detailed self-description of the author's medical and psychiatric history, as well as their experiences and emotions related to these conditions. The author reflects on their experiences and how they feel about them, providing insight into their personal condition and struggles.","Just throwing this out there, because I've never had a definitive diagnosis which would link my issues [rather massively multi-system], only many possiblys and beard strokings focussing on individual issues.   Chronology - birth - small for gestational age, hip dysplasia, very hypermobile joints, hypotonia, mild scoliosis, slightly tanned colour birthmark on my right side extending from waist to knee  6mths - failure to thrive, reflux  2 years - Hearing loss first noted, due to repeated infections, also coordination issues.  3.5 - first started to walk with the assistance of weekly physiotherapy, obsession with patterns and categories noted at nursery  by 6 profoundly deaf with mixed loss, mostly conductive, also noted that my eustachian tubes were virtually closed, which was the cause for infections affecting me so badly  8 years - adenoidectomy, grommet insertion as an alternative to eustachian tube stent (this helped my hearing massively, leaving me with only the relatively mild sensorineural hearing loss). Also at this age I was diagnosed with precocious puberty as I had breasts and body hair.  9 - possibility of asperger's syndrome first brought up by my SENCo teacher (I was alreay recieving assistance due to hearing loss), menstruation now regular, B/C cup breasts which caused some bullying  10/11 - psychiatric issues, mainly auditory hallucinations and depression  12 - started having seizures  13 - depression takes hold of my life, barely attend school, but do well in the subjects I continued with (maths, sciences and music) and due to my grades in science I am accelerated a year  14 - attending school slightly more, but with extra assistance/time out when needed, much happier and gain A grades in maths, chemistry, biology and physics GCSEs, and B grade in music, but entirely failed to get a grade at all in English.  15 - start 6th form, studying music, biology and maths, but drop the latter two within the first term, instead spending my time trying to get GCSE English. During this year I also have a major psychotic breakdown leading to diagnosis of schizophrenia/undifferentiated psychosis leading me to leave school for good. I also completely stopped growing from this point with a final height of 4' 7"".  17 - decided to start at a local FE college to study medical science part time, absolutely loved this, but I had a seizure in a microbiology lab where we were handling antibiotic resistant e. coli so was deemed unsafe to continue the course.  18 - tried again at the FE college, where I studied software development and network infrastructure, finally completing a City and Guilds Level 3 qualification.  19 (now) - decided to try living independently, which was fantastic to start with, but over time my health has now deteriorated, especially spinal, so I now have paralysis of my legs below mid thigh, relatively mild above the knee, but complete loss of control below mid shin. This has got to the point now where I cannot walk more than 5 metres using crutches and even that takes vast energy expenditure so am carted around in a manual wheelchair by my partner.   At this point in time I don't have anything joined up, and am diagnosed with mixed hearing loss, Ehlers danlos syndrome (either type 3 or 7), either autism spectrum disorder or childhood onset schizophrenia depending on which psychiatric team I talk to, arthritis and some sort of spinal issue resembling CES.   Any help in trying to come up with something that universally covers my uniqueness would be handy, and if it makes sense I'll pass it on to my GP for her perusal.  PS. apologies for the somewhat unnecessary bits, things were just going that way when I was writing. Also thank you for reading."
538,2,"The text belongs to class ""1"" because the author describes their personal experience of receiving disability benefits and wanting to live in another country. They also express their feelings about the situation and ask for advice, indicating that they are seeking help and support.","First, I'm really sorry if this doesn't belong here. I searched high and low and this seems to be the only place for this question. I also think you guys are the best place to ask. I totally understand if it must be deleted, though.  Also, I did a Google search but got confused by it.  Anyway, I'm currently receiving disability benefits and after years of working with my doctors I'm finally getting myself together. They have advised me not to try to go back to work but have encouraged me to reach for other goals.   I don't know if I will actually get to go but I would like to try to set a goal for living in another country even if just for a while. What are the rules about having disability benefits outside the US?  And what have been your experiences being disabled outside of the US?  I'm going to schedule a meeting with a case worker soon but I figured I'd be better off going in informed.  I greatly appreciate any advice you guys can give. Thank you."
539,2,"The text belongs to class ""1"" because it describes the author's personal experiences and feelings about drinking and safety concerns. The author is sharing her background, her plans to attend college, and her mother's concerns about her safety. She also expresses her desire to try drinking before going to college to understand its effects on her. The author is seeking advice and sharing her personal experiences, making this text a self-description of her condition and emotions.","Hi guys.  Just for background:  I'm a female wheelchair user with cerebral palsy.  My legs are weak and unable to bend very far.  I have limited use of my left hand but full use of my right.  So I'm going to college next fall, and my mom is already freaking out about safety, especially in regards to parties and drinking.  I want to officially try a drink or two at home before I go, so I'll know my limits, how alcohol affects me, and if it's worth it to drink.  She says I will get wasted after one drink, and then a guy will take advantage of me since I'm an ""easy target"" as is.  Even if I'm sober, she still worries about me getting assaulted.  My question is: is there anything I can do to defend myself?  Should I avoid drinking or parties altogether?  What are some of your experiences (male or female responses welcome)"
540,2,"The text is a first-person account of the author's personal experiences and feelings about being a disabled person on the internet for a long time. The author expresses a desire to start a blog to help other disabled people, motivated by their own experiences and the lack of resources they have found for disabled people by disabled people. The author's emotions and personal experiences are central to the text, which is why it belongs to class 1.","So I've been on the internet a long time... I was given my first computer when I was six and have been here ever since. Through out that time I have had numerous surgeries and doctors appointments and all out life with a disability.   One thing I have honestly been unable to find however is a website written for disabled people by disabled people. Every website or blog I have come across I've found that they want to sell you something, be it a social security attorney or medical advice.   I would like to change that... I'm starting a blog known as the ""The Leg Brace Project"" essentially this will be musings, ideas and other things of disabled people to hopefully help other disabled people.   This is not a business venture... If we do this the way I envision it. We will never make money off of it. However if we're lucky we could help someone going through our situations a bit.  I've thought it might be nice to have some contributors on this... anyone wanna help?"
542,2,"The text belongs to class ""1"" because the author describes their personal situation as a disabled college student, and expresses their fear and hope regarding potential assistance for disabled parents in Missouri.","Hello everyone,   I'm new to this sub. Actually I am quite surprised to find it! I am a 24 year old, disabled college student. My girlfriend thinks that she may be pregnant. She is graduating college this December with a degree in Biology Education. I suppose I am telling you this with the fear that I would be judged immediately as I fear I would be in most other subs.   My question is, as I am on disability will there be any assistance given to help with a child? Or will we be pretty much on our own? I am in Missouri and have searched the SS websites as much as I can to no avail. :/   TL:DR Disabled college student, might be having a baby, is there any assistance for a disabled parent?  Thanks for any help guys I greatly appreciate it!"
545,2,"The text belongs to class ""1"" because the author is describing a project they are working on, which is focused on designing an object and/or App to help people develop self-awareness, understanding, or appreciation for their BodyData. The author is looking for ideas to make this product useful for wheelchair users, and shares an example of how a similar product could be helpful. The author's personal involvement in the project and their seeking of input from others suggests that this text contains a self-description of the author's experiences and emotions related to the project.","I'm currently working on a project at university to design an object and/or App intended to help us to develop and share self-awareness, understanding or appreciation for our BodyData.  Some examples of popular products which use BodyData to give you the idea:  **Nike Fuelband** - http://www.nike.com/us/en_us/c/nikeplus-fuelband  &gt; The new Nike+ FuelBand SE now tracks not only how much, but also how often and how intensely you move. And it gives you real-time feedback, move reminders and insights to help you move more and move better.  **Sleep Cycle** - http://www.sleepcycle.com/  &gt; A bio-alarm clock that analyzes your sleep patterns and wakes you when you are in the lightest sleep phase.  **Moves App** - http://www.moves-app.com/  &gt; Moves automatically records any walking, cycling, and running you do. You can view the distance, duration, steps, and calories* burned for each activity. The activity tracker is always on, so there’s no need to start and stop it. Just keep your phone in your pocket or your bag.    **I am looking to design a product to measure and display Body Data in a way which would be useful or helpful to wheelchair users. I would love to hear any idea's you guys have.**   *An Example*  My uncle has been in his chair for over 15 years. He has suggested a way of recording BodyData which would benefit him. He has suggested a device which worked like a pedometer but would attach to his wheel. This would connect to an app on his mobile and display your entire workout data throughout your day (cadence, heart rate, watts, calories, speed, gradient and distance.) It would connect via GPS and log the routes you have taken and any dangers ( e.g. Pavement/Sidewalk cracks or blockages) could be logged and shared with the community.  I was just wondering if there were any ideas of data that you guys would find interesting or helpful if there was a simple way for you to track it.  Thanks!"
549,2,"The text belongs to class ""1"" because the author is describing their personal situation and how it affects them. They mention their struggle with SSDI and SSI, their attempts to return to work, and their family's limited resources. They do not ask a question, but rather seek ideas or solutions to their problem.","My SSDI is running out and my SSI won't pay for my food beyond EBT, and my basic expenses and medical that medicare won't pay. I've tried to go back to work three times, and have ended up in the hospital for a mental health condition each time. My family's resources are limited. Any ideas?"
556,1,"The text belongs to class ""1"" because the author describes their personal experiences and feelings related to dating and their condition. They express their concerns and hopes for the future, providing insight into their thoughts and emotions.","Hello everyone,    As I begin the next stage of my life, becoming more independent and living on my own through the help of SSI, I am hoping to get out and date soon.     I'm a 24 year old straight male, not someone who looks disabled, but I do have High Functioning Autism, Severe ADHD, Anxiety, Depression, and Severe Asthma. I don't have a lot of money, obviously, but I know how to have fun if that matters, and I'm a pretty good guy IMO.Years ago I had no problems with females, but we were all in high school, and less mature and focused on things like money and a career. For a few years now I've been out of the dating world, kind of secluded from society for the most part, making up most of my social interactions with internet folks so I am kind of worried now that I am older. Maybe it's just the negativity I've been around involving dating discussions, I have a very small area to read from, and it probably does get to me.    I guess I came here to hear what others have to say. I'd post this in an Autism oriented forum, like Wrongplanet, but I'm hesitant because the area which involves ""Love and Dating"" seems to be rather negative lately.     I would like to hear some experiences from anyone and opinions, good and bad are all okay."
557,1,"This text belongs to class ""1"" because it contains a self-description of the author's condition and experiences, as well as their feelings about them. The author describes their frustration with the way they are treated due to their disability and expresses their negative emotions towards able-bodied people. They also wish for bad things to happen to able-bodied people, which shows their negative feelings towards this group. Therefore, the text can be classified as a personal experience and emotion, rather than a question.","As someone with Cerebral Palsy, I have to communicate how fucking irritated I get with watching mediocre, minimal brain functionality, lazy fuck holes get handed opportunities that are restricted from my access due to my disability.  After much time and effort in my attempt to do something other than be an ""entitled drain on society"", I have finally reached the conclusion that this is the way people WANT the world to work.  The same way they fuck with you in school, is the same way you're gonna get fucked with after you graduate.  So, in the true spirit of Karma, God, whatever the fuck you pretend to believe in when people are paying attention, I wish every able bodied piece of shit this world has to offer, a disabled child for christmas, or a car accident, maybe even a factory meltdown.  Happy Holidays, and fuck you all!"
563,2,"The text belongs to class ""1"" because it describes a specific situation where the author is trying to help a paralyzed young man get in-home help. The author expresses frustration and confusion about the lack of assistance from DORS or the Department of Rehabilitation Services. The text conveys the author's emotions and personal experiences, making it class ""1"" material.","I am trying to help a young man get in home help. He has burned himself several times trying to cook for himself, burned himself in the bathtub, fell and couldnt get back up without calling someone to help him back in his chair. He is paralyzed below first lumbar and has some fine motor control problems in his hands. He cannot cut his own toe nails and has problems shaving. He has tried to get help through human services DORS or dept of rehabilitation services, who refused to come to his home after he answered a few trite questions on the phone such as can he feed himself... then they yelled at his doctors nurse when she called to inquire further because they said they are only for people who are bedbound. The nurse explained that they are treating his injuries from his falls during transfers and burns trying to cook etc. They intimidated him on the phone and even the doctor's staff. What's the deal? What does one have to do to qualify for some help at home? He's on disability and is paralyzed. I don't understand."
565,1,"The text belongs to class ""1"" because it contains a self-description of the author's condition and experiences, as well as how the author feels about them. The author describes their personal struggles with PTSD, their past experiences with public transportation, and their current situation. They also express their emotions and thoughts about the lack of support for people with mental health issues.","Does anyone else experience problems here? I am on disability for PTSD. When I first moved to my state (five years ago) I didn't have a car and was having extreme difficulty leaving my house. The bus was completely overwhelming for me. I really needed help and called the local mental health counselors and asked if I could bring my cat with me (he's the only thing that calms me besides a lot of Xanax.) They told me no. I never went. So I asked for paratransit. I figured if they got me directly at my house, I wouldn't have the battle of being lost in a new place and having an anxiety meltdown and hiding out in a public bathroom. No, again: it was for the physically disabled. Right now I have a car and can go door to door (as well as knowing town now and not getting lost) but I feel like there is no support out there for us when we truly need it. I wish I knew what to do to prevent this for myself and others in the future."
567,1,"The text belongs to class ""1"" because it contains a detailed description of the author's personal experience and emotions. The author reflects on a series of encounters on a train ride home, sharing their observations of people who appear different from societal norms and how they handled the situation. The author also shares their personal feelings and reactions to these encounters, making it a self-description of their experiences and emotions.","Today I had one of those days that shines a spotlight on the things we often take for granted; the ability to walk, shelter, the affection of a loved one, a hot meal, the ability to speak and communicate with ease and the freedom of movement.    There is rarely any warning that your day will turn into a deep life lesson, so I had no clue what was in store for me as I sat packed into the train like a sardine on my way home after a long day.  Sitting there I saw a young boy, around 13 years old.  He wore a pair of Nike's and a backpack, looking like a typical kid. Accompanied by an older man, who I presumed to be his dad, the boy suddenly turned to my direction and I saw a face I had not been expecting.  He was “disfigured” and I won’t try to guess the cause, as I know from experience people rarely get it right. The cause is not really as important as the how obviously comfortable in his own skin this kid was. It struck me how amazing it was to watch him talking and laughing, completely at ease just being who he is in the crammed train with the gobs of other people giving him strange stares and sideways glances. I was reminded of how important it is to enjoy your experience of being in this world not matter where, who or HOW you are. I silently appreciated the reminder as I watched the young man exit the train; this however would be only the beginning of the afternoon’s lesson.  A minute later I noticed another person on the train whose appearance challenged society’s concept of “normal.” There was an older black man whose jaw jutted out at an odd angle, half slumped and hanging on the bar by the door. I didn't think anything of him at first other than noticing how little he looked like the rest of the train’s passengers; no designer clothes, expensive shoes or latest the iPhone.  Then all of the sudden he stood right in front of me.   He had tried to get off the train but realized it was the wrong stop and reenter using the door next to my seat. He seemed to be humming to himself and it was apparent he had not had bathed recently. Then as we approached the UCSF medical center, he took a few precarious steps over to the driver to ask a question.   He was speaking in what I like to call dialect, it is fairly unique and I instantly recognized that this man, like me, had Cerebral Palsy. CP affects your motor control but doesn't affect one's mind.  While I am lucky that my CP is relatively mild, his case was severe affecting his vocal chords and muscle control in his mouth.  I heard struggling to speak to the driver but the driver didn't respond and no one else tried to help. As if he knew I would understand, he turned around looked me right in the eye and said with his distinctly strangled words, ""I want to go to the hospital"".  I responded, ""Oh, the hospital is the next stop. That's UCSF"" but he said, “No, not UCSF.""   The woman sitting next to me got off the train and I asked the man if he wanted to sit down. He nodded and I helped him into the seat.  We exchanged names and he informed me that he was trying to get to the Davies campus of UCSF.  I was forced to break the bad news that we had passed that stop long ago. He then said, his wife was in the hospital and he was going to visit her. He smelled of urine and he could have used a change of clothes, but I just ignored it and asked more questions.  He is a native San Franciscan and lives in an SRO hotel on Market Street with his wife. He wasn't sure what condition she was in and was very worried.  I instantly decided that I would drive him to the Davies campus.  I was worried the driver would assume he was just a drugged out crazy person rambling on train and ignore him.  Imagining him wandering the streets, lost without anyone able to understand and help pained me greatly.  He was difficult to understand, but I understood him, so I felt it was my responsibility to help out.    I told him not to worry, that we would go to my house and I would drive him to the hospital. He looked at me and said, ""I am so thirsty,"" I noticed a coffee shop nearby where we could get a cup and we walked in that direction.  When CP affects your vocal chords and mouth, you tend to drool a lot as you don't have control over your muscles; I can only imagine how thirsty that would make you.   I helped him up the curb which must have been a sight with my own struggles to walk.  I went inside and got the water as I came back to hand him the cup he nudged it back to me and said ""you please"". I realized, he wasn’t able hold it himself. So I held the cup up to his mouth to allow him to drink. Then we went outside and sat on a bench as he drank the cup dry. That alone, made me glad I was there to help. My husband met us at the house and pulled the car out and we drove off we drove to Davies hospital.  The man was tired and didn’t talk much, but asked, ""where are we?"" a few times because despite living in San Francisco his entire life he had never been to this part of the city.   Once we got to the hospital he and Z hopped out and went to find his wife. Z helped him out of the car and walked with him and talked to nurses and the registration desk. People at the hospital were having a hard time understanding him and even had a sign language interpreter come down to try and help. Unfortunately he didn't sign. Z persisted, was able to decipher correct name and they were able to locate her. I am forever grateful to Z for his acceptance of this man just showing up in our lives at 5pm on a Thursday evening, and jumping in to help without even question. The man was reunited with his wife and we got to jump in our car and drive home. Just as quickly he was in our lives, he was gone.  There is very little chance I will ever see him again, but I am forever changed by this experience.   Earlier this year, I was knocked down by a speeding cyclist as I made my way through a crosswalk on Market Street spraining my ankle and completely smashing my phone to smithereens. NO ONE STOPEED TO HELPED ME UP! I had struggled getting up off the asphalt knees bloodied, ankle sprained and was almost hit by a car. I was shocked and disgusted by my fellow human beings. I realized that if I didn't help this man who was so different than everyone else yet so like me I would be just like those people who were too busy, too late, too something to be bothered to help me that day.  I am grateful for this experience to truly help someone because you never know when you will need that same kindness.  That evening gifted me with the lesson that we are only here for a short time and a wealthy person is someone who is truly rich in relationships with themselves and others. I am truly thankful for that lesson and the knowledge that my cup runneth over."
568,2,"The text belongs to class ""1"" because it describes the author's personal experience and emotions regarding a specific situation involving their girlfriend's residency status at ASU. The author expresses their feelings of hopelessness and anger about the situation, and is seeking advice on how to address this injustice.","Me and my girlfriend moved to Arizona 2 years ago when I got a new job here. She is disabled and I fully support her financially. She has gone to school largely on grants, scholarships, and a few small loans.  ASU has denied her residency status and just denied her appeal, meaning there is a shortfall of many thousands of dollars from what her student aid provided and what ASU is billing.  We live here. This is our home. She is a resident just as much as I am. There is no further appeal from this and we don't have the money to just pay for a lawyer. They said basically that because she doesn't spend money here under her name/bank account that she isn't a resident.   During the appeal they even implied she is living as a prostitute because I support us financially and she doesn't work (because her disability). She is crying. We are feeling pretty freaking hopeless and angry. Any advice on where to go next to try to fix this injustice would be appreciated."
569,1,"The text belongs to class ""1"" because it describes the author's personal experience of undergoing surgery for a lytic cyst in the femur bone, the impact of the surgery on their life, and their current situation where they are unable to do physical labor and had to quit their job. The author's emotions and feelings about their situation are also expressed, such as their concern about being technically disabled and their gratitude towards their former boss.","Back in August, I underwent surgery for a major lytic cyst in the neck of my femur bone. Essentially, the bone was being replaced with cyst cells and destroying bone. When I went to the doctor I only had about a third of my bone left. I wasn't able to walk for 2 and a half months during/afterwards. Since they did a bone graft and the area was kind of a delicate area, I am now unable to do a lot of physical labor and I even had to quit my job that I loved(even though they held it for me because my boss is a sweetheart). Am I now technically disabled, and if so, what do I do in order to help me obtain disability?"
571,1,"The text belongs to class ""1"" because it describes the author's personal experience and feelings about their disability. They express their perception of being a burden to their family, despite knowing they are loved.",I got a sci at a young age and as such my parents have had to put in a lot of time to take care of me. I get nurses but that still doesn't take away all the extra work my disability brings on them. I'm 19 now and I just feel like a burden. I know my family loves me but even still I can't shake the feeling that I drag them down. :/ It sucks.
577,2,"The text belongs to class ""1"" because it describes the author's personal experience with a wheelchair and how they feel about its appearance. They also express a desire to make it look more stylish, indicating their emotional connection to the wheelchair.",So my wheelchair is a big fat clunker...not as stylish as some of the custom made ones...but then again my pockets are limited. I was wondering what some of you that use a chair have done to make yours look like they've got a little more pizzaz.
578,1,"The text belongs to class ""1"" because the author describes their personal experience with having a disability, specifically cerebral palsy, and how it affects their ability to defend themselves in a physical confrontation. They also mention the challenges they face in a public high school due to their disability, and their desire to find a suitable martial art to learn. Overall, the text conveys the author's thoughts and feelings about their situation.","Hi i'm a 15 year old male who has got a disability (cerebral palsy) and that means my leg muscles are really tight and i am unbalanced on my feet, i have made this post because obviously going through a normal public high school with a disability is tough and i have had my fair share of bully's but its got to the point where if worst comes to worst i cant defend myself, also with my disability there are some fighting styles i cant do so that's why i'm here so i can get more information of what the best one could be to take up."
584,1,"The text contains a self-description of the author's condition and experiences, as well as their feelings about them. They express love for the person they have become due to their disability, but also express frustration with the societal expectation that they cannot complain about their disability. They explicitly invite others to share their own negative experiences and emotions related to their disabilities.","I love the person my disability has made me, but I get sick to death of the idea that I'm never allowed to complain about my disability, or ways its adversely affecting my life. SO...lets have a complaining session. I wanna hear everything that sucks and is pissing you off about your disability this week."
586,2,"The text belongs to class ""1"" because the author describes their personal experience with Fibromyalgia, the limitations it causes, and their desire to return to school with the help of a foldable electric wheelchair. They also express their current inability to purchase one due to ongoing issues with disability appeals.","I have Fibromyalgia, severe enough that my mobility is greatly reduced. I recently discovered that there are FOLDABLE power wheelchairs! I have a foldable manual chair, but I can't self propel most of the time. I thought there was no way for me to be able to get a power chair since they're all so big and I have a tiny Ford Focus. BUT now I've looked and there are lots of foldable chairs out there. I'm wondering if anyone has one of these foldable chairs, how much you like it, and what brand it is?  Alas I can't purchase one quite yet (Still fighting with disability, on my third appeal), but I hope to be able to get one once my disability gets sorted out. An electric chair would give me the gift of being able to return to school! (I'm 25)."
588,1,"The text is a first-hand account of the author's experience with a photo a day challenge from their perspective as a wheelchair user. The author shares their personal motivation for the challenge and their intentions to document various aspects of their life, including accessibility and ableism. This self-description of the author's condition and experiences makes it a class 1 text.","For this year, 2013, I participated in a photo a day challenge. 365 photos for 2013. This photo challenge has very much been a modge podge of everything in my life. No real 'theme' I guess you could say.  So since we're nearing the end of 2013 I decided the perfect challenge or theme for me for 2014.  Life at 42 is life from my wheelchair. My eyes are 42 inches from the floor when I'm sitting in my chair. I am not sure if this will be a daily challenge, weekly, or just whenever I get around to taking photos. But I want to at LEAST try once a week.  This photo challenge is going to include everything from accessibility, ableism, what able bodied people THINK is accessible (that really isn't), ramps, snow, ice, rain, doctors, physical therapy, braces, and probably  so so much more that I'm not even thinking about.  I want to kind of give people who aren't disabled a glimpse into our lives. Would you all be interested in following my pics? I can post them here too if you wish? I would love if some of you could do your own versions of this too."
589,1,"The text belongs to class ""1"" because it describes the author's condition (brittle bones) and their feelings about it (finding it unreasonable and funny). The author also asks if anyone else has similar feelings, indicating a personal experience or emotion.","I have brittle bones. That someone could be born with something like that strikes me as funny, if only because it is so incredibly unreasonable. Does that make any sense? Anyone feel similar?"
594,1,"The text belongs to class ""1"" because it describes the author's personal experience and feelings about their job and working from home due to Muscular Dystrophy. The author shares their current situation, the challenges they face, and their willingness to make adjustments to work from home full-time. They are seeking advice based on their personal experience.","I have one of the more mild forms of Muscular Dystrophy. I can walk around to a limited degree and use a cane. I can drive, but it is getting harder and I want to be safe so I am thinking about stopping. I have a pretty good paying job and I am allowed to work from home sometimes, like in bad weather when there is a greater chance of falling or if I am just feeling weak sometimes. I was pretty much told that they didn't see my job as a permanent work from home position but I am getting to the point where I need to ask to be able to work from home full-time. What is  the best way to approach this? Note from doctor, a letter explaining my situation and why I feel the need to work from home on a full-time basis? What have some of you done to get permission from your job? I realize every job is different, but I have an IT admin job and like 95% of it can be done from home. I am willing to take a little less pay, etc... to make it work, I am very flexible and realistic. Any advice would be appreciated."
596,1,"The text belongs to class ""1"" because it describes the author's personal experience and feelings about their recurring decubitus ulcer, including the treatments they've tried and their consideration of amputation. The author's emotions and experiences are central to the text, making class ""1"" the appropriate classification.","I've had a recurring decubitus ulcer on the bottom of my left heel for almost 10 years. I've tried everything, floating, new braces, surgery, debridement, everything. It keeps reopening and getting infected. The surgeries I've had on it have involved packing it until it ""heals"", but the fat pad in your heel can never grow back. I'm getting sick and tired of it and am considering just getting my foot amputated. My questions are: Will a surgeon do/ is it legal to have a voluntary amputation? How long does it take for an amputation to heal? What are the options for prosthetics? I have an averagely active lifestyle and need a foot that can take use and abuse and can go in a shoe."
597,1,"The text belongs to class ""1"" because the author is describing their personal experience and feelings about their situation. They express their desire to go back to school and get their MFA in Creative Writing, as well as their struggles with Social Security disability and various ailments. They also mention their financial situation and their wish to move. All of these are examples of the author's personal experiences and emotions.","This is literally a life and death question for me right now.  I want to go back to school and get my MFA in Creative Writing. I'm on Social Security disability with a variety of ailments, including MS and bipolar disorder, but which should not make it impossible for me to do this. In fact, I feel like if I don't do this, if I don't go back to college and try to write a novel or do something with my life, this is it. I'm done for.  So please, disability resources, please tell me there is someplace that helps poor old women like me, living on SSDI, the ability to go to college? Is that even a possible dream? I'm so poor and I can't work. Being able to go to college would be all I could handle.   Also, I want to move. I need to move so badly if I am going to survive, I have to get out of where i am.  You would not believe how desperate I am right now. Please, someone with answers, help me....  Oh, I'm not in the military. That GI Bill would be awesome, but that's not an option..."
599,1,"This text belongs to class ""1"" because the author is describing their personal experience with lower leg braces, including the problems they have encountered and their need for a more durable solution. The author's emotional state is not explicitly stated, but the text conveys a sense of frustration and a desire for a solution to their problem.","I wear lower leg braces but I keep breaking them. I've had carbon graphite reinforcements put in, and snapped those in half. My current pair is a laminate with a layer of carbon material sandwiched between two layers of plastic throughout the entire thing and they're cracking in 5 places between each brace. I need something that won't break as easily as I lead a fairly active lifestyle. It has to be a floor-reaction AFO that goes inside the shoe. I live in Ohio if that helps recommendations at all."
600,1,"The text belongs to class ""1"" because it describes the author's personal experience and concerns about their legal rights and information as a mildly disabled person with a form of autism. The author is seeking information about legal guardianship and programs for disabled individuals, indicating that they are looking for answers related to their own situation.","First I am mildly disabled myself, I have a mild form of autism but can still take care of my basic needs though I am concerned of my legal rights and info.    I don't want to go into a backstory but I hear that if you are registered as ""disabled"" before the age of 22, your parents are still your guardians until you can appeal to trial.   However, I am hearing otherwise when I had reached legal services and most of the programs are either under the family law, which is under the family And can't find that information anywhere.  Basically saying the law and programs, under the family rather than the actual person itself.   I really would like to find any legal information when it comes to this type of law and circumstances and ways finding ways to pass around or to get out of the circumstances. Please"
604,1,"The text is a first-person account of the author's experience with obtaining an electric wheelchair, including their interactions with medical professionals and their specific needs and preferences. The author's emotions and personal feelings about the process are also expressed, such as their excitement and hope for the new wheelchair.","Hi everyone!! I have EDS type 3 and have been using a Quickie 2 manual chair. Since I've been using it however I've been dislocating my shoulders (bone on bone) subluxing my ribs and destroying my wrists. Today I met with my Ortho and PT and they are scripting me an electric wheelchair with tilt!!! I'm super excited as even short trips in my chair is exhausting. Not just tiring but I mean can't move exhausting. We're going through Wheelchair Professionals as they work super close with my insurance. I admit I'm hoping for a Quickie over Invacare but I will take WHATEVER works  Slight update: WOOT!!!!! My order has been faxed to the Wheelchair Group!! THE PROCESS HAS STARTED  Update 1/10/14   At first he flat out told me he didn’t want to do a power chair. Until I told him we were getting an accessible van and then he was all for it. He told me he would ‘let me have one’ even though… it’s up to my doctor and not him. He was nice enough but was a bit condescending until he realized I knew what I was talking about. Then he was pretty pleasant and I won’t mind working with him.    They are going to fit me with a Quantum Q6 Edge. It’s a midwheel power chair by Pride.      I’m getting pink pearl, also a foot plate as opposed to those foot rests. I’ll have power tilt. He tried to talk me into a chair with lift but I really really don’t want nor need lift.    He did lots of measurements. 16” wide seats 18” length. Measured butt up to neck to get an idea for the head rest and such. Asked me which hand I would be using (and really? I have no idea. I write with my left hand but do EVERY THING else with my right. LOL) So he told me we’d start it on the left and then move it to the right if I needed it there.    And that’s it. Him and my PT and Dr will confer back and forth with the paper work and get it submitted. It will take about 2 months for me to get my chair and then he’ll bring it to my house and program it and show me how to use it.     I told him I’d take him to the track across the street too because I want to see what it can do. He said that was fine with him.     I also told him specifically I needed something that could do grass and hills because I WILL be going to the cemetery in it. He said it would definitely be able to handle that.     So that’s that!! Hopefully in 2 months or less I’ll have me a powered chair!!! By then hopefully we’ll have our van and stuff (waiting for tax refund) :)"
605,1,"The text belongs to class ""1"" as it contains a detailed self-description of the author's condition and experiences, and how the author feels about them. The author describes their physical and mental health issues, the impact on their daily life, and their financial struggles. They express their need for help and guidance in applying for disability.","My doctors have strongly recommended I apply for disability, but warned me about the hoops I'll have to jump through. I wanted to ask for help, what I should do, how I could make this go smoother. I will give you a long post about why they want me to do it, and put a short TL;DR at the bottom containing my disabilities that are making it near impossible to work. Thank you for reading and answering!  First, the mental health. I have bipolar II, PTSD, and insomnia. Because of some problems with my meds, my psych getting really sick and having to cancel some of our last appointments before I left the state to visit family, I had to go off my meds. They weren't perfect, but they were a lot better than not having them. So I haven't been on mood stabilizers (anti-psychotics) and anti-depressants since Thanksgiving. My mood hasn't been the most stable, and I have been all over the place- especially since all the other stressers in my life at the moment.  The other major problem has been my physical health. This has been going off and on for a few years now. At first they thought I had cancer, then MS, then cancer again. Now they know something is wrong with my heart, but they don't know what is causing the problems with my heart. What they have found out so far is as follows: Anytime I do cardio (it used to just be heavy cardio, but now it is almost all cardio) I faint (totally black-out) and/or vomit. It was figured out that that happens because my blood pressure is rapidly dropping. Since they couldn't figure out more after chest x-rays, scans and other tests, I was given a 30 day heart monitor to wear. The heart monitor revealed that the sudden drop in blood pressure was proceeded by a quick but dramatic spike in my heart rate.  That is all they know at this time. I have been banned from pretty much any activity- including those that I have loved and used as stress relief. My doctors are worried, and said since they don't know what is wrong with my heart, it could explode or give out without warning. So I am not allowed to bike, run, jog, hike, or even walk or stand for long periods of time. Since I go to college in the mountains, I have to walk up and down large hills all the time, plus I have to bike to all my doctors' appointments because my license was suspended for fainting because of an identified cause. So that doesn't work out too well. I have to be incredibly careful while having sex too.  On top of all of that, the last three weeks of my first quarter of college (I took some time off after graduating HS to work and save up) became ruined since I wasn't able to attend a single lecture, lab or exam because I was constantly at the doctors' or hospital. I haven't been able to keep a job, or get a new one, because I can't do a lot of cardio, stand for too long, and I need a lot of time off just for my doctors, not even counting college too. I spend a lot of money between transportation to my appointments and hospital/college bills. I don't have any money left, and borrowing from my family (they forced me to accept it). I spent some of the last of my spendable money on my SS gift, which got lost by UPS. Now I have to buy a new one. My SO pays for all our dates, which he insists on (he says I did it when I had a job and he didn't).  I went from doing well and being ahead in all of my classes to failing every single one that quarter. Some of my financial aid got reversed, because I missed a question on a loan application, and it didn't go through. I was also in the hospital on the day that we were supposed to sign up for classes for the next quarter, which I missed. So now I am behind in classes, have to switch to part time because of my constant doctor appointments and hospital visits, owe more money, and haven't been signed up for classes- so I have to try and get permission codes from professors to get in.  All of these things combined has made it impossible to keep a job, or even find new ones now. I am not sure what to do about college. My doctors and family want me to get disability, they want money to be something I don't need to stress about with everything else. So how do I go about applying and getting approved?  **TL;DR: I have major issues with my heart, making it impossible to work because I can't stand for too long, do any cardio and have a very limited availability because of all my doctors' appointments, I also bipolar II disorder, PTSD, and insomnia which, combined with heart problems, seriously affect how well I can keep a job at the moment. My savings account has been drained, and now I rely on money that my family can give me.**"
616,1,"The text describes the author's personal experience with a severe health condition, their struggles with medical professionals, and their feelings of desperation and frustration.","I am a severe asthmatic experiencing a lot of trouble with Asthma that is further troubled by a lower respiratory virus. My medicine won't work well anymore, I have asthma attacks daily, light headedness, increased heart rate, ect... I try calling my pulmonary doctor, but he tells me to see my GP, which I did, but they don't think anything is wrong because my oxygen levels are high when I come in (mainly because I use my inhaler instead of suffering another attack). I've been to urgent care twice, was given antibiotics/they didn't work, the ER and I was given an X-ray which confirmed a virus and then an IV of water, afterwards I was sent on my way out. I need to talk to a doctor who knows what they are doing, but at the same time I can't get rid of him because he is applying me for a surgery, which he does and he is 1/2 people who actually does it in this state. I don't know if I will get it, but it could really improve my quality of life and/or save it... I called a Triage Nurse, they say everyone is too busy. I don't know what to do. I feel like I am dying every day and only getting worse, and I have very little help. Does anyone have advice for me?... TLDR: Very Sick, with a too busy doctor until next apt., need a temp pulmonary doc or someone who knows what they are doing, but can't get rid of too busy doctor because of possible surgery... I am disabled and have insurance."
617,2,"The text belongs to class ""1"" because the author describes their personal experience and condition related to their right arm, as well as their thoughts and feelings about potentially working out to gain weight. They also mention their current location being far from medical professionals they used to know, which further supports the classification.","Hi! I have a disability in the Brachial Plexus of my right arm, about 10-15% of my nerves are functional. Recently I've been thinking about starting to work out to try to gain some weight, but I'm unsure about how my right arm would react. Will the muscles in that arm be able to grow at all? Will it put too much strain on the arm?  Would be very thankful for any information! I currently live in a country far far away from the doctors and therapists I had growing up, otherwise I would of course go to them with this kind of questions."
620,1,"The text belongs to class ""1"" because the author describes their personal experiences and emotions related to their job search and feelings of loneliness and suicidal thoughts. They also mention filling a formal complaint with a state agency, which is a self-description of their actions taken in response to their situation.","They have not contracted me in three months and will not do anything to h w lo me. I'm pretty much on my own job search wise since I graduated in   May. I feel alone, suicidal without a job, and I'm scared to apply for disability.  UPDATE: I have filled a formal complaint with the state agency that handles VR."
621,2,"The text contains a self-description of the author's action and experience related to creating a subreddit for people with Microtia, an ear deformity. The author's intention and emotion behind this action are also expressed, which indicates that the text belongs to class ""1"".",I created a subreddit for people with Microtia; an ear deformity /r/microtia more info: http://en.wikipedia.org/wiki/Microtia
623,1,"The text belongs to class ""1"" because the author describes her personal condition and experience with cerebral palsy, how it affects her emotions, and her recent breakup. She also expresses her feelings about the situation and seeks advice for future relationships.","Hi I am a 19 year old female with cerebral palsy, it's only mild but it does tend to make my emotions a bit unstable and I get upset about it sometimes.. I was in a relationship with a guy for four years and I thought he accepted me but I recently broke up with him because I found this was not the case..  So I was just wondering if there was any advice out there for me on how to try and talk to him about it or at least to be able to deal with it in future relationships. Thanks!"
624,2,"The text describes the author's personal experience and feelings about their current situation, including their physical condition and inability to leave their apartment due to the ramp not being completed. The text also mentions the author's plans to start school again, but their uncertainty about being able to do so due to their current circumstances. Therefore, the text belongs to class ""1"".","He has been living in his apartment since September and has not been able to leave since then due to the ramp not being completed. He is wheelchair bound and is unable to even stand up. He was planning on starting school again next week, but probably won't be able to since he can't leave his home. Does he have a case?"
627,1,"The text belongs to class ""1"" because the author describes their personal experiences and feelings about their situation, including their struggle with chronic pain, depression, and PTSD, as well as their difficulties in pursuing further education and finding a new job due to their physical limitations. They are not asking a question about something specific, but rather seeking general advice.","I've worked in kitchens nearly all of my adult life. That was the plan, but 13 years with a spinal fusion has caught up to me terribly quick. I stopped baking/decorating and moved to bartending/serving to work less hours and make more money. I thought a new schedule of 3-4 days per week and less lifting would be to my benefit, but my physical abilities are rapidly declining, and in conjunction with desperately trying to get another degree, being in constant agonizing pain, still working, and not seeing improvements in 3 years, I'm at a loss. I know that in 2 years tops I won't be able to lift anything, nor will I be able to stand the hours on my feet. My depression is absolutely through the roof, and along with my history of PTSD, school is becoming impossible, yet currently doable.  My point is, before I file for disability, which I'm sure I could attain at this point since I've already been on a leave for 1 month, are there any job recommendations you might have? I can't think of anything that would pay me 20-30/hour as entry level, allow me to be part time to give me room for school and intensive physical therapy, and would accept someone who's just been a measly food service person for 6 years.   I appreciate your help brainstorming. I'm new to all of this and never thought I would reach this level. Thank you."
636,1,"The text belongs to class ""1"" because it contains a self-description of the author's experiences and feelings. The author describes their academic success, their sensory processing issues, and their frustration with the school staff not taking their limitations seriously. They also express their emotions, such as being pissed off and having admiration for people with invisible disabilities.","So I'm a high school senior doing pretty well for myself.  Straight A's, top 1% of my class.  However, the problem is that I do not want to attend my graduation ceremony because the noise and crowd will unnecessarily aggravate my sensory processing issues, and I don't especially feel like curling myself into a ball and shaking uncontrollably in front of everyone if I can avoid it.    The problem is that while my family respects me and my decision, much of the staff at my school does not.  I understand that they are proud of me and think that I'll regret not going, I have explained to them that it will be too overwhelming for me due to my issues.  They are unconvinced and ask me if I can't just suck it up for one day.  Now normally I can handle this because it's my decision and they don't know any better, but I got really pissed off when the main office gave my mom a bill for a cap and gown that I never ordered and EXPLICITLY TOLD THEM I didn't want because I""M NOT GOING!!!  Why do they treat me like a child?  It's infuriating, they don't know my limitations, or that I can't bear to eat in the cafeteria so I eat in the library, that sometimes when I hug my friend in the hallway it is to prevent a meltdown.  I think I've gained a new appreciation of what people with invisible disabilities go through in regards to no one taking you seriously.  It sucks, and I have great admiration for your ability to hold it together and not go apeshit on every smug twerp who thinks they know you better than you do.  Thanks for listening."
638,1,"The text belongs to class ""1"" because it contains a self-description of the author's condition and how it affects their life, as well as their feelings about the situation. They are seeking financial aid due to their inability to work and lack of knowledge about financial assistance.","I'm sorry if this doesn't belong here. I'm 24, and I have Duchenne Muscular Dystrophy. So, basically, I'm very, very weak. I live with my parents, never had a job or anything.  And I really don't see how I could. I literally know nothing about any kind of financial aid. I don't know what I could possibly even get, or anything. Does anyone know anything, or know a site or something that could help me out at all? I realize this isn't the most information. I'm just looking for done hell, so I know what to look into."
639,1,"The text belongs to class ""1"" because it describes the author's personal condition and experiences, specifically their struggle with severe panic attacks, agoraphobia, and being ""crazy."" The author also expresses their feelings about their situation, such as being ""sicker than sick"" of it. They go on to describe their skills and experiences, and ask for advice on how to make their life meaningful while being housebound.","Disabled for a long time for severe panic attacks and agoraphobia and just generally being crazy.  I'm sicker than sick of it.  Is there something I can to make my life mean something, without leaving my house?  I'm crafty, I'm a great cook, I know a lot about a lot of things, I worked for I.T. for years.  Can anyone give me some advice?  I'm in individual CBT and dialectal behavior therapy and seeing a psychiatrist who pumps me full of effexor and clonazepam.   What should I do??"
642,2,"The text belongs to class ""1"" because the author describes their personal experience with receiving SSI benefits for severe bipolar, their desire to start working again, and their fear of losing their benefits due to getting paid for volunteering. The author's self-description of their condition, experience, and emotions indicate that the text belongs to class ""1"".","I receive SSI benefits as of June 2013 for severe bipolar. I have been doing a lot better, and wanted to start working again so I thought I would volunteer to start. I got a position as a receptionist for a fire department 4 to 8 hours a week. I didn't know I would be getting paid. I'll be getting a $20 stipend for each 4 hour shift, and paid every three months. Do I report this, and how? I am afraid of losing my benefits."
644,1,"The text describes the author's personal experience of waking up in extreme pain and being nearly bedridden since then due to a pulled paraspinal muscle. The author also shares their feelings about the situation, such as how it has affected their movement and the difficulty of finding relief. Therefore, the text belongs to class ""1"".","This past Saturday, I woke up in extreme pain.  Since then, movement has been extremely painful, and has caused me to be near-bedridden since then.  After two trips to the ER, I was told that it was due to pulling my paraspinal muscle.  It's taken until today for me to have even the tiniest bit of independent movement.  Has anyone else had experience with this kind of injury?  What did you do?"
659,1,"The text belongs to class ""1"" because the author describes their personal experience with a chronic condition, including how it affects their life and their feelings about it. They also ask for advice, which shows they are open to sharing their situation and seeking help.","tl;dr I have a chronic condition (ankylosing spondylitis), I don't know anything about applying for disability so I could receive medicare to better treat it or get a hip replacement.  So it's bad, about a year ago now it flared up and ended up putting me on crutches, I found out it was ankylosing spondylitis and eventually got a cortisone shot after the various meds they put me on failed. The cortisone shot allowed me to move a lot more and occasionally ditch the crutches or just use one most the time. Past couple days it has out of nowhere flared up again despite my best efforts of going to a heated pool on a daily basis for exercise. I scheduled another cortisone shot but I can't keep going like this without a job and to get one in this state seems impossible. If it weren't for my parents I would be out on the street now but they help with what they can but are struggling financially.  I would highly appreciate any advice, thank you.  (note: I cross posted this from /r/medical as someone recommended I do so, haven't received any answers there yet so I hope someone here can help).  edit: Thank you all, this is a lot of good information I will go over again and again."
663,2,"The text belongs to class ""1"" because it describes the author's personal experience and motivation for their thesis project on prosthetic design for debilitating diseases. The author's father's condition with Multiple Sclerosis is mentioned as the inspiration for their work, and they are seeking input from others facing similar conditions. The text also expresses the author's goal of changing the way assistive products are viewed.","Edit: Free Gold for helpful input!   I am an MFA candidate at the Academy of Art University in SF, CA. Currently, I am engaged in a 2 year long thesis project on prosthetic design for debilitating disease. To be frank, my father's condition of Multiple Sclerosis is the inspiration that drives my thesis.  I am looking to speak with people facing debilitating diseases such as MS, MD, Parkinsons, etc.   Ultimately, it is my goal to design a product that helps with day to day life while also changing the way that use of assistive products are viewed. As of right now, I am focusing on exoskeletal prostheses.  Specifically, I want to know about the difficulties of daily living. Where do the crunch points lie that might serve as opportunities to design around?  I have a short questionnaire for anyone willing to help.   I am also open to advice as to how I might better reach out for input."
669,1,"The text belongs to class ""1"" because the author describes her personal experience with having CP, how it affects her life, and how she feels about it. She shares her struggles with disclosing her disability to potential mates and the impact it has on her relationships.","Hi, I'm a 25 year old woman with CP. I have a very mild case of it. I look and function pretty much like any other non disabled person. However, I do limp and you can definitely see it in my gait. Growing up I knew I was different, but I didn't know how.  Because of this, I find it hard to tell potential mates that I have a disability. They either don't believe me or they shy away because of it. I can do 95% of what most people can, it's just the 5% that gets people down. Any suggestions or thoughts?"
676,1,"The text belongs to class ""1"" because it contains a self-description of the author's condition (muscular dystrophy), their experiences (losing the ability to do things each year, not being able to move their arms, not being able to feed themselves), and their emotions and feelings about them (living in denial, feeling sadistic and fucked-up about the disease, feeling embarrassed of being disabled, feeling awkward in social situations). The author is also seeking advice on how to make friends while being honest about their disability, which shows their desire to connect with others and share their experiences.","Hi Reddit,   I have muscular dystrophy, and have been living in denial. I don't see my self as being disabled. With MD being the progressive bitch it is, I never will stop getting worse. So its different from getting paralyzed, where it's a static condition. Each year I lose the ability to do things. Now, that's not to say I haven't coped. The best way I've learned to combat this sadistic, fucked-up disease is to act like I am not disabled. I went to college at an early age and have a degree in engineering. I pretty much can't move my arms now. I need your advice. I don't have friends. How do I make friends while being honest about my disability? No one asks me about why I'm in a wheelchair. I'm embarrassed of being disabled. I don't want to make it ONLY about what I can't do but at the same time, people should know. For example, friends from school and I went to a restaurant. I just sat there talking with them and didn't order anything. The thing is, I can't feed myself. Everyone was eating and I felt super awkward. They knew I couldn't but it probably didn't occur to them when they asked me to come with them. Should have I asked them for help? I didn't want to make my situation be their problem. How do I become more open to discussing what I can/ can't do?"
680,1,"The text belongs to class ""1"" because it describes the author's personal experience of being turned down for a PhD and their emotional reaction to it. The author also expresses their feelings about the situation, including their disappointment and suicidal state. The text also includes a question, but the main focus is on the author's personal experience and emotions.","I just got turned down for a PhD studying unemployment among young disabled people. It was my dream PhD because I have lived it. I am a straight A student with 2 degrees and years of high responsibility voluntary work under my belt but no one will employ me. This time I thought I had a chance. My own passion for the subject thwarted me as I got hypomanic with the nerves and excitement and missed out some of the dull technical details.  They said I made a good PhD candidate, no one seems to understand that it wasn't a 'Dr' title that I was in search of, I wanted to make the world a better place for people like us. I am now emerging from my suicidal state post rejection and trying to find the strength to fight another day - how do you all do it?"
683,1,"The text is a self-description of the author's condition, specifically cerebral palsy, and how it affects their life. The author expresses negative emotions towards their condition, indicating their personal experience and feelings about it.","I have cerebral palsy, mostly in my left arm and leg, among other issues like depression and honestly it's been a hindrance for me all my life. I'm 30 yo and had it all my life. I loathe myself, I come across a opportunity to do something that other non disabled people do and it hurts that I can't, so I hate myself for it. When I try to do things that require fine motor skills but my arm says, fuck you with a spasm and it ruins what I'm fixated on. I hate not being fully able-bodied."
