28288,1,"The text belongs to class ""1"" because it describes the author's personal experiences and struggles with physical and mental disabilities, including their challenges with daily activities, lack of support, and inability to seek medical help. The text also conveys the author's emotions and feelings about their situation.","I want to ask for help but don't know how to express myself. Disabled physically and mentally, a bit hard to type but harder to make words make sense. Been in bed 80% of the day recently and circadian rhythm all wrong. I keep forgetting to eat let alone getting food. Putting clothes on is hard. Washing clothes is hard. Washing dishes is hard. Going outside is hard.   Mom was primary caregiver and she disowned me months ago. I can't take care if myself and lie to friends and family that I'm keeping it together. I hate needing help and I hate even more that I am unable to ask for help.  Am too stupid to not understand why insurance is not working. Payed for it but cannot get card. Cannot seek therapy or anything medical. Living alone in a completely different place where I barely know anyone."
28293,1,"The text belongs to class ""1"" because it describes the author's personal experience and emotions related to their parents' behavior and the decision about whether to pursue legal action against their father. The author's self-description of their feelings and situation indicates that they are struggling with a difficult choice and expressing their concerns about the potential consequences of their decision.","i made a case against my dad for SA and they said they want to close the case and my mom is leaving it up to me to decide but i don’t know what to do, because on one hand i do want him jailed but on the other hand that means being stuck with an abusive mother who threatens the police and psych ward on me for the littlest things, medically neglects me (and encouraging the school to do so, such as restricting access to the nurse of not even letting to the hospital unless i pass out for a long time even if i faint) and just generally being controlling whereas my dad somewhat takes my medical conditions seriously and is for the most part much less controlling and mostly more accepting and ik he deserves a punishment but losing him means i will continue to be abused by mom and have no adult to stand up for me not to mention she can barely handle my brother alone and im just so scared and everything seems grim"
28294,1,"This text belongs to class ""1"" because it describes the author's personal experiences and emotions related to their condition, including their struggles with ADHD, learning disabilities, and deteriorating physical and mental health. The author also expresses their desire to be able to function independently and live a self-sufficient life.","I was diagnosed with ADHD and learning disabilities and auditory discrimination when I was a little kid, and I was in special edd from 4-12th grade and was in the TTP program the transition partnership program to help me after high school but I had to leave the state to live with a friend due to family issue for 6 months and got dropped from the program. ever since Ive tried to keep jobs and find new jobs and ways to make money, but as I am getting older (age 32) I have a really hard time reading and spelling and my speech is becoming worse and I slur and say incorrect words then what I think I am saying and my vision has like this weird static effect that sometimes effects my sight and my anxiety and depression has gotten so bad over the years and I dont go into public and can barely take care of myself or do basic things and I need help and dont know what to do, Ive been on food stamps and just got apple health.  I applied for disability when I was in my early 20s when I really started realizing I cant do most job functions correctly or without error.  I was denied because I could not get all the paperwork on my disabilities at the time. I am basically homeless, and just lost a work from home remote job due to barely being able to function doing the job and having such bad an anxiety and depression from not being able to do basic humans things that people expect and I want to be able to do correctly so badly but I just don't know what to do. My nephew who is super similar to me was diagnosed with autism and I wonder if I may be autistic as well. I want to be able to function on my own and live a self supportive life but Ive failed so badly and I just want to survive at this point. Disability seems like it would take so much of the anxiety a south crushing defeat of trying to function in a job, and I might be able to take care of myself more effectively.  If someone could please help point me in directions to get help Id very much appreciate it, thank you."
28297,1,"The text belongs to class ""1"" because it contains a self-description of the author's condition and how they feel about it. The author describes their experiences with Lupus, including the severe pain and muscle cramps they experience, as well as the impact it has on their daily life. They also express their emotions about the situation, including feeling trapped, anxious, embarrassed, and frustrated.","For background, I am 25F and got Lupus. I started to get really sick in October, and I’ve been so sedentary now for months that I have lost a ton of muscle mass.   My current level of functioning is very poor. I have severe pain, muscle cramps/inflammation, along with a ton of other symptoms. To give an idea of what my body can currently do/not do:  - Standing for more than 10-15 minutes without great difficulty (legs begin to shake, muscles lock up, increased joint pain)  - Walking for more than 10-15 minutes, maybe less (same issues as above). Walking will not cause me to collapse (so far), but I begin to feel like I can’t make it to my destination, and get slower and slower. I begin to panic about needing a place to sit down, and there is almost never a place to sit down.   Since getting sick, I have to use a shower chair, and a stool to cook or prepare food. I have to order my groceries online, or otherwise struggle through the grocery store very slowly while leaning over a cart. If I do the stairs too many times, I get stuck and have to wait to recoup or have someone carry me.  I feel like my body and my house are a prison. I am someone who loves to go out into the world, and this illness has taken that from me. I want to mental stimulation of being able to simply go to a store and look at the shelves. Right now, doing that costs me everything I have, or I’m simply unable to.   I am working with my rheumatologist, and see him tomorrow. I’ll definitely be discussing this with him, but I’m also seeing a second opinion on Wednesday because I feel he isn’t doing enough. I’ll ask about a PT referral.  I’ve been trying to psych myself up to go to Target and use the store-provided electric scooter. I’m anxious about drawing attention to myself, and not being able to maneuver the aisles or crowds.   Other than that, part of me is considering getting a rollator, but I’m feeling such complex emotions about it.   I wouldn’t need it all the time. Like, walking to class at my college, it’s a short walk, I take the elevator, I sit, and I walk back. It’s still hard, but in that case I wouldn’t need it. I would use it for going to the store, so I have a place to sit when I need it, and I can lean on it.   My issues are, that I’ll likely not be this physically disabled forever. It’s going to take months, but at some point we’ll find the right medications. Part of me thinks that means I don’t need it.  My other issue is that I feel so embarrassed and shameful about it. I don’t want people to stare at me, and I don’t know how I’d navigate with it in a busy or cramped store. When I started needing the shower stool, I felt so embarrassed I was planning to hide it from my family. This feels worse.  I don’t know how I’d tell my family or how they’d react. They keep saying I’m going to get better, which I know I will.   I worked up the courage to ask my fiancé if he would come with me to Target to try the scooter, and he scrunched up his face and said, “You don’t really need all that, do you?” So I feel even worse about it all.   It really hurt me, because I feel like no one understands how difficult this actually is. I went to Costco with my mom the other day, and almost didn’t make it out of the store. I had to pull out a hidden utility cart from under a shelf and sit in the middle of the store because my legs couldn’t do it anymore. When I woke up the next morning, I was in so much pain in my knees that I was unable to walk or speak to a few hours.  This ended up way longer than I intended, so thank you if anyone read it.  Advice is appreciated. I’m really struggling with this and accepting my condition."
28298,1,"The text is a first-hand account of the author's experiences living with a progressive neuromuscular disorder, Limb-girdle muscular dystrophy (Type-2B), and their struggles to find support and resources in India. The author expresses their feelings about the lack of facilities, support groups, and medical aid devices for people with locomotor disabilities in India, and their desire to create a community to address these issues. Therefore, the text belongs to class ""1"".","Reposting from r/india  TLDR: Interest in creation of a new community for those with locomotor disabilities in India  Hi, fellow Indians! I am currently living with Limb-girdle muscular dystrophy (Type-2B). It is a progressive neuromuscular disorder that affects my legs and arms, eventually spreading to other parts of the body. There isn’t a known cure (yet).  Here in India, I’ve found it difficult to get support for my condition. There is a distinct lack of facilities, support groups, entertainment avenues, medicals aid devices that can help a person with locomotor disability thrive independently. This post is to ascertain interest in creating a community that can help connect people and facilitate discussions around these topics, eventually working towards advocacy for our needs.  Locomotor disabilities affect a person's ability to move, typically involving impairments in the legs, arms, or other parts of the body. Conditions like muscular dystrophy, spinal cord injuries, accident-related disabilities, polio, etc. are examples of locomotor disabilities. Some of the topics that I think warrant discussion are:  * Support Aids and Devices * Personal life * Education * Medical Insurance * Restaurants. Entertainment, etc * Meetups  Your input and participation are greatly appreciated. Whether you're personally navigating such a disability, have a closed one who might have it or you simply have valuable insights to share, your presence can contribute to a more supportive and informed environment."
28299,2,"The text belongs to class ""1"" because it describes the author's personal condition and experience, as well as their feelings about it. They have a brain injury, can only use their right hand, and use a cane to get around. They are also frustrated about being stuck at home and want to go out and play or travel, but are unsure where to go as a disabled person.","hi I have brain injury, I only can use right hand and I am using cane. I stuck at home... I want to go out play or travel. where to play or travel if you are disabled?"
28301,1,"The text belongs to class ""1"" because it contains a self-description of the author's condition and experiences, as well as their feelings about them. The author describes their experience of getting headaches from flashing lights, their conversation with their mother about taking down the lights, and their negative emotions towards their mother's behavior.","My mother has put up flashing lights outside the house, hanging down from the roof. I can see them when I’m in the living room (where I spent a good deal of time) and when I’m in the kitchen.  We also had them up last year and every night I had to turn them off because they gave me extremely bad headaches, obviously related to my disability.  I just went and asked my mother if they could be taken down and she told me they’re staying up and to go away.  It just hurts so much because she KNOWS how bad of headaches they give me and yet she seems to not give a shit. One day I kept getting bad head pain whenever I heard loud noises, I told her and without missing a beat, she clapped very loudly.  I hate living in this house. There is no way out and she seems to get off on not causing me just mental but physical pain too. I can’t enjoy Christmas because I’ll have a headache 24/7. Great."
28302,1,"The text belongs to class ""1"" because it contains a self-description of the author's experiences and feelings. The author talks about their struggles with finding a job due to their shyness, and how they have been treated disrespectfully by people, including their job coach. They express their anger and frustration about being perceived as lazy and undeserving of respect. The author also emphasizes their humanity and the fact that they deserve respect. Overall, the text conveys the author's personal experiences and emotions, and their perspective on how they are treated by society.","I have read some of the people post on here I hated the way they were treated and talked down to we all have feelings and we deserve respect.  Due to my shyness it's very hard for me to find a job and I applied everywhere and went for interviews did follow up. no job offers it's making my family mad at me acting like it's my fault I tried and I called and manger sad they will get back to me and never did . And when I was working people talked down to me saying I did this or that wrong even my job coach talk down to me.  It's making me very angry that people think we are lazy and don't want to work. They think having disabilities is our fault no it's not our fault we didn't ask for this . They think we want hand outs . We are human we all have feelings just like you. And even when we do work they complain we did this wrong or did that wrong or we are not doing our job .   We are not lazy we are tired of people disrespecting us and we are tired physically. You are enough, you are worthy, you are important, you are kind , you deserve respect.   Hopefully you all will cheer up and your life gets better."
28303,1,"This text belongs to class ""1"" because the author is describing their personal experience with fibromyalgia and their confusion about their condition and the help they deserve. They also mention their feelings about the situation, making it a clear example of a self-description of the author's condition or experiences, and how the author feels about them.","For context, I have been diagnosed with fibromyalgia, though my doctor has never explicitly said the words ""you are disabled"" to me. This year she did give me a permanent handicap placard when asked. I do use a cane intermittently during flare ups -- it helps me walk farther and with less pain. The cane was my decision and not a doctor's.  My mother also happens to be a medical professional, and she keeps telling me I ""have issues"" but I don't qualify as disabled. I'm not sure what that means, or why my doctor would give me handicapped parking if I don't have a disability.   I'm concerned this is going to be an argument during the holidays. I feel really confused about who I am and what sort of help I deserve."
28304,1,"The text describes the author's personal experience and feelings about their condition, as well as their struggles with finding activities they can do during their ""worst times."" They mention their hobby of crocheting, reading on the Kindle, and doing a bit of origami, but express boredom and frustration with their limited options. This self-description of the author's condition and experiences, along with their emotions about them, indicates that this text belongs to class ""1"".","TLDR: what’s your hobby when your body/senses won’t let you do anything else?  -  I go insane if I’m not doing something and there is a lot I can’t do for very long or at all between pain and sensory.  A lot of people suggest me audiobooks but 1 I’m still not doing anything and ADHD is not happy about it and 2 my hearing is super sensitive lately and I’d rather not. Plus my attention span and memory issues… audiobooks depress me.  Right now I mostly crochet, read on the kindle and do a bit of origami during my worst times but I’m so incredibly bored. I can’t do anything with visual motion most days either so video games and movies are out. I have to close my eyes even when I scroll.   So, suggestions welcome but I’d also like to know what other disabled folk do during their worst days even if it’s not for me."
28305,1,"The text belongs to class ""1"" as it contains a detailed self-description of the author's condition, experiences, and feelings about them. The author describes their physical disability, mental health, family dynamics, past experiences, and current situation, expressing their dissatisfaction with their home life and desire for independence.","Tldr: I'm not happy at home, but I'm physically disabled (full knee replacement due to cancer, chronic fatigue). I have a few thousand in savings, and I'm on benefits. I'm 19, live in the UK, and have no clue where to begin.  I have been severely unwell since January 2022, and October that year I was diagnosed with cancer. I had 9 months of chemo and a full knee replacement during that time. I am still in physio, but I'm getting better, and I'm able to move around quite well now (crutches outside mostly, instead of wheelchair). I struggle significantly with fatigue, but I am able to keep busy with crafts, research, etc. I am very motivated, which helps a lot.  I dropped out of education at the end of my first year of A-Levels because of being too unwell. I hated my school though, and I will name drop it if asked. It was a private school and it fucked me over. I was on a bursary but my family is middle-class. I was incredibly stressed the entire time I was at that hell. I left with barely any qualifications, so nothing to go to university.  I get along with my parents, but I'm not happy at home. I wanted to move out and had a clear plan so that I'd never have to move back home. I changed my mind when I was unwell, but now that I'm doing better, it's becoming unbearable again.  My parents have been abusive, but I hate saying that because they're nice. My dad was physically and emotionally abusive to my order half-sister when we were young. She grew up to be unbearable, and fucked our entire house over. She physically, emotionally, and sexually abused me (6 years older than me). My mum dismisses this, but she barely knows any of it. My sister has begun bringing up our childhood again and is relentless about it. She sees me as the bad person. I'm autistic and hate(d) her touching my things/ going in my room, touching me, or playing very loud music in the car. Due to this, she makes it out like I was horrific to her. Again, she was 6 years older than me, but she doesn't seem to get this. Because she's bringing it up a lot again (she doesn't live here, but has a baby, so frequently comes round), it's massively triggering me, and I'm becoming suicidal again.  My parents don't stop her. I try, but I either can't think of anything to say, or she'll double-down and twist me into being the bad person. I never bring up our childhood because I want to forget it. I've spoken a lot to my therapist about all of this, and I get trapped in a cycle with my sister where I let her in, then she fucks me over again and it hurts. My sister has brought it up over 5 times today, and we were only together for 3 hours. I hate her, I won't lie. My mum tries to mediate, but I don't need mediating. I need her to stop backing my sister up because she *was* as terrible as I remember, in fact she was far worse than anyone could imagine. She couldn't have been worse.  I can survive at home, but I can't live. My dad is fine, but he has a very short fuse. My mum is neglectful, but somehow at the same time overbearing. She's manipulative and even admits in herself that she's got some sort of martyr syndrome. She turned my entire cancer journey into something about her, and it hurts to think about it.  I can't move my own stuff. I'd need their help. They'd let me move out, probably. They wouldn't be happy. They'd think it was stupid. It might be. I don't know what I'm doing; whether I'm returning to education or working. I want a good job that I enjoy, but I don't know what that should be. I'm figuring it all out. I'd quite like to jump to a company that will train me up themselves to some degree, but I'm already fluent with Adobe and a number of other software, and as a whole, I have a (thankfully) brilliant skillset. I'd quite like to become a tattoo artist, if I'm honest.   I also can't drive because I failed my test, tried to kill myself that night, then was diagnosed with cancer. I now need to retake my theory test before I can book my practical again. I also need to learn to drive with a now fake knee.  I just need my independence, and to get away from my family. They're just not helpful to be around.  Any advice? I want to hear it all. Tell me I'm being stupid if I am.  And to anyone who goes through my post history, yes I'm bipolar, but this has been going on for a few years now, it's not impulsive. I'm finally just actually putting together a plan to get myself out."
28306,1,"The text belongs to class ""1"" because it contains a self-description of the author's condition and experiences, as well as how the author feels about them. The author describes their physical health problems, their struggles with daily tasks, and their feelings of guilt and helplessness about being a burden to their mother. They also express their desire for their mother to be happy and have an enjoyable retirement.","I didn't know I was disabled until a few years ago, had a relatively 'abled' childhood (just thought I was weird and wrong and tired and fat so thought nothing of it). Since having a mental health crisis in September, (dw im in therapy) my physical health's been down the drain, new problems cropping up constantly. To the point where I can barely stand more than 20 minutes at a time on bad days. Can't do my own groceries. Struggle to cook (tho sometimes I manage). Am out of work.  My mom is an angel of a woman, and retiring soon. I still live in her house because, well, yknow, the economy. She cleans. Does the laundry. The groceries. Drives. Does the dishes and cleans the kitchen after I've done cooking (which can get messy). Facilitates my whole life. She's not getting any younger. I promised myself as a kid that by the time I got to 30, I'd be able to take care of her - but instead, I feel like more of a burden than ever.  I've already resigned myself to the fact that when she passes, I'll effectively become homeless, as I can't generate enough income to put a roof over my head. But in the meantime, it just doesn't seem fair that she might spend her entire retirement looking after me, a grown adult who can't do nearly anything but lie down.   How do you deal with that? I want my mom to have everything she has ever wanted. I want her to be spoiled. I want her to be happy. But she's getting more and more depressed, more tired, more worn, every day. I don't know how to make it up to her. The more I apologise, the more it upsets her. When unexpected problems arise, she has to do everything herself because I can only sit there uselessly.   How am I supposed to accept this? Would it be better for me to move out and try to submit to a homeless shelter of some kind to get out of her hair? I just want her to be comfortable in her old age instead of going to bed each night with tears in her eyes because caring for me is too much work for her."
28311,1,"This text belongs to class ""1"" because the author describes their personal experiences and emotions related to being a member of multiple marginalized communities, including being disabled, black, trans, and using a cane. They express frustration and difficulty with ableism they have faced, making this a self-description of their condition and feelings.","i’m in florida and ontop of being disabled am also black not skinny trans n sum more n it is terrible up here 😫. this is mainly about ableistic shit youve dealt with here but you can also add on other things if ur oart of other marginalized communities (queer, poc, fat/midsized, poor, religious minorities, etc) my worst experience personally was having bus drivers literally give me a hard time over using a cane 💀."
28312,1,"The text is a description of the author's personal experiences and feelings, rather than a question. The author expresses their frustration and exhaustion with their medical condition and the challenges they face on a daily basis. They also mention their feelings of isolation and neglect. These are all indicators that the text belongs to class ""1"".","Tired of when healthy ppl say disease is an chance to realize further world (no it locks you in smaller worlds)  Tired of buying all the massage, pain relief related thins when others collecting abt perfumes and alchol ( allergic to most of them and alchol is bad for pain )  Tired of wearing loosen amd not itchy clothes and a pair of sneakers which dont make me feel uncomfortable or hurt.  Tired of having all the medical appoinments meeting doctors to doctors who think me as one of tons patient.  Tired of brainfog which makes me only think of those few stuffs among much more weary days.  Hate myself put myself being here neglecting myself for uncountably long days,months, years."
28317,1,"The text belongs to class ""1"" because it describes the author's personal experiences and emotions related to their future and financial situation. The author shares their feelings of fear and sadness about their future and the challenges they face due to their physical condition and lack of job opportunities in their location. They also discuss their efforts to start a blog and look for remote work as a way to secure their future.","I think this has been the year that I have finally started getting fear about my future. Having got paraplegic at age 7, I have been getting provided for by my parents but I am currently 22 ( and it pains that I have forgotten on how it felt like to walk) and they won't be here forever. This is the first year in my life I am scared about the future as I need to get to do something.   Having dropped out of school in P.7 due to paraplegic side effects that I won't go into. I started a blog and it's been earning some little things that can help me buy things that I wouldn't justify the parents to buy since they are already providing anything. So yeah, 2023 has been coming to the depressing reality of knowing it's time to look ahead to the future before its too late.   It's sad that Uganda, Africa doesn't have any or little remote work jobs that I could do without papers but it will be my target to get some online remote job. ( I am not sure blogging would be sustainable way of income.)"
28321,1,"The text describes the author's personal experience and feelings about the lack of accommodations for ambulatory disabled people using crutches or canes during a trip to the US. The author's curiosity about the differences in disability culture and options for disabled people in the US is also expressed, indicating a reflection on their own condition and emotions.","I'm from the UK and I took a holiday to the US to visit a theme park this year. until this trip I was a full time crutch user.  in the US, I noticed that all of the access accommodations were catered towards wheelchair and mobility scooter users, or people with psychological disorders. on all of the accessibility handbooks for the venue there was absolutely no considerations for ambulatory disabled people and for my entire trip I saw many wheelchair users but not a single other cane or crutch user.   the lack of accommodation for my disability during this trip caused a huge flareup so I'm now actually a part time wheelchair user myself, and four months on I still haven't recovered.  honestly more than anything I think I'm just curious about the differences in disability here and over there, it was a bit of a culture shock seeing absolutely nobody like me, or people with my sort of level of disability using wheelchairs full time. like absolutely nothing against these people, I've found actually in hindsight of this trip that there's tonnes of advantages to using my wheelchair that crutches don't have, but it seems like people in the US don't really have that option presented to them? it seems (to me) to be that the only options for disabled people are either walking unaided or using a wheelchair, and crutches aren't really seen as an option for support between the two.   TL;DR just curious as to why there were no accommodations for ambulatory disabled people who use crutches or canes in the US, or why I didn't see anyone at all using crutches as a mobility aid"
28323,1,"The text describes the author's personal experience with migraines and how it affects their job, including their feelings about the situation. The author also questions whether their absences due to approved accommodations under the Americans with Disabilities Act (ADA) can be used against them in their yearly review.","So I've had my job for about 8-9 months now. I've cross trained in 6 different areas where as most people know 1-2 and stay mainly in their actual job description spot. I believe at my 60 days is when I realized I would need to get ADA for my migraines as I have 2-3 a month and when I get migraines I can't drive or function normally at all. Even when I take my medicine prescribed for them, the aura sticks around for over half the day and after it goes away I'm exhausted and can't do anything but sleep. Plus sometimes I end up just puking up my medicine all together and then that's a horrible day. I did after my 60 days get a letter from my doctor and HR filed for my accommodations and approved them- 2-3 days a month I may need to call in. It also said I may be able to come in after the first half of the day some days.   My question lies in can my job use my ADA absences against me in my year review? I know they used my absences against me previous to my 60 days (I was not on any accommodations then, so legally I understand that's probably fine). I just wonder, have a put all of this work in to learn all of these things to only get a minimal raise because I'm gone 2-3 days a month due to an episode. And if they do jip me on raises on my year review due to absences that they approved were reasonable accomodations- should I get legal help? Or am I allowed to?   I don't mean to toot my own horn but I am very good at my job and I put a lot of effort into making sure I share new ideas, ask questions when needed, and go the extra mile when I am there. I see other people not doing that. I just want to know where I'm protected. I love my job and want to stay there but I started at a lower wage and have been working my ass off in order to get a raise I know I deserve and need just literally for cost of living."
28329,1,"The text belongs to class ""1"" because it contains a self-description of the author's condition or experiences, and how the author feels about them. The author describes their struggles with memory due to a brain infection, their attempts to find solutions, and their emotional reaction to the situation.","I forgot to do something for a family member and it led to a heated discussion. I was told that I should be adult enough to find ways that help me remember. My disabilities came from a brain infection and it messed with my memory along with many other things. I have been trying to find ways to help my memory for two years now. Things that would help previously don’t help much anymore. I’ve tried setting reminders, making notes, keeping a journal, using calendar- but there are still times where those don’t work. My ability to live somewhat normally changes everyday. One day I can be on top of the world and the next day I can’t talk right. Or I can write everything down then not even remember writing it, or lose the journal/calendar I wrote in. It is what it is. When he said this to me, It hit a nerve. Idk if it’s because I haven’t fully come to terms with the new me. Maybe because my disabilities were used as ammo in a conversation? Or is this just a normal reaction when something you aren’t capable of fixing is used against you. I know I should be able to just get over it. And control my own emotions. And I most likely sound like a damn cry baby. But I don’t have any idea how to accept the changes I was forced to go through. And I don’t feel like this version of me is good enough."
28333,1,"The text belongs to class ""1"" because it describes the author's personal experiences and emotions. The author shares their struggle with being denied disability despite their physical and mental health conditions, and expresses feelings of uselessness and hopelessness.","I was denied disability because I ""can use my arms and follow instructions "" even though I use a wheelchair and have pain daily. I'm also autistic and bipolar with severe meltdowns and bad mania. Yet they say I can follow Instructions which Im,even told is a stretch but coworkers... I feel so useless and hopeless...."
28335,1,"The text belongs to class ""1"" because it contains a self-description of the author's condition and experiences with hip pain, as well as how the author feels about the situation (nervous). The author also describes their emotions and concerns about going to the doctor and getting support.","Some context; I've been having hip pain for years, that has gotten significantly worse in the past 5 months. It has gotten so bad that it's affecting how I walk, sit, lay and stand. If I accidentally slip my hip will hurt for the entire day. And if I step wrong there's a sharp pain in my hip. Last year I was still able to get the pain away for a little bit by stretching when it was hurting, but nowadays it does nothing. Pain meds also don't help. The pain is in both my hips and I actually subluxated my right one when I slipped on ice, couldn't walk for the rest of the day.  And I'm finally going to the doctor on Wednesday (with my dad) and I'm worried they won't take me seriously. Is there anything I can do or say to help myself get support?  And if they do take my seriously, what will they do to figure out what's wrong? (Will they xray or send me to physical therapy?)  I need some advice and reassurance cause I'm very nervous."
28341,2,"The text belongs to class ""1"" because it describes the author's personal experience and emotions regarding the use of their cane on public transit. The author expresses their feelings about the situation, including their frustration with the safety concerns raised by the transit authority and their belief that the actions taken against them are illegal. The author also mentions their plans to take the issue to the transit department and possibly the media, indicating a desire to advocate for themselves and their rights.","https://www.reddit.com/r/disability/s/EquaLLxcfT as of today: told the admin in charge of transit affairs and he’s handling the issue, but said them talking about safety fears was trying to get me to understand their worries. he called my mom and my mom told me about how they said i need clearance so for now i should leave my cane at home but its midterms and i won’t even be using the bys this week. i also told her what they were doing is illegal and there’s no rule saying i cant bring it due to safety issues because the admin claimed there was. i don’t even know if they’re gonna get fired or not but they’re taking it to tbe transit department so that’s good i guess. might take it to media though."
28343,1,"The text belongs to class ""1"" because it describes the author's personal experiences and emotions. The author talks about their struggles as a university student in a competitive program, their chronic pain, and a separate illness that has affected their grades. They express their fear of not meeting grad school requirements and their reluctance to take a leave of absence.","Hello! I am currently a third year university student in a very hard program. For anonymity’s sake, I won’t disclose the nature, but it is very competitive. I’ve had chronic pain for about 10 years now from a disability I’ve had my whole life, and the flareups have severe physical effects. The accommodations at my university are very good.   As of a year and a half ago, I contracted a separate illness that caused non-permanent but long lasting damage that could take up to 2 more years to repair, and on top of the chronic pain, it is severely affecting my grades that were once very good. I’m struggling and I feel burnt out, and I’m afraid that if I continue, my grades will not be good enough for grad school. I don’t want to take a leave of absence unless I have to, especially when I’ve had to work so hard to get here with the disability. Could someone who has done this before please provide some guidance on where to go for resources, or some advice?"
28346,1,"The text belongs to class ""1"" because it describes the author's personal experience and feelings about living in a group home. The author provides specific details about their situation, including their mental health conditions, their case manager, and the issues they are facing in the group home. The author's emotions, such as feeling depressed and feeling threatened, are also described. Therefore, the text can be classified as a self-description of the author's condition and experiences, and how they feel about them.","I'm a 42-year-old female with BiPolar disorder and Agoraphobia. 4 months ago my case manager convinced me that living on my own wasn't working (I was extremely depressed and I hadn't left the house other than for doctors' appointments in months) so she said that I should try living in a group home and recommended one to me. The group home I ended up going to is terrible. They yell at the residents all the time, and in my specific case have started insisting watching me shower to make sure I'm bathing. Even though I take a shower every day. The meals are terrible, I wish it was just a case of me being picky but attached are some examples of the meals here. They threaten to call my mother (who is not my legal guardian or anything just my emergency contact) if I keep 'misbehaving'. All in all it's a terrible situation and I don't know what to do."
28349,2,"The text belongs to class ""1"" because it contains a self-description of the author's condition and experiences, specifically ""17F POTS, gastroparesis, AMPS, chronic migraine, joint issues (probable RA, possible eds)"". The author also mentions their current activity and feelings about it, indicating that this is not a question.","17F POTS, gastroparesis, AMPS, chronic migraine, joint issues (probable RA, possible eds)  I love doing crafts currently bedbound which is really boring lol"
28350,1,"The text belongs to class ""1"" because it describes the author's personal experience and emotions related to their condition. They talk about their struggle with a ""hurts-when-you-don't-move-disorder"" and how it has affected their life, including their ability to walk and attend taekwondo. They also express their feelings of guilt and frustration about not being able to keep up with their exercise routine and how it has impacted others. The text concludes with a question about how to decorate their wheelchair, which is related to their personal experience and emotions.","It finally happened. After years of staying out of a wheelchair, I failed myself again. Actually, I failed myself so many times over and over again I now struggle to walk. I went from going to taekwondo 3 times a week to this. All because I couldn’t be bothered to keep up my meisly 45 min of exercise after getting sick for 3 months. Just three months. And I couldn’t keep it up. Because I just had to make fuckibg excuses. And here I am. Big fucking suprize. The hurts-when-you-don’t-move-disorder is acting up again.   And now everyone is going to see how I failed myself. Fucking everyone. I’m going to make so many peoples lives so much more difficult, and you know what. I’ve been making peoples lives more difficult before this. People have been bending over backwards because unfortunately they just HAD to fucking care about me, and make their lives so much harder.   But anyways…I have this now. Does anyone have ideas on how to stop feeling like this? Or ways to decorate my wheelchiar"
28351,1,"The text belongs to class ""1"" because the author is describing their personal experience and feelings about their interaction with the university's accommodations office. They express frustration and a sense of defeat, indicating that this is a reflection of their emotional state. They also mention their desire to use a note-taking app on their phone, which is a specific detail related to their personal situation. Therefore, the text can be classified as a self-description of the author's condition or experiences, and how they feel about them.","Long story short, my university’s accommodations office is very unhelpful. I’m trying to get through my last three semesters, but I feel so defeated. I just transferred to this institution. I recently tried scheduling an appointment with the person who runs it & she seems very inexperienced. I told her my concerns and she was very curt. What I need is the ability to use a note taking app on my phone, (such as Glean), but they don’t have the licensing for it & there’s nothing in my accommodations which states that I can use Glean on my own accord. I’m nothing but a bother to them & I’m sick of the ableism.  Need to talk to someone above her but I don’t know of who."
28352,2,"The text belongs to class ""1"" because the author describes their personal experience with knee and joint pain, and how it affects their daily life. They also mention their suspicion of having EDS and their struggles to get a specialist appointment. There is no question or request for advice unrelated to their personal experience, so it does not belong to class ""2"".","i have terrible knee and joint pain to the point i need crutches to walk so it doesn't hurt, and from my own research i think its EDS, but I've been trying SO HARD to get a specialist appointment and the referrals keep getting lost or rejected or whatever. This just sucks so hard and I want to get better but I'm having so many issues.   has anyone had any luck or tips for me? I live in Toronto so any Canadians?"
28354,1,"The text belongs to class ""1"" as it describes the author's personal situation, health issues, and their struggle with insurance company Prudential regarding disability benefits. The author expresses their feelings, fears, and frustrations throughout the post, making it a clear example of class ""1"".","I originally posted this under legal advice, but didn't get a response there. That reddit is extremely busy, so posts don't last long.  I'm in a situation where I've always had health issues, but it declined considerably after contracting Covid. After Covid, I kept trying to work (software development) and went 100% remote, but my health continued to decline, to the point where I was regularly having to work from bed, and unable to focus well enough to do my job, and basically all outside activities except necessary ones like an occasional grocery store trip, doctors appointments, and short social visits of <2 hours (coffee shop discussion, mostly) but any of the latter left me crashed for the rest of the day, and often the next. I was diagnosed with ME/CFS, POTS, MCAS, and CCI. After consulting with my doctor, I applied for short-term disability with Prudential. It was initially approved, but I could tell that there was some pushback after a few months, and at the start of month 4, the denied it as ""not medically supported"".  Since then, I got a 2-Day CPET test, a tilt table test, and MRIs showing CCI at the behest of my doctors for objective results, as well as disability letters from both my doctor, my physical therapist, and the facility that performed the 2-Day CPET test. I also contacted a lawyer, who sent in a letter to them asking for what information that they had on file, what information they needed, and how to apply for LTD. This was at the end of October, and Prudential has not responded. I have until January to request an appeal, and my lawyer doesn't want to do anything until he gets their response, but it looks to me that Prudential does not intend to respond, hoping that either no appeal request is made, or one is made but with insufficient information. To make things even more stressful, the lawyer does not appear to be reading the emails that I send him, or even listen to what I saw on a phone call, with 90% of what he says being boiler plate information. Obviously, I am freaking out.  I have less than a month until the appeal request needs to be made, my lawyer is doing nothing, and Prudential not disclosing the information that my lawyer needs. To complicate things even further, this is the winter season, and companies of all types are particularly non-responsive this quarter of the year. I am terrified that I won't be able to make rent, and the window of being able to get anything from insurance is closing, and they'll fight it, regardless. What do I do?"
28358,1,"The text describes the author's personal experience of adjusting to a new life with a disability, their feelings about it, and how they are still trying to make peace with it. This falls under class 1 as it contains a self-description of the author's condition and experiences, and how they feel about them.",I’ve only knowingly been in this world for about a yearish and I’m still adjusting. Some days are good and some less so. Sometimes it’s moment by moment and I know it’s that way for for a lot of us.  This question is for those of you who’ve been in this boat a lot longer than me. Do you feel there’s a difference between accepting your disability and new life with it vs giving in and letting it dictate your life?  It’s hard for me to make peace when I feel like my body is holding me hostage.
28365,1,"The text is a self-description of the author's condition, expressive aphasia, and how it has affected their life. The author shares their personal experiences and emotions related to this condition, such as struggling in school, feeling frustrated, and realizing the extent of their struggle.","Hi all, I've realised I (27M) likely have expressive aphasia due to illness during infancy causing an acquired brain injury. I've been to the GP and I'm being referred to a speech and language therapist if the GP can find somewhere with availability.  I'm wondering if anyone on this sub has struggled with an undiagnosed expressive language disorder growing up? I can't find much out there.  My symptoms were much worse when I was younger but my speech has come a long way. It's not really noticeable unless you knew what to look out for. My wiring/typing is much worse, it just takes me a long time to get my ideas down in fluent language and the more formal the writing the harder it is.  I've always known I've struggled with certain things and I knew it was really bad when I was younger. But I didn't realise how abnormal the extent of my struggle was. Mainly because I did well in school particularly in maths and physics.  I went to uni to study physics and dropped out in the second year. I was interested in the subject, did well at school and had very good understanding of maths but struggled with written assignments and note taking.  When I dropped out I blamed myself a lot and I didn't cope very well with the situation. I stopped talking to friends, ran out of money and had no job. I ended up working in supermarket retail for a few years which to be fair I enjoyed it as much as one can and made some good friends.  I decided I wanted to go back to uni and try maths. It wasn't straightforward going back because of the previous uni course. I had to setup a payment plan with the uni to pay for one of the years tuition to be eligible for the rest of the funding.  The degree was going very well, I was determined to do my best this time and I was top of the class. That was until the project module/dissertation, I couldn't hack it. It takes me much longer than a normal person to write conversationally but when it came to academic writing it was like my brain was full on stalling endlessly. I can't fathom how to word any of my ideas using the correct sentence structure, pronouns and verbs.  I was in complete denial about not being able to get it done and in the end I shut down and the dissertation was a non-submit. I graduated with an ordinary degree (it's one step below a 3rd) even though I averaged above 70% due to how well I performed on all other modules. Again, I didn't deal with the situation very well and there was a lot of self blame involved.  It was about a year after that I realised that my struggle with expressive language is a relatively common after effect of a severe illness I had during infancy. I've contacted the uni since and I'm appealing to resit the dissertation module with appropriate support or accommodations.  Its been hard not to think about anything else recently these past few weeks. Its definitely held me back some during school but the last 9 years since leaving school have been very hard at times and involved a lot of failure that I've always blamed myself for.  I feel like I should feel better about the situation now that I've stopped blaming myself but I feel more frustrated if anything. Especially when I realise I'm struggling with finding the right words to explain something."
28366,1,"The text belongs to class ""1"" because it contains a self-description of the author's condition or experiences, and how the author feels about them. The author describes their use of a rollator, their anxiety about using it in public, and their concerns about navigating shops and crowds. They also mention their age and the potential for feeling insecure or stared at. These are all personal experiences and emotions, so the text belongs in class ""1"".","*Well, not quite the first time; instead, it’s the first time I will be using it for something other than a hospital appointment so it’s the first time I’ve felt really anxious about it.*   I’ve been using a walking stick, on & off, for the last ten years (almost permanently over the last two) & I’m pretty comfortable & confident with that now but after a bad relapse earlier this year I need a rollator if I’m doing a higher amount of walking, which I will be later today (it’s currently around 1am) when we go to spend some birthday money on embroidery supplies & look at new sofas this afternoon.   It’s also the first time I’ll need a taxi driver to put it in the car boot for me, the first time I’ll have to use ramps rather than having the option of using the stairs & the first time I’ll need to manoeuvre around stuff (& people) in smaller spaces, like shops.   I am very anxious 😐    When using my rollator at the hospital, I don’t stand out as much (I’m 28yo & look younger) & I’m less likely to see anyone I’d rather not see… but, going shopping tomorrow means there’s a higher chance that I’ll get stared at & that I’ll bump into someone who will make me feel even more insecure (old friends, my ex, etc.). I also haven’t been shopping like this in over three years.   So, here I am asking for any advice or warnings about things I may not have thought about when it comes to using my rollator in shops & around crowds of people, but also some reassurances that it may not end up being as awful as I’m expecting it to be…   Two good things? I can sit when I need to & I won’t have to carry anything I buy…   Thanks in advance everyone 🙏🏻"
28367,1,"The text belongs to class ""1"" because it contains a detailed self-description of the author's condition, experiences, and emotions. The author shares their struggles with physical disabilities, brain disorders, and mental health issues, as well as their feelings of guilt, pain, and defeat. They also mention their family relationships and the challenges they face in communicating with their loved ones.","I hate living with my disabilities. I'm physically disabled and visually impaired. I have brain disorders and other health problems.   I was born with Clubfoot and Arthrogyposis, a muscle wasting disorder that affects all of my limbs, except for my right arm.   My brain is structured differently. Neurons are stuck in places where they shouldn't be. I was diagnosed with epilepsy at the age of 10. A lot of things trigger my seizures. I spend most of my time in my bedroom because I'm sensitive to noise. There's a constant pain in the back of my head. I wear earplugs and headphones. I also wear sunglasses. I'm not good around bright lights. I sometimes have to ask people if they would kindly lower their voices. But, I don't want to ask people anymore. I don't want to have to live my life like this.   I had a psychotic episode in June. I confessed that I'd been self-harming. I wasn't coping with the epilepsy. I said some horrible things, too. I felt really guilty about it, so I tried to kill myself. It's the third time I've tried to end my life. I've had help. There have been times in my life were I've been strong, courageous, and inspiring. But, now I feel broken and defeated. My heart hurts. I'm causing my family pain, too. They forgive me, but I can't forgive myself.   I've caused my mum too much pain. She's my best friend. She says she understands how I feel. I feel like she's the only person in my family who truly understands what I'm going through. My uncle and auntie say that they understand, too.   My brother and sister think I expect too much. I don't think my brother feels like that anymore, though. We've been really close, lately.   My dad left for the second time because, he couldn't cope with the challenges in our lives. Before he left, he told me that, work was more important than taking me to the hospital. I had sepsis, but ""it wasn't an emergency."" I often feel like a burden to my family.   I also feel weak because, there are a lot of people who's lives are more challenging than mine. My mum has struggled more than me, yet she's staying strong for both of us.   I have a hospital appointment tomorrow, and I'm dreading it because the journey will be painful. I had four consecutive seizures last week. I'm feeling stronger, but my head hurts more. My brain is still recovering. We can't cancel, though. I'm also not looking forward to it because, my sister's taking me and my mum. My mum's my carer, but my sister insists on taking us because she thinks my mum isn't well enough to look after me. My mum's been accessed.   A few months ago, my sister told us we both need carers. I love her dearly. We're close, but it's so hard trying to talk to her. I want to tell her that, we can manage but, she'll stop talking to me. And I can't cope with it at the moment. It's not just the silence. Tomorrow, I won't end up saying anything, or I might get angry.   I feel so lost. I'm on the waiting list for therapy. I'd love to know how other people cope.   I'll probably delete this post later. I just wanted to talk. And maybe some advice, or a kick up the @$$. If you've made it this far, thank you for reading. Sorry if I haven't explained very well. I ask for help sometimes, but I wanted to share my thoughts with strangers. This really hard to write."
28368,1,"The text belongs to class ""1"" because it describes the author's personal experience and emotions regarding their interaction with a train employee while traveling with a service dog. The author's use of ""I"" and ""me"" throughout the text, as well as their description of the situation and their feelings about it, all indicate that this text falls into class ""1"".","I spent the weekend out of town and yesterday I took the train to get home. I had bought these tickets online weeks in advance and had marked that I’m disabled and traveling with a service dog when I did. The trip out I had no problem, the workers scanned my ticket and moved on. I go to board the first of two trains yesterday and the guy checking tickets stops me and asks me where I bought the tickets. Confused I tell him online through Amtrak’s website. He then tells me that next time I need to buy them in person so that they can explain the policies to me because the train isn’t pet friendly. I’m floored and beyond confused because my dog is behaving appropriately and clearly labeled as a service dog. So I try and explain that I know they aren’t pet friendly and that I marked that I’d be traveling with a service dog when I bought the tickets. He tells me that that doesn’t matter because they aren’t pet friendly and I should have someone explain the policies to me next time. All I could do was show him where my ticket said I’d be traveling with a service dog and obnoxiously repeat that she’s not a pet for a couple minutes until he says “I’ll let it slide this time, but now you know for next time.” Like bro I’m not the one who needs the policies explained to me but go off I guess. Surprise surprise not a single other person gave me a hard time at any of my other connections, just this one guy who apparently thought service dogs fall under their no pet policy. I haven’t had many access issues in the 5 years I’ve been a service dog handler, but this is by far the weirdest one. Like isn’t that why my ticket is marked, to avoid BS like this!?"
28373,1,"The text describes the author's personal experience and emotions related to their physical sensations, which is indicative of class 1. They discuss their challenges in understanding their body's signals due to Aspergers Syndrome, trauma, and an eating disorder. They also express their desire to learn and connect the dots between their physical sensations and their causes, as well as their feelings about the situation.","(Sorry if this is the wrong sub)  I've got Aspergers Syndrome & part of my experience with that is I don't always know what physical sensations mean. Am I hungry or thirsty? I won't know until either my stomach cramps up or my ears pop. Am I nervous or am I going to be sick or do I need the bathroom? Or am I horny? Sometimes that feels like all of the above. Am I hot? Cold? Comfortable? Not got a clue. Are my muscles injured or am I just tired? Am I dizzy because something is wrong or because I'm hungry or did I move too quickly or do I need to be more hydrated? Am I going to faint or do I just need to pause and catch my breath for a moment? Do I need something to eat again? Or to drink? Not got an answer to any of them.   Throw in almost 9 years of trauma, 4 years of gr**ming, and 11 years of an eating disorder which I'm now in recovery from, and it's safe to say I have no idea what 99% of my body sensations actually mean.  At this point, I've gotten by with blind guessing & leaning on the cautionary side, but I'd like to actually be able to learn / connect the dots. Because getting into a panic & asking my parents to come through to my room at midnight because I think I'm going to be sick & can't stop panicking,  when I actually just had acid reflux & needed a drink and a bit of sugar... doesn't feel great - especially when I'm psyching myself up to move out in the new year, and feel like I'll need to prove to them I'm capable of looking after myself *before* they'll be helpful about the move.  How does anyone learn this body stuff as an adult??? And is there a name for this, or is it just a trait of AS?"
28376,2,"The text belongs to class ""1"" because it describes the author's current situation and experiences in detail, including the lack of power, the inability to leave the house, and the absence of a warming center nearby. The author's concern about staying warm also indicates that they are feeling anxious and uncomfortable in their current situation. Therefore, the text contains a self-description of the author's condition and emotions.",So I live in New England were the big storm hit and a large portion of my state is without power there is no warming center near me and I have no car and I'm in a wheelchair and we have no taxis running and where I live it's to rural to have Uber lift or public transportation. I'm in an area where the power is out and we are flooded in certain areas and they have said they can't fix anything till the water goes down any ideas how I can stay warm im already wearing as much clothing as I can no fire place wood stove heat runs on the electric and no I don't own my home.
28377,1,"The text belongs to class ""1"" because it contains a self-description of the author's condition and experiences, as well as how the author feels about them. The author describes their physical condition, the challenges they face, and their feelings about their situation, including frustration and a sense of injustice.","Hi sorry just wanted to rant and I have nowhere else. Was arguing earlier with my older sister(29F) and she told me(21F) that I'm ""too obsessed with being disabled"". For context I got cancer when I was 16, beat it when I was 18 but then loss the bottom of both my lungs in my bone marrow transplant which has left me unable to walk for long periods of time. I get tired from walking up and down the stairs, My family are often telling me things like ""it's time to go back to normal"" and I keep telling them it's easier said than done and to cancer survivors there usually is no more ""normal"".  Earlier I was arguing with my sister regarding me eating in my room, I'm underweight so I've been trying to put on weight recently and I find that eating in my room on my bed with TV allows me to finish my meals. Probably because I don't have to walk all the way down to the kitchen which makes me tired and then causes me not to have an appetite. My sister argued with me that she doesn't understand why I just can't come down, I explained it to her and she said it has no difference and coming down is a simple easy thing to do. I told her that it's something easy and simple to people like HER, which is when she told me I'm obsessed with being disabled. I told her that's not fair to say because I didn't choose to be like this and she said ""yea you kinda did"". I'm just frustrated now.    I don't feel like that's fair to say, I didn't choose to get cancer, I didn't choose to loose my lungs. I've literally lost all my young adult years from 16-22 meanwhile my sister has everything, she has a good job, a good partner, good friends, her own apartment, living in a different country, etc. And I am forced to stay home everyday with no friends and no where to go"
28378,2,The text contains a self-description of the author's experience with impaired mobility and how the annual pass to the art gallery has made it more accessible for them. They also express positive feelings about their discovery and share their intention to look into annual passes for other places.,"Hello friends!  I live in Toronto, Canada and I’m an artist. The AGO- art gallery of Ontario is in Toronto and it’s a place I like to go to frequently.  I don’t know why but I thought an annual pass was really expensive but recently found out that a day pass is $30 (CAD) and you don’t get access to the special exhibits that are constantly changing every month. For only $5 more you get an annual pass. It gives you completely unlimited access to the gallery AND the special exhibits for an entire year.  I have multiple disabilities but right now my mobility is impaired, and I can’t walk or stand for very long, and having the annual pass means I don’t have to- I can go as often as I want, so I can go for short periods and know I can come back any time, and it’s made something I love SO much more accessible.  I don’t know why I had it in my head that an annual pass would be SUPER expensive, but I did, and finding out it’s only $5 more than the day pass blew my mind.  I can’t say that all places will be this way, but I’m going to be looking into an annual pass for the ROM- Royal Ontario Museum, as well as a few other places, because if anywhere else is like AGO it’s sooo worth it and makes these places SO much more accessible!  Just wanted to share in case anyone else hasn’t looked into an annual pass for cool places around you due to assuming it would be really expensive!  If anyone else has an experience like this please let me know!  💙💙💙"
28379,1,"The text belongs to class ""1"" because the author is describing their personal experiences and emotions related to their interactions with health professionals. They are sharing their feelings of frustration, discrimination, and the desire to record a meeting to have evidence for any potential legal issues.","(UK ONLY) i've had some really horrific experiences with health professionals, particularly during my disability assessments to get the help i really need but keep being denied. the way the professionals talk to me and the things they say to me are disgusting and even borderline illegal (discriminatory, racist). i raise complaints but i get no where because the people above don't believe me. i have a huge meeting coming up taking place in my own house, more important than any other one, and i've had enough of unfair treatment. i would like to voice record the meeting so i have the evidence i need incase the assessment isn't carried out legally per usual. i will state to the other people in the room that this is what i'm going to do and why before the assessment starts so there's no ""secret"" recording taking place. does anyone know if this is legal? i hope by being clear of my actions outright and not behind people's backs, this takes it up to the legal side."
28380,1,"The text belongs to class ""1"" because it contains a detailed self-description of the author's condition, experiences, and feelings about them. The author discusses their struggles with Narcolepsy, being hard-of-hearing, and AuDHD, as well as their work-related challenges and emotional state.","Fair warning, this is going to be pretty long-winded.  I have Narcolepsy and my symptoms are far more severe than the average person with this condition (all 5 basic symptoms to extreme degrees with cataplectic episodes over 30x/day). I am hard-of-hearing. I'm also AuDHD but I generally manage that okay. I've been working as an ""independent contractor"" in pet care for the past 5 years. I work with a woman who runs her own dog walking/catsitting business and she is my only source of personal income, but legally I am not her employee. When she first brought me on, the parameters of my scheduling were set and fairly consistent, but gradually became less consistent over time. This created problems as my time has to be pretty strictly scheduled or my symptoms worsen to a degree that makes me totally nonfunctional.  This was always supposed to be part time, but at one point I was working 12-hour days for 2 or more weeks in a row without any days off. I went full-blown crazy - vivid hallucinations among doing some other things that mentioning here would probably get my post flagged, almost died, but suffice to say I ended up hospitalized for a week and then on a pretty long psychiatric hold. This resulted in about a year of being unemployed which devastated my and my wife's savings.  My ""boss"" (effectively she is my boss but legally she isn't) was glad to have me back once I recovered enough from my ordeal to start working again. I had to set some pretty hard lines about scheduling but was glad to get back to work. Thing is, scheduling is starting to get pretty fucky again and communication with my boss is breaking down. It hasn't really been good since my hospitalization but it's getting worse. She also hasn't been particularly consistent with paying me which is a new twist. I know she's been dealing with some pretty wild personal issues and I know her management of the company is only going to get worse from here, probably worse than before my hospitalization (all our temps have pretty much already dipped out).  I'm thinking it might be past time to jump ship, but I honestly don't know how to find something else. When this work is good, it's very good. I do specialized care due to extensive experience working with animals, so I'll deal with large aggressive dogs and special needs animals. So I can charge enough to scrape by on the very limited number of hours I'm able to work safely.  But I don't really talk to people. I try, I really do, but I just sort of can't. My boss is someone I knew from childhood so she understands my issues, which is why this job felt like a godsend when I was struggling to survive. It's basically the only thing I can do, at least for the time being while I work with neurologists and therapists on managing my charcuterie board of brain fuckery. I barely don't qualify for disability benefits due to my wife's income, but we're struggling on two incomes as it is. I don't qualify for unemployment in my state due to being technically self-employed.  I feel like my only options are:   1) Keep working this job and risk another hospitalization, which would 100% bankrupt us as we have nothing left from the last time I was hospitalized.   2) Quit, and the first thing to be cut from our budget will probably be my medical care as it's the only (probably/hopefully) survivable option.   3) Try to branch out in this business on my own.  Third option seems like the only option. I don't know how to do it though. I don't have the resources, physically or mentally, to start my own business. I'm also just so, so tired. Even though I had a year to gather up the shattered pieces of myself, it didn't feel much like a break, and those pieces still aren't totally put back together. How do you deal with the hopelessness of it all? I wouldn't have stuck around this long if it weren't for my wife, but it's still tough and getting tougher to not fall into total despair. I don't know, I think maybe the reason I'm writing all of this is simply to find people who understand. History has indicated that I can't safely discuss it among my social circle or with therapists."
28381,1,"The text belongs to class ""1"" because it describes the author's personal experience and emotions related to their health condition. They share their struggle with neurological damage and chemical sensitivities, and how they have been affected by a specific incident of accidentally breathing in super glue. They also express their fear and anxiety about potentially causing physical damage to their pudendal nerve.","I don't know where to even start. I have neurological damage due to taking SSRIs a few years back, which left me with chemical sensitivities (to certain VOCs, pretty much all medications, adrenaline, weed smoke, etc), and 20+ other health issues including pudendal neuralgia (PN for short). Everytime I'm even briefly exposed to a chemical I'm sensitive to, all the health issues flare up 1000x for literally YEARS. Recently I accidentally breathed in a tiny bit of super glue while working on a project, and have been (extra) suffering since. The worst one currently being PN.  But I'm so confused and frustrated right now because I think I've now also caused physical damage to my pudenal nerve, on top of the neurological damage. Because I was helping someone lift a TV almost a month ago now, and I felt something pull in my groin, straight after that, one of my PN symptoms starting flaring in a weird way it never had before (coming in waves every few seconds). It hasn't really stopped since and I'm now getting ALL my PN symptoms every single day. Not only that but for the first time in 7 years, it's worse when sitting or laying down. This is really common for physically-caused PN, but not so much in neurological PN. It's also nonstop 24/7, even disturbing my sleep, which even on my worst days previously, it would usually calm significantly by the evening. But this just never ends. I can't focus on anything. I'm constantly irritable and anxious. I'm so scared I've done some permanent physical damage. :("
28382,1,"The text belongs to class ""1"" because the author describes their personal experience and feelings related to their bipolar diagnosis and former job as a teacher. They also express their desire to find a low-anxiety, work-from-home job, which shows they are actively seeking a solution to their situation.","I was diagnosed with bipolar, and I had to quit my teaching job due to bouts of anxiety and depression. I used to teach babies with disabilities. I miss the structure and purpose that working gave to my day. So I was thinking of picking up a part-time job that's low-anxiety, maybe work-from-home. Are there any positions you recommend for someone with my conditions, and where can I find such work?"
28384,1,"The text belongs to class ""1"" because the author describes their personal experience and emotions related to a specific event that occurred in their life. They share how an accident during their work led to constant pain and PTSD, and how it affected their ability to work and their overall life. The author's tone is also reflective and emotional, indicating that they are sharing their personal perspective and feelings about the situation.","10 years ago today a small accident has royalty messed up my life. I honestly never thought my life would end up like this from me trying to be a good worker and want to help.  Tl;Dr me trying to work hard and being a good worker has me in constant pain and can't work and now I have ptsd.  Ok so I worked at a store that is known for being always being short on cashiers. I used to be one before I moved to a different department. So it's December 20th and work is crazy. I'm there early to hang with other workers. There's alot of movement and then over the loud speaker we hear all available staff needed in the coolers. One of the managers asks if we are able to clock in and help because the coolers and freezers are down. That immediately starts my adrenaline going. Me and my coworker friends clock in and start grabbing everything off the shelves, coolers and freezers. We fill carts and have runners taking them outside ( I love in Canada so cold enough we can put stuff outside). We work for a good hour and a half till one of the managers FINNALY flip and see that it works. Wow shocker lol. Well then we start doing the very long process of having to put everything back. (So much easier taking everything down then putting it back.) While working I missed my first 15 min break not caring. So hour 2 of the 8 I worked that night. We are pulling things back to the floor. While it's being pulled out to the floor a whole skid of milk and eggnog fell all over the floor. It ruined so much of the clothing. Some mopped up the milk others put the clothes in bags. It takes at least 7 people 20 min to get things safe. Thankfully no one slipped and fell. No this isn't how I got hurt. I know nothing about steaks never really liked them. What cart was I assigned hour 3 steak. I ask for help from the manager of the store. He comes and helps in a tight space with 2 other workers. While working he steps back on my foot. Now I have a condition that had been passed down from my dad where my bones dislocate very easy. When he steps back I'm picking up my foot so I feel a crunch. Thinking it was just a dislocation and had little pain ( to much adrenaline) I keep working hard and brush it off. I've worked hard with dislocations before. 10 min later I am called to let my coworker go for supper. I go into my section and clean up and help write up defective paperwork for stuff that got ruined. Then it's my turn for supper. Hour 4:30 I grab food and I sit down in the breakroom. My adrenaline slowly becomes less and the pain increases. I go back out on the floor and try to work but as time goes on I'm feeling worse and worse. The last hour is torture. I can bearly walk but still think it's a simple dislocation. My dad is trained in healthcare so he checked me out when I got home and told me yes it was dislocated and VERY swollen and that if I was in this much pain I'd need to go to the hospital the next day. We'll you can guess I went to the hospital and saw a broken bone looking back from the x-ray. Small fracture but definitely there. I called and told the store manager what had happened for their information and for wcb stuff. I never did get an apology from him or anyone from that store. That's not the end to the story there is more I will post but enough for today. This post is long enough"
28386,1,"The text belongs to class ""1"" because it contains a self-description of the author's condition and experiences, as well as their feelings about them. The author describes their relationship with their mother and grandparents, and how they feel about their attitudes towards the author's condition. The author also expresses their frustration and anger towards their grandparents for their past actions and behavior.","i’m in the US, i’m 16 and in my 11th year of high school. long story short with my mom, she doesn’t believe my condition is real, she thinks i’m faking for attention, every stage of denial except for the kind that actually gets me help. i’ve been in online school, and i’m planning on returning to in-person with an ambulatory wheelchair some days. my mom has been extremely annoying about this. she went from “you don’t need a wheelchair, you don’t want to get better because you’re using a wheelchair as a crutch” to “well no doctor will ever approve that so good luck” to “well you can do it but i’m not paying” (my mom makes over $200,000 a year, so i know she can afford it) so i found a person on facebook who offered to give me a wheelchair for free. i’m ready to go back to school, but my bus stop is a 15 minute walk from my house. obviously this presents challenges on days when my mobility is limited. i asked her what to do, and asked her to drive me to the bus stop. she doesn’t feel like it. okay, so if you don’t feel like it, who will? she said my grandparents probably could. she also told me i don’t “deserve to have my grandparents drive me” because i never talk to them and have apparently been rude. she asked why i don’t feel bad for them.  my grandmother, when i had my first seizure, said i was flopping around on the floor like a fish. she denied everything about my condition, and has made my life a living hell because she feeds my mom this echo-chamber that i’m lying and my condition isn’t real, and that my mom is a great mother and i just randomly happened to come out with 4 trauma based mental illnesses. she refuses to say sorry, she told my doctors she didn’t think it was real, and had the audacity to yell at my doctors. my grandfather is the same way; he tried to push me down a flight of stairs in the middle of an argument because “fuck you and fuck your doctors”. i really don’t like them and no, i don’t feel bad for them.   i told my mom that i didn’t feel bad for them. as a 16 year old who’s condition was caused by traumatizing events surrounding her, i think it’s the adults to at least provide for me when it was their fault in the first place that im fucking crippled. so she told me they’re not going to drive me to school if i feel that way. so now, i have to walk 15 minutes to the bus stop when school starts, even on my bad days. maybe i should have sucked it up and apologized, but i truly do not feel bad for my grandparents for making my condition and life worse."
28388,1,"The text describes the author's personal condition and experiences with a severe speech issue and Aspergers, as well as their emotions related to these experiences. Therefore, it belongs to class ""1"".","Nobody deserves to go through what I am. It's torture. I have aspergers and have had a severe speech issue all my life. Aspergers made me prefer speaking in a moronic way because easier to speak fast and I was used to it. I apparently could fix it, doing speech therapy back in elementary and middle school, but because of adhd and aspergers, I never worked on improving myself, had awful social self-awarness, and hated change. This has led to a situation where I'm in my 20s and it appears I've lost lip muscles from never using them. I've improved my speech on my own from wtf is that bad, to something better but still the worst speech impeddiment you'll see. Like, I pull in/separate my lips much with my teeth together. And also have a S lisp but if nothing else I think I might one day get that fixed   I know this might sounds like I'm not taking blame for anything. I do take some blame, it was only able to get this bad because of aspergers and its social deficits. I'm starting speech therapy soon, but I doubt I can regain use of these facial muscles. I'll probably have to spend the rest of my life looking like this and the idea kills me.   I've had strangers almost hide a laugh when they first see me speak. I can't stand to look at myself in a mirror. I really don't know what I'll do. I'm open to some sort of surgery to literally turn myself mute, if nothing can be done. Can't wear face masks everywhere (I don't but point is no escape). I'm jealous of literally everyone else. Who can at least pass as normal even if they aren't. People assume I'm disabled when they first meet me,at least they quickly learn I'm fine/not as it looks. I'm not low IQ or anything but it sure looks it. I cry on my drive to work."
28390,1,"The text belongs to class ""1"" because it contains a self-description of the author's condition, experiences, and how they feel about them. The author shares their personal experience of developing a heart condition, being hospitalized several times, and losing the use of their legs. They also express their emotions, such as feeling like a failure, a burden, and wishing they hadn't made it out of the ICU. The text does not contain a question, so it does not belong to class ""2"".","I'm sorry if this doesn't belong here I just need somewhere to get shit off my chest at this point.   When I was in my early 20s I developed a heart condition that has affected my immune system and since then I've been hospitalized for sepsis 5 or 6 times with the last two being the worst. In May of 2022 after a month in hospital the nurses came to do rounds and give meds and they were unable to wake me up. After many attempts they moved me to the ICU where I was put on life support for 3 days over the mother's day weekend  This 72 hours was life changing in the worst way. When I was brought off of sedation I had lost the use and feeling in my legs from the knee down, I had no movement in my toes or ankles and couldn't feel any amount of touch. Because of this I've been essentially bed bound since I was released from hospital in late August. Since then I've been completely unable to take care of myself and have had to rely on my wheelchair bound mother to help take care of me.   I feel like such an absolute failure, as the eldest son I should be the one taking care of her, she should be able to worry about getting herself better, not about what state I'm in. I'm so sick and tired of feeling like I'm a burden to everyone, tired of feeling like I'm just a human embodiment of an inconvenience.  I'm not going to lie, most days I really wish I hadn't made it out of the ICU because I feel like it would be a lot more beneficial for everyone else. I think what scares me the most is the fact that once my mom is gone I won't have anyone that can help with what I need help with, I'll either have to be put into some sort of facility/hospital for the rest of my life or try and have a doctor refer me into the MAID (I'll let you look up what that is to save from possibly triggering someone).   How do I not feel like a waste of skin? I'm tired of this life and I don't know how much fight I have left in me"
28392,2,"The text is a personal message from the author to a specific community, expressing their thoughts and feelings about the difficulty of reading and comprehending large text blocks due to their cognitive and visual limitations. The author is advocating for the use of paragraph breaks to make content more accessible, and is sharing their experience and perspective in order to help others in their community. This meets the criteria for class ""1"".",My dear fellow disabled friends: please see title.  I wrote this post (see link) in the Chronic Fatigue Syndrome subreddit but thought I'd share it here too.  Cognitive and visual limitations make it close to impossible for me to read and comprehend large text blocks. I'm not alone. Your content is accessible to a wider audience if there are more paragraph breaks.  Please consider leaving some blank space in your posts. It's sad for your words to go unread by people in your community who care about you and want to hear you.  With love and solidarity.  https://www.reddit.com/r/cfs/s/cIspH6Gn9s
28393,1,"The text belongs to class ""1"" because it contains a self-description of the author's condition and experiences, as well as their emotions and feelings about the situation. The author describes their ongoing struggle with disability benefits, their medical conditions, and the challenges they face in their daily life, including their living situation and inability to access dental care or food. They express frustration, desperation, and a sense of powerlessness in their situation.","I've been in disability hell for nearly 2 years now, since I quit my last job in 2021.  I applied, was denied, appealed, and now (for the last \~8 months) have an attorney representing me. Only...nothing is happening, still.  All my lawyer ever tells me, is that she passed on my medical appt info to the caseworker from SS. When I directly ask questions like ""how much longer?"" or ""any news?"" or ""what can we do to speed things along?"" or ""is anything wrong with my case making it take so long?"" - she ignores my email and doesn't reply to my questions.  I need emergency dental work, but can't pay for it without SSDI/SSI being awarded. I don't have regular access to food, but have no income, and can't get food stamps, so I simply starve, which makes my medical conditions worse.  I'm in a physically abusive home, but can't get out until - you guessed it! - I get income to move out *with*.   **What the hell am I supposed to do?  Just keep deteriorating for another year or two, until when they eventually make a decision?**  I feel unable to ""just find another lawyer"" because it took SO. MUCH. FIGHTING. to find one single lawyer to take on my case. The other 20+ lawyers I called told me that because I'm in my 30's I'm ""too young to be disabled"". This was the first and so far only firm willing to take me on or even bother to listen to my list of medical conditions. I'm seeing 2-6 doctors a week, and doing physical therapy 3x a week."
28399,1,"The text belongs to class ""1"" because it contains a detailed self-description of the author's condition, experiences, and struggles. The author shares their personal and medical issues, including Hidradenitis Suppurativa, genetic problems, and mental health challenges. They also express their emotions, such as feeling defeated, depressed, and in constant pain. The author's financial difficulties, lack of support, and inability to find legal help further highlight their personal experiences and emotions.","I (28M, Washington state) have had lifelong issues.  On top of genetic knee/back/shoulder/neck problems, I have an extremely severe case of Hidradenitis Suppurativa that has made it impossible to find and consistently hold employment. Many things I would have loved to do are off the table (food service, medicine, policing, veterinary,, literally anything that requires a reliable and consistent ability to move) due to my tendency to leak awful smelling, bloody gunk all the time and the massive (I'm talking softball sized) boils I develop.  I recently finally was able to get into a dermatologist. I'd been trying for years and years but nobody would refer me because my doctors didn't know what HS was and ever since I was a little kid they had told me it was a hygiene problem, my fault, and that I just needed to bathe more. This obviously led to mental health issues and self isolation and to this day I struggle with social things and not just sitting alone in my room being sad. Anyway, the derm suggested that I try to get on disability but also said that they couldn't help me with it, all they can do is give the state the information they request.  Well, I tried to apply for disability and someone messed up. I had to go to three different offices to find the one that could actually process my request. When I was finally there and getting signed up, I was told that because of my lack of work history I wouldn't qualify for SSDI, but I might qualify for the other program they have and that's what she told me she was having me apply for. So I do that, go home, wait a few weeks and do the phone call where I give them all my information and whatnot that they ask for. Fast forward another few weeks, we check the mail on a Friday evening and I have the confirmation packet. I check it and a ton of stuff is wrong. For example, they said I started living at my current address in October of this year and we've been here since I was 6, and also marked that I was not intending to seek any other benefits (I would like everything I qualify for, no more or less). Monday rolls around and before I get around to calling and being like ""wtf?"" I have an envelope tossed in my lap and receive a denial for SSDI based on my lack of work history. Which makes no sense, because I thought I wasn't being applied for SSDI since I was told from the beginning that I wouldn't qualify. I let another couple of weeks go by to see if I would receive anything else from the state and nothing, so I start calling Lawyers to get an idea of what I'm supposed to do. Nobody is interested in my case or giving me legal advice. Everyone I called will only take SSDI cases and aren't willing to even look at mine when I tell them I know that I don't qualify for SSDI. One place (Craig Swapp) actually forwarded me to another place who also said they can't help me and that they would send me the info for another place, but they never did.   I just don't know what to do at this point or where to go for help. I don't understand the process and nobody seems willing to explain anything to me. I'm starting to feel like it just isn't worth it to keep struggling anymore. I'm in pain ALL the time, I'm depressed, and even with SNAP I can't afford enough food anymore due to inflation. I live in the middle of nowhere a 20 minute ride from town with no car and no infrastructure and rely on other people for all my transportation. I'm a drain on my mother and she's struggling too. I have nowhere to go to not be that and if I just left and decided to be homeless my medical issues would kill me pretty quickly from lack of sanitation and wound care.  I don't really know how to wrap this up. I'm just so defeated."
28402,1,"The text belongs to class ""1"" because it describes the author's personal experience with chronic pain and their struggle to hold down a job due to their health issues. The author expresses their frustration, stress, and hopelessness, providing insight into their emotional state.","So for context, I have POTS as well as severe nerve issues in my back. I’ve tried to hold down 3 jobs but I end up resigning from all of them due to the fact that my chronic pain is so bad I can barely work. I’m with my 4th job now and I can tell they’re already upset with me due to the fact that my chronic pain and my near passing out cold episodes keep happening. I keep telling my doctors that the medications they’re giving me are not working, and that we need to explore different options because i cannot hold a job down. They just keep trying other medications that won’t work, and they keep trying to tell me to “tough it out”. I’m so frustrated and stressed out and at this point I’m so tired of trying to hold a job down and make a living for myself that I just want to end it all. I really don’t have any hope of this ever working out. I just want to be happy and not have to worry about being able to pay my bills due to the fact that I have these health problems. This was the first place I thought to turn to. Thank you for your time."
28403,1,"The text belongs to class ""1"" because it describes the author's personal experience with headaches caused by a stroke, and how they are dealing with the painful symptoms. The author also expresses their emotions about the situation, including crying due to the intensity of the headache. The text includes a question, but it is directly related to the author's personal experience and emotions, making it class ""1"".","Long story short I had a stroke when I was 6 caused by chicken pox, I am now 26 and dealing with painful headaches usually I can manage with Tylenol and sleep. Yesterday however I had such a painful headache that I couldn’t shut my eyes and sleep, it even made me cry. Is there anything y’all can think that help with these types of headaches post stroke? Or do I have a deadly brain tumor or something 😟🫣"
28405,1,"The text belongs to class ""1"" because it describes the author's personal experiences and emotions related to their disability, divorce, and financial situation. The author's self-description of their condition, emotions, and experiences is evident throughout the text.","My spouse is divorcing me because I became progressively disabled and cannot be his bangmaid anymore. I was going to use my disability back pay to try and refinance the house in my name so I could keep it. I’m being told by lenders that alimony doesn’t count as income. Also, my husband is trying to have the family court recommend my SSDI be taken away because he doesn’t believe I am disabled he thinks I’m lazy and the court is entertaining it. So there is actually a possibility that a family court judge could be responsible for taking away my SSDI. Also, even though my spouse thinks I’m lazy and not disabled he wants half my disability backpay, which I was told by Social Security, could not be considered community property. Apparently in Arizona, they do consider it community property even though I’m told that’s against federal law, but I can’t find anybody to back me up on it in court.  So two questions: 1. Does anyone know of any grant or homebuying assistance for the disabled that isn’t a first time home purchase program?  2. Does anyone have a legal citation that SSDI is NOT community property based on federal law? (I have kept it in a bank account he never had access to and pay all medical expenses from it)"
28410,1,"The text belongs to class ""1"" because it contains a detailed self-description of the author's condition, experiences, and emotions. The author shares their personal journey of recovering from a mental breakdown, being on heavy medication, and dealing with PTSD. They also express their feelings about their experiences and identity.","I am one with an unseen disability. I am still recovering from a mental break down 3 years ago. There was a work incident in 2018 that for lack of a better term, fucked me up mentally (child protection) I slowly just lost it until March 21st, 2021 I came home to a letter. My wife, partner, and best friend of over 10 years was gone. Looking back I didn’t fall apart all at once. But over a few weeks I mentally degraded severely. It took three months before my doctor realized how far gone I was. I also slowly lost it over the three years between the incident and my wife leaving me.   I was heavily medicated. The ptsd was not diagnosed and the only thing that stopped me from spiralling was a larger dosage of benzos. About 13 mg of Ativan a day. I hit a point for years where that’s who I was “my name is _____ and I’m on a lot of drugs.”   A friend told me later that it was weird. All I could say was it’s who I was. My work disability did not cover mental health treatment, but did/does pay me 80% of my salary tax free. I was basically slamming two handfuls of pills a day and trying not to off myself. Eventually I levelled off on the mental health side enough, but it was still a core piece of my who I was and I didn’t feel like I had an identity outside of “I’m an over medicated disabled person”  I’ve slowly been regaining my sense of self and purpose, I’m coming off of the benzos really slowly, and it’s a bit of a pain.   I was just wondering if anyone else had a similar experience. I only just got diagnosed with severe PTSD this past June."
28412,2,"The text belongs to class ""1"" because it describes the author's experience and feelings about their situation. They are applying for disability due to a medical condition that is untreatable and may result in death. They also mention the constant threat of homelessness and not being able to afford medical care. These experiences and emotions suggest that the text belongs to class ""1"".",I'm attempting to apply for Disabilty and on the questions it mentions.  -Homelessness  -Medical Condition that is untreatable and expected to result in death   I'm not technically homeless but it's a Constant threat I face. Of my mother kicking me put.  Then I haven't been able to afford to go to the Dr. Although if it's what I think it is it is untreatable.  I'm not trying to lie but I'm not sure what to say.
28413,1,"The text describes the author's personal experiences and feelings related to their disability and work situation, including stress, difficulty with coworkers, and consideration of quitting. This indicates class 1.",I'm approved for SSDI but living off such limited income had me stuck in an ab*sive situation so I got a job and I'm really trying my best. My condition is closely related to multiple sclerosis. I perform decent but I'm under a lot of stress when I'm paired with one coworker in particular.   My brain can't communicate with my legs as fast as it used to but it's not exactly always noticeable. One coworker said he didn't realize I even had a disability. My coworkers know I have a disability. A coworker wanted me to approach a customer quickly so she came up behind me and pushed me forward. I can't remember a face unless something out of the ordinary happened with the customer so sometimes I pitch them the same short comment twice. The same coworker who pushed me told me I need to remember faces better. I'm really trying but it's not always possible. A coworker told me I need to be faster. Only 2 have really had something to say about my deficits and I explain each time it's a medical situation.   I'm getting really discouraged in my work and want to quit to just go back to living in poverty on SSDI. What should I do? I want to work but not in an environment where I'm reminded that my system was damaged 2 years ago.
28414,1,"The text describes the author's personal condition and experiences as a wheelchair user, including the physical and emotional challenges they face. The author also expresses their feelings about their situation, such as struggling with hopelessness and trying to remain thankful for good moments. The text contains a self-description of the author's experiences and emotions, making it class ""1"" text.","Not to be dramatic, definitely in one of those moments today, in and out. Fairly new wheelchair user, 95% of the time for about 8 months now. Some sort of feet neuropathy. Already had neck and back issues. Combo of the 3, and its like I can do 25% on a good day of what I used too. Even just the neck and back, I still was able to keep my mental health kinda in reality.   But not walking too now, its like ...wtffff...I'm 39 and looking at the next 20-30yrs like...ok, life is now a like prison sentence i have to somehow survive, or warrior training, or both...and just learn to cope, get stronger, talk about this shit, lean on this community, try and be thankful for decent moments. Every day is like a struggle to not give in to hopelessness.  Try and be thankful the ""waking nightmare' feelings only last an hour or so now in the mornings. Try and be thankful I'm not suicidal every moment of every day. (for context also lost my house, gf, dog, and career over all this). Try and be thankful, try and suck it up.   But those bad moments...its like damn. They are wayyyy darker than anything I've ever experienced. I also cant help but feel like this is on such a different level than anything that anyone I know has, or is experiencing. Ive heard others on here describe it as literally starting a 2nd life. There was life before whatever injury, and now there is this new seriously f$%ked up life.   I've always had some pretty serious social anxiety, which i conquered. Ive wondered if anxiety in general now is amplifying this experience. I know many on here with spinal cord injuries and especially mobility issues talk about what I have. Idunno. I swear sometimes, life now feels like what I imagine ""baby hell"" would be like. Like just a taste of hell. I know things can be so much more jacked than they already are."
28417,1,"The text describes the author's personal experiences and emotions related to their cancer diagnosis and the reactions of others to their condition. The author shares their feelings of sadness, frustration, and anger about the insensitivity of some people, as well as their decision to respond to the insensitivity with a display of their physical condition. The text also includes a reference to the author's survival of their cancer, which further supports the classification of this text as class ""1"".","At a recent appointment,  the PA (male,  late 20s) took a quick history,  and as he is absorbing he says to my partner,  ""Man,  I'm married,  but if my wife had to go through all of this..."" I think we know where that sentence was ending.    I've seen most of my friends get divorced after their cancer diagnosis, and I've been broken up with explicitly because I was disabled,  after years invested. Damn though... Not even going to pretend, and didn't even say anything about me surviving, just that he couldn't believe my partner was with me.   I decided to go the ""traumatize them back"" route and said,  ""You're new,  I bet you've never seen anything like this."" And I showed him the chunk of my chest that is skin on bone from radiation and surgical trauma.    Now we just both feel bad for this kid's wife."
28418,2,"The text belongs to class ""1"" because it describes the author's personal experience and emotions related to a complaint made to the NDIS Safe Guard. The author's mental health has been negatively affected, and they are seeking advice on what to do in a legal sense. The author's name was mistakenly used in the complaint, leading to their suspension without pay. The author's emotions and experiences are central to the text, making it a self-description of their condition or experiences.","Il try and be short and quick. I made a complaint to the NDIS Safe gaurd about the way the company I work for treated the partispants. Including workers The partispant was moved to another service been treated alot better and he's so happy. The workers have been fired. But... The NDIS made a mistake and use my name as the person doing the wrong. A letter was sent to the company I worked for saying a complaint against myself had been made. I was suspended without pay, my mental health has taken a bad fall since this started( 6 months of doctor sayi g I need a break) I received an email this morning from NDIS letting me know it was a mistake to us my name in the complaints and did not mean to cause any upset.  I wanted to stay anonymous but I ended up letting the HR manager I made a complaint to NDIS safe guard ( yep big mistake) since then it has been difficult to even have contact. Since my complaints to the NDIS alot changed with the partispants I worked with in a good. Not sure now. What can I do? In a legal sense. Im on $145 a week living in QLD I'm really struggling because of all this..."
28419,1,"The text belongs to class ""1"" because it contains a self-description of the author's condition or experiences, and how the author feels about them. The author describes their struggles with obtaining a custom wheelchair, their physical limitations, and their feelings of isolation and frustration. They also express their loss of hope for independence and their feelings of being trapped in their house due to their neurological conditions.","Since September, I’ve been trying to get a custom wheelchair. I have a standard one, but it is too big and bulky and I can’t use it myself. I need someone to get it in and out of the car for me, and then it is too big for me to use. I can’t push myself far, and I regret it the next day. So, I’ve just been avoiding going out or only going out for absolutely necessary things. I’ve skipped thanksgiving and other things because I physically don’t have the energy to get up, get dressed, then deal with the chair and I don’t have anyone willing to really help me. I tried expressing my frustrations to my husband has who told me I was being ridiculous. I haven’t left my room in days. I only go to doctor’s appointments. He withholds financially, so if I need a drink or a snack because he didn’t go grocery shopping, I usually don’t have anything to get something delivered or try to go to a store and my parents don’t answer 99% of the time. I’m applying for disability and so far that’s been a disaster, which I expected. The insurance company called yesterday saying my chair was not covered due to a contract exclusion, and that my insurance doesn’t cover wheelchairs at all. So. I couldn’t even attempt to get a standard one that is smaller. So I’m literally trapped in my house due to my neurological conditions. I’ve completely lost all hope I had at independence. I tried to express my feelings to my husband, because I feel so isolated and I get shut down everywhere I turn. I just want to be able to safely leave my house. I want to be able to take care of my home and myself properly. But, every where I turn, it seems like I’m just told no. And I know this is happens all the time for the disabled community and people worse off. I’m not sure how much more I can take."
28420,1,"The text belongs to class ""1"" because it contains a self-description of the author's condition or experiences, and how the author feels about them. The author describes their past and present physical abilities, and expresses frustration and upset about their current situation.","As a kid, I used to be a black belt in mixed martial arts. I was able to do handsprings, cartwheels, flips, splits, and was ""freakishly flexible"" which impressed people (I have EDS and was dislocating my joints to be doing the ""freaky"" things I could do, obviously I didn't know).  But now, at 18. I cant walk up a flight of stairs without my heart rate shooting up and at times, cant even get up from laying down without my heart rate going crazy. My joints dislocate now painfully almost every time they do. I'm off balance almost 24/7 and fall. It's highly suggested for me to use mobility aids. I can barely go outside now because the sun triggers migraines. I have temperature intolerance. I have Asthma. I also have CPTSD, BPD, ASD, and Dyslexia.  I used to be so active, do so many amazing things. I can't do anything I could anymore. I'm just very frustrated and upset about it."
28425,1,"The text describes the author's personal experience and condition, as well as their feelings about it. They discuss their use of mobility aids and the challenges they face when using them in certain situations. They also express a specific concern about their upcoming holiday season and are seeking advice on how to manage their mobility issues. This indicates that the author is sharing their personal experience and emotions, which classifies this text as class ""1"".","I now use a wheelchair/scooter/rollator depending on distance, day or pain level.  I initially used a cane before my mobility decreased further,  but was putting too much weight on it. This put my shoulders out of line. I now only really use it to get from car to front door.  This holiday season I will be going to a couple of places that I cannot use my rollator or chair.. I really can't walk far, less than 20m, but I wondered if using two sticks would help to balance me and keep me more upright?  Does anyone have any thoughts on this, it's not something I had ever thought to discuss with my OT."
28427,1,"The text belongs to class ""1"" because it contains a self-description of the author's experiences and feelings. The author describes their struggles with unemployment, their health issues, and their job search process. They also express their emotions about the situation, including feeling ""pissed off"" and ""irritated"" about their family's behavior. Therefore, the text contains a self-description of the author's condition and experiences, as well as their feelings about them, which makes it a good fit for class ""1"".","I’m kinda pissed off right now.  I’ve been unemployed for the past 6 months and just managed to get myself a job in my chosen industry starting in the New Year.  I went to meet my Mum today and we discussed my new job more. She’s very proud of me. 6 months ago, I set myself a goal and I achieved it.  But she informs me that for the past 6 months my Grandad, one of my sisters and my aunt have been talking about me behind my back due to the fact I’ve been unemployed.  I left my last job for several reasons but one of them was, my asthma was getting significantly worse and I was having to ring in sick a lot. I could not do the job remotely so I was just off and not getting paid (zero hour contract). It wasn’t working and due to my limited energy I was struggling to search for other work. I’m a full-time carer, I’m disabled myself and even if I’m too sick to go to work a given day, the even preparing to try to go to work was taking its toll.  I quit so I could focus my attention on searching for work. Primarily, I was searching for jobs in higher education where there was more possibility of hybrid and remote working. And I spent everyday for the past 6 months applying for jobs. I was getting several interviews a month. And bear in mind, every university I have interviewed at has been in the midst of a hiring freeze. So there aren’t a lot of jobs going yet I have been getting several interviews a month. So I’m clearly bringing something to the table.  And after 6 months I finally found something, which is generally the tail end of how long it can take to find a job.  But no, that’s not good enough. I should have just taken a job at Tesco so I wasn’t a waste of taxpayer money.  Bear in mind, my health means I keep ringing in sick cos I’m not well enough to travel into work. Yeah, I can stock shelves and work checkouts remotely. Right.  Not to mention, they don’t want me wasting tax money. I have 5 years worth of student debt. Student debt which as I understand it, is until it is paid off covered by taxpayer money. I dropped out of uni so don’t have a degree but I do want to work a job where I can pay that loan off. My university experience did prove valuable. It’s a long story as to how I managed to rack up 5 years of student debt without achieving a degree but it is very possible.  And just to be clear, I think retail work is both valuable and monetarily undervalued. Sadly while it is undervalued though, I’m not gonna be paying my student loan back working in a Tesco.  But I also went to university to build skills in a specified area and industry. Surely, I’m going to be more valuable working in an industry I have trained to bloody work in.  But no. I should have just got a job in a Tescos.  It is seriously people like those in my family who are the reason the UK Government can get away with its fucking ableist shit.  Like me and my Mum don’t get along for so many reasons, but she knows exactly why I cannot work in a shop with my disabilities.  Sorry, I just kinda needed to vent.  Like I don’t expect a parade for finding a job. But when I worked so hard to find one and succeeded. To find out my family have been speaking behind my back this entire time is really irritating."
28429,1,"The text describes the author's personal condition, experiences, and feelings, specifically their struggles with severe injuries, emotional trauma, and financial difficulties. They express their inability to heal in their current environment and seek help for their physical pain and mobility issues.","I have been home with severe injuries since 2021. I hit my head, had a hip injury, and had a complete trauma meltdown from the injection and had to go to multiple doctors with no help with severe disabling symptoms. I’m still trying to heal and in pain, I’m in a house where someone who emotionally abused me still is (step grandfather) and I can’t heal here… my caretaker acts annoyed when having to make me meals and I can’t do this anymore I’m reliving the trauma everyday in this environment   I have no money…. Nothing. I don’t even have a diagnose yet for my physical pain but I need one I think to get food stamps / resources   What do I do? I’m in super physical pain and having mobility issues   I can’t heal here I feel so unsafe."
28430,1,"The text belongs to class ""1"" because it contains a self-description of the author's condition and experience as a doctoral student and former teacher with an unspecified disorder. The author also expresses their feelings about their situation by stating that they would be ""beyond, sincerely beyond, grateful"" for any help in finding disabled or ""doing enough to survive the able gaze"" teachers.","Hello,   I am a doctoral student, former teacher, who experiences disorder. I am looking to interview persons who teach that experience disorder/disability themselves. Now with that said, I am in the physical activity field, so, persons who teach physical education. That does not mean this excludes non-specialists, as I know a lot of elementary teach PE by proxy of ""differentially funded"" American schools. Please let me know if you are interested or could put me in contact with disabled or 'doing enough to survive the able gaze' teachers. I would be beyond, sincerely beyond, grateful. TYSM."
28432,1,"The text describes the author's personal experiences and feelings about their situation, including their struggles with their parents, their own mental health issues, and their frustration with not being heard or helped by professionals. Therefore, it belongs to class ""1"".","He has never been right. He has had strokes, he was hit by a car maybe multiple times as a kid, his mother was paranoid and fell on the floor to get attention... all sorts of fun things.  Parents are in their 70's/80's, I am 40, female, adhd/autism/anxiety/major depression, sensory disorder, cptsd, etc. can't medically work, SSI is a nightmare circus I will NEVER attempt again and I am sick of nobody who can DO something refusing to care on the 'grounds' that I am somehow paranoid because I dare to talk about thsi shit. I have Rejection Dysphoria and Hypervigilance, not Paranoia.  Long story short:  I am not innocent, I suppose. Neither is my mother.  But we are not as bad as he is, and we only do stuff when he abuses us first and we can't take it anymore, like, reactive yelling or spraying him wiht a bit of water, or throwing smoething at him, because there is no communicating with him, no help and no escape. You are in a state of terror.  He will misunderstand something that has been asked or done, fly into a rage, not let us explain the miscommunication and proceed on an obnoxious, bone-melting yelling tirade until you start defending yourself because you are too disrupted to leave, and can't really anyway.  He will then proceed to accuse you of abusing him/starting it when you are merely reacting with uh, reactive abuse, as it were, because you have nothing left but that. He is just... too loud and horrible. Cops don't care. ambulance fuckers don't care (he doesn;t hit us, but our dog went crazy and bit us and we had t oput him down... during his argument which led to taht, I had tp push him away and he fell, since he was badgering my mother and she needed him away from her and told him so, which of cousre he refused t odo, adn just kept on yelling. She has heart disease.) The ambulance driver just told me, well, why don't YOU RECORD THEM> LOL bitch, they won't LET ME DUMBASS. Therapists don't care. GP doesn't care. WTF? I guess I just hae a face that no one listens to. Also, Resting Bitch Face, lol. WONDER WHY. I've BEEN ABUSe-HAMMERED FOR THE PAST 40 years. but oh no, it's MY fault. LOL. Guess I was abusing him since before I was born, huh? That's... quite a talent I got there. OMG. Did I mention he's in Anger Management, and started bringing home commentary from the therapist that he inevitably bludgeons us with?  I told my therapist this point blank and NOTHING.  LOL. this is INSANE. if you don't fit the box you don't get help. Or worse, you get your limbs cut off. World is wrong man. Wrong, wrong, wrong.  &#x200B;"
28435,1,"This text belongs to class ""1"" because the author describes their personal experiences and feelings. They talk about their disability, their struggles to build a life for themselves, and their current situation of being dependent on their family, who they describe as mentally unwell and having treated them poorly. They also express their need for kindness, indicating that they are not just looking for information, but also support and understanding.","Honestly I am at a loss of words.  I can barely get out of the house. I am 26. This is really hard.  I was born disable in many ways and I fought like hell to  build a life for myself, but it hasn't worked out.  I hate being dependent on my family because they are very mentally unwell and they have treated me horribly.  I could use a kind word 😔"
28440,1,"The text describes the author's personal experience of struggling to find parking due to her disability and the additional challenges she faces due to her CRPS and PTSD. She also expresses her emotions regarding the situation, including frustration, anxiety, and sadness.","I(23F) live in a city on a row home street that is PACKED. I came home tonight and found no parking near my house. Frustrating, but whatever. The only open spot was a disabled one on the end of the street. I live in the middle and the two side streets are really steep hills. I have CRPS and it affects the entire right side to some times I need a cane. In the wintertime, it is worse than other times. I had to carry my 4 month old as well which was about 25 pounds.   This lady drove up next to me as I was walking away and asked if I was leaving. I said no. Plaquard is fully visible as we are under a street lamp so there's no missing it. She starts ranting about how I need to park next to my house and get a space close to my house because she HAD to park in the yellow.. and it took her so long to get the spot and fight the city and I need to do the same. I said okay as I was starting to have a PTSD panic attack and was trying to walk away and she just. Kept. Going. I was in tears which she couldn't see and all I wanted was to go home and lay down.   Thing is, the city isn't processing my paperwork that fast at all for the spot near my house. I avoid the spots usually because of my PTSD and anxiety that I don't want someone thinking I'm a jerk parking in the spot in front of their house, like this lady. I rarely used the spaces as it was but my leg was killing me to even walk to my house, let alone drive the car around and around looking for a spot.   Now I don't think I'll use any spaces again and just take my chances on falling down the hills from now on. This sucks :( people already act as if I'm not disabled enough for a spot but now this. I just can't.   I get she worked hard for the spot, but I thought the spots were public and if I had my tag it was okay. I don't want to hurt anyone, I just was in pain and not thinking."
28441,1,"The text belongs to class ""1"" because it contains a self-description of the author's condition or experiences, and how the author feels about them. The author describes their struggles with using a wheelchair due to their upbringing and mental health, as well as their anxiety about what others might think. They express a desire to use a wheelchair more often but are held back by their internalized ableism and fear of judgment. Overall, the text conveys the author's personal experiences and emotions related to their use of a wheelchair.","Hello lovely people,  I am having some trouble in using the things that I know will help me. I grew up in a house where health problems were downplayed, we weren't taken to doctors, and our health was basically neglected.  Because of this and my mental health, and the experiences I've had with doctors and nurses over my invisible disabilities, I feel like I have a mental block when it comes to using a wheelchair.  These past two years I've started using the wheelchairs at museums or on outings because it was becoming more and more impossible to go outside without one.  It was so scary the first few times, because I am young and don't look disabled. I sometimes ask to sit down if there's a queue or if I need to wait for someone, but because of my anxiety I can't always do this, and so I walk knowing that I'm in pain and can hide it.  I need to take the next step and use a wheelchair more of the time, I can't deal with being stuck at home. But in my mind, whenever I look at wheelchairs online, And look at renting one, there is a voice in my head which says that I'm lying, that I'm making things up for attention, that I can walk so I should etc etc. I would never think this way about others, but I guess that's internalised ableism.  How do people get over this? Does it get easier? I know what I have to do, but I'm so scared about what others might think that I'd rather be in excruciating pain.   I know I probably need to work on my self worth and how it is was tied to being 'able bodied' but in the mean time, has anyone found anything to make this transition from walking to an ambulatory wheelchair user easier?   I feel like I need permission to be able to use a wheelchair, and since no one around be can say this to me, I don't feel I'm allowed. It's really odd."
28442,1,"The text belongs to class ""1"" because it contains a self-description of the author's condition or experiences, and how the author feels about them. The author shares their personal story of living with a severe disability, their struggles with employment, and their feelings about the financial support they receive.","I'm a severely disabled person that is lucky enough to live in a group home, but prior to that I lived with my parents which is what most of us do who aren't tossed out on the street to freeze and starve, which is a colossal percentage of us. The best estimates out there put our ""sheltered"" (meaning decrepit conditions barely better than the street, and in some cases worse and by force) homeless population to be about half of the total. Some disabilities have a homelessness rate of about a quarter or higher.   &#x200B;  That's not freedom, that's terrorism.  &#x200B;  My disability is schizoaffective disorder, a mix between paranoid schizophrenia and bipolar disorder (I never figured out if it's bipolar 1 or 2, but I seem to get both ends), we have a homelessness rate of about a quarter. Basically how I would describe my symptoms if I had to, is that I constantly think I'm being hunted by people that want to   \*Trigger Warning\*  unalive me. I constantly hear and see things that are that serious and cause extreme fear, even after years of 'practice'. I am unable to have a job that is social because of that, and I can halucinate entire halves of sentences, which disqualifies me from academia or even anything that takes college credentials. Idk how I even made it through High School. I hope that can bring some understanding as to why my abilities aren't consistent enough for me to work, which I accept many will reject. I would love to work, I would absolutely love it. I would love to be off of benefits to. The problem is: my medical bills run into the multi-thousands a month, every month, meaning even if I did get a job, I couldn't pay for my living expenses myself.   It's so discouraging that we must not only take being tortured, but we're dirt poor.  &#x200B;  I make 100 dollars a month.  That's less than many American children get as an allowance.   &#x200B;  If union auto workers can make total compensations of $180,000, they can be taxed sure, but given justice in taxation they should still make about $150,000 a year. We don't work, so I get we should be much poorer, but would it be so awful and shameful to ask for $60,000 a year? That's much less than half of a working man's income, and isn't being tortured work? I think it's a reasonable demand.  My heart goes out to the sufferers that still live with their parents to. The shame and guilt heaped up on the shoulders of severely disabled people they contemptuously refer to as ""basement dwellers"". You're good people, and you're sticking through the pain, and I've gotta say, I'm proud of you.  Now that I've been settled, I want to become an entrepreneur and lift myself out of this debacle. Problem is I make $100 a month, and I have no start up capital. Realistically, after much deliberation, it no longer seems possible, though I retain the rights to my ideas entirely and in perpetuity. No one can take those things from me. Instead, out of anger, I'm going to go HAM. I have asked for these various programs before and only recieved one, and I know I can't qualify for all of them at the same time unless the spirit of the law is legislated, but I'm going to get them all at max payouts by any legal means necessary, even if I have to take it to the Supreme Court. The maimum SSDI payments are $3,627, the maximum payout for SSI is $943 (this is what I'm very nearly getting, but it almost all goes to housing), and Minnesota Supplemental Aid for 914, reaching well over $5,000. Wish me luck."
28445,1,"The text belongs to class ""1"" because it describes the author's personal experiences and feelings about living with a suspected invisible disability, specifically autism and ADHD. The author shares their struggles with social awkwardness and lack of mental focus, as well as their frustration with the medical system in their country. They also express their hope to make friends and their love for all forms of disabilities.","I know it's obvious for people with visible disbilities to walk around and get tons of attraction . That said , I would like to know about invisible disbilities as well , just like autism and ADHD . I've been living my life suspecting that i might be on the spectrum . In my country , you will never get an official diagnostic unless you can't communicate or learn , that what's a doctor told me . I also a student from medicine school , and I saw patients with milder forms of ASD and ADHD never be a consideration to their doctor , just like how invisible our disabilities are . We just like , struggle in silence and have to find our own strategies .   Anyway , I love all forms of disabilities and hope to make some friends . I just think I just like stuggling for the better part of my life with my social awkwardness and lack of mental focus ."
28447,1,"The text belongs to class ""1"" because it contains a self-description of the author's condition, experiences, and feelings. Emma describes her situation as an 18-year-old on disability due to ASD, not working or attending school, and being a first-time renter with a specific budget. She also expresses her concerns and fears about not being accepted as a roommate due to her situation.",&#x200B;  Hi my name is Emma I’m 18 and I’m on disability because I have ASD I’m not working and I’m not in school and I’m young first time renter so I’m afraid that people will not consider me as a roommate  im looking to move to Victoria in a room share my budget since I’m on disability will probably need to be around 800 - 1000 including utilities and I’ve seen others go for similar amounts (reminder roomshare)  But all I’m finding are rooms meant for students or your professionals and I’m scared I won’t be excepted as a first time renter young and on disability unemployed and not in school   should I include more about myself while applying like pictures and things about me other than budget and locations while looking and applying    any advice? I’m really scared I’ll struggle to find a place
28448,1,"The text describes the author's personal experience with debilitating pain in their SI joint and thoracic spine, making it hard for them to move or walk. They also express their emotions and feelings about their situation, including frustration and not knowing what to do. Therefore, the text belongs to class ""1"".","Hello, new to this sub. I am having trouble figuring out how to move about and walk.   I have debilitating pain in my SI joint, making it hard to put pressure on my right leg.  I can't use a crutch/walking stick because the pressure of leaning on it is too much for the injury to my thoracic spine  I can't use a wheelchair because the SI joint pain makes it painful to sit.  I am debilitated, can't move and don't know what to do. Does anyone have any advice?"
28450,1,"The text belongs to class ""1"" because it describes the author's personal experience and emotions related to their advocacy for disability representation in cinema. The author shares their backstory, feelings, and the challenges they have faced in their pursuit of improving representation.","Hello! I'm new to Reddit and only have it to ask this question really. But before the title makes sense I need to give a little backstory  &#x200B;  I'm disabled and as a kid fell in love with cinema. The only thing is (as you might've noticed) disability rep in Hollywood is bad. Sure you have exceptions (A quiet place) but the majority of it is still pretty meh at best.  So when 2020 hit and we were all in lockdown I started writing  my own spec script for a show I thought had some bad representation in it. At first it was just for fun but I started questioning the show and decided to try and contact them. I wanted to know why I (13 at the time) could write a disabled character better then a writers team full of adults   Almost 4 years later I'm still trying to  get in touch with someone who can hear me out. One actor who played in the TV show in question (who follows me on Instagram for unrelated reasons) is stonewalling me. And I feel sad. So sad, I'm trying so hard for someone to hear me out and nobody will listen to me. I've put so much time and energy into:  1. creating the spec script to prove disabled people aren't that hard to write 2. writing email after email to no avail.   &#x200B;  So I'm extremally conflicted, should I stop and let it go OR should I keep going until the bitter end.  &#x200B;  I don't want to stop though. This is the only way I can advocate for disability rights and I feel like if I stop I fail. I don't want to fail.   What do you think?  &#x200B;"
28454,1,"The text belongs to class ""1"" because it contains a self-description of the author's condition, experiences, and how the author feels about them. The author describes their experience with a type of MND, being in a wheelchair, and requiring 24/7 care. They also express their feelings of being trapped, wanting independence, and facing uncertainty with care. Additionally, the author shares their passion for writing and desire to study Computer Science.","So I'm just looking for a second opinion and some advice from those who have experienced similar.  I have a type of MND. I am in a wheelchair and require 24/7 care. I like to think I'm a smart individual.. Did pretty well in school although I had to do a lot of it in less orthodox ways. I'm in the process of going through my GCSEs. Anyway, my passion is writing but I know you don't make a lot from that so the hope is that I could study Computer Science.  I'm aware almost every career is unobtainable for me when I can't move my arms. I'm not naive in thinking it will be easy for me to get employers to take a chance on me or be understanding if they do. I've found ways of working that work for me however. I was also thinking it gives me the flexibility to work from home.  I remember the topic of further education coming up at some point and my mother responding ""I don't think that would work for them"". That made me upset at the time as I had not been asked or even know what I wanted to do post 16. I'm also facing a lot of uncertainty with care. Which unfortunately means my parents are doing 90% of the work. Night and day. It's incredibly taxing on them and I feel slightly guilty about wanting to throw an extra commitment in there.   I feel trapped and just wish I could look after myself so I could do the things I want without it affecting others. I want independence which I don't have much of at the moment and to grow as a human being. Thoughts?"
28455,1,"The text describes the author's personal experiences and feelings about their situation, including being treated poorly, feeling weak and anxious, and having a dependent relationship with an abusive person. The author also expresses a desire to change their circumstances, which further supports classification as class 1.","So, ever since I got sick, I’ve dealt with people treating me very very poorly the whole time  I had this insight today that it might be bc I’m kind of weak, very anxious and low on resources right now so it’s easy for people to take advantage of me   I do want to grow a support system etc but I need to stop the cycle of like being treated badly when I meet people rn idk   Pretty much all the friendships I start seem to get sabotaged pretty quickly   I also am dependent on someone who is abusive in my life right now so that’s maybe bleeding over? I’m trying to get off their help"
28456,1,"The text describes the author's personal experience and feelings about their current situation, including their loneliness, struggles with daily tasks, and disappointment in the holiday season. The post does not contain a question, making it a class 1 example.","We are privileged amongst the global population of disabled people to have care workers at all, but the lapses in support can suck all the same.   Personally, I haven’t seen another human since my auxiliary worker left on Wednesday morning. I’ve been trying to get help with this from my few friends here, but I don’t have clean, warm clothes to leave the apartment in.  All I want for Christmas is my clean clothes that are downstairs and my medication whose withdrawal effects cause incapacitating pain and mood swings, but I can’t do it on my own right now and no one has the time to help me.   I just had a little cry because I never expected to have such a bad Christmas that these simple wishes is all I could want and still not get them, especially after working so hard to establish my social support system here.   It is what it is, but it sucks. In order for others to enjoy the holiday, I have to live in my own filth overcome with pain."
28458,1,"This text belongs to class ""1"" because the author describes her personal experiences and feelings related to being a person with a disability. She talks about her emotions regarding certain questions and situations, and how she responds to them. She also mentions her physical condition and the challenges she faces due to her disability.","I am always curious to know what are people's like top five do not ask a person who's disabled questions. I am disabled I am wheelchair-bound I cannot walk at all I am a spinal cord injury C6 - c7 incomplete and I've been asked so many questions throughout my life. Btw I am 36 female. I'm just very curious on if certain questions bother you more than others. For example I always get the sex question and I always get the bathroom question. Now sex questions doesn't bother me because I don't mind teaching people who seem to be very ignorant and not know. Plus I need my ""special time"" as well lol and I have ran into a couple of people who were scared to have sex with me because they didn't know and they didn't want to hurt me they thought that they were going to hurt me so educating them was a great thing obviously. (tmi tmi I know I know I'm sorry!!)The bathroom question doesn't bother me as much as it used to but it's still kind of does and maybe that is a me thing..  I will say the number one thing that I hate is when people talk to the other people around me as if I'm not there AKA third person. I hate when they think just because I look the same way that I cannot advocate for myself and sometimes depending on my mood I have a smart mouth and I will say something back which literally always leads to a shocking face which I always love lol cuz I hate when people assume. I know that this is longer than the original question so tell me what are you guys just top 5 questions that you always get that annoys you or even some things that people do that irritates you because of your disability..   Ps: again I don't mind teaching people about myself because it needs to be put out there so people can understand a lot more that we're not just all the same but that doesn't mean that my feelings don't get hurt or I don't get annoyed at times if that makes sense. Happy holidays to those who celebrate!"
28459,1,"The text belongs to class ""1"" because it contains a detailed self-description of the author's condition as a wheelchair user and their personal experiences and emotions related to their brother's wedding venue. The author expresses their feelings of anger, sadness, and disappointment towards their brother's actions and lack of consideration for their needs. The text also touches on the absence of other close family members at the wedding, further emphasizing the emotional impact of the situation on the author.","I am currently a wheelchair user after I was involved in an accident that left me with an amputation of my leg. My brother is getting married next year, I was asked by him to travel to their chosen wedding venue and ""check it out"" to see if it was suitable for me and accessible. To my surprise and confusion, he stated he had already booked the venue and paid the deposit. This upset me a lot because it didn't feel like he even cared about whether his own sister could attend his wedding, but I went to look at the venue anyway. It's an extremely awkward venue. The entrance itself has a steep slope just to get inside, right next to this slope is a cliff face with the only protection being a very weak looking wooden fence. It's also quite a narrow path between the building itself and the fence, so not easy to traverse in a wheelchair. Everytime I needed to use the bathroom, I would have to go up and down this slope, outside, to go to the hotel above the venue as there are no accessible bathrooms for me inside the actual venue.   I decided that it wasn't worth the risk for me, if I slipped for whatever reason, I feel like my wheelchair could easily lose control on that slope and the wooden fence with the cliff drop the other side would not save me. That and the fact my brother didn't consider me at all when booking this venue... imo there was no point asking me to go and look when he'd already booked and paid the deposit since it didn't matter to him if I could attend or not...   Because of this situation, other close family members have chosen not to attend his wedding, including our mother. They feel that a wedding should be a family event, and the way that he has done things isn't ok. After being told this, he suggested that I should go elsewhere while the other family members still attended his wedding.  I have expressed my sadness in how I have been treated by him, but it hasn't changed anything... all he does is talk about himself and how his own mother won't be there at his wedding. He claims he didn't do any of this on purpose...  I feel so angry and upset, how can some people be so uncaring and so ignorant? Sadly I have come to expect it from strangers, but not my own family..."
28461,2,"The text is a self-description of the author's condition or experiences, and how the author feels about them. The author shares their personal experience of undergoing emergency surgery for a detached retina, their history of eye problems, and the impact of the surgery on their life, including their job and education. The author also expresses their thoughts and feelings about the possibility of getting disability benefits.","Hi everyone. I am 23 F, and almost 3 weeks ago i had emergency surgery for a detatched retina in my right eye. The doctor said it had been detatched for months and was starting to die. I had a scleral buckle surgery done, and when the right eye heals i have to have preventative surgery on my left eye so hopefully that retina won't detatch.  I was born premature at 24 weeks, and it wasn't until this retina surgery that i found out i have ROP, however my eyes have been bad all my life. I got my first pair of glasses in 1st grade, and that prescription was -6 or -7, and it has only gotten worse as i got older. I think currently my left eye is -15 and my right eye was -19, but the doctor said since the surgery i will be even more nearsighted in the right eye.  Having this emergency surgery has turned my entire life upside down. I had to quit my part time job, and most importantly driving. Luckily i can still get through this semester of college, i was going for a medical coding degree, which is a work from home job. My parents are now thinking about getting me on disability, and I've had one doctor say i qualify for it. But everything I've read so far says the disability is based on your BETTER eye, and my doctor told me my better eye is 20/30 20/40 with glasses. Plus i don't think i have enough work credits. Does anyone have any experience dealing with disability benefits?"
28465,1,"The text belongs to class ""1"" because it contains a self-description of the author's condition and experiences, as well as their feelings about them. The author describes their situation as a 33-year-old gay person from a third-world country, where opportunities are scarce unless one has money or connections. They express their desire to escape this place, but they need a hearing aid to do so. The author also mentions their hope that there is someone out there who can help them, indicating their emotional state."," Sometimes you just have to believe that its okay to take a chance, that there could be a miracle. Oh dear destiny wove the path for me to meet the person who could help me get these. I want to continue living and fighting but in this cruel world, i am bound to lose without this weapon.   I am a 33 gay from a thirld world country, oppurtunity is elusive unless you have money or connection. I want to escape this place, but in order to do that i need a hearing aid.   Maybe there's somebody outthere. Let me cling to this little hope i have left."
28469,1,"The text describes the author's personal condition and experiences, including their physical disability (DDD), mental disabilities from past abuse, and their current living situation. The author also expresses their emotions about these experiences, such as frustration and fear. Therefore, the text belongs to class ""1"".","Question with rant included. I am at my wits end.  I applied for disability pay and was denied because I’ve literally only worked 1.5 months of my 18 years, because I had to quit because I have DDD, and it hurt like hell, and I’m not gonna let something fuck with a *degenerative* issue.  I know it’s possible to get on benefits without work history, but I don’t know where to start. I’ve heard of people that qualified first try, and people that got denied for 4 years and had to get an attorney. I do not have money for an attorney and I do not have 4 years. I have several mental and physical disabilities. Last test I did with my PT, I was 44% disabled physically. It’s a test accepted widely in the medical community, forget what it’s called. So I’m fucked up, basically. Most of my mental disabilities are from being abused, and that leads into my whole issue with time. I am still living in my abusive household. The longer I stay here, the longer my brain takes literal damage from the traumatized state it’s in, and the more at risk I am in general from my mental illness. I need out. What the hell am I meant to do"
28470,1,"The text describes the author's personal experiences and emotions related to their health condition, including their history of allergies, infections, and their mother's reluctance to seek medical help. The author also expresses their feelings about not receiving a diagnosis as a child and their current situation of seeking medical referrals for further testing.","I was so sick as a kid. I had alleric reactions going to new places, random allergies, always sick , repeated infections, often complaining of pain. My mother didn't want to ""over- medicalize"" me by bringing me to doctors. She refers to my autism as me being ""a super feeler"". She didn't want me to be different so I just never got diagnosed.   Well I've got a referral for pots, eds, and my doc is looking into MCAS.    I sure wish I didn't have to wait to be an adult to get a dx. I grieve for my child self who didn't deserve to suffer without care."
28471,2,"The text belongs to class ""1"" because the author describes their physical condition, the challenges they face, and their concerns about the upcoming in-person meeting. They also express their feelings about their situation, including their anxiety about the meeting and their gratitude for their lawyer's support.","Hello everyone, as the title says I just got told by my laywer I have been assigned a examiner(?). Any advice on this stage of my process. I will say that I just got my electric wheelchair but I do not have trailer hitch to transport it. I have also hand crutches and Rollator/wheel chair. For the in person meeting how critical would it be for me to 'roll up' in my electric wheelchair? I am limited able to walk eventually most likely will be unable. My laywer says I have way too much going on for them to deny me. I am neuro, ortho, muscular, head trauma, pulmonary, carto, body is the saw puppet or game show host kind of deal. Any tips?"
28474,2,"The text belongs to class ""1"" because it contains a self-description of the author's condition and experience, as well as their feelings about it. They identify as part of the ""Bipolar Reddit"" community, which suggests they have bipolar disorder, and express solidarity and well-wishes to other neurodivergent individuals. This indicates that the author is sharing their own experience and emotions, rather than asking a question.","Hi. I'm visiting from the Bipolar Reddit and I wanted to say Merry Christmas to my neurodivergent brethren. As always, I'm standing in solidarity, and wishing you joy."
28475,1,"The text belongs to class ""1"" because it contains a self-description of the author's condition or experiences, and how the author feels about them. The author describes their struggles with loneliness, feeling useless, and being precariously balanced financially. They also mention their physical and mental health conditions and the challenges they face in finding a job. The author expresses their fears about the future and their feelings of panic.","I keep thinking that things have to get better, because I cannot bear the way they are now. But actually, my life has improved infinitely in the last 5 years. It is just it is still not enough. I am lonely and feel useless in society. And for the things I do have, I am very precariously balanced on SSI, loans, being a student, relying on my dad to bail me out of very bad situations in my personal life, and my advisor’s protectiveness in my professional life. If any of those things change, the structure will crash down very suddenly.  The only people I have met who are like me but older, seem to be very isolated and have very rough lives. I know, that for a disabled person, I am very lucky, because right now I live on my own and go to school. I am mostly blind and have Autism, I have trouble with movement and speech. I talked to my sister about paying rent, and what is a reasonable apartment cost. I realized, there is no feasible way I could afford an apartment without student loans, unless I lived in an area that is so rural I would have trouble even surviving, because I would have no transportation to get food or medicine. I do not know what I will do after I graduate. There are almost no jobs I can physically do outside my field of study, and there are very few jobs inside my field. I could try moving in with a family member, I know my dad would take me in, but going back to relying on someone else for everything, and having no independence, makes me very unhappy. It feels like there is no possible future for me other than graduating, moving into my dad’s basement, and becoming a recluse until either I die, or he dies and then I have no one. I am trying to focus on the present, but it is hard not to panic."
28476,1,"The text belongs to class ""1"" because it contains a self-description of the author's condition and experiences, as well as how the author feels about them. The author describes their recent diagnosis of degenerative disc disease and fibromyalgia, their use of a wheelchair and potential use of crutches, and the difficulties they face in performing certain tasks. The author also discusses their concerns about attending a family gathering and being judged for their disability, and their worry about being able to participate in activities with their young relatives. Overall, the text conveys the author's personal experiences and emotions related to their disability.","I (nb 26) have been recently diagnosed with degenerative disc disease and I also have had a fibromyalgia diagnosis since 2020. I am an ambulatory wheelchair user and am also currently looking into crutches. I can make do for short periods without my chair as long as I can sit down and/or take breaks. I have trouble gripping and carrying things and it is extremely painful to bend down and bend my knees.   Every holiday since I've hid my disability from my relatives. We aren't super close and my mom especially is embarrassed by my disability so they definitely haven't heard about it from her. Last Thanksgiving I actually stayed home as my illness has gotten worse and I was flaring up and couldn't hide it. Whenever I've gotten tired before my mom doesn't let me go lay down in the car or in a guest room at my aunts house because its ""impolite"". Last Christmas I was able to use my boyfriend as an excuse to leave earlier than everyone else (we drove separately). However he isn't coming this time.  I don't want to stay home this Christmas because I miss my little cousins.   I'm worried my little cousins will want to play with me in a way that will cause pain. Or Ill be pressured/guilted into helping out with something that I can't do. My mom won't let me bring my chair (my aunts house isn't wheelchair accessible anyway). Idk how to or if I even should bring up my illness. Its a big part of my life now and I don't want my relatives thinking badly of me because they think I'm being lazy or rude when in reality I'm limited by my disability.   Anyone have a similar experience? How did your relatives find out about your new disability (developed or accidental, aka not from birth). Did it lead to any problems? How did you go about it?  Btw for clarification I currently live with my parents and my boyfriend is celebrating with his family this year."
28481,1,"The text describes the author's personal experiences and emotions related to their living situation and disability, making it class ""1"".","As Xmas ends, I'm facing my second Christmas away from my family, a result of a complex mix of conflicts and misunderstandings, deeply intertwined with my condition of quadriplegic cerebral palsy.  In a particularly tough phase last year, I openly addressed my struggles with accessibility, societal ableism, and emotional hardships. This act of speaking out led to unexpected legal issues with my family, underlining the intricate dynamics at play.  Now, nine months from the end of my master's degree, I am confronted with the imminent risk of homelessness, with the potential of relocating to a care home. Throughout my life, my family has downplayed my ability to live independently or pursue a regular working life. They've often implied that I wasn't truly part of the disabled community, despite my lifelong condition and that I should see myself as superior to other disabled people, that I don't need the help they do.  For the first time, I am contemplating involving external services in my life, a step that is both potentially traumatic and daunting. I've always been told not to view myself too much through the lens of disability, but my current circumstances are challenging this long-held belief.  The housing crisis in the UK, particularly for individuals with disabilities, poses a significant challenge. Over the past 30 years, waiting lists for government housing have only grown longer. Although it's legally feasible, finding private rental accommodation which is willing to make adaptations is an arduous task. Contrary to my parents' beliefs, who are unaware of the intricacies and waiting times involved, securing suitable housing publically or privately is not a straightforward process of sending over your documents, attending a viewing and paying the deposit.  This is my reality, not a journey or a personal challenge to be overcome, but the day-to-day existence of someone living with a disability in the modern world who is wondering should I give up to emotionally abusive people purely for the sake of housing."
28482,2,"The text belongs to class ""1"" because it describes the author's personal experience and emotions related to getting injections in their leg. The author shares their fear of spasticity, a previous fall, and their readiness for the holiday season to end. These details suggest that the text is a self-description of the author's condition and experiences, and how they feel about them.",I need to get some injections put in my leg to try to loosen up the muscles. I've already had one fall from spasticity and I'm often afraid it's going to happen again. The holiday season has made me getting the injections a very hectic experience. I'm ready for this season to end.
28483,2,"The text belongs to class ""1"" because the author describes their personal situation, including a physical disability, being out of work, and waiting for a SSI claim. They also mention their need for a new phone to manage their diabetes, and their hope for help from corporate America. The text includes their feelings about the situation, such as not wanting to rely on the goodwill of friends and family.","I’ve been out of work because of a physical disability that arose a few years ago. Still waiting on my ssi claim and I’m hoping Apple has a program (or someone else) that I can access to afford a new phone. Contrnplated GoFundMe but would rather get help from corporate America than the goodwill of my friends and family. My phone is on its last legs and it’s been clutch for managing my diabetes. If y’all know jow of any program or support, could you please let me know. Was hoping to get funds this Christmas but I’m spending it in the hospital instead after a problematic toe amputation. Any help would be much appreciated."
28484,1,"The text describes the author's personal experiences and feelings about their health condition, their relationship with their parents, and their parents' approach to their health. The author expresses disappointment towards their parents but also acknowledges that they were acting in good faith. This self-reflection and emotional expression indicate that the text belongs to class ""1"".","Just in a strange headspace, and not sure how to process my feelings. (Sorry rather long post incoming, TLDR is literally just the same as the title)   I'm 24f, with significant hypermobility, ASD and am intersex. I also have a really bad immune system and am very susceptible to respiratory illnesses.   I've been going through old family VHS footage of me when I was really young, and noticing how stark some of my symptoms were for various aspects of my health. Especially in terms of ASD and hypermobility, I was a very sensory seeking child, I would splay myself over every material I could find, I was incredibly clumsy with poor fine motor skills, and would always do ""party tricks"" with things most bodies shouldn't be able to do.   Becoming an adult with so many aspects of my body that have deteriorated significantly, especially my tendons and joints, I can't help but feel let down that my symptoms weren't looked into by my parents. I had to do it myself at about 20 before I started getting answers.   My dad doesn't trust the medical system, and thinks dealing with anything is a case of willpower not medicine or science. My mum is one of those new-age suppliment and natural remedy focused people, who would rather take medical advice from a 50 year old white woman on facebook than listen to a doctor.   I have been sick with respiratory issues probably for 1/3 of my childhood, and have had everything from whooping cough to glandular fever, chest infections, pneumonia, croup, all before I hit 16. There was never any investigation into why they were so recurring or severe for me.   I don't have any goal with this post, I know my parents were just treating my health in the way that they believe was best, and I try not to let things get to me, but I just feel really let down, and that so many of the things I'm experiencing would be easier to manage, and wouldn't have gotten this bad so early in my life if I knew what I was dealing with and how to manage it earlier on.  How do you all balance feelings of disappointment towards your parents, with the knowledge that they were acting in good faith, just with bad methods?"
28486,1,"The text describes the author's personal experiences and emotions related to their clinical depression, including their struggles, coping mechanisms, and efforts to get better. Therefore, it belongs to class ""1"".","I wrote this in response to a post on the controversial opinion subreddit about people making depression their personality and not trying to get better.  I have clinical depression and I agree that it's not fun or quirky. My depression wasn't treated for about 20 years. I haven't had friends for that long. I never had a romantic relationship, even during childhood. My mother died and people accuse me of all kinds of sick stuff I never did nor do I want to do. Sometimes a sense of humor is necessary to survive. I heard it's an African proverb that you can't laugh and be afraid of something at the same time. I'm taking medication and I'm on therapy; if it wasn't for my dog, I'd probably have died a long time ago. I've probably had worse trauma than the average depressed person, but I know plenty have been through worse and gotten better or been through less and never gotten better. Since my condition is treatable, if I didn't treat it in good faith I'd be SOL and thrown to the wolves. I deal with the perception that I don't want to get better, although that's the main thing I try to do. I put it like this: if this were the Twilight Zone and a healthy and able person agreed to take my problems for my benefits, they'd be a fool. People fail to see beyond themselves. The fact that I'm struggling to keep my head above water with virtually no external responsibilities isn't enviable, but the opposite.   But, I agree to an extent. A character in the film My Dinner with Andre said his life became like a prison where he was both guard and prisoner. The stoic philosophers argued thoughts become habits, which become character, which becomes the rest of your life. My goal is to shed the defense mechanisms that felt necessary to survive childhood, but now feel like fused parts of my personality. The only drugs I do are prescription, caffeine, and a cbd gummy to help me sleep. But that doesn't stop people from thinking that I'm just some drunkard or stoner. I'm about halfway through losing 100 pounds I put on during my first big spell of depression. Sometimes it's a struggle to stay present instead of being stuck yearning or fearing for what life may be or ruminating over what got me here. It's a misconception that chronically depressed people don't try. John Steinbeck wrote that everyone really tries their best, no matter what they tell themselves."
28488,1,"The text belongs to class ""1"" because it contains a self-description of the author's condition and how they feel about it. The author describes their experience of having several disabilities that flare up at random, and expresses anger and resentment towards their body and healthcare professionals. They also mention feeling alone in their experience.","I have several disabilities that flare up seemingly at random. Of course, I had to have a flare going into Christmas Eve. Christmas with my family is very important to me, and I wasn't able to make it due to this terrible body of mine. I've got so much anger and resentment toward my body, and to various healthcare professionals who have failed me over and over for the last three decades. I know plenty of you can relate, and I think I'd just like to feel less alone in my experience.   Happy Holidays, even if you're celebrating from your bed. Cheers."
28491,2,"The text belongs to class ""1"" because it describes the author's personal experience and emotions regarding the treatment of persons with disabilities (PWDs) by Grab drivers. The author shares their frustration and disappointment about the situation, and also expresses their happiness about recently being approved for a PWD discount. The text conveys the author's feelings and thoughts, making it a self-description of their condition and experiences.","I am just really saddened to see these posts and comments by allegedly Grab Drivers about PWDs. :(  May mga nakikita pa ako, shinashare nila buong names nung passengers nila na tinamad daw maglakad. Like kasalanan ba nilang maging PWD? And matagal mag approved si Grab nang PWD status so for sure may verification process naman.   Napapaisip tuloy ako ngayon kung iseselect ko pa yung PWD discount pag magbobook kasi apparently, pinagpyepyestahan nila yung mga PWD riders.   Nakakaiyak. Natuwa ako nung na approved ako recently kasi makakabawas sa gastos pag mag gragrab, mahal kasi nang gamot ko like almost 10k per injection.   What do you think guys? Should we ask a dialouge sa Grab about this issue? Saan kaya tayo magrereach out kasi nakakalungkot. I mean mamatay na nga ako soon, ganito pa makikita ko. :((((((  (These posts are made public so I can share it here)"
28495,1,"The text belongs to class ""1"" as it contains a self-description of the author's condition and experiences, including struggles at work, mood swings, and memory problems. The author also expresses concerns about their job security and potential disqualification for accommodations due to their recent treatment start.","I was recently dx'ed officially with Bipolar II, though had essentially self-diagnosed for around \~9 years prior, and my provider around that time had put me on lamotrigine. I was unmedicated and w/o treatment for a number of years, not truly realizing how much of my behavior and moods were in relation to bipolar until about 2-3 years ago. My last job, which I've been at for 8 years, was not without confrontations and difficulties stemming from my mental illness.  I am now struggling considerably in life and at work, making many mistakes and experiencing a variety of meltdowns, mood swings, brain fog, difficulty focusing, cognitive disorganization, and so on. I've been told I'm using nonsense words like 'haboobity' that I have no recollection of, or find myself forgetting things sometimes even seconds after thinking them. The lamotrigine is helping, but is not magic and has some side-effects and I have more work to do on dosage level, and I am considering that I may not be able to work much longer. Just trying to sort out my meds is proving to take months and after an email received last week, where they revoked any ability to work from home, I think it's only a matter of time before I'm fired due to constant mistakes I'm making.  Does anyone have tips on how to even approach this process? Would me holding a job for 8 years straight effectively disqualify me entirely? Would me re-starting treatment only as of this past year disqualify me? In terms of workplace ADA accommodations, am I able to request those things even if I'm not more 'officially' disabled?"
28496,1,"The text contains a self-description of the author's condition, experiences, and emotions. The author describes their rare genetic disease, pregnancy, and various health issues, as well as their feelings about the care they received during their travel experience.","So impressive. I’m 6 months pregnant and have a rare genetic disease that causes my bones to dislocate, my organs at risk for collapsing, and bursting veins.  I’m having to travel alone rn, and I’m just blown away by how good they are about taking care of you.   I was terrified to do this. My pride was already taking a hit. They got my through security, they got me to my gate, they took me to the store because I hadn’t fed me or the baby.  When my gate changed they keep tabs on who’s in wheelchairs and where and they came and got me and pushed me to the correct gate. Which is great because I have moderate post stroke TBI, epilepsy and my genetic disease plus pregnancy means I’m not just paying attention and I don’t know it I would have caught it.  When they came and brought me to my new gate they asked to pre board me- thank gosh because my body can’t support with my cane the weight of my bags. My shoulder was being to push out of socket.  They said they will wheel me down and my bags a flight attendant will help me with.  Delta is really a gold standard here."
28497,2,"This text belongs to class ""1"" because the author is describing their personal experience and emotions related to their difficulty in obtaining a prescription for a medication they need. They express frustration, humiliation, and a plan to take legal action.","WHY is this a BOX to check before interview (I lie)  when NO ONE will Prescribe Adderal without being treated as a drug addict  Im 51, work in pharmacy business  for christs sake. .5 mg in Florida with this rx from a  Psychiatrist and the retail pharmacy says “ONLY corporate decides”. Humilating whispers trying twice to fill- crying and threw the RX away.  After a drug test, EKG and games I dont use drugs!! Im resigning and  pursuing disability and lawyer. I dont give a f if there is a res flag instead of lies tell us- “ oh ur insurance doesnt cover LIE”. “Shortage” LIE. Im checking the employer ADHD box and getting a lawyer.   Whose with me to take advantage out disability lay suits these games doctors and pharmacists play?  There is no shortage. Its a lie."
28499,1,"The text is a self-description of the author's condition and experiences, as well as how the author feels about them. The author is expressing frustration and annoyance at people's reactions to their physical appearance and pain. The author is also expressing the emotional toll of constantly having to deal with their condition and the lack of empathy from others.","I'm not obviously disabled, but I am developing arthritis, so it's becoming more common for my joints to look obviously paiful (red, puffy, inflamed, looks like it hurts because it does). This, turns out, can sometimes be noticed by others.    I'm pretty open about the whole ""constantly in pain"" thing, but whenever people actually notice that it *looks* fucked they feel the need to point it out. How do I get them to stop? It's getting extremely annoying.     Yes I know my ankle looks like it's dying, it does that, why do you think I'm struggling to walk? You know I have these problems, this isn't new. This isn't comforting. ""That looks painful"" yeah it is! Thanks? Maybe be more sympathetic the next time I can't get out of bed because my ankles, knees, and toes decided that standing was not an option today? Or I can't text you because my fingers are currently going ball mode? Oh you won't? Great, thanks. Why even point it out?    Care to offer anymore insight ol wise one? Are you going to offer help? Oh you aren't thanks great. Oh you are going to keep going on about ""How painful that looks"". Okay great.     I just want to scream at them. YEAH I'M IN PAIN EVERY SECOND OF MY LIFE can we move on now? Can we stop bringing attention to it? I'm doing my best to constantly ignore how much it hurts/push myself through it, so that *you* don't get uncomfortable. Can we stop pointing it out pretty please? At the very least can I have some empathy once you can easily see that I'm Not Having A Good Time? Oh what am I saying, of course you won't. The second it goes back to looking somewhat normal you'll pretend like I've never had a problem in my life. Hells below this is aggravating."
28501,1,"The text describes the author's personal experiences and emotions, including their struggles with an anxiety disorder, living situation, and recent family loss. They express feelings of sadness, fear, and self-doubt, and mention their need for strength to support their family.","Please delete if not allowed. I’m not sure where else to share this, if I should be sharing anywhere really.   For context, I have been diagnosed with an anxiety disorder for 10 years this upcoming January, though have suffered for most of my life I can recall and have had spates of low mood.   Anyways I am in my early 30s and still live with my parents and younger brother; my dad has the same anxiety battles as me and has had depression too, my mum uses drink as a coping mechanism for stress, and both my brothers are autistic with my younger one still at home needing 24/7 support.   This Christmas has been terrible. My aunt passed away from cancer a week ago, so we’re all sad anyways especially my dad who’s sister it was who died, and yesterday my mum drank too much and was asleep most of the day and falling over everywhere. I was scared for her.   I know I’m being so selfish in feeling sorry for myself because our Christmas wasn’t idyllic and peaceful, but I just see it as a sign of the future being bleak. I can’t imagine going on, and it seems life has no point. I have no friends, am uneasy in my career as a personal assistant, expecting to make an unforgivable mistake anytime.   I need to be stronger for my brothers and parents but at the same time I don’t think I’ll be able to cope. I am floored by loosing my aunt even though it was expected.  I can’t see how people cope with discord and stress in their personal and work life and still find the courage and motivation to still keep on. I worry the world has beaten me down (even though I know there’s millions others who have life so much more painful and hard, that I have no right to be so sad and afraid.) Then again I guess it can be argued that I have my own support needs that need met and that it’s ok if I’m finding things (life in general) hard."
28502,1,The text belongs to class 1 because it describes the author's personal experience and emotions when interacting with people on Twitter and Instagram. The author talks about their feelings of hurt and awkwardness when people change their behavior after learning about the author's disability. The author also expresses their thoughts on when and how to disclose their disability to others.,"The title.  I use Twitter a lot and from time to time a guy messages me. We talk for some time and if I like their vibe, we exchange Instagram. But, I feel they change after it. I feel the shift in conversations, so I do not force it anymore and just let it go. But it still hurts. Every time this happens I am hurt the same way. IMO, it is awkward to talk about my disability in the first convo, so I let them have my Instagram to see it. I would be okay to talk about it, but I just can't randomly say: ''Hey, I saw you lost interest, you know my disability is about ... ''. All the conversations are making jokes, etc, it is not serious in the beginning, so it would be awkward to talk about my disability out of nowhere. I feel like we would need to have a more serious talk, so I can say it and talk about it; but the more serious talking stage never comes, because they lose interest before it."
28503,2,"The text belongs to class ""1"" because the author describes their personal situation, including being medically disabled and having a family, as well as their need for a car and financial concerns. They do not ask a question, but instead express a need for advice.",I have a wife and two kids. I haven’t worked in 8 years because I am medically disabled. My car engine seized up 3 months ago and I really can’t go on much longer without a vehicle. I need a vehicle but I don’t want to waste money on something that won’t last. Any advice is very appreciated.
28505,1,"The text belongs to class ""1"" because it describes the author's personal experience and condition, including the challenges they face with cerebral palsy and the pain in their feet. They also express their feelings about the situation and their search for a solution.",Hello! I have cerebral palsy that affects both my legs and I work in the dental field. I wear AFO braces and my feet hurt so bad by the middle of the day. I’m looking for any suggestions. I have tried putting gel inserts in my braces but then my feet don’t line up how they need to. It also doesn’t matter if I buy expensive nursing shoes because I’m standing on the plastic of the braces anyway. I don’t know what to do.
28509,1,"The text is a description of the author's personal experiences and feelings about their condition, making it class ""1"". They express their discomfort and pain related to their appearance and physical limitations, and ponder over a hypothetical choice between healing internal disabilities and changing their appearance.","This is something a lot of people in here may feel as well.   I'm not built for it. I'm not meant to live a life where I'm pointed and stared at all the time. Where people will take pictures of me while I'm walking down the street. Where I'm called slurs and disrespected JUST for the way I look. I'm not meant for this life. I wasnt built to cover my body in every way I can so I look slightly more normal. I wasnt built to hate what I see whenever I look in the mirror. I can feel I was meant to live a life with a healthy body, I don't really know why this happened to me. Maybe other people can handle it but I CAN'T  I was also not built handle all the physical pain that comes with it. I can't handle the fact that cooking dinner is the hardest thing I'll do all day. I can't handle the dread of having to do surgeries I DON'T want to do that won't even give me a better quality of life anyhow. I wasnt built to need to sit down after 10 minutes of walking.   Something I often think of, that's a bit torturous, is I get granted 1 wish, and I either have to choose between healing all of my internal disabilities, but I have to stay the way I look on the outside, or I can choose to look normal but still suffer from the physical pain on the inside. Often I can't choose. How do you even choose between those 2 types of pains?"
28513,2,"The text belongs to class ""1"" because it describes the author's personal experiences and emotions related to their disability and financial situation. The author shares their thoughts about starting a vlog/podcast to address the negative stigma around disability and provide resources and information. The author's depression and need for an outlet are also mentioned, making it a self-description of their condition and experiences.","I’m thinking about creating a Vlog/Podcast starting out about me and my disability. I am fortunate that my disability doesn’t limit me completely from being able to work. However since I am eligible to still work I don’t receive enough money from disability to rent a place and survive. I’ve been looking for work for the past 18 months and have had maybe 3-4 interviews. I understand the US economy is not the greatest right now, but I already lost my home and am living with family. I am at a point in my depression that I need an outlet and I keep thinking about vlogging/podcast.   If it was a hit and had good feedback I would love to invite others with their disabilities to join and share their experiences and anything that they would like to share and contribute to the community. I’m all about removing the negative stigma around disability. My point of view on that is that, there isn’t enough information and resources showing that we are people just like everyone else. That’s my main goal and purpose around wanting to do this.   I’d appreciate any constructive feedback.  Thanks! 😮‍💨🫣😬"
28514,1,"The text belongs to class ""1"" because the author describes their personal condition and the challenges they face due to their disabilities. They also express their emotions and feelings about their situation, including frustration and desperation. The text does not contain a question that is not related to their personal experiences or emotions.","Edit: I live in the US   I have been disabled from birth. I will be disabled for my whole life. I have multiple neurological disabilities. They don't affect my intelligence but they affect pretty much everything else about my life. I need some sort of way to see specialists for my various needs, but they cost money, which I don't have because I can't hold a job without becoming suicidal, because I'm ***fucking disabled***. I don't know what to do. I have been denied multiple times when applying for SSI. I am out of time to wait. I need fucking help. What do I do?"
28516,1,"The text belongs to class ""1"" because it describes the author's personal experiences and emotions related to their disability and how it affects their relationships with friends. The author shares their feelings of happiness for their friends, but also expresses their struggles with mobility and social connections due to their health conditions. They mention unpleasant feelings that arise when friends prioritize fitness and health, and describe instances where they have felt pressured to adopt certain health practices. The author also shares their difficulty in knowing how to respond appropriately in these situations, and asks if anyone else can relate to their experiences.","Let me preface this with: I am happy for them. I am happy that they feel good about themselves. What I'm not happy with is how it has ruined my friendships.  I am a disabled person. I tend to have a mix of disabled and non-disabled friends. I have a mix of connective tissue disease and several autoimmune diseases that limit my mobility.   My issue is every time one of my friends begins a fitness journey it becomes:  1. All they are interested in talking about. (Much like a new relationship-- I get it and I'm happy they are happy but I can't relate.)  2. Something that inevitably distances us because while I can be supportive, I can't relate or participate.  3. While this is very much my own issue and I would never openly express it, it brings up unpleasant feelings in me when they start on about how they only want ""healthy influences"" in their life. (Other ""healthy"" people and sometimes levels of toxic positivity.. ""positive vibes only"" etc.)  4. This is a ""sometimes"" scenario and has only happened a few times, but in these cases I've cut them out completely. When they start pushing their beliefs as to what could ""heal me"" onto me (supplements, exercises, etc.)   This happens often and I'm not sure how to react appropriately when this happens. I am also autistic so I struggle to know how to respond to things on a daily basis anyway.  Can anyone else relate?"
28517,1,"The text belongs to class ""1"" because it contains a self-description of the author's condition, post-op tendon lengthening surgery, and their feelings about it. The author also mentions their experience with physical therapy and their thoughts about their progress compared to others. They express their frustration and gratitude, making it a personal reflection of their experiences and emotions.","Today I had an early morning physical therapy session. I’m about six weeks post-op from tendon lengthening surgery, that was done to reduce spasticity. There was a girl who was probably a few years older than me there. She had some sort of injury, and was complaining about how the PTA wouldn’t let her run yet.   I’d do anything to be able to join the military, let alone be able to run. But instead of saying something I just sat there quietly. It’s not fair. The other week at PT, I was doing my exercises; and an older patient came up to me as he was leaving and said “I hope you get better.” I was tempted to say “the no expiration handicapped placecard and wheelchair in my car beg to differ.” But instead I kept my mouth shut.   I wasn’t supposed to survive to see my first birthday. But here I am as a college freshmen. I’m grateful, but I selfishly wish some people would realize that others have it worse."
28519,1,"The text can be classified as class 1 because it contains a self-description of the author's experiences and emotions related to being disabled. The author expresses their frustration and anger towards banks, disability support workers, and even their own family and friends. They also share their thoughts and feelings about how society perceives and treats the disabled. The text also contains the author's personal opinions and reflections on various topics related to their condition.","Sorry, just needing somewhere to vent.  Things I have been hating about being disabled are experience with banks and some of the bullshit bank cashiers have given me over my employment status. I do wonder why would banks ask about you're employment information to open up a debit card or a savings account? Asking about employment information would be more understandable for loan or credit card applications as a bank would want to know how you intend to repay what you're planning to borrow, but why would they need to know for debit cards and savings account. I've always thought that how a debit card works is that as long as the checkout total is equal to or less than what's on the card, then the money should transfer through no problem.  I also remember times I've suffered similar bullshit from some mean horrible disability support workers  Also I can worry that my parents would like me better if I wasn't disabled. I do wonder what if my brother had a nasty accident causing loss of a limb (praying that won't happen to him), would mum and dad just suddenly start liking him less?  When people whine about the unemployed having a better life and claim to know what the unemployed do all day. If someone really thinks that the unemployed have a better life, then why don't they just quit their job? Plus how would someone know what the unemployed do all day? Do they skive at work and follow them around town?  Having a hidden disability has let to accusations of lying about being disabled or having a health condition, even from my own family and friends, but seriously, what do they think that a person would be hoping to gain from lying about something like that? There were also times when someone questionned why would I be using disabled toilets if I didn't look disabled, but why would the answer to that question be other peoples business?  I can feel in a situation similar to a guy who was complaining that he hated being born in the year 2000 because, does it suck being born in the year 2000? Yes (at least according to the guy who said he hated being born that year). Can he do anything about it? No."
28522,1,"The text belongs to class ""1"" because it describes the author's personal experience and emotions related to their family's behavior and attitudes towards their condition. The author expresses their feelings of frustration, upset, and being overwhelmed by their family's actions and words, and also describes their thoughts about how to respond to the situation.","I have a relative who has taken a sudden interest in my life basically. They send me articles about hypochondria and the power of positive thinking (I am federally disabled with several diagnosed conditions, including a chronic pain disorder) They have been sending a lot of texts like ""whether you think you can or you think you can't, you're right."" Other family are also pushing goals on me that are not things I wish to pursue and talking over me/minimizing my experiences when I try to explain them to service providers.  I'm debating not responding at all. I don't want to make things worse but it's really upsetting me."
28523,1,"The text belongs to class ""1"" because it describes the author's personal experience and emotions regarding their struggle with SSDI. The author shares their frustration, anger, and sympathy towards the system's chaos and negligence, as well as the impact it has on vulnerable people. The author also mentions their own situation, including their disability, their attempts to navigate the system, and their feelings about the situation.","I’m disabled, but have moderately good skills at navigating these complex social service systems, making phone calls, using a computer, filling out forms, whatever. I can manage it.  As a disabled person who has been battling with SSDI for over  two years now, I’m just… my mind is blown at their chaos and negligence.  This is downright criminal to the vulnerable people who need this!!   Someone with less access to computers, or their info, not tech-savvy, with worse issues than I have - etc - it’s almost impossible for me, so it has to be worse for them. Maybe for you.  I submitted a huge packet they needed (too long of a story) - -**twice** over the last 2 years, though errors on their end.   So, I submitted it - again - this last August. I was so careful to comply with everything they needed, and provided many pages/documents. It was perfect.  …They just opened it TODAY, and called me! Today.  My appointment is now on Valentine’s Day. I didn’t miss anything, or make any mistakes with what I turned in; it’s just, apparently, too old now!  I have to re-submit the identical paperwork (living expenses), for January - even though the tedious work I did to collect all that info back in August, was submitted on time, and was all correct.   I wasn’t missing anything. I did it all correctly.   They’re just making me re-submit current info! And all of this is seriously taking YEARS.  Are they just hoping I die, or give up?  Through all the pain and mental illness I’m stuck with, disabled with, I sympathize more for those worse off than I am. I know many people who could not get through this system, and all its mistakes and road blocks.  All they want is for you to fuck off, and give up.   I could write pages here, about how many times I’ve been in there in person, trying to fix this, over these last 2-3 years, and how ridiculously incompetent it’s all been. It would almost be funny if it wasn’t MY LIFE and livelihood on the line.  They’re so crazy!! I’m being punished and severely inconvenienced (it’s not easy for me, without a working computer, gathering all these documents, driving over an hour round trip, etc etc) for really no reason, for a THIRD TIME, because my **highly important packet** just sat unseen for, what - almost 6 months now?   Not asking for advice here, just venting.   Fucks sakes with these people, ya know? AAAHHHHH!!"
28526,1,"The text belongs to class ""1"" because it contains a self-description of the author's condition, how they feel about it, and their experiences with the service dog community. The author shares their personal experiences with having schizophrenia, the use of psychiatric service dogs, and the challenges they faced in the service dog community. They also express their opinions and emotions towards these experiences.","I (30m) have schizophrenia. It’s a struggle sometimes, but with my medication and support it’s very manageable for me. Even if I’m having a bad day I can usually put on a brave face and pretend.   I have had 2 psychiatric service dogs in my life. Both of which were not considered standard breeds. The first was a Newfoundland the second a border collie.  I’ve noticed specifically within the SD community people are so unfriendly. If your dog doesn’t isn’t a standard breed it’s obviously not a “real” SD.   Apparently some people even think I shouldn’t have qualified for a SD. I had a lady in a wheelchair yell at me saying I’m taking a service dog from someone who really needs one.   Then there are people who say some disabilities don’t count. ADD and ADHD are good examples of this.  I just think there is no way of knowing what someone is going through so you shouldn’t judge others. If they considered themselves disabled then so be it.  I just hate how toxic the community can be especially when you ask for advice or have an unpopular opinion."
28529,1,"The text belongs to class ""1"" because it describes the author's personal experiences and emotions related to their disabilities and living situation. They share their struggles with physical and mental disabilities, their frustration with their cousin's lack of understanding, and the emotional stress they are undergoing. They also mention their service animal and financial difficulties, indicating a challenging living situation. However, they do not ask a direct question, so it does not belong to class ""2"".","So I live with my cousin and they just won't accept my disability! I have both mental and physical disabilities. Not very apparent to her! I have even offered her to come to visit with my doctor to understand, she still won't do it. At one point. Point I believe she told my sister I was being lazy... No, I have keratoconos in my left eye that has gotten worse working in IT field, I also have peripheral neuropathy and my feet and hands so they're burning constantly. I'm dealing with a lot of mental issues based on regression from really really bad therapist. I have explained it, she has seen me go through it, and still. I receive a very fixed income that I'm not used to and it's sad for her and emotionally stressful for me. I don't even know what my question is, I'm just so tired. If you guys know of any way to get fixed income, housing, or anything else for me and my service animal I would greatly appreciate the help and insight. I'm using speech to text, I cannot do a lot of editing visually because of my migraines as well. I apologize in advance."
28531,1,"The text describes the author's personal experience with requesting reasonable accommodations under the ADA and FMLA, as well as their concerns and feelings about the situation. Therefore, it belongs to class 1.","I am somewhat savvy on what the ADA says and does not say. I work full time in Wisconsin and in the past requested for 2 reasonable accommodations at work (1) Limit work schedule to 12 hour shifts and no more (we work 8 hour shifts but due to staffing needs can be forced to work up to an additional 8 hours). Working more than 12 hours causes migraine flare ups. (2) No travel beyond a 50 mile radius from current work site as traveling long distances causes migraines.   In the past these 2 accommodations were always approved. I always would submit my reasonable accommodation in late November along with my FMLA paperwork for the next year. It should be noted this is how HR wants it because the limit of OT requires them to take FMLA from me for missed OT and that needs to renew with calendar year FMLA.   Suddenly I got a big stack of paperwork in the mail from HR and they claim now more paperwork is needed for reasonable accommodations including release of information paperwork, fitness for duty paperwork, a list of medical questions that my provider needs to answer paperwork, etc etc. It is a mess.   Under FMLA and especially under ADA guidelines if mandatory overtime and travel can be part of the job at times can an employer terminate someone for merely requesting accommodations? I do not believe they can do so and would say at this point the worst thing that could happen would be either:   (a) the accommodations are denied and I have to figure things out or   (b) I am placed on light duty until I can prove I am ""fit for duty"" and would be forced to use FMLA along with PTO until I can prove I am fit for duty. If FMLA or PTO run out then I could be terminated if I still at that point cannot perform the job duties.   Then again I have read horror stories of people who have submitted for reasonable accommodations being fired and I do not want this to happen to me.   I highly doubt I will be terminated or that my reasonable accommodations will be rejected in part or in full because I have had them both approved in the past when we were shorter staffed than we are now. The argument could maybe have been made years ago that since we were down 30% of staff that they needed people who could work doubles. Now there is not as much OT and not as much long distance travel."
28532,1,"The text belongs to class ""1"" because it contains a self-description of the author's condition (lupus), experiences (working, being out of the sun, switching to a vegetarian diet, working out, having a flare-up, being unemployed), and how the author feels about them (frustrated, stressed, fed up, in pain). The author also mentions their progress in being healthy and how it has been affected by their current situation.","I was diagnosed with lupus at 15, so for the last 4 years ive been out of the sun, switched to 90% vegetarian, and work out almost daily and stretch every night, yet im still not able to work.  Not for lack of trying, my last part time job ended in may, the stress caused me into a flare plus my parents had a baby so even more stressed, now ive been working since november, i was promised a 20 hour work week of 4 hour shifts, in the last month they made me work 6-8 hour days almost every day, and i have to stand my whole shift, so i powered through the month (even when i got sick with rsv and they had me come in, ps i wore 2 masks) and then boom, horrible flare up, ive called out 3 days and they said im on thin ice, but honestly fuck minimum wage jobs, they arent worth my health. But im so fed up with not being able to work, i feel like im never going to move out of my parents house and my dad is disabled too so im expected to at least help clean up and help my siblings but i cant do that when im in too much pain to get out of bed. The few months i was unimployed i was so healthy, and only 1 minor flare that ended in a day, i was prepping meals and exercising all the time and being healthy, now all that progress i made to earn muscle has been slowly going down the drain since i havent had as much time to work out nor the energy. Anyways thanks for coming to my ted talk."
28535,1,"The text belongs to class ""1"" because the author describes their personal experience and emotions around their elopement and the accompanying stress related to their physical condition. They also mention their feelings of not being ""normal"" and wanting to look back on the day with a sense of normalcy.","Hello Friends,    My partner and I are eloping and I have started to have some very sad emotions around photographing our day. I really did not think these feelings would bubble up as much as they did and continue to ruminate.  It has been a lot to process as I can't sleep and have started to form a stress rash on my face.  For context, I had a stroke at 10 months old and as a result have dystonia.  I have uncontrollable muscle spasms and nervous about how I might get comfortable poses.    I had a brief email exchange with my photographer about how we might work together the day of and she started to explain how she doesn't plan poses in advance as she wants organic moments, which I absolutely understand.  Nothing could ever be planned down to the minute.  I plan on having a phone conversation with her experience photographing someone in a wheelchair.  But for my own peace of mind I have started to put together a Pinterest board seeking poses that I might be comfortable with.  I'm finding the irony in this as I am very anti-Pinterest-bride, hence why I am not planning a big wedding.  But it sounds like it's too early to share this with her (Oct elopement), nor am I sure she would be open to it.     I spoke to a married friend of mine who has a prosthetic arm and she put things into perspective for me.  It's hard to explain how much we may overthink the simple joys, because it becomes a different experience from the norm.  But we don't choose these things, they choose us.             I did not consider as a person with a disability that I should have gotten on the phone and asked questions ahead of time given my situation.  It's funny that I often forget I need to make accommodations for myself and others just have the privilege/that sense of normalcy, so when I was planning I was going by the typical bride/groom experience.      In the grand scheme of things this has not been the largest hurdle I've had to overcome.  Insurance,  doctors appointments, and ableism, am I right?  But I want to look back on this day and the photos and feel 'normal' for once.  Has anyone had experience in this area?  Or have advice?"
28536,1,"The text belongs to class ""1"" because it contains a self-description of the author's condition and experiences, as well as their emotions and feelings about them. The author describes their struggle with acquired disability due to spinal issues, their health anxiety, and the guilt they feel for not listening to their body and causing further damage to themselves. They also mention their fear of progression and the difficulty they have in accepting their current situation. Therefore, the text can be classified as class ""1"".","Hi everyone, I have been suffering with the emotional side of acquired disability through spinal issues. I have EDS now diagnosed.  I have really bad health anxiety, and when I first started getting symptoms five years ago I was told by doctors it was psychosomatic. I blanked out that time of my life and continued because it wasn’t disabling yet and then I did some things like wakeboarding and had a few accidents. Overtime, I started to notice progression. I gaslighted myself that it was in my head. I also did some weight lifting with terrible technique I should’ve never done that seriously progressed scoliosis and spinal issues. My health anxiety progressed and I started to do really damaging things to my body to “prevent” progression. It’s hard to go into it, but it made everything worse and I stretched my spinal cord by accident. I saw doctors but never explained the extent of my symptoms from the PTSD of being told it’s all in my head, I was still being told psychosomatic. I am now disabled and progressing and I have finally made an appointment to get imaging from a doctor who is willing to problem solve with me. I’m now diagnosed tethered cord, cervical instability and spinal cord  issues but no money and unsure about surgery.   I am having such a hard time with forgiving myself for the things I did that damaged me more. I feel like my anxiety went into overdrive and I caused myself to get worse. I gaslighted myself and didn’t listen to my body.  At times I’m aware I was gaslit by my family too and doctors. I just need help coping with regret and feeling like I caused my disability. I made it worse.  I live in fear of progression. I repeat my mistakes in my head.  How do I move on and accept where I am? The future scares me when I replay what I did in my past. Does anyone know a good book that will bring perspective? Thank you."
28542,2,"The text belongs to class ""1"" because the author describes their personal condition of having shaky hands due to brain issues and expresses a desire to learn how to apply lipstick without assistance. They also mention past experiences with their girlfriend applying it for them, indicating a personal experience related to the condition. Therefore, the text contains a self-description of the author's condition or experiences, and how the author feels about them.",Hi all.   I have shaky hands due to brain things and I'd love to figure out how to put on lipstick without looking like a clown or a deranged lady in a psychological thriller. Do you have any ways to help combat the shaking? Tools you use to help?   In the past I've had my gf put it on for me but that was for special events and I'd like to learn to do it myself since we don't live together.  Thanks!
28544,2,"The text describes the author's personal experience with chronic dizziness and its impact on their job, as well as their feelings about the situation. They are seeking advice from others who have dealt with similar issues, indicating a first-hand account and emotional involvement.","Hello , I am not sure if this is the correct place to post this . I have been dealing with a chronic dizziness that is unclear and has been diagnosed as many different things preventing me from doing my job . I got sick at my job actually and have been off of work on and off in total for about 4 months and I was able to return to work with an accommodation that would last 3 months . I was only able to work with it . I have been set up with disability through my work and I am currently on FMLA and set to return in January. It was recommended by the disability department in my work that I apply for a workplace accommodation and if that can not be met I have to give up my position and they will help me find one I can work . I work in the health care and my job is very active lots of bending and I’m also a float so I get sent to a lot of very hectic departments . Is there anyone who deals with chronic dizziness and worked an active job prior or now and filled and ADA ? What did you request ? I can’t really figure out how to fill this when sometimes I’m dizzy for no reason all day or sometimes it’s just when I’m bending over often . The best thing for me is to do seated work but that is hard to do in my job ."
28547,1,"The text belongs to class ""1"" because it contains a detailed self-description of the author's condition and experiences, as well as their feelings about them. The author shares their personal experience of being in a car accident, the medical malpractice they faced, their recovery journey, and the recent discovery of a cyst that is causing further issues. The author's emotions, such as fear, frustration, and sadness, are also evident throughout the text.","January 12th 2022 I was in a car accident that left me with a spinal cord injury. The whole thing was extremely traumatic and a lot of things went wrong. In hindsight, there was definitely medical malpractice but I was so out of it and scared I couldn’t identify at the time. I worked really hard to get my life together since then. I have a part time job, I go to college part time, I kind of have a social life, and I’m in therapy.  Six months ago I started having sensation loss. I reached out to my neurologist who said this wasn’t a huge deal, so I ignored it. But it went from a little sensation loss to rapid, permanent sensation loss and then balance issues. Due to a separate issue I ended up getting an MRI on December 15th where they found a cyst compressing my spinal cord.  I was able to get in with my neurosurgeon really quickly and he explained it needs to be removed or it’ll only get bigger and cause more problems, including but not limited to mobility loss. Additionally, he was able to deduce from the type of cyst and the placement, this cyst is a side effect of my spinal cord injury. I go into surgery on January 18th. I feel like my body betrayed me again. I worked so hard to get to a good place only for an injury I had TWO YEARS AGO to pop back up and set me back. I’ve already had such an increase in pain and had to stop doing as much as I was. I’m more dependent right now on my family and I hate it. I just want to be me again."
28550,1,"The text describes the author's personal experience of losing insurance and facing mobility issues, as well as their feelings about discussing these symptoms with their doctor. The post also includes a question, but the primary focus is on the author's condition and emotions.","I lost my insurance in July of this year. It’s been six months since i’ve seen her, and I have a lot of symptoms and believe they will lead to a diagnosis. because it’s been six months, i’ve experimented with different mobility aids and found that a wheelchair has helped me the most.   Before my insurance expired, I was being referred to a cardiologist for heart issues. I love my doctor and I believe she’ll listen to me, but i’m afraid my seemingly sudden onset of symptoms will make her believe i’m malingering.   I’ve always had trouble speaking to her so I usually don’t bring up my symptoms but I’m ready to now. Do you think she’ll be willing to refer me to someone who will help me with mobility?"
28551,2,"The text belongs to class ""1"" because it describes the author's personal experience and feelings in the situation where a woman compared the author's disability to her dog in a stroller. The author's confusion and lack of desire to engage in the conversation are also mentioned, indicating their emotional state.",My prescription at Walgreens wasn't quite ready when I went in to go get it. So I was waiting in the store for them to finish it up. I was in my wheelchair and this woman rolled in with her dog in a stroller.   She decided that it would be a great opportunity to chit chat with me. Apparently being a disabled person is quite similar to her dog riding in a stroller?    I had no idea what to say to this woman. Comparing my dysautonomia to her dog taking a joy ride in a pet stroller. I just laughed awkwardly and said yeah okie dokie. And went back to looking at my phone.   What would you have said to her? I wasn't rude or mean to her. I was just kind of like really? I'm not in mood for this.
28552,2,"The text belongs to class ""1"" because the author is describing their personal experience and feelings about applying for PWD (Persons with Disabilities) and filling out the physician portions of the application. The author expresses concern about their handwriting being messy compared to the doctor's assistant and whether this will raise any red flags. The author is seeking validation and opinions from the community about this situation, indicating that they are emotionally invested in the outcome.","Hi guys I’m currently applying for PWD, without getting into too much detail, my doctors assistant had me fill out some of the physician portions and said it’s fine because it’s all personal questions, I don’t know how to feel about this since my handwriting is likely so messy compared to hers, won’t they see that I filled out some parts and then the doctor/assistant filled out the rest and think it’s a red flag ? I asked more than 10 times are you 100% sure I can fill this part out, she said 100% I do this all the time with all of our patients and then look over it afterwards since it’s mostly personal stuff, what do you guys think about this ? Thanks"
28554,1,"The text belongs to class ""1"" because it contains a self-description of the author's experiences and emotions related to their condition. They share how they feel about being judged for using a cane, being treated unfairly on public transportation, and the stigma around their condition. They also discuss their experiences with autism and ADHD, and the way they are perceived by society. Overall, the text conveys the author's emotions and personal experiences, making it a good fit for class ""1"".","(English isn't my first language sorry if I don't make sense .) I didn't notice anything before I got really sick. Now I get dirty looks because I'm young and use a cane, because I sit more often on public transports, because I tend to look more happy than in pain , I don't always use my cane, because I don't look sick, because I'm way more tired than I should be etc.. I even got yelled at and got a 80 euros fine because I needed to stretch my legs on a train's seat and got told that disabled people shouldn't take public transports, I got treated like a criminal and they even called security to circle my father and I. In class I got into an argument with a teacher because I told them as the term crippled isn't up to date and is offensive/ not a general word. Hate against disabled people is insane and I luckily experienced almost nothing compared to full-time mobility aids users , mentally disabled people etc.. I also have autism and ADHD but thank god I don't get a lot of remarks (maskiiing) , the only issues outside are academics and learning. We either are considered innocent children incapable of taking care of themselves, speaking for themselves or advocate, we're incapable of love , lust , anger or any emotions they can't profit for their sick saviour fantasy, we can't be wrong but we also can't be right. We're hated for existing. I'm so sick and tired to act in pain when I'm not because I'll get treated as a faker and attention seeker. When I am in pain I'm scared to annoy people or make them feel bad for me , I don't deserve pity or hate I deserve empathy and understanding."
28557,1,"The text belongs to class ""1"" because it describes the author's personal experience and feelings about their pain clinic appointment and the use of a mobility aid. The author also shares their medical conditions and the challenges they face in pain clinics, which further supports the classification of this text as class ""1"".",I have a pain clinic appointment on the 4th of Jan. And I want to bring my mobility aid but I'm so nervous they won't approve =( . I want to transition into using it full time and I feel like this is a good step but my anxiety is so bad around it. I have a diagnosis of hEDS and POTS and those a very stigmatized in pain clinics I'm also in the process of either getting a sjogrens + neuropathy diagnosis or a psoriatic arthritis diagnosis.  Advice appreciated
28559,1,"The text belongs to class ""1"" because it describes the author's personal experience and emotions related to having cerebral palsy. The author shares their struggle with shaky hands and feeling embarrassed, as well as questioning whether they should apologize for their struggles. This self-description of the author's condition and feelings indicates that the text belongs to class ""1"".","I have cerebral palsy, and I can walk and do a lot of things, but I have shaky hands, so I often struggle a lot depending on the task, and I feel embarrassed. Should I apologize for my struggles? Let's say I drop something like somebody's change or item or just because I feel slow, sometimes I feel the need to apologize"
28565,1,"The text belongs to class ""1"" because it describes the author's personal experiences and emotions related to their illness. They talk about how they have been treated by others, their own feelings and reactions, and considerations for the future.","Ever since I got sick, I’ve had a lot of people treat me horribly   For a long time I just had brain fog and didn’t see it as clearly and put up w a lot of crap  I dont want to put up with crap anymore but I realized that it seems like something weird / bad has happened with most of my connections  It’s like exhausting to figure out who I can ask a question of or get help from, I’ve mostly relied on myself bc it got so bad  Today I started thinking maybe I should just stop caring how some people treat me and ask them for help / advice anyway… idk haha"
28566,2,The text describes the author's personal experience and feelings about their condition as a blue badge holder. They express difficulty with shopping and the desire to conserve energy by parking in a disabled bay and waiting in the car while their partner shops. This self-description and emotional context indicate class 1.,"I am the blue badge holder. I can drive, but can’t do the shopping. Can I drive my partner to the supermarket, park in a disabled bay and remain in the car while she shops?  Otherwise I have to drop her off, find somewhere else to park, and come back and pick her up when she’s done. Driving is tiring and the less I have to do, the better. It would be much better health wise for me to just park and wait in a disabled bay"
28569,1,"The text contains a self-description of the author's condition as a visually impaired Early Childhood Education teacher, and describes her experiences and emotions related to her workplace situation. She feels discriminated against due to her inability to reorganize and clean her classroom during the student's nap time, and expresses her concerns about being held to higher standards and being treated more critically than her coworkers.","I apologize if this isn't the right place to ask this question. Please let me know. I am a visually impaired Early Childhood Education teacher. For some time, I have been being reprimanded and facing hostility from coworkers and my boss due to my inability to work to reorganize and clean my classroom during the student's nap. The room is darkened so the students can rest at that time and it is literally dangerous for me and the students to be blindly stumbling around in the dark while the kids are spread out across the room on cots. I could hurt them if I fell over them! I clean and organize my room 3 times a day as it is, but my workplace has been increasing hostile about this issue. I am also being held to much higher standards than my other coworkers and treated much more critically which I believe is because most of my coworkers are friends or related by blood and I am an outsider. Is this all discrimination?"
28571,1,"The text belongs to class ""1"" because it contains a self-description of the author's condition, experiences, and emotions. The author describes their feelings of loneliness, isolation, and fear of being trapped in abusive relationships. They also express their disconnection from friends and the motivation to seek new connections. All these experiences and emotions are personal and subjective, making the text a self-description of the author's condition or experiences, and how they feel about them.","18F just tired of life. I like keeping myself busy to distract myself, but intense loneliness and well, physical problems can make that hard.  Got OI, am a dwarf, never really had substantial social relationships in childhood. I got a loving family but they can be pretty ableist.  I don't think anyone has ever seen me for wholly as I am, I have never felt truly connected to anyone. Isolated my whole life, dependent my whole life,  I'm scared no one is gonna love me as a disabled person and a dwarf with my country's stereotypical, closed minded ableist culture. A friend I know just said ""dependancy is appealing"" to him. I see articles of disabled people in abusive relationships. I'm scared most of the people in my future relationships are gonna end up like that guy or my parents, sweet but ignorant, trapping you in an eternal loop of dependency, unaware of their own actions. Or worse.   I'm scared I'll end up finding myself in an abusive relationship, never a happy and healthy one.  I'm so incredibly lonely.  I feel disconnected when talking to friends.  Sometimes I feel people are only with me because they pity me, I am so used to being pitied.  I am losing motivation to keep seeking new connections with people.  Yet I don't wanna give up hope."
28574,1,"The text belongs to class ""1"" because it contains a self-description of the author's condition (PTSD, TBI) and experiences (involvement in combat, feeling like they're not being treated fairly), as well as their emotions (struggling to exist, feeling like they're not being treated fairly, and not wanting their children to see them in a certain way). The author is also expressing their feelings about their experiences, making this a personal reflection rather than a question.",Hi I'm a 100% Disabled combat vet. I was involved in some wild shit overseas. Numerous bombings explosions firefights. Ive had rank taken from me for saving american lives. And they denied my purpleheart. My chain of the command was extremely toxic and it really messed with me mentally. The only time the violence is an issue with me is when I feel like me or my own is in danger and next minute you know I'm John wick ready to go. Currently I'm having a hard time simply existing. I feel as if I'm not being treated fairly and it puts me into this kill mode. I don't every want my baby's to know who their dad really is. For the past 3 years I've been telling my kids that I'm sick and it's starting not to work any more. As of now I have been 3 months with out a therapist and I'm not doing well. My wife suggested telling the kiddos. I just need them to understand that daddy loves them unconditionally and it's hard for me to be like other parents. I spent a lot of time alone because I hate who I am and I don't want them to see me like that. How do I even begun?  Ptsd  Tbi
28575,2,"The text belongs to class ""1"" because the author describes their personal situation and how they are feeling about it. They talk about their experience of being abandoned by their husband after becoming disabled, and their fear of becoming homeless once their house is sold. They do not ask a question, but instead seek information on how to avoid homelessness.","I know there are *first time* assistance grants, etc for disabled folks but I’m looking for specifically refinancing help. Husband abandoned me when I became disabled (told me I was now worthless and he never intended to be with a disabled person but that’s another story). I have SSDI and alimony is yet to be determined but I need to find out what options for trying to stay in my home I have now so I don’t end up homeless once house is ordered sold.   Please keep suggestions to info I asked for, thank you."
28579,1,"The text describes the author's personal condition, experiences, and emotions related to their visual impairment, including frustration, limitations in job opportunities, and feelings of being a burden.","I am 19, and severely visually impaired- and cannot get my license because of it.  All of my life i’ve known i’d never be able to drive, but as I’m getting older, it’s making me more and more frustrated.  I’m lucky to live in an area where i can walk to my work, but fuck man, how am I going to get a better job like this?  I can’t go to cities with high amounts of public transport, it’s so expensive and I have no way of affording moving out of my mom’s house. The public transit around my city is unsafe   I can’t afford to uber everywhere, and I always feel like a bother having to ask my mom and partner to take me places.  How the fuck am i supposed to succeed, or even advance like this???  Ready to be done w this tbh."
28580,1,"The text describes the author's personal condition, experiences, and emotions related to their visual impairment, including frustration, limitations in job opportunities, and feelings of being a burden.","I am 19, and severely visually impaired- and cannot get my license because of it.  All of my life i’ve known i’d never be able to drive, but as I’m getting older, it’s making me more and more frustrated.  I’m lucky to live in an area where i can walk to my work, but fuck man, how am I going to get a better job like this?  I can’t go to cities with high amounts of public transport, it’s so expensive and I have no way of affording moving out of my mom’s house. The public transit around my city is unsafe   I can’t afford to uber everywhere, and I always feel like a bother having to ask my mom and partner to take me places.  How the fuck am i supposed to succeed, or even advance like this???  Ready to be done w this tbh."
28584,1,"The text belongs to class ""1"" because it contains a self-description of the author's experiences and feelings. The author talks about their personal experiences with gendered expectations and how they perceive people treating them differently due to their trans and disabled identity. They express their feelings about not being seen as a ""regular dude"" and how it bothers them.","This might be a weird one but hear me out please. (reading recs / disability theory recs please if this is a real thing written about)  Going outside my house, I use my wheelchair about half the time, depending on accessibility. When I do, I've been noticing more and more that people don't treat me the same they do others, with regard to gendered expectations in particular?   I read as a man to the world, and while my identity is a little more nuanced, I am very comfortable being seen as a man by strangers. I am also visibly Jewish and wear my kippah (yarmulke) everywhere.   However, being trans I have a lot of experience navigating gendered expectations, and since becoming (visibly) disabled I have definitely noticed people seemingly placing me outside of these categories. Men will be less 'bro-y' and more delicate, there's a loss of that camaraderie when talking with me, and women will be more comfortable and 'let their guard down' in a way I haven't seen since I was presenting as a woman years ago. Maybe they don't see me as strong or as capable, and therefore less of a 'threat'? Maybe they just don't see me as a gendered being at all, just disabled. It's really strange.   These are really basic examples, and obviously there's a lot of overlap between other axes, such as people assuming I am gay or straight, younger or older than I am etc, but it's been really getting to me lately. I just want to be a 'regular dude' to these randoms at the cafe and I don't know why it bothers me so much."
28586,1,"The text belongs to class ""1"" because the author describes their personal experience and feelings related to their neurologic disability and the challenges they face at their job. They also express their emotions about the situation, such as feeling upset.","I'd like to figure out how to make this a reasonable request. I have a neurologic disability. I got a job not long ago to try to reassimilate back to normal life following my injury.   Some of my symptoms include neurogenic bladder/bowel, rarely a delay in the movement of my legs, and sometimes an issue with my short term memory. In my job I've had a coworker make comments that I use the bathroom too often for their liking, acting almost offended when I don't remember a stranger, and one time this coworker wanted me to advance forward quickly so they put hands on me to push me forward.   It's so upsetting I've sat down and cried after work night. How do I approach this to ssue?"
28589,1,"The text belongs to class ""1"" because it contains a self-description of the author's experience and feelings. The author shares how they have learned to avoid disclosing their disability online, as it changes how people act around them. They then describe a specific instance where they accidentally revealed their disability and faced negative consequences, including being treated differently and asked inappropriate questions. The author expresses frustration and disappointment with this behavior, indicating their feelings about the situation.","I have learned to avoid telling people online I’m disabled because they change how they act around me if they know. Prime example, this season, I found a group who enjoyed college football. We talked all season. Then, the other day, they asked if I was going to the bowl game my team is in. Then I accidentally slipped and said no, “traveling in my wheelchair that far is difficult over a football game.” They have since started treating me different. Talking to me like I’m fragile and talking down to me and over explaining things in the games (they didn’t do this before). Asking questions you should never ask a disabled person. It’s so annoying. Why can’t people just be normal and realize, me being disabled does not mean I’m fragile, that I need things over explained to me, or that it’s okay to ask personal questions that nobody outside of my immediate family even knows? I told them to knock it off and then they ghosted me. I don’t get it."
28593,1,"The text belongs to class ""1"" as it contains a self-description of the author's condition and experiences, and how the author feels about them. The author describes their struggles with C-PTSD, hereditary mental illnesses, agoraphobia, OCD, depression, anxiety, brain fog, depersonalization/derealization, and the impact of these conditions on their daily life. The author also expresses their concerns about their living situation and their ability to work.","Warning for heavy subjects  I (F20) have severe C-PTSD from my abusive mother. I also have a lot of hereditary mental illnesses that have been worsened from the post-traumatic stress. Everyday is a struggle and I can hardly get out of bed. I've been depending on my father and living with him the past couple of years, but he's an alcoholic that can hardly take care of himself, let alone me.  I feel like I'm being plagued around every corner. I have severe agoraphobia/fear of others and can hardly handle going out in public without having some kind of feeling of deep dread. I'm constantly being drowned in the stress of OCD, depression, anxiety, brain fog, depersonalization/derealization, etc. I'm barely hinged and my sanity is extremely thin. My brain fog was so bad I had to drop out of high school. I'm working on getting a GED but even just doing that has taken me months to work on because getting out of my head is so hard.  I can't depend on my father any longer. His health is volatile between his various heart problems and the damage drinking has done to his body. He was in the ICU last month because withdrawal in rehab almost killed him. If he dies or relapses again and can't work, not only will I be even further emotionally destroyed, but my cat and I will be homeless.  I've never had a job before, and I don't think I could even handle one right now. Is it possible for me to get disability?"
28598,2,"The text belongs to class ""1"" because the author is describing their personal experience and condition, as well as their desire to connect with other individuals with disabilities in NYC. They are expressing their intention to create a social meet-up, which shows their proactive attitude and personal involvement in the matter.",Im from nyc and iam looking to connect with other individuals with disabilities in the area. I want to create a social meet up anyone interested-
28599,1,"The text is a description of the author's personal experience and feelings about their condition and the impact of their ex-wife's actions, which places it in class 1.","This gives some insight into how badly my ex-wife screwed up my brain. When we got married, I was normal. Hell, I was in the military for crying out loud. Then my MS diagnosis came down. And I was still normal. Some dexterity issues, and occasionally I need to walk with a cane. But my condition is progressive, and things got worse. If you can imagine something going wrong below the waist, it happened to me. And she was there for me, to help me get through it, for a while. I guess it got to be too much. She stopped wanting to help, didn’t want to adapt, and eventually left me. So I got into my head that there must be a threshold, when somebody becomes too disabled. I’m stable now, but still pretty rough. And I do get worse, nothing will stop that. But I feel like I’ve already crossed that threshold."
28601,2,"The text describes the author's personal experience and feelings about their job attendance and health issues, including a disability and a sick line from a doctor. The author is expressing concern about the potential consequences of their absences from work.",I am about two months into my job now and i only work the weekends. I was off with a sick line from doctor with a chest infection which had a severe impact on my asthma and wasn't fit to work. I have then stayed off one more day due to my disability which is crohn's disease and i could barely walk and was in a lot of pain and discomfort so i phoned in sick to work. Today I got pulled in to the office and my manager has told me that I am on 31% attendance when it should be under 3% and that i need to get it back in line or else i will have undergo disciplinary action or even fired. I explained to him that i have a disability and he says he needs to get it checked with an other manager as he doesn't know much about my condition. Once i flare up it is almost impossible for me to attend my work. Is this a fair reason to be fired even though I have a disability and also had a sick line. He said if i stay off again in 6 months i will be possibly fired.
28602,1,"The text describes the author's personal experiences and emotions, including their struggles with various health issues, unemployment, and financial difficulties. They also express feelings of depression and hopelessness. Therefore, the text belongs to class ""1"".","I have a dumpster fire of issues. I won't go into details, I'll just list off what I'm dealing with at the end of this rant.   I cannot work. And of course, I don't qualify for disability (not that the disability here in the states even goes anything for those who are married. I have been a sahp since I got pregnant VERY early on with my now husband (that's it's own drama) 2 times in 13 months.   Due to my inability to work, we had to house with my parents (who are emotionally neglectful and were medically neglectful of me) and my husband had to get whatever job he could get for the last 6 years.   I decided to gaslight myself into believing if I just got away from my parents, I'd be able to work and earn a living. So I had a friend help me move in with her in Colorado and get a job (which I did actually get). I worked for almost a year, if it weren't for my amazing team lead, I wouldn't have made it 3 months, but he really helped me keep my attendance points below firing line. I managed to save enough to get my family here during tax season of this spring.  When we all got into our new apartment, my friend bailed on me and left to live in Chicago (she made it sound like she'd be a supportive person in my life, and would help me with finding other folk to call friends).   I've been growing ever so increasingly depressed. I lost my job early November due to physical issues and now I'm unbe to find a job I can do. My husband can't afford to pay our rent without another job but he feels starting a business would be best.   We can't pay rent this month and have no reliable vehicle to get us back to our own state.   I feel so lost and unable to do anything. Idk what to do anymore. I've always felt like life hated me but tried to push past it. I'm 31 and about to be homeless with my two kids all because I can't work. I'm tired of trying. There's no escaping this hell scape that is late stage capitalism as an disabled person.   My laundry list of dumpster fire issues is as follows: Depression. Autism. Dyslexia. Dysgraphia. ADHD. CPTSD. Possible POTS (feinting/seizure type activity has resulted in 2 head injuries within the last 4 years). Scoliosis. Grade 2 spondylolisthesis with DDD causing wedge shaped vertebrae at my L-5. Reverse lordosis in my neck (with multiple slipped vertebrae). Narrowing root canals on the left side of my sacrum. A long ago broken and wrongfully healed coccyx. Joint inflammation and loss of mobility (especially my thumbs). Plantars fasciitis. Both tailors bunions and normal bunions (toes over lap, but are not considered 'severe' enough for any help)."
28604,1,"The text belongs to class ""1"" because it describes the author's personal experiences and feelings about their situation. The author talks about their isolation, their difficulties with socializing, and their recent experiences in physical therapy with other disabled individuals. They also ask for advice on how to socialize in this new environment and express curiosity about other people's disabilities. All of these elements indicate that the text is a description of the author's experiences and emotions.","So, I've never really gotten an opportunity to talk to other disabled people irl, excluding visits to my doctor. Never managed to make a friend there though, I do visit my doctor in another city so I never really meet the same people in consecutive visits.  I've been very isolated my whole life, so I'm pretty bad at socialising. Recently, I've start physical therapy, it's filled with disabled kids and teenagers, our therapists are pretty nice too, I've never really been in such a socially active environment in which I don't feel out of place,  So basically I wanted tips from y'all to socialising with both the kids and therapists alike and what is and isn't appropriate. I'm pretty shy but I find myself wanting to get to know them, while keeping in mind that we WILL be exercising, it's not exactly a party.  How do I find an opportunity to talk to one of them at a time?  Also, I find myself curious about other people's disabilities, how do you think I should go about it?  I'm 18 btw"
28605,2,"The text belongs to class ""1"" because the author describes their personal situation of living in a flat share in El Gothic, Barcelona, and their current inability to access it due to the lack of a lift. The author also expresses their feelings about the situation by using an emoticon. Additionally, the author is looking for a wheelchair-friendly spot on the blue ball, indicating that they are seeking information based on their personal experience and needs.","I am part Catalan soo.. I have a flat share in El Gothic, Barcelona.  That now I cannot access 😑, no lift.  Sooo I am just curious if any one has a spot on this round blue ball they say is a little more wheelchair friendly. ♿"
28606,1,"The text belongs to class ""1"" because it describes the author's personal experience and emotions related to an accident that caused them to lose vision in one eye and changed its color. The author expresses their sadness and feelings of being deeply broken whenever they are reminded of their condition, and they also mention feeling alone in their experience.",When i was 10 years old i had a terrible accident then i got injured and i had injury in my eye but after a some years it’s completely different I can’t see from my one eye and also the color is changed and i cant see this whenever i see I become so sad and feel deeply broken so i can just cry and even cry alone I didn’t tell to someone else about this because I’m a so-called boy…. I even can’t write my feelings
28612,1,"The text belongs to class ""1"" because it contains a self-description of the author's personal experiences and emotions related to their disability and interactions with the Social Security Administration (SSA). The author describes their feelings of stress and anger, as well as their thoughts and opinions about the SSA's policies and procedures. They also discuss their own issues and concerns with the SSA, including the SGA limit, inaccurate wage tracking, and the criteria for disability. Overall, the text conveys the author's perspective and feelings about their own experiences and the SSA's policies.","Alright. I’ve gone from stressed to really fucking angry. On Nov 24th, SSA sent me a letter of working over the SGA several months. Including all of this year. I read this after I came home from Thanksgiving. Before my current job I barely worked 15 hours a week at minimum wage. That was all til May. And then I was let go DUE TO MY DISABILITY. They bought me out for 5 months worth of pay as long as I didn’t make it a bigger issue. They had my employers incorrect and were listed redundantly as if I was working for two companies at once. So I replied with a very formal letter with every stub I’ve had since 2016. My benefits are at risk for this and I am providing as much information I can to correct the record.  So I’m waiting. And then I come back from Xmas vacation today. A letter is there marked Dec 18th. I had 10 days to reply. THE SAME FUCKING ACCUSATIONS without any acknowledgement of my stubs and letters I replied to the first letter with. I confirmed with SSA they received all my stubs and the response I provided. It’s like the basically ignored it. Tuesday I’m calling a lawyer.   I will also be reaching out to my representatives about some of the impractical, inapplicable, rules of the ADA law. I’m tired of thinking that there isn’t anything we can’t do about this.  Just because we receive a benefit that doesn’t mean that benefit doesn’t come with strings attached.   I have issues with the SGA being a flat rate nationally.   I have issues with how they collect our wages because clearly they don’t record them accurately.   I  have issues with how they stay organized and follow up on cases.   I have issues with them losing my paystubs and not accurately tracking my employers despite my due diligence to provide this information.  I have issues that the criteria for disability is decades old and is not taking into consideration anything that may have changed since then.    I think that overpayments should not be considered in certain cases. If an employee is a new hire and is required to go through training mandatory training in order to keep the job that may bring them over the SGA Limit. if you are one dollar over, you are subject to be considered overpaid that means the next month you don’t receive your benefits. Training is temporary. But just because I may make a little more that month? It sure as shit does not mean I don’t need my benefit to live. My benefit is higher than the SGA. So why in the fuck would you take an entire months benefit away from someone? My rent is 2/3 my benefit. Howie’s one supposed to live off that and maintain health? I live in Denver. My docs are here. My therapists are here. If I need a liver transplant (which is my issue), I have to be near the hospital once they have a donor.  But no. No big deal at all. This month? We just won’t pay you so you can’t pay rent. Because in November 2022, you were over the limit by 40 bucks. WHOOPS! Sorry. Go directly to jail. Do not pass go or collect $200.  They assume you’re gonna be OK. they don’t factor in cost-of-living. They don’t factor in our education or background. This is a Band-Aid law, and it was created by George HW Bush, when he and a bunch of representatives were running for reelection. Sure! It passed. But is very flawed and I believe screwing over some of our most sick. decisions are prone to subjectivity nd assumptions when they send us letters that basically state: JUMP! And we have to say How High? with in ten fucking days. So I will be contacting them. if you have any concerns that you like to bring up that you find is unfair, or even in ethical or Impractical or has no rhyme or reason please DM me so I can bring it up as well. These are my frustrations just from what I’ve experienced.   I know everyone here has suffered a ton. It’s very hard to get disability but that doesn’t mean you lose your right as a person. And be subject to government control. in fact because you’re disabled, you should be given more leverage and more leeway and more flexibility because this condition is not your fault and this fucking government better be doing something about it other than intimidating  and threatening a mentally ill person over the holidays that his benefits may be wiped.   I reiterate: THIS IS NOT YOUR FAULT. None of us chose to be here. But if the government is going to provide a safety net for the broken, the il? Don’t treat us like we treated Native Americans. “Here ya go! Here’s a nice plot of land that the Feds have given ya. Aren’t we nice? Enjoy.” Only to be murdered or wiped out later as if we are in the way."
28613,2,"The text belongs to class ""1"" because it describes the author's personal condition and their desire to seek help in order to return to the workforce. The author's mention of having Ehlers Danlos Syndrome and ASD, as well as their intention to learn and become job-ready, are all indicative of their personal experiences and emotions.","If so, could y'all tell me your experiences? I think I'm at the point where I must admit to myself that if I want to go back to the workforce, I need some help. I have Ehlers Danlos Syndrome and ASD. I want to learn and get myself job ready, just for part time too."
28615,1,"The text describes the author's personal experiences and emotions related to their physical condition, including back pain, ADHD, OCD, and addiction, as well as their feelings of anger, sadness, and hopelessness about their situation. Therefore, it belongs to class ""1"".","So I guess this is kind a vent about seeing all that could've been with my life but isn't.   Basically, I never functioned normally in school due to both bad back pain since being a kid (congenital spinal stenosis they didn't discover until weeks ago, am now 22...) and adhd that's still very suspected but undiagnosed due to a very complicated case preventing investigation, and being born without legs resulting in weight issues and inability to make friends in school. No friends IRL since 10 years old (had prosthetics before then but had to stop due to pain). I had to jump off high school due to not just the unending pain making the lessons impossible, but also the depression from undiagnosed ADHD, and I developed OCD. And then I had to take goddamned opioids for the pain which I of course, predictably (given both genetics from my dad, and my other conditions) became addicted to, and quit, 4 times, but had to go back on, due to the fucking pain, and am now tapering off of cause it turns out there are no good options, yay.  Because of course, and this is fun, I can't tolerate 90% of medicines, they don't work on me... cause of fucking course. And on top of this I have pressure in my skull like from brain cancer, but chronic, yay (but not a malignant cause, though it could blind me), and lots of other issues I didn't even mention.   Basically just seeing every happy couple, people achieving what they want professionally, people living healthily, NORMALITY, makes me profoundly angry not at them but just the random chance that more or less decided my life, cause in my position 9/10 people would end up where I am, more or less and it feels hopeless, but also not. I don't believe in free will, as it seems irrational to me to admit that environment and genetics *do* decide one's life, but only, somewhat? But that's the thing, I don't care, who's to say it isn't my fate to basically do the very best I can in every single way? Just wish this 3rd/quarter of my life (hopefully) so far hadn't been such a fucking waste.   I don't cry, due to bullying. I'm basically incapable of it due to turning off emotions when younger due to bullying, but I just cried pretty hard for the first time in 10 years? I'm just sick of being sick, and want a normal life, but that's never gonna happen, I'll just have to hope for and settle for some kind of semi-normality... and I'd need to be very lucky to get there.   I'm sure I don't need to explain this to fellow disabled people but - I don't want pity, I'm just very fucking angry and for the first time in a long time not numb but actually sad, and hey maybe someone can relate to this, who knows?"
28617,1,"This text belongs to class ""1"" because the author describes their personal experience with chronic pain and how it affects their daily life. They also express their concerns and fears about their condition, providing insight into their emotions and feelings.","Upfront, my opinion is that I'm probably not disabled. But the things other people are saying is starting to worry me.  I'm young, 18. I've been experiencing a level of pain that I thought was par for the course with my job (only 13 hours a week, but all standing and walking- retail). It's in my hips, knees, feet, and lower back. I'm often but not always limping, spend so much time in bed and so much time asleep, and sometimes I'll sit in an unsupportive chair or couch and be entirely unable to walk for a while. My boss sent me home the morning after I sat on a bad couch because I was shuffling across the sales floor, leaning heavily on the cash counter.  Two people who were in my life and have mobility issues / chronic pain said stuff to me like ""that's the most 'chronically ill but hasnt realized it yet' thing i've ever heard"" when I'd say things. I brushed it off as them not knowing what a normal baseline for pain was, but if i'm right i don't know how everyone deals with this constant aching. It's not even like it's that unbearably intense most of the time (though, it has been getting stronger), it's just how CONSTANT the pain is.  Sometimes at work I get to push merchandise carts across the store. I get to put all of my weight into my arms and just use my feet to push me. It feels like I'm on every drug at once and only the good parts. I can't tear my eyes off of the walkers when I walk past that section. I had a dream last night where I owned one.  I know you guys can't diagnose me. I have an unrelated appt with my pcp in a week and plan to bring it up.   But how do I know if somethings wrong or if my own brain is just seizing something insignificant and making it out to be more than it is? That's happened in a significant way once before, where I misinterpreted the symptoms of two yet undiagnosed mental disorders and convinced myself I had a VERY different one, complete with ""feeling"" the symptoms I didn't have, and miraculously stopped experiencing once I went the route of my proper diagnoses.  I'm scared I'll go down this route and make things worse for myself. I'm scared to be wrong. And I'm scared to be right. The people I would most want to help me navigate this are recently out of my life with no hopes of reconnecting. I'm really afraid of what all of this means. I don't know where else to turn."
28618,1,"The text belongs to class ""1"" as it contains a self-description of the author's condition, experiences, and feelings about them. The author expresses their struggles with physical and mental disabilities, their dependence on their parents, and their inability to have a career or a family. They also express their feelings of hopelessness, burden, and loneliness.","I’m not sure if this is the place to ask things like this, but I’m overwhelmed and hopeless and not sure what the point is, anymore.   I have no idea what the fuck my life is supposed to be for whatever 50+ years I might have left of it. I’ve got a laundry list of harmonizing disabilities both physical (invisible) and mental, all working together to keep me in pain and miserable, and I’ve long since come to the realization that I’m never going to be able to be independent. I work the most I’m able to, but it’s not enough to support myself, and I’m at capacity just trying to run my own life. I’m so incredibly lucky to have parents who are able to financially support their adult daughter, and I’d never want to take that fact for granted. I think I’m probably *over*-aware of how much of a burden I am, and that’s kinda the issue. I’m going to be a burden on someone for the entire rest of my life.   It wasn’t so bad when I was a young-young adult, because nothing really is expected of you, and all your peers are also just figuring things out, but now all my friends are married, and buying houses, and starting families—and I’m not even sure how I could morally approach dating, knowing I’d be basically subjecting the person to financially, emotionally and sometimes physically supporting me, when I can only offer one of those things in return. I know that’s not all that relationships are, but my health issues are a big part of my life, and that just seems like far too much baggage to put on anyone.   I’m just—stuck. Is there anything to look forward to? This feels like the peak of what my life will be, and while I’m so eternally grateful for what I do have, it seems so… sad.   I have no career goals because I have no career, and won’t be able to have one. I have no health goals because it’s basically just symptom management for the rest of my life. I’m never going to have a family for the aforementioned reason, not wanting kids/potentially not even being able to safely carry them anyway. I feel so useless and left behind by life, while also like I’m overwhelmed by the task of managing my life and health every day. I’m just… so tired. I don’t want to have to fight my body, and brain and the medical system. I’m tired of hitting the same wall over and over while life moves on without me.   My younger sibling just graduated college, moved out of my parent’s house and in with their partner, and though I know I can’t and shouldn’t compare myself and my situation to them, it’s hard not to sometimes. I’m not envious, but it just kinda drives it home for me that I’m going nowhere, ever really.  I can’t talk about this with anyone in my life, because they already do enough for me, and all anyone can say anyway is “don’t compare yourself to others” and “you’re just on a different path”, which might be true, but doesn’t really do much to help me. I’ve been in and out of therapy for over a decade, and I should probably be getting back to that for questions like this, but finding my last therapist took so long, and I ended up having to stop seeing her for reasons I probably should have reported her for. Now I’m in between insurances and the thought of going through the whole process of finding a new one, and getting comfortable with them seems insurmountable, especially with what I went through with the last one.  So I guess, like what the title says, what do I have to look forwards to? What kind of life can I build for myself? Is this just how it’s going to be for the rest of it, other than things hurting *more* as I age? It feels so lonely and hard already. I don’t know. Sorry for the wall of misery, lmao, I know this is kind a wow-is-me pity party. I hope this isn’t the wrong place to post it."
28620,2,"The text belongs to class ""1"" because it describes the author's personal experiences and emotions related to physical therapy and the people involved in it. The author shares their journey of becoming more independent with the help of their physical therapists, Tom and Alice, and how they became the author's best friends. The author also shares their feelings of despair and disappointment when Tom and Alice moved to another city and their mother refused to take them to the new rehabilitation office. The author's emotions and personal experiences are central to the text, making it class ""1"" material.","I (F28) have had quadriplegic cerebral palsy since birth. PT is something I have had since birth, but it wasn't until seven years ago that I started to be more involved in my physical therapy.  It was all thanks to Tom (M now 36), after three or four years his fiancee (F now 28) joined him.  Thanks to them I started walking by tripod crutches. Previously I had only moved around helped by others, and outside the house I used a wheelchair.  At the same time, Alice and Tom became my best friends. I could tell them anything, they were the ones who took me out for sushi or pizza for the first time in my life.  Tom and Alice worked in a physical rehabilitation camp 700 km from my home, but I was there about four times a year because they are such good specialists. In my country (Poland) you go to such camps with your caregivers, especially when, like me, you are not fully independent. My caregiver is my mother (F54  )Unfortunately, in March 2022 A and T said they are changing jobs and moving to another big city. Admittedly, we are now only 300km apart, but their new workplace is a regular day rehabilitation office. I was in despair. However, my mother promised me that we could always go there for a week of rehabilitation and rent a hotel, as there would probably be one close by. She promised that we would go there every month.  In June 2022, Mum said to sign up for rehabilitation there. Unfortunately we did not find a hotel close by, the nearest one from the office is 5 km away. We would have to take two buses. Mum said she was scared and told me to cancel the booking at the last minute. My friends wanted to assist us on the trial bus ride, but she refused.  A week later I heard her say on the phone to a friend,Sofia (F60) that she wouldn't sacrifice so much for me.  In December 2022 my mum told me to sign up again to T and A. Sofia was going to help her look for a hotel. Unfortunately, she did not find anything. The boss of the  PT office offered us a hotel, but it was still too far away for mum. However, Mum  finally agreed to take the bus.  Unfortunately, after talking to another friend (Ella, 54) she said we weren't going because I would be finishing my PT at 6pm, so it would be dark and mum is afraid of criminals. So again I had to cancel the booking.  The friends were understanding, although their boss was furious. She  told me that if I cancelled the booking again I would still have to pay half the price. I never told my mum about this message.  I think I might be a TA because I posted about it on Reddit back then, but as her. I don't know why I did it. Unfortunately people have discovered who I am.  They say I'm blaming the only person who helps me and I'm ungrateful. Also I still have PT in my city and I can go to another camps.  It is true?"
28621,1,"The text belongs to class ""1"" because the author describes their personal experience of being on disability benefits for mental illnesses since 2012, and how they are currently trying to get their disability switched to permanent or at least the 7-year review. They also share their emotions and feelings of stress, anxiety, and loneliness about their situation.","Hello there, my story is that I have been disabled and been receiving social security benefits since 2012. So that's almost 12 years... I'm apparently not permanently disabled though as I found out I am on a 3 year review. Except, my last 3 year review should have been last year. And still haven't received anything about it.    I am looking into figuring out how to get my disability switched to permanent or at least the 7 year review so I can stop stressing and being anxious about that at least,  as well as qualifying for some other stuff that you can get if you're permanently disabled..   Does anyone know of a form or letter I can take to my doctor to start this process? Anyone else in this position? I feel very alone.  Cus of course when I went on disability over a decade ago, I never dreamed that I would still be disabled today and ongoing.  But it is what it is.  More details- I was approved for ssd for mental illnesses after all my life struggling mentally and not knowing the things I go through emotionally and in my head are not normal. It all came to a head in the fall of 2011 when I completely lost it and attempted suicide. And was put into an inpatient hospital for a short time.  When I came out of that, I've continued my appts with my care team ever since. But nothing has magically changed in my head. It's still there, but now I can somewhat manage it. Sort of I guess.. but I still have these episodes of all kinds of mental problems and they are not predictable so I don't work full-time.  I work a part-time min wage job where I have flexibility, thank goodness.  Csn anyone relate and offer advice on what to do to prove permanent disability?"
28624,1,"The text belongs to class ""1"" because it contains a self-description of the author's condition and experiences, as well as how the author feels about them. The author describes having a top 5 sciatica flare, a stomach bug, and fluctuating between extreme constipation and explosive diarrhea. The author also expresses their feelings about the situation, such as being stuck in bed, feeling unlucky, and wanting a new skeleton.","For the first time in literal years, my husband and I have a friend. What's more, this friend drives four hours (one way) to hang out with us. He is fully aware that I am a 'gat-danged cripple' - my term, no hate. Pretty bitchin', right?  But where am I? I am stuck in bed with one of the top 5 sciatica flares without puking, a stomach bug, and fluctuating wildly between extreme constipation and explosive diarrhea because I started yesterday. This is bullshit.   It can't just be one thing. Shit, two things can be manageable. But no. Instead we have this. We're lucky to see each other once a month, and I can't even be here for it. I want a new skeleton. I want to not be sick."