0,1,"The text is a first-person account of the author's personal experience with a health condition and how a Wii has helped them with at-home physiotherapy. The author describes their emotions and feelings about the Wii, including being ""damn happy"" with it and wanting to share their experience with others.","I have something similar to MS, mostly affecting my lower half. My main problem is balance and lack of strengh.   Recently, I was given a gift of a Wii with a balance board. I said I could use it for at-home physio, as the closest phisyo place is about two hours from me. I had NO idea how much it would help.  Getting INSTANT feedback on how I was not balancing correctly has helped me beyond what words can say. I don't have to tip over to know I'm leaning. It is teaching me what standing centered feels like.  I have re-learned how to walk this past year after not being able to for the previous three. If I had any idea how much the Wii would help I would have gone in to debt and bought one right away.   I'm not paid to say this stuff, I just REALLY wanted to share my experience with it. It has helped me so much... Three days ago I walked without a cane or walker... ALL ON MY OWN for the first time in four years!!  I also love how it makes fancy little graphs to show you exactly how you're doing. Helps make me WANT to get up and get on that board... see how I'm doing on a given day.   Sorry for the rant.... I'm just so damn happy with it!  *TL;DR* Got a Wii VERY happy with it for physio and want every fellow gimp to have one!!"
6,1,"The text belongs to class ""1"" because it contains a self-description of the author's experiences and how they feel about them. The author shares their personal story of being diagnosed with PTSD and conversion disorder, their struggle to find a job, and their eventual success in getting a part-time desk job. The author expresses their emotions of frustration, excitement, and happiness throughout the text.","I've been diagnosed with severe prolonged PTSD, because of that also conversion disorder with complete paraplegia four and a half years ago. I couldn't walk for three and a half years, the last year has been good progress in getting my mobility back and improving my mental health.  Just wanted to say that after (coming up) five years not working, I GOT A JOB!!! I've worked there two months now, already got promoted!! I was getting turned down left right and center... No one even wanted me to volunteer. I was getting VERY frustrated, then applied at a place where my BF knows the staff so they would give me a chance.   I proved myself and now have a part time job, permanently. (I only wanted part time, gotta work up.) I am SO damn exited and happy to be back in society.... I never thought I'd love a desk job so much. I don't have to worry about how my lower half is going to be or baby it every day before I work... It's all good because I'm at a desk!!  I wanted to let everyone know that there IS hope out there for those wanting to get back in the work force... You just gotta find the right place that will look past your 'disability' and see YOU.   /hug!"
19,2,"The text belongs to class ""1"" because the author describes her personal situation, including her chronic health problems and her desire for more independence. She also shares her thoughts about getting a service dog and asks for input from others who have service dogs. This indicates that she is open to hearing about others' experiences and feelings, which suggests that the post is not just a question.",I'm a 23 y/o girl with chronic health problems that makes it difficult for me to get around.  I am thinking that a service dog could help me be more independent by picking things up when I am in my wheelchair and by helping me when I have weakness spells.  I know this is a big decision and would love to hear from people who have service dogs about their experiences.  Thanks!  :0)
26,2,"The text belongs to class ""1"" because the author is describing their personal experience and condition, as well as how it affects their decision-making process when it comes to replacing the carpet with hardwood floors in their condo. They also express their thoughts and concerns about the situation, including the potential need to make accommodations for their disability.","Hi, this is my first reddit post. I am purchasing a level entry (second floor) condo, and I am trying to decide if I should replace carpet with hard wood floors. Reason being I have nerve damage in my feet and easily trip, especially in the dark. I also need to use a wheelchair when I just cant be on my legs anymore.  According to the CCRs for the condo, I am supposed to get board approval before replacing carpets with solid surface floors (its a noise issue for people downstairs) Timing of the sale and being able to get contractors in the unit before I move in may prevent me from going through that process. I am thinking I may just go ahead and have the floors put in, with noise abatement material under the floor. If they complain I can make a very real case that this is a disability necessity. Anyone have any experience with this issue?"
28,2,"The text belongs to class ""1"" because the author describes their personal experience of receiving Supplemental Security Income, going through a periodic review of their case, and changing their bank account to a credit union. They also express concern about having to undergo another review so soon after the first one.","Hi all,  I'm disabled from birth and receive Supplemental Security Income. In September I did one of their periodic reviews of my case. Everything went fine.   Today I received another letter saying I have to do it again. The only thing that's changed is that I changed bank accounts to a credit union shortly after the review (which I reported to them right away).  Is this something I should worry about,  or is it just something triggered by changing banks? I've never had two reviews so close together; or even in the same year."
29,1,"The text belongs to class ""1"" because the author is describing their personal experience of using a wheelchair for a month as a professional development goal, as well as sharing their thoughts and feelings about this experience. They also ask for advice and suggestions from others who use wheelchairs or have disabilities, indicating a desire to learn from the experiences of others. The text contains a self-description of the author's condition and their thoughts and feelings about it, which is characteristic of class ""1"".","As a teacher, I have to pursue a professional development goal. This year I have decided (and been approved) to teach for the month of December (and probably March or April as well) while using a wheelchair. Today (parent-teacher conference day) I've given it a test run.   My classroom is *so* not wheelchair-friendly. I'm learning powerful things about how different the world is from the other perspective. I've always tried to be aware of such things, and I've worked with many people of varying levels of dis/ability, but of course it's so very different when you put yourself in the other situation.  I'm keeping a blog [here](http://pchair.edublogs.org/), in case anyone wants to read it. Meanwhile, I'm curious to know what other folks who use wheelchairs (or live with other disabilities) think I should know.   I also have some questions:  * I'm planning to use my biking gloves while in the chair. Are these generally best, or is there another kind I should know about?  * I dropped a piece of paper today and struggled for a couple of minutes before getting up to grab it. (I know, this is where I come to the project with privilege.) I grabbed a couple of rules to use like chopsticks, but perhaps someone else has a better suggestion?  * I'm a fiercely independent person. How hard is it for you to ask for help on occasion?  Thanks in advance."
31,1,"The text belongs to class ""1"" because it contains a self-description of the author's condition, experiences, and how the author feels about them. The author describes their struggles with primary immunodeficiency disease, hospitalizations, treatments, and the impact on their daily life. The author also expresses their feelings of humiliation about their situation and the need for social assistance.","I'm a 21-year-old female from Florida. I have primary immunodeficiency disease which I've struggled with for the last few years. I've been hospitalized for long stretches of time, numerous times. I've had plasma transfusions, several surgeries, been on a lot of medication and my daily activities, ability to work in an office environmental, and general ability to take care of myself are impaired. I currently live with my parents but would like to live with my boyfriend. He is a full time student and full time worker. And won't be able to take care of me if I have a bad flare.  Would my case be applicable for some sort of disability assistance (Either insurance as I'm a consultant who works from home with no insurance of my own) or social security?  I feel very humiliated about the whole thing as my illness is mostly invisible and I'm very young to be looking for social assistance.   Still, I don't think I could make the move to independent living without a real safety net. Any advice would be great."
32,2,"The text belongs to class ""1"" because it describes the author's personal experiences and interests in anthropology, disability studies, and People First Language. The author also expresses their thoughts and concerns about the use of political correctness in relation to People First Language.","I'm currently finishing up my undergrad career majoring in anthropology with a focus on anthro of disability/disability studies.  I've had many opportunities working with disability both in my local community and abroad in research and volunteer work.  Since I found this field of interest, People First Language has been something I've always tried to be cognizant of; yet in a generation when Political Correctness is such a sensational band wagon to get on, how far can I truly defend PFL?  That being said, does r/disability feel strongly about the difference between between ""being disabled"" vs ""having a disability"", or no?  Thanks everyone."
34,1,"The text describes the author's personal experiences and feelings about the representation of disability on Reddit, making it class ""1"". The author talks about their own situation as a person with a disability, their observations of other posts and users, and their opinions on the matter, all of which indicate a self-description of the author's condition or experiences.","I'm a guy with SMA and really getting into Disability Studies.  This is basically the only disability subreddit I've found.  While there are a lot of great links, there's no real discussions going on.  There are plenty of Redditors out there with disabilities.  LINK was on the front page just yesterday. And yet we need a strong subreddit to address ridiculous reactions like LINK.  I know that post is a part of r/circlejerk, but I also know (and you also know) that it's expressive of a very real and unapologetic ableism.  I've seen too many people with disabilities posting on r/depression.  It makes me think to myself (no offense to r/depression) that some of these posts need be in a disability subreddit instead.  When a woman with a C5 spinal injury is despairing over her situation, she needs to talk to us.  I'm tired of passing by somebody with a disability in the comments section and either having an awkward conversation that leads to nowhere or not having one at all.  What do you guys think?  Do you think disability is underrepresented on Reddit too?"
35,1,"The text belongs to class ""1"" because it contains a self-description of the author's condition (Spinal Muscular Atrophy) and their personality traits (sarcastic and snarky). The author also mentions how people with this condition tend to be this way, indicating a shared experience.","Check out the sidebar. And, please, have fun with it. My flair is a bit of an inside joke at MDA Camp about how people with Spinal Muscular Atrophy (which is what I have) tend to be sarcastic and snarky."
39,2,"The text belongs to class ""1"" because the author is describing their personal experience and feelings about their upcoming birthday and navigating bars in a wheelchair. They also mention their injury and express concern about how to conduct themselves in a bar setting.","Hey!  I'm a bit new to this subreddit, but I thought I'd throw this out there.  My birthday is tomorrow and I'll be 21!  Now, I probably haven't been to a ""bar"" bar (one that's not attached to a restaurant, like free-standing bar) since my injury roughly 2 years ago.  I was just curious as to how to conduct myself since I know for a fact I will run into places where the ""bar"" seating/counters are not accessible.  Any other tips (such as how to wheel around in a manual wheelchair while drunk and *not* falling) are very much appreciated!  Thanks!"
47,1,"The text contains a detailed description of the author's personal experience and feelings about their current situation, making it class ""1"". They share their struggles with navigating a hilly college campus on crutches, the pain they're experiencing, and their gratitude for the help they received. This self-reflection and expression of emotion indicate class ""1"".","I've been on crutches for 3 weeks on a hilly college campus. I live about .8 miles from my first class. A few days ago I started having pain in the leg I'm walking on as well as in the side of my hip. I decided to pick up a wheel chair so I wouldn't have to overuse my right leg.  I kinda thought it would be easy, and I was glad to get my weight off my leg. However, as the day went on, I started to realize how difficult the campus is to navigate without using stairs. Some buildings here have a handicap entrance on one side of the building, and the elevator all the way on the other side. Going uphill might be faster if I were crawling.  The worst part IMO was waiting 5 minutes for an elevator, it opened on my floor and was full...Full of people with two working legs and no heavy items to carry. No one got off the elevator to let me on.  On the bright side, a friend with the same schedule helped me get up a few hills, and my girlfriend drove me from my house to campus. Without their help I wouldn't have lasted the day.  I didn't sign in to reddit to complain. I'll be able to walk again in three weeks. I just wanted to say how much of a new found respect I have for anyone with a disability; mobility related or otherwise."
49,1,"The text belongs to class ""1"" because it contains a detailed self-description of the author's medical condition, experiences, and emotions. The author shares their struggle with Congenital Heart Disease, leg malformations, and the pain they are currently experiencing. They also mention their feelings of depression and the choice they are facing regarding amputation.","I was diagnoised with Congenital Heart Disease and a multitude of leg malformations when I was born, including Tibial and Fibial Haemimilia. I have had many corrective operations and surgeries to get me to the best possible state.  A state that I am still not in.   I'm currently in massive amounts of pain in my lower-back and ankle/forefoot (right leg). I am on high doses of morphine and even then I only recieve 1-2 hours of 'pain-free-ness,' which is not nearly enough to live a happy life - as such I have depression.   Currently, I am faced with the choice that has been presented to me many times but immediatly dismissed. Amputation. I dismissed it before since I had many more options in terms of corrective surgery and was willing to go that route to save my leg, however I have now - at the age of 19 exausted all those options. The last of which was an ankle fusion.   So my question and choice is, to amputate or to not amputate? Is there anything I can do along with exercise and find better specialist shoes (I currently have a small rise + rocker inbuilt) and if I have to go with amputation, what should i be expecting? how do i handle it? I am extremly scared of the idea but I obviously have to be willinging and accepting.   Thanks in advance."
54,1,"The text belongs to class ""1"" because the author describes their personal experience of being hard of hearing and calls themselves deaf in some situations. They also express their feelings about their situation, specifically their frustration with existing hearing aids and their desire for a non-hearing aid solution. The author's question about a potential solution is secondary to their personal experience and feelings.","I'm very hard of hearing, calling myself deaf in some situations, and I was wondering if there was a non-hearing aid solution where you wear headsets and put a microphone on someone to isolate this person's voice in noisy situations? I'm thinking some sort of wireless solution, that you can bring to these situations.   Sadly, hearing aides are not very useful to me, as I have real trouble filtering out ambient sounds and need an isolated boost.  Any ideas or experiences that could help me?"
64,1,"The text describes the author's personal condition and experiences with epilepsy, including how it affects their daily life and emotions. The author also expresses frustration and disappointment about their situation. Therefore, the text belongs to class ""1"".","hello... mcnerdius here.  i have a few questions brewing but i figured i'd break it down into two posts rather than posting one big long ramble.    first off, i'm somewhat paranoid even posting here to begin with, as my disability is kinda, well... different.  i've got really effing bad epilepsy.  no (*cough*legal*cough*) meds have been able to fully treat it, and while most of my seizures are non-convulsive, i have more than my fair share of convulsive seizures.  It doesn't put me in a wheelchair or leave me with many other direct physical symptoms.,,, ***hour or so later:*** annnnnnd i just had a seizure.  6-7th today. :(  Anyhoo, what i was saying is that while it doesn't directly *physically* disable me, it screws me out of alot of physical activities and what's been making me cranky lately is TRANSPORTATION ! Driving, walking on sidewalks near busy roads, using the bus (for reasons beyond epilepsy alone, though), biking - they're all out.  Having no family/friends doesn't help either :(  Didn't mean to get off to so much of a sob start there - it's been a bad day.  I'm kinda just  testing the waters or something here... like i alluded to before, i'm not sure how i and my disability will be ""received"" here - considering it could be (and is, by some folks i know personally) looked at as a ""major inconvenience"" coupled with some psychological difficulties.  Hell, that's pretty much how my ex views it...  I'd really love for them to walk a mile in my shoes, though... that would be nice.  Alright i'm disappointed in this post, after having that seizure and reading this post back, i realize that there isn't much content, but i'm gonna leave it be for now.  Oh one thing i did want to ask/share: where's everyone from ?  I'm in the US. :("
75,1,"The text describes the author's personal experience using a cane and how it has improved their mobility, as well as their feelings about the stigma surrounding mobility aids. The author expresses frustration with able-bodied people who don't understand their experience. This indicates that the post belongs to class ""1"".","First off - I'm not one of those ""Just think positive"" types. Really not. I believe in the healing power of having a damn good snark three times a day. But I keep seeing people go on about how ""sad"" canes and wheelchairs and things like that, and so I'm getting opinionated here.  For a long time I used a cane once in a while, on bad days. Then it was over winter when it was cold and there was snow, and then a couple of winters ago I just... never came back off it. It took a long while to adjust to this - I finally got a nice cane but even then, in the back of my head I was thinking ""Maybe I'll be off it again"".  But I found the people around me were more upset by me using a cane than I was. I got a lot of ""Are you sure you need it?"" or ""What if you left it at home?""  Let's see.  Without cane: I can get about the house on my own on good days. I could *possibly* make it to the local supermarket, but I'd feel unsafe trying, and I definitely couldn't make it home carrying any amount of shopping. I can't really use public transport because I'm unsafe getting out of my seat while it's moving.  With cane: I can get around the house on my own on bad days. I can go to the local supermarket, and the big store further away, and carry my own groceries home. I can go for a wander around town or down to the seaside. I can catch the train all over the country on my own.   So you know what? I'm glad I finally ""gave in"" and started using my cane full time. It broadened my world out from ""my bedroom"" to ""anywhere I can afford to travel"". Yes - it still hurts. But frankly with my joints it's going to hurt even if I'm lying flat on my back. Yes - I still have bad days. But again, I'm going to have those whether I can leave the house or not, and at least this way there are some good days too.  Anyone else found that a lot of able-bodied people just do not seem to understand this? What do you do about them?"
82,1,"The text describes the author's personal experiences and feelings about their situation, including their difficulties in finding employment and the negative attitudes they have faced from various organizations and individuals. The author's use of first-person perspective and emotional language, such as ""I need help"" and ""I have always been poor,"" further supports this classification.","In Ann Arbor Michigan we have AACIL, (Center For Independent Living) and MRS (Mich Rehab) AACIL will let you know what they think of you in a way... No intake, no action, no hurry, no departments with definite assignments, ( what you may call a non-job is what many of these people enjoy) Neither of these places keep track of new offerings toward the disabled,on the internet, neither acknowledges new College grads- They will make work for themselves and get you a blue collar job!  I need help if I'm to get a Schedule A form filled out for a person with a disability.  Univ of Mich Doctors said I'm disabled from a severe head injury and flexed neck. I am on SSI, thought I could do better, no one is concerned... only about me starting trouble for them by asking for something!  MRS moniker "" Meaningful Careers for Disabled""  I have heard of none who got one. I live in a building filled with clients of theirs at some time.  I only seek - To better my situation towards getting some sort of job at college level or the best I can get anyway, probably is not going to pay much... I can't have everything!  BTW- I have been told that - I'm on drugs or am burned out by them, a nut, have aspbergers, faking it, and latest- too old so that explains things. ( Drs. have noted my flat way of talking, weird gait, and anxiety/depression issues and there's more, as typical head injury stuff.) Drs. do not do vocational stuff, Social worker types do. I started school at 39 and am pushing 50 now, graduated in 2007  Bachelor of Science Technology Management from Eastern Michigan Universityy Construction Management from Washtenaw Community College Most of a Health Care Certificate from WCC.  Yeah, I am a troublemaker, a bum, Sorry, this happened long ago to me, I have always been poor.  Reason I mention it, is I lack resources, I need stuff close, I do have a 1992 car, I bet i could do some sort of internship in an area that is worthwhile steppingstone. I've been roughed up by Social Worker types pretty bad.On the way by  PPS If I find good stuff, I will surely post it for  you guys."
110,1,"The text describes the author's personal experience and feelings about their invisible disability and the challenges they face when trying to use public transportation. They express concern about causing inconvenience to others and are unsure about the etiquette of asking for a seat. This self-description and emotional context indicate that the text belongs to class ""1"".","The buses in my city have [this](http://www.grt.ca/en/accessibility/resources/Priorityseating.jpg) sticker indicating that the seats underneath are for people with disabilities. I have a (somewhat) invisible disability (I wear a knee brace, but people don't really see/recognize it) and I need a seat on the bus, otherwise I'm in extreme pain. Is it appropriate to ask for a seat when all of the accessible seats are full? I realize that I don't know who else might have invisible disabilities and I would never ask someone specifically, but is it rude or irresponsible or inappropriate to ask?"
111,1,"The text belongs to class ""1"" because the author describes their personal experience with a disability, including the pain they feel and the difficulties they have with walking and running. They also express a desire to learn how others have come to accept their own disabilities.","Hey /r/disability I don't know if I'm in the right place for that but, I just want to know how do you accept yourself and how you live with yours disabilities. I had torn my ACL and my meniscus a year ago. After my operation, I did physiotherapy for months (almost everydays) and I still suffer a lot every single morning I wake up, each step I do with my cane, every night before I sleep, my knee still hurt me all the times a lot. I have difficulties to walk and I can't really run. It's pretty hard to live with the constant pain I would like to know your stories if you wanna share it and especially how you learn to live with your own disabilities.   Sorry if my english isn't that good"
121,2,"The text belongs to class ""1"" because it contains a self-description of the author's experiences and feelings. The author talks about their own experience of dancing with the person they care about and how it made them feel. Additionally, the author expresses their concern about the person's feelings and their physical condition.","How can i dance with her? I tried once and she said it was great, (for a guy that never danced before). During our graduation of middle school, we had to stand up for the Pledge of Allegiance, and i stood, and i looked at her and felt sad. Can any one help with this also i don't want her to feel bad. FYI: She is physically handicap, and needs a wheelchair to get around."
124,1,"The text belongs to class ""1"" because it describes the author's personal condition, including their brain cyst, constant migraines, blackouts, and seizures. The author also expresses their feelings about their situation, such as feeling like they are at the end of their rope, losing faith in humanity and the country's system, and feeling like they need help.",I have a cyst in my brain and have constant migraines/blackouts and have had some seizures in the past and natural sunlight hurts my eyes severly as well as looking at the computer for more then 30 minutes at a time. Ive been home for 4 years and havent driven or barely left the house . and have been denied disabilty 3 times now ...what can i do ..i feel that im at the end of my rope..i have an attorney but he seems to not do anything..who can i call for help asap..im about to lose everything i have and own . my savings are all but dried up . ive been to brain surgens and they say its inoperabble due to it being in the center of my brain ...i dont know what to do and am/have lost faith in humanity and this country's system. i am a person that actually needs help but all i ever see is people that dont have anything really wrong with them getting assistance...please help
129,1,"The text belongs to class ""1"" because it contains a self-description of the author's condition or experiences, and how the author feels about them. The author describes their struggles in the workforce due to their disability, including instances of harassment and misunderstandings. They also express their emotions, such as frustration, sadness, and hopelessness.","Ive been in the workforce for 15 years now.  I managed to put myself through college, struggling through my disability to learn an extremely complicated degree at a pretty esteemed university.  Everything I know I've had to learn on my own because few people are aware or have any compassion for a disabled person.  I always used to blame myself for my failings.  I've had a lot of setbacks in my career.  I've been harassed, I've been sworn at publicly in front of other coworkers.  Most recently I was brought into a room over a misunderstanding of a minor situation by two senior managers and attacked by them with the assumption that I was doing anything maliciously.  I can't play politics in the office.  I don't hear what people are saying behind me.  I also don't normally hear tone too well (except, of course when people speak in an annoyed tone if I ask them to repeat themselves).  I'm at my wit's end here.  I hate using my disability as an excuse.  I've fought it for many years.  People will accuse me of selective hearing or not paying attention to detail.  I've been crying since I got home yesterday out of frustration, sadness and hopelessness.  I thought I had a manager at this new position who'd support me and defend me.  Instead she threw me to the dogs and publicly ridiculed me in front of another senior manager.  Then they told me to leave the room so they can laugh and gossip about someone in the company who recently left.    I decided to write a letter to HR and so I did, on the advice of a friend who recognized what was going on when I did not.  He told me that what was going on was their fault, not mine, and that I'd been very clear from the time I interviewed till now that my hearing disability is a weakness and I need help to do my job well.    Nobody seemed to listen.  And now I've been threatened to be fired twice for miscommunications.    What I want to know is this...has anyone else experienced this kind of thing in the workforce?  What did you do to resolve it?  Did I just screw myself emailing HR and should I have just kept my mouth shut and struggled on?  I've lost many jobs over the years and this seems to be the issue that keeps being brought up.  I'm never fired per se, but my managers always bring up the communication issue in my performance reviews.  I had a senior manager at my previous company who was very aware of my hearing disability and was able to advise me on how people treated me as a result of my not hearing what they said.  He said that I have a valid issue here and that I should not be doubting my ability.  He also recommended I speak with HR.  I'm now terrified of going to work."
137,1,"The text belongs to class ""1"" because the author is describing their personal experience and feelings about their disability and social interactions. They describe their general approach to viewing themselves and others as people first, but also share their specific nervousness in certain social situations due to their use of a wheelchair. The author's self-reflection and emotional experience are central to the text, which is why it is classified as class ""1"".","I always strive to see myself and others as a ""person first""- not a ""disabled person"", but a person who happens to have a disability. I am genrally pretty good at this, especially in terms of other people. However, especially in social or flirty situations, I often get nervous about how people will react to me (I use a wheelchair). I'm wondering if anyone has tips to boost my confidence..."
143,1,"The text belongs to class ""1"" because it contains a self-description of the author's condition, experiences, and how they feel about them. The author shares their personal story of being a third-year university student with ""mild"" Cerebral Palsy and legal blindness. They also express their feelings about their situation and future plans, including the challenges they face and the steps they are taking to become more independent.","Hello r/Disability!   I’m new here, so I figured it would be a good idea to introduce myself.  I’m a twenty year old third year (Junior) university student majoring in Spanish.  I have “mild” Cerebral Palsy and I’m legally blind.  After university I’m hoping to begin working for my university (it’s considered “state government” work).  I originally wanted to become a teacher, but due to my disabilities, I’ve realized that is an impossibility.  The university has the option of being a “live in” employee with housing and food provided, so I feel it’s the best fit for me in terms of living my life as independently as possible.  At this stage in my life I’m basically learning how to function independently with the cards I’ve been dealt.  In August I’m going to be receiving orientation and mobility training (I know, I should have received it sooner, however my doctor is um… well, let’s just say ranting about him would require a separate post).  To those of you who are legally blind and/or have “mild” CP: what tips/advice can you offer me in terms of being “alone” for the first time?  What things helped you and what things did not help you when you were in the “transition to ‘independence’ stage”?  I’m looking forward to reading your replies!  ¡Espero que ustedes les tengan un día fantástico (I hope you all have a fantastic day)!  - ML"
144,1,"The text belongs to class ""1"" because it contains a self-description of the author's condition and experiences as a paraplegic for 20 years, and how he tries to be active by participating in wheelchair sports. He also shares his love for surfing and his intention to turn an off-road Segway into an off-road wheelchair to change his life and have access to the great outdoors without barriers. He is asking for people's help by voting for him in a competition, which shows his desire to improve his life and overcome the limitations he faces as a wheelchair user.","I have been paraplegic for 20 years and try my hardest to be as active as possible. I participate in various Wheelchair sports, particularly Wheelchair Basketball. I am also a a huge fan of surfing and try and go as much as possible, even though I live in Aylesbury, Bucks, UK However, my life is very limited because after all, this is an able bodied world and is not really designed for wheelchairs users to experience the great outdoors. I have entered a competition to win an off road Segway that I intend to turn into an off road wheelchair that will change my life and give me access to the great big world out there, without barriers. What I need, is for people with a face book or twitter account to click the link supplied and vote for my picture and give me a better chance of winning the opportunity to have a fuller life without limits. Please assist me by submitting a vote for my picture at GoApe - http://goape.rusic.com/goape-summer-campaign-2012/ideas/2639 In advance of your assistance, I would like to say a huge thank you for even looking at this request. Please place a vote for me and help change my life. Thanks Lee Scrafton"
150,1,"The text belongs to class ""1"" because it describes the author's personal experience with Crohn's disease and how it affects their work and financial situation. The author expresses their feelings about the situation, including their desire to work and their fear of losing their home and car due to their illness. They are seeking advice on how to apply for some sort of intermittent disability in California.","Hello,   I've had Crohns disease since I was 14, I'm now 28. I've struggled off and on with flair ups for the entire time...missing a day of work here a day there, nothing too big. But lately I've been getting a lot more sick. I've used up my 10 days of vacation/sick time plus 5-7 days beyond that.   My work is really supportive, and wishes me the best, but my bills aren't so supportive. My lack of work is KILLING me on the financial side of life.   I don't want full disability, I want to work, but I also would like to be able to miss a day of work and not be fearful of losing my car, house, etc.   Does anyone know how a individual in California can apply for some sort of random disability? Like maybe I can call my doctor, get a note, and get paid for the day I miss via disability? I've been working since I was 15 so I'm pretty sure I've earned something :-)   TL;DR I have Crohns disease, I miss work because of it, I need some sort of intermittent disability money. Please advise."
160,1,"The text belongs to class ""1"" because it describes the author's personal experience and emotions related to writing with pain and using a dasher. The author expresses their frustration and desire to write creatively despite the challenges they face.",I have a lot of pain and sometimes use dasher. I want to start writing creatively again but the inability to write nearer to the speed of thought is so frustrating. Just writing this short bit is making me want to type despite the agony. [Dasher](http://www.inference.phy.cam.ac.uk/dasher/)
168,1,"The text contains a self-description of the author's condition (receiving SSI due to a psychiatric disability) and their emotional response (happiness when finding out about the SSI, followed by hopelessness about their current situation).","I get $665 a month from SSI due to a psychiatric disability.  When I found out I got it, I was so happy because I thought it meant I would be able to move out of my parents' house.  But that's not the case.  How am I supposed to be able to find an apartment and afford food on that?  I am currently in a bad living situation and I feel hopeless that I will never be able to move out."
172,1,"The text belongs to class ""1"" because it contains a self-description of the author's condition and experiences, as well as how the author feels about them. The author describes their struggles with asthma, neurological damage, and autonomic dysfunction, and expresses their fear, anger, and sadness about their situation. They also mention their previous life and plans, which were disrupted by their health issues.","I've been in the hospital for a week now with an asthma attack that won't let up. Maybe blame this emotional vomit on the steroids, but this is so scary. I just got my first tank of oxygen to take home with me tomorrow.   I'm 24 years old. I had a life. I had a plan. I wanted to live fast and burn out. I knew I wouldn't have long. I have too much neurological damage from encephalitis and menigitis as a kid. I had a hole in my spinal cord that leaked all my spinal fluid into a my abdomen for six months. I survived all of that. All it lead to was narcolepsy and some shitty autonomic dysfunction where my autonomic nervous system doesn't just dislike me when I stand, but when I move and breathe and try to function. Every fucking day is a struggle to get up, to keep going.   I was an athlete before this. I played basketball. I fenced. I swam. I hiked. I loved everything about moving. Now I sit here in the hospital bed, too weak find a computer cable to charge my damn laptop.   Tomorrow I'm to be released. I'll take a taxi back to my shitty second floor walkup and laughably get fitted for the wheelchair I was supposed to get two years ago. I was too stubborn. Too scared. Now I'm on oxygen and on wheels and have no hope.   I had a life. I had a plan. I wanted to travel and move and see everything. Instead, my parents are picking up their adult child this month and I get to live my own worst nightmare. No way to walk or breath on my own and stuck in my parent's basement for the rest of my life.  I know that being disabled means I'm supposed to be some sort of happy-go-lucky-everything-is-fine-look-how-amazing-I-am sort of gig, but I never got that. All I feel is angst. I'm terrified. How can anyone keep going when all I feel is like I'm a genetic reject?  And I'm so sorry if I've marginalized anyone. Everyone has their own struggles and oh god, if I made anyone feel worse, I'm so sorry. I am just so lost."
178,1,"The text describes the author's personal experience and emotions regarding the use of handicap bathrooms in their dorm. They express frustration and provide a solution they have implemented, as well as asking for advice. This indicates that the post belongs to class ""1"".","In my dorm there are two handicap bathrooms/showers and I asked my RA to reserve only one for me.  It took two weeks but he finally put a sign up saying it was for PWD and emergencies only and it seems that even more people are using it now than before.    Any ideas on what I can do to encourage people not to use the handicap bathroom?    It sucks big time for me, especially when people take super long showers.  I feel like I am justified in reserving the one bathroom out of several since I can ONLY shower in an accessible bathroom. Also, the girls bathroom is a very long walk/wheel (for my low endurance self) away so even going to the bathroom is easier for me in the closer accesible one. I'm thinking about leaving a personal note so my dormmates know that when they use it, they are directly inconveniencing a real person.  It will be taken down by the RA, but I hope enough people see it that it leaves an impression before it is taken down.  Any other ideas or advice on how I can world my note so that I don't become the pariah of the dorm?  Edit: I would especially love suggestions of ways I can express my concerns in memes.  I feel like those would be better received.  :0)   Edit 2:  I ended up posting a handwritten letter and a bunch of memes and so far it has worked!  :0)  The bathroom hasn't been occupied when I needed to use it.  And my RA hasn't taken the memes down.   In case you were curious, here's a link to the memes: http://imgur.com/a/jV5xR  Thanks everyone for their ideas!"
184,1,"The text belongs to class ""1"" because it describes the author's personal condition and experiences, as well as their feelings about the situation. The author has sensory processing problems and Generalized Anxiety Disorder with Social Phobia, and they find their job to be difficult due to the loud and busy environment. They are considering leaving the job and are seeking advice on how to explain their departure to their employer.","I have sensory processing problems (really sensitive to sound and touch) and General Anxiety Disorder with Social Phobia. Given these 2 issues, my job is pretty awful (very loud, very busy, surrounded by people).   I never informed my employer of either of these conditions (I didn't have an official diagnosis when I started the job).   Do I have to say that I'm leaving for these reasons, or could I make something up (I'm going to school soon, I could use that as an excuse)? If I do say that I'm leaving because of these problems, how much would they be able to tell potential future employers? (I live in Oregon, if that is relevant.)"
188,2,"This text belongs to class ""1"" because the author is describing their personal experience and feelings about their current situation, specifically their desire to get in shape and the challenges they face due to their disability. They are not asking a question, but rather seeking advice based on the experiences of others.","I'm thinking that I need to get (back) into shape.  However, due to issues with my disability, I'm not quite sure of the most effective means.  Paraplegics: Have any of you had success with a particular type of workout regimen?"
190,1,"The text belongs to class ""1"" because it contains a self-description of the author's condition and experiences, as well as their feelings about the situation. They describe their physical condition, medical history, and financial struggles, and express their loss of hope.","I've been disabled for the last 8 years. Almost completely immobile for the last 3 of those years. I'm 24 and married. I was in a major auto accident in 2004 that started everything off. I've had two failed back surgeries, surgeries that did what they were supposed to do (herniated disc, arachnoid cyst, lumbar fusion) but didn't fix my pain, in fact they made it worse. I'm on heavy pain medication, have had round after round of PT and chiro. I've tried message and acupuncture. I'm trying right now to get SSI, but my insurance company is fighting me tooth and nail. I just want to know if it's worth it. I'm going to doctors every month that don't fix anything, paying money for pills that don't work, having treatment the only causes more problems. I'm running my husband and myself into financial hell. Will someone please tell me if it's worth it? I'm loosing my hope here."
191,1,"The text belongs to class ""1"" because it contains a self-description of the author's condition, experiences, and emotions. The author describes their disability, the challenges they face in finding housing due to their income, and their frustration with people's false perceptions. They also express their concern about losing their disability benefits if they are rejected by Social Security.","I receive $698 per month from Social Security for my disability, which is paranoid schitzophrenic. Unfortunately, the social worker who submitted my application marked the box that states that I need a Financial Representative, and now I have one. I cut off all access with the social worker after I acquired disability payments. She lied to me and said she didn't mark it, and she did the application over the phone.  Anyway, I'm moving out of the current room I'm renting and need to find a apartment or room to rent. I haven't been able to find any apartments for rent because of their income guidelines, but today I called an apartment landlord and after I told them I received disability (I even lied and said I receive it for autism), she immediately became disinterested and said that there is a room available but the tenants haven't moved out yet.  I'm not a danger to anyone and I have a clean criminal record, what should I say to potential landlords so they're comfortable with the idea of renting to me? I've rented a room for almost a year now and didn't cause my roommate any trouble. It's aggravating that people don't want to rent to me just because of their false preconceived perceptions.  I hate that I have a financial representative but I don't want Social Security to reevulaute my case and possibly reject me because I'd be SOL if they reject me and cut off disability payments."
201,1,"The text belongs to class ""1"" because the author describes their personal experience and feelings about an upcoming operation. They share their fear of hospitals, vaccines, and medical procedures, as well as their desire to remain calm during the surgery. They also ask for advice and support from others who may have had similar experiences.","Short version: I'm going to have an operation soon and I'm terrified. I've never been good with hospitals, it's major surgery. I *want* to go ahead with it, but I know that it will go easier if I can be calm. Any advice/tips? Anyone dealt with the same? What did you do?  Longer version: I've been terrified of doctors since I was a kid. I was mostly healthy but had bad reactions to all my vaccines - so the only times I went into the doctor's I'd walk in healthy, he'd do something, I'd be sick. Which makes a hell of an association when you're 5 years old!   I had a couple of hospital stays as a small child but they're blurry - I wasn't that conscious and I know I've blocked some out. So in a way this is ""First time"". I've never even had stitches, and now I'm going to have major surgery, stitches, the works.  And yes, I am willing to admit I'm bricking it. No matter what happens, I'm going ahead with it, but I'd like to not be sobbing on the nurse when I do.  I have 2 weeks until surgery, so things like ""Go in for therapy"" aren't really plausible. But I'd appreciate some help."
209,2,"The text belongs to class ""1"" because it describes the author's personal experience and emotions regarding their mother's struggle to obtain disability coverage. The author provides specific details about their mother's health issues, financial struggles, and the challenges they face in navigating the system. The author also expresses their frustration and sadness about the situation, making it a clear example of a self-description of the author's condition or experiences, and how the author feels about them.","..ok, not my only hope, but I'm hoping the only one I'll need. I think I'm posting in the correct subreddit (if not, I'll gladly go to the right one).  **TL;DR** at the end  I'm the adult daughter of an 80% disabled vet (though that will probably be 100% by Spring) and a very ill mother who is being ignored by the system. They are not well, and I am now their live-in caregiver. We've been through some issues dealing with the VA for my dad, but it's my mom who's in trouble.  My mother has a massive hernia that formed out of a c-section from her last pregnancy which was (you guessed it) me. She had it ""treated"" about 10 years ago with some sort of mesh patch, but it quickly came undone. Now it is very large (visible through her clothing) causing hip and back pain, but more importantly, destroying her intestines. She has to manually press food through them after she eats and she's sick all the time.  She also is suffering from COPD. In April, she spent 2 weeks in the hospital, after a common cold almost killed her. Now she has an oxygen machine and a long list of meds she cannot afford. Simple tasks are beyond her now, like grocery shopping alone or gardening. She doesn't feel safe being alone with her grandson. Working a job is out of the question.  She will be eligible for some sort of SSI in January (she'll be 62), but we're afraid it won't be nearly enough to keep her comfortable (much less healthy). Yes, she's applied to disability and been rejected. She's going through it again...constant questions and phone calls, emails, faxes, letters. Her claim will be probably be rejected again because they require medical tests, but she can't afford them (which is why she needs help, but she won't get it without the tests she can't pay for, duh!). She's thousands of dollars in medical debt (nearly 100,000) and hounded by collectors.   I feel that her adjudicator (is that the right word?) has been abusive and harrassing, but that could be that I'm pissed off. For example, the agent has been repeatedly told that the cell phone is for emergency contact only and we have provided the home phone at least 10 times--I stopped counting. Today, she fought with my mom because Mom didn't answer her cell phone. After the conversation, my mother went outside and wept. She's so tired and beaten down. It's awful. And this happens all the time.  Is this how they are taught? Is it a strategy to keep from having to pay out? I've asked my mother to seek legal help, but she's just depressed now. Not to worry, I'm generally a not-nice person, so I will keep irritating her about this.  We accept that life goes on, age and deterioration happen, but she worked all her life paying into a system that promised to help her when she needed it. Aside from ""lawyering up"" is there some way to speed up or streamline the process?   **TL;DR** Unhealthy mom needs disability coverage, getting the runaround for the second time. Florida resident, if location helps."
212,1,"The text belongs to class ""1"" because it describes the author's personal experiences and emotions related to their worsening bipolar disorder and social anxiety, as well as their consideration of applying for disability benefits.","I'm a 24 year old female who lives in SC and work just over the boarder in NC. I work in a call center. Since the beginning of my work history, I've been choosing jobs that has less and less interaction with the public. I'm bipolar with severe social anxiety. ( had it since I was little).  Some of my symptoms : Panic attacks. Lack of motivation. Dreading any interaction with people. Swings between sleeping all the time to going days without sleep. No confidence( uncertainty in judgment). Crying spells. Suicidal thoughts. Severe depression with swings of manic activity( for the mania- usually only lasting a day. Always less then a week). Over the last two years, have gained over 100 pounds.  Hate to admit it but a decrease in hygiene. Dread of talking on the phone( bad for someone who works in a call center). Severe decrease in social interactions. Lack of concentration. Inability to make decisions. Racing mind. No energy. Feelings of guilt. Bursts of spending or ideas stuck in head with plans to implement. Very distractable. Constant feeling of apprehension or dread. Inability to look at one thing for a long time( if I'm watching a TV show that's 30 mins. It will take me about 2-3 hrs cause I keep pausing it and doing something else.)   So, that's most of my major symptoms.   Basically what is going on,  is in the last 2 years, my bipolar and social anxiety has been getting worse. My Dr and I have tried many different medications and medication combinations. All have been failures. My social anxiety has gotten to the point where I can almost not go into work anymore. I'll cry for about an hour before I have to go into work because it scares me so much. I've missed a lot of work recently due to my anxiety.  I have tried to get better while still working, but I just seem to be getting worse. I was thinking I might take a leave of absence and apply for disability. That way I can concentrate on getting better without having to set my progress back every day I have to go into work.  From what I have been able to gather from the internet, I meet all the criteria for mental disability.   I would like some input. How do I go about applying? Do I need a lawyer? Can I apply for disability while on a leave of absence or do I need to be unemployed?  Any other information or tips or ANYTHING would be greatly appreciated."
216,2,"The text belongs to class ""1"" because it contains a self-description of the author's condition and their personal experience with Duschenne Muscular Dystrophy. The author also expresses their thoughts and feelings about their situation, such as wanting to get a job and having trouble thinking of a suitable position. The author is not asking a question about a factual matter, but rather seeking advice based on their personal circumstances.","Quick background, I am 23 and wheelchair bound due to Duschenne Muscular Dystrophy( muscle weakening disease). I can move my arms fairly well, but I can't lift anything. I finally decided to get off my ass and get a job. The only problem is I am having trouble thinking of a job I could do. Does anyone know of jobs that someone like me could do? What kind of desk jobs would be in demand now?"
217,1,"The text belongs to class ""1"" because the author describes their personal experience and feelings about being labeled as ""crazy"" and how it affects them. They also express their frustration and seek advice, indicating that they are going through a challenging time due to their mental illness.","Im sick to the back teeth of being told im ""crazy"", that ""crazy people"" should be kept away from the nice, pristine ""normal"" people, lest their crazy juice get all over them.  It's hard enough even to get people to understand that a mental illness CAN be a disability, but being made to feel like im inferior, useless, defective because of my illness is more than demoralizing. It makes me so angry, but getting angry doesnt solve it either.  Any advice?"
221,1,"The text is a self-description of the author's condition and experiences, as well as their feelings about them. They discuss their diagnosis with OCD, GAD, bipolar disorder, and ulcerative colitis, as well as the challenges they face in their daily life due to these conditions. They also express their concerns about losing their health insurance and their difficulty in speaking with a disability attorney.","I guess I should start off by saying I am not even sure if I am a person with a disability. I consider a disability to be a highly impairing cognitive or motor function.    With that said I was diagnosed with OCD at age 7, GAD at age 12 (Doctor that liked to play loose with his script pad got me hooked on benzo's) and finally Bipolar which was given to me as a diagnosis back in 2010ish. In 2008 I developed Ulcerative Colitis (People with high anxiety tend to get this) basically the last 6+ inches of my rectum are covered in ulcers (I poop blood). I have had 3 colonoscopies and I am only 25.   I really, really feel bad for even looking into disability but at 25 I am having to face the hard reality that:  A. I will be dropped from my parents insurance  B. I have a plethora of Pre-existing conditions  C. I have been deemed 'medication resistant'  At my last job and even in college I have to spend an abnormal amount of time in the bathroom and most employers look down upon me as if I am goofing off when in reality I am straining to pass a bowel movement  :(  I don't want a hand-out and when I tried to talk to a disability attorney I just couldn't even bring myself to continue the conversation. Am I truly a person with a disability?"
228,1,"The text belongs to class ""1"" because it contains a self-description of the author's condition and experiences, as well as their feelings about the situation. The author describes their experience with receiving SSDI benefits for Bipolar Disorder, the amount of money they receive, and their difficulties with reaching SSDI for assistance. Additionally, the author expresses their concern about not receiving enough money and their struggles with paying rent. The author also asks a question about services that help people with SSDI pay for college and settle past debts, but this question does not detract from the overall emotional and personal nature of the text.","Hello, I'm 25yo and have been receiving SSDI benefits for the past 3 years for Bipolar Disorder. I get paid a monthly check for about $380, even though I should be getting more since I quit my part-time job 9 months ago and was living in an apartment paying rent for the last 4 months. The phone number to reach SSDI here in rhode island is always busy so it's hard for me to figure out what to do. It's really hard for me to go to the offices in person, but I know I should be getting more money than the amount I am given.   But, I also have a question about college and debt. Are there services that help out people with SSDI to pay for college and to settle past debts?   Thank you"
229,1,"The text belongs to class ""1"" because it contains a self-description of the author's condition or experiences, and how the author feels about them. The author describes their physical and mental health issues, their struggles, and their feelings about their situation. They also mention their attempts to seek help and the obstacles they have faced in doing so.","I'm stuck. I haven't been able to work the past few years and I keep worrying about my future.  These are the problems I have:  * No Help: I've not been to see a Doctor since I was 19, under my Dad's Insurance in Massachusetts. I'm 29 now. I have various mental issues, and physical issues now.   * The Mental Issues: I stress a lot. I have severe panic attacks over things that happened years ago, as I relive events in my head. This leaves me spacey I've been told during it. I've lost my last job because of my failure to focus after repeated warnings. I cannot meet new people, I am **afraid** of telephone conversation that goes beyond 'being shy'. I have severe bouts of depression and have come close to suicide more than a few times only to somehow pull myself out of it. I snap at people in anger at even minor irritations. I worry a lot about minor, stupid shit that can't possibly happen like 'Oh, I'm probably going to be homeless tommrow, even though there's no indicators of that at the moment'. I grind my teeth in stress to the point that my right lower jaw is a mess/offset and my teeth are ground flat and two broken. I've never been officially diagnosed with anything, as I've never been able to see a Doctor as my first point says, so I have no basis in which to say apply for SSI/SSD or any Mental Health Programs, or get on SMI.   * The Physical Issues: My back hurts all the time. I can't stand for longer than 5 minutes at time. I can't life heavy things. I'm overweight, which I'm sure contributes to this, but I am not so morbidly obese for my height I should be having THESE kinds of problems I've tried exercise for 6 months and there was NO improvements. Once again, I can't see a doctor to see if this is anything serious.  * Unverified Cerebral Palsy: I was told a bit ago by an estranged aunt that I was born with Cerebral Palsy. My parents never told me if this is the case, but I do remember little bits of Physical Therapy when I was a kid and needing to wear special foot inserts for a long while when i was 5-8. I have no clue if this is part of my physical ailments in terms of the backpain.  I have no idea where to begin to get on Social Security, a Temporary Program of anything, or other programs because I have no documentation, or paperwork, or Doctors notes, or anything. I have no idea how to get information about my medical past because I am miles away and I don't know the Hospitals I've been at over the years.  Where can I start? I can't see a Doctor, and can't afford one. I've tried Social Security Application before, but I didn't have any paperwork---I was under the assumption they would send me to a Doctor to have them look over me to do a mental exam.   What can I do to get started? I'm not sure if this is the place to post this, but I have a feeling that if I posted this on AskReddit, I'd be called names, etc like I have before when I've asked similar questions....I don't need that right now.....  I'm in Phoenix, AZ for the record."
234,1,"The text belongs to class ""1"" because the author describes their personal experience with a rare and progressive muscle disease, and shares the strategies they have developed to cope with it. They also express their hope that their experience can benefit others.","&gt;I have had a rare, progressive, untreatable, disabling muscle disease (Inclusion Body Myositis) since 1985.  During that time I have accumulated a wealth of tools, ideas and coping mechanisms to allow me to continue to enjoy life and remain independent.  In this blog I will share my experiences in the hope someone else might benefit. Please keep in mind that no two people are the same, and that what works for me might be useless, or even counterproductive for you or someone you care for. I am not a medical professional (nor have I played one on TV), so please judge the content of this blog site accordingly.  http://lifedisabled.com/ &gt;      My girlfriend's Grandpa loves when he gets new views on[ his blog](http://lifedisabled.com/) or 'likes' on [his YouTube videos](http://www.youtube.com/watch?v=CRo5By9YvuA). I would really appreciate any time you spent checking out his blog and videos and I know he'd really love it too! Thank you."
247,2,"The text belongs to class ""1"" because it contains a self-description of the author's condition and experiences, as well as how the author feels about them. The author describes their struggles with taking care of their 11-year-old child with Cerebral Palsy, and how it affects their ability to go out and socialize with family and friends. The author expresses their emotions and frustration, and provides an explanation for their behavior.","I get the feeling my family and friends wonder why I don't go out often, and when I do, I go home early. They don't fully realize how difficult it can be with an 11-yr old child with Cerebral Palsy and is confined to a wheelchair.   Take tonight for instance. We went to my inlaws for dinner. While we're there I have to carry my daughter's 80 lb frame to the bathroom, to the dinner table, back to the front room to play Wii, back to the bathroom. When I leave early, we get home and I have to carry her from the driveway, unlock the doors, get her inside, take off her coat and boots, get her on the toilet, change her into her pj's, set her up on the couch watching her favorite movie, make popcorn for her, grab her drink, and give her a kiss...all before I can even think of relaxing. She's 80 lbs, and it's hard on my back/legs. YES, I realize there are ramps, etc, but we've used up all our grant funds on wheelchairs and a lift for the van. We can't afford ramps, etc at this time.   TL;TR - My family and friends wonder why I don't have the energy to visit, etc. I have a kid in a wheelchair. Maybe come visit us instead?  Sorry for my rant. Kinda needed it tonight."
254,1,"The text belongs to class ""1"" because it describes the author's personal situation and their need for help with grocery shopping. The author also expresses their desire to maintain their independence by cooking their own meals. The text conveys the author's feelings about their situation, including their reliance on their father and their desire for independence.","I live in New Mexico and I am physically and mentally disabled and I need help getting groceries, both food and non-food items.  I also need to be able to use food stamps (SNAP).  My father has helped but I can't keep relying on him.  I do not want pre-made meals delivered.  I like to cook and even though it is difficult I want to hang on to any shreds of independence!  I'm not sure what my options are or who to contact to find out.  Please help if you can, thanks!"
257,2,"The text belongs to class ""1"" because it describes the author's personal experience and feelings about their brother's condition and their desire to help him. The author is not asking a question about a specific game or system, but rather seeking recommendations for something that would be fun and helpful for their brother.","Hi everyone! I posted this in r/gaming and someone suggested I post here.   Basically, my brother was really into video games and got into a motorcycle accident 2 years ago. He had a very bad TBI and has been working really hard at getting back to his old self since then. He has limited movement of his arms, can't stand/walk. He has full mental faculty, just poor motor skills. I want to get him something fun that would also help him get some dexterity back.  I was thinking about getting him xbox + kinect, but not really sure how it works. Do you have any recommendations on gaming systems or things like that which would be fun/good for him?  Thanks in advance!"
260,1,The text describes the author's personal experience and emotions related to their struggle to obtain hand controls for driving due to financial constraints and bureaucratic obstacles. The author's question about alternative ways to acquire modified vehicles is secondary to their primary concern about their personal situation.,"I passed drivers ed way back in high school. Which was about 5-6 years ago now. The school rented hand controls for me and I drove fine. The only problem was I never had a modified vehicle at home. My driving plans went on hold while I was in college since I never had enough money to afford the modifications.   I could have gotten assistance from the state [Illinois] but they wouldn't put hand controls on a vehicle that was older than 5 years or had more than 60k miles on it. Which was ridiculous, how could a college student afford a car like that? Well, my plans for driving went on hold.   Now that I have graduated I have been trying to work with the state’s Division of Rehabilitation Services to get hooked up with modifications.   The loops and legal crap they make me go through is weighing on my nerves. After finally getting a drivers prescription from a doctor I was able to sign up with Marion Joy in Chicago for a ""drivers evaluation"". Granted, I passed drivers ed in high school with a B. I have been out of practice for many years but that shows I'm at least capable of driving.  Today I get a call to set up a driver’s evaluation with Marion Joy. Come to find out, the test itself costs $700 dollars. I must pay $517 up front the day I have the test. I’m not even guaranteed to pass, and if I didn’t I would be out $517. I really can’t afford something like that, especially when I need to save money for a car so I can drive.  I’m asking r/disability if they know of any better way to do this besides going through DRS. I do not want to keep running around for them just for free $800 hand controls when everything else might cost more than that.  Can I purchase my own controls and get a permit and just go take a test all on my own? Are there other ways to get modified vehicles in the state of Illinois or nationally? I really have no idea what to do next. It feels like they are making it impossible for me to get my last step at independence."
262,2,"This text belongs to class ""1"" because it describes the author's personal experience, including their interactions with the cafe employee and their attempts to assert their rights. The author also expresses their feelings about the situation, such as their frustration with the employee's behavior and their disappointment with the police officer's response.","My daughter, a 23-year-old woman with multiple disabilities (legal blindness, seizures, autism), uses a service dog from PGI (Paws Giving Independence). I was with Sarah and her dog, Jordan, in Chicago, when we decided to go into an independently-owned coffee shop named Cafe Descartes at 327 N. Michigan Avenue in Chicago. As soon as we entered the shop, the only employee there began shouting at us, asking us to leave and saying ""No pets! No pets!"" We attempted to explain our ADA protections and to show him the paperwork &amp; I.D. badge that we carry in Jordan's zippered vest, but the employee would not touch or look at the materials, nor would he listen to our explanations.  The employee placed a call to the store owner, who was in Rockford, Illinois at the time. After he got off the phone with the store owner, he told us that we could ""stay one-half hour only."" Again, I explained to him that we had the same rights as any other customer, and could stay as long as we chose to stay. I called the police non-emergency phone number and requested that they send out an officer for mediation.  After speaking to the employee, the officer showed us a bottle of ""Espresso Machine Cleaner,"" and explained that the employee told her that the chemicals were unsafe for pets. He said that the espresso machine was leaking. However, the floor was bone-dry when we entered the store and there wasn't a chemical smell that we could detect. Additionally, there were children present in the store. None of the children had been yelled at or asked to leave. I took a picture of the espresso machine cleaner bottle with my cell phone.   This morning, I realized that a police report had not been generated. I called to speak to the officer, Officer Rodriguez in the 1st District, to request a written report. She refused to write a report, saying that she ""did not know the brand name of the cleaner."" I am working with the Chicago Mayor's Office for People with Disabilities in order to get a written report.  By the way, the brand name of the espresso cleaner that purportedly excluded us from the cafe was ""Cora Clean."""
264,1,"The text belongs to class ""1"" because it describes the author's personal experience of being unemployed for four years and their struggle to find a job due to their disability. The author then shares their positive experience of being hired by a company that accepted and supported them, leading to their current situation of fully supporting themselves. The text conveys the author's emotions and feelings about their experience, making it a self-description of their condition and emotions.","I felt the need to post this because of the TIL earlier about Walgreens. I was unemployed for four years, desperate to work again. I applied everywhere i could.. McDonalds, Walmart, EVERYWHERE. A small company hiredme for paperwork and i did that for a year, now with a company that is AMAZING. I've had a quick relapse while working for them. They didn't freak out or treat me different when I used my chair or walker. They still joked and laughed with me. I'm fully supporting myself now... The pride in that can't be explained to anyone who hasn't been there.   Some of  you may be having frustrating times... You just need to reach out there. Know what you're good at and how your disability affects you and an employer. Shout high, I'm a gimp yet I beat out over 200 applicants for my job. You can do it, it's just tricky finding somewhere that can ""handle"" you and your situation.   Keep the faith!! The personal pride is a HUGE reward!!"
274,1,"The text belongs to class ""1"" because it describes the author's personal experience and emotions related to discovering that they should have been receiving a disability pension from their ex-employer. The author expresses their feelings of frustration, anger, and disappointment about not receiving the money earlier, and even considers taking legal action to recover the lost funds.","I've been on disability since 2000. I just found out I should be getting hundreds a month from a disability pension from my ex-employer. I filed in December and they're starting it next month.   I am sickened that I have lost about $48K by not getting it over the last 12 1/2 years! I asked them about it and the guy laughed and said, ""We usually don't pay retroactively.""  Does anyone know if I have a right to that money? I emailed a couple lawyers online about it and asked if they'd help me sue on a contingency basis -- but they never replied so I'm thinking winning this isn't a good bet."
278,1,"The text is a description of the author's personal experiences and emotions related to their financial situation and mental health, and they express their feelings about the situation.","Hello I'm on cppd but was on odsp prior to that, I have chronic depression, and social anxiety. Each day of my life is filled with fear, I escape to my mind for solitude. I'm still searching for answers and can see now that I process info very differently than the norm. My question is I received last year ten thousand dollars from cppd as retro pay, I told this to odsp immediately and a month later they came back telling me that I owed them 9400 dollars to pat them back. I said yes take it I don't want it if I owe it. There response was for me to keep it in my account untill I received a letter to pay it back. I thought great ill have some extra money for emergency. Well unfortunately as the days went buy, then weeks then months I watched the money disappear. I used it to make my vehicle safe with repairs and then just daily expenses things for my children things for my family, gas, rent , food. Part of my illness is my anxiety I can't leave my room I'm to afraid, but if I have a purpose to go out I can place it in my mind that I can shop. I know I'm a loser I'm irresponsible I know but when you hide in isolation year after year, having the operatunity to run over and buy a game or a book is a wonderful feeling. But as the money slowly disappeared I became overwhelmed with fear of getting the phone call from odsp or the letter. When the phone range I would cover my ears, when the mail came I would pace for hours before getting it. The thought crippled me inside and I'm more afraid then ever. Now it's been eleven month still no word from odsp. Now I have my T4 from cppd and it includes that money on it and I must pay the taxs. I get my responsibility to pay this back somehow but this feeling of worry for so long has brought back my suicidal thinking. I just want to know why why give money like this to someone who's mentally ill who doesn't behaive the same way as normal people why make me suffer everyday with this. Being on such a low monthly assistance and having a big chunk go to child support this extra money seemed at the time to be a blessing now I just affirm that I'm an irresponsible loser who doesn't deserve to be here anymore. I don't want to leave my kids without there dad but I don't know how much longer I can live in this fear."
280,1,"The text belongs to class ""1"" because it contains a self-description of the author's condition and how he feels about it. Zachary Smouse describes his experience of living with Cerebral Palsy and how it limits his abilities to achieve his dreams. He expresses his desire to live independently, but also acknowledges the challenges he faces in doing so. Overall, the text conveys the author's personal experiences and emotions, making it a clear example of class ""1"".","I’m Zachary Smouse, I’m 19 years old living with Cerebral Palsy. I feel like I’m stuck in a body limiting my abilities to succeed with my dreams. I want to get out on my own, but some things I can’t do. The simplest things that normal people do in everyday life, I can’t do by myself; like I can’t cook, wash clothes, and fill my cup up with drinks. I need older people that have Cerebral Palsy to talk to that have succeeded in life; I want to succeed my dreams."
284,2,"The text belongs to class ""1"" because it describes the author's personal experience and feelings about their condition. They are sharing their background and how it is relevant to their future goals. They also express a concern about how to prove their condition for graduate school.","I have mild Cerebral Palsy and am applying to grad school. The doctor who diagnosed me is dead and the only record I have is a letter he wrote me. What is the usual way to prove something like that?  I've never claimed it before, but feel that its relevant in this case because I am studying to become a therapist and would like to work with similar cases."
285,1,"The text belongs to class ""1"" because it describes the author's personal experience and feelings about their situation. They have a sleeping disorder and have been trying to get accommodations from their college for years, but have been unsuccessful. They express frustration and a sense of injustice about the situation.","I've had a documented sleeping disorder for nearly 15 years now. Originally it was thought to be insomnia, but we now know that it is delayed sleep phase disorder (DSPS). My sleep schedule is shifted forward somewhere between 4 and 8 hours relative to other people, and not sleeping on my circadian schedule causes lots of problems. It is severe and is completely treatment resistant.  I've asked my college for every accommodation I can think of over the years:  - Appropriate housing so I don't wake up roommates - Night classes - Taking classes outside the university for transfer credit so I can finish on time - Recordings of classes (video/audio, school has a system for it) - Disability department to help other departments schedule classes at a later time (they told me to go ask the department myself-- that didn't work) - Taking tests later in the day when I am not dead asleep  School has called every single one unreasonable and refuses to accommodate. Professors are always willing to help, but they can't do anything without me ""registering"" for services through disability department, and disability department turns me away with ""We can't help you anyways, why don't you go try this"" before registering me. So I've been given the shuffle for well over five years.  This has cost me a lot of money directly, and a lot more indirectly in terms of opportunity costs. What can I do to get accommodations, and do I have any recourse?"
289,2,"The text belongs to class ""1"" because it contains a self-description of the author's experience and feelings about their cat Sammy. The author describes how they feel when Sammy sits on them while they are using their computer, and their frustration at not being able to move her. They also express their love for Sammy, but mention feeling like they could strangle her at times. This indicates that the text is about the author's personal experiences and emotions related to their cat.","First off, I really do love having my animals, but sometimes they can be awfully tiresome. Tonight, my cat Sammy decided that she must sit on me while I am using my computer. This is somewhat of an issue, as I am unable to use my mouse when she is sitting on me. Normally her lounging location wouldn’t be a problem, but being that the computer is one of my main ways of accessing the world it’s not the best place for her to be. Sammy, a gray tabby, is probably the most insistent cat in the world. if she wants to sit there, then there is no way you will persuade her to move, and if you put her down within two seconds she will be back to her former position. I think she knows that I have no way of making her do it, or it’s just the fact that she is a cat. I love her, but sometimes I feel like I could strangle her."
290,1,"The text is a self-description of the author's condition, experiences, and emotions, specifically discussing their struggles with ADHD, anxiety, depression, and social deficits, as well as their history of job loss and inability to live alone. The author also expresses their feelings of anger and concern about their inability to work and potential legal consequences. Therefore, the text belongs to class ""1"".","I've basically always had ADHD, anxiety, depression &amp; social deficits, but I've only got a diagnosis in the past year. I've been on a variety of meds ranging from SSRIs to stimulants with only moderate success. I've lost every job I've ever had due to being fired or quitting on bad terms. The only time I've tried to live on my own I was so stressed out I couldn't sleep &amp; could barely eat. I quit my last job because I was having a hard time containing the anger I feel towards people, &amp; I didn't want to assault someone &amp; probably become a felon. So now, I feel like I really shouldn't be working in addition to simply being unable to.  Anyway, at the moment I only have my medical records from my previous psychiatrist. I've never been hospitalized for anxiety or treated on an inpatient basis. I had meningitis which I think could possibly be relevant, but it was far too long ago to get records from the hospital.  Does this sound like a reasonable grounds for disability &amp; should I have more documentation for this?"
296,1,"The text belongs to class ""1"" because it contains a self-description of the author's condition and experiences, as well as their feelings about them. They discuss their history with medication, self-harm, and substance use, as well as their fears about disclosing their illness in job or school applications.","Im fairly ""out of the closet"" about my illness, although i dont broadcast it. Im (mostly) medication compliant, my risk assessment has me down as ""risk to self"" (i used to self-harm because of my voices, but havent in some time) but not ""risk to others"" (i have commands to harm people, but it's almost 100% of the time a command to hurt those close to me, not random people. And in 26 years of having these commands, i have never acted on them).  I have a ""history with alcohol"" (i used to drink heavily to self-medicate my symptoms, pre-diagnosis), but i stopped drinking almost entirely (every few months i might treat myself to a beer or a glass of wine, but honestly i'd rather have a fancy soda these days than alcohol). I flirted with OD-ing a little on things like NyQuil and Benadryl so i could sleep, but it wasnt even bad enough to be considered substance abuse. But all this is in my psych file and im scared that if i apply for school or a job, and they want to know about my illness, that i might get fired/ not hired.  I've been told numerous times by people that i will never be allowed to work in a profession where i could harm people in any way, that because of my illness i simply would not be trusted with that kind of responsibility.  Is this true?"
298,1,"The text describes the author's personal experience and emotions regarding their new life in a wheelchair, including their physical condition, their interactions with healthcare providers, and their feelings about the changes in their life.","I have severe peripheral neuropathy, and can barely walk anymore, even with the assistance of a cane. Today I scheduled an appt with my pain doctor, and bluntly asked him if he could give me a referral to amputate my legs. I was not joking, I thought that would be the only way out of this mess. This bothered him, and he doubled my morphine and sent me to the healthcare accessories department. Thank goodness I have Medicare and Medicaid, Medicare paid the full amount for a standard wheelchair for me. I have no idea what I'm doing when I try to steer it. It's bulky with no perks, but I am grateful for it. I am also lucky I live in a building for disabled people, with wide doors and a seat built into the shower. Another bonus is that I live in the largerst apartment in this building.  I am not complaining about the chair. My mother, when she had cancer and was dying, had no health insurance and had to apply for a used (and sagging seat)wheelchair from tons of agencies.   I am just going to have to get used to my new life. I do not own a car,  and thankfully the buses have wheelchair straps for people in wheelchairs. The drivers don't like the extra work, but oh well. I will have to take the service elevator from now on. I am going to cover the hospital adverts on the back with Hello Kitty stickers or maybe a bumper sticker. I had ordered a $200 office chair weeks ago, and it's still in its box. My brother said he'd return it and get a refund for me. I will use that money for custom tote bags on the back and sides of the chair. This will certainly take some getting used to.   When I got home, initially I panicked. It's a wide chair and barely fits through doorways. I'm still not finished moving from my old apartment, and a new tenant arrived today. It was a basement apartment so it will be difficult for me to go down there and sort. I resorted to burning scented lavender oil and candles to calm me down. Like I said, my life did a 180 today and this will definitely take some adjustment. I just couldn't ignore the pain anymore, and he said it was time to get a chair. So that's that. I am also grateful I am not paralyzed (sans my toes - they can't move anymore) so I can stand for very short periods.  I don't know why I'm posting this here...scores of you are in wheelchairs and maybe you think I'm pathetic for writing about it. I just wanted to say that I'm still in shock. Thanks for reading this.  **TL;DR 36 y/o female now in a wheelchair and assimilating**"
300,1,"The text belongs to class ""1"" because it describes the author's personal experiences and emotions related to being approved for SSI on account of anxiety, depression, and OCD. The author expresses their feelings of shock, guilt, and dependency, and their struggle to find a solution to the problem of a required payee.","I was recently approved for SSI on account of anxiety, depression, ocd. The SSI office called me today to set up a time to come in to set it up and informed me that the judge required a payee. I was shocked by this since of all my problems, paying my bills is not one of them. Now my problem is what to do about a payee. My family despises me for getting on SSI, I get guilted to no end when a letter shows up from the SSI office and they have to hand it to me. I cannot imagine the misery of going through that every month with a check. Never mind the hoops they'll be able to make me jump through to get it from them. A payee service seems even less appealing since they'll be able to utterly dictate how I can spend the money and probably take a fee.   The whole idea of getting on SSI was so that I could break away and become independent and stop being hurt by these people. Now I'm going to be more dependent than ever and its already making me feel like scum. Does anyone have an idea about what I can do? Thanks"
305,1,"This text belongs to class ""1"" because it describes the author's personal experience at their favorite coffee shop, including their interaction with the cashier/manager and their feelings about the situation. The author's emotional response to the situation is evident in their description of the cashier/manager's behavior as ""offended"" and their own frustration at being denied access due to their disability.","I'm currently sitting in my favourite coffee shop, possibly my soon-to-be-ex favourite coffee shop. They have a button to open the door installed, but it doesn't work, and it hasn't worked any other time I've been here. Today I mentioned it to the cashier/barista, who may have been the manager as well, and her response was ""Oh, I turned that off, it takes too long to close and it gets cold in here."" Nothing else, no apology, no recognition, didn't turn it back on. She was even offended that I asked if she thought it was okay to deny access to people with disabilities. All because it's ""cold outside""."
307,1,"The text belongs to class ""1"" because the author describes their personal experience of dealing with chronic fatigue and the impact it has on their daily life. They also mention their need for a voice amplifier due to their condition.",Hi everyone. I'm currently dealing with a lot of chronic fatigue (likely just a side-effect from a medication adjustment) and even talking for too long or too loudly gets me extremely tired. I was wondering if anyone could recommend a voice amplifier to purchase. I'm on a student budget and would be interested in using it at group programs I speak to throughout the week.
310,1,"The text describes the author's personal experience and emotions related to their hearing condition, including the impact on their daily life and the steps they are taking to manage their symptoms.","7 months ago i started noticing that the sounds i was hearing were beginning to seem glassy and piercing.  it wasn't long before every day sounds started causing physical pain in my ears.  October came around, and my ears started ringing.  then they started ringing louder.  i saw an audiologist around this time, and his advice was to enrich myself in low level sound.  i took the time off work, and set up a simple surround sound system in my room that i would play low level babbling brooks nature sounds over.  things were going well, and i was adjusting.  in January, it got worse.  the ringing got louder.  the ear pain upon noise became more severe.  near the end of February, i got a brutal cold.  as a result, my symptoms are now unlivable.  the pain in my ears is significant.  i have to wear ear muffs in public, but even then, the sounds that make it through the ear muffs can cause pain after any sort of prolonged exposure.    i can't socialize.  i can't watch movies or tv with sound.  i can't listen to music.  i can't play my guitar or my drums.  i'm stuck in my room all day with nothing to do but browse the internet.   i started taking ativan to take the rough edge off symptoms, and it does.  it really helps get me through the day without crying in torturous agony.  i've tried reading books, but i can't focus on them.  i've tried video games, but my carpal tunnel syndrome acts up and it becomes a pain all on its own.  as a musician, you learn to live your life through sound.  without sound, i can't enjoy movies or television.  even with subtitles, it just feels emotionless and bland.  i can't read fast enough for the subtitles either.  i've seen enough doctors at this point to know there is no simple solution.  i am going to begin using in-ear sound generators at a very low level to try and rebuild my sound tolerances over time.  in the meantime, i am applying for a disability pension and welfare.  thanks for hearing my story.  feel free to ask questions."
312,1,"The text belongs to class ""1"" because it contains a detailed self-description of the author's experience and emotions related to a Redditor who donated money to them. The author shares their personal situation, feelings, and warnings for others based on their experience.","This is a new account, but for reasons explained below, I had to create it after being a reditor for 8 months. I am physically and mentally disabled, and I became acquainted with a Redditor on my old account who donated a large sum of money to my paypal account as a ""present."" He was ""happily married, he said"" and that the present was from him and his wife. He even fwd'ed an email that he'd ""sent to his wife's email account."" Sorry for all the quotes, just bear with me. Everything seemed copacetic, I spent the money appropriately on meds and a few things for the house. After the money was spent, he started to get odd, sending sexual notes. It made me uncomfortable so I asked what his wife would think of this, and that I could no longer be his friend because of his behaviour. He wrote one-sentence emails after this, like ""Bullshit."" and ""I'm not giving you up that easily."" Come to find out he'd preyed on women before who were disabled, and would invite them to his home, even women with guardians. My family advised me to longer come to Reddit, but it's so addicting (I'm sure you know that). So that is why I created a new s/n. I will prove to you that I am a veteran by stating that for some odd reason cats and boobs make the front page, unfortunately. So be careful, do not accept any gifts, no matter how much money they contain/are worth, never EVER accept gifts. I was dumb and even wrote him and ""his wife"" a lengthy thank-you note from my home. Please do not tell me how stupid I am for doing this, I was generally under the guise that he was married, the gifts were from him and his wife,etc. When I told him to no longer contact me, he promised stereos, clothes, etc. So please be careful. I will not state his name because I am scared of retaliation, though he has deleted his past 3 mos of posts. Happy posting, and be safe! I know he might still retaliate on this post (he is a frequenter of this sub) but I am willing to risk that to help the ladies beware.   **tl;dr Do NOT accept presents from anyone on the net, no matter how exceedingly large/cash they contain**"
314,1,"The text belongs to class ""1"" because it contains a self-description of the author's condition, experiences, and how the author feels about them. The author shares their personal journey of managing bipolar disorder, their decision to stop taking medications, and their thoughts on the healthcare system. The author also raises a question about continuing disability support, but it is in the context of their personal experiences and emotions.","Hello everyone, I have been classified as having bipolar disorder and am on disability. I do have depressive moods, but have been over the past year creating changes in my lifestyle such as, yoga, meditation,journaling, spirituality, reading a lot on my behaviours. I've turned my life around emotionally and physically, I'm even vegan now. I stopped taking my meds 5 months ago, because I was not liking the side effects, I also believed that having been on medications since I was 6 that they never actually helped. I was able to cope when I was taking meds, but ended up working on nights for twenty years hiding from my social anxiety. Now that I've been doing this self healing work over the past year, I'm more in touch with myself and who I can be. So today I saw my shrink and he told me I must be on certain meds for stability, but I'm not a danger to myself or to anyone else I'm a very compassionate man. I enjoy the naturopathic approach I've taken and yes it difficult to feel emotions of pain, but its better than never understanding myself and continuing to hide. So my question is do I need to take medications to continue my disability support? I've been accepted to school in January and am actively looking for work, so I do want to come off this disability support its just for the immediate future I need it so I'm not out on the street. Can cppd do anything if I refuse my meds because I don't have faith in our healthcare system. I do support our doctors I think there undervalued, and I know that there essential for emergency care. It's just if I'm not in an emergency and I feel safe, why in today's society do I feel afraid if I'm not taking medication."
317,1,"The text belongs to class ""1"" because it contains a self-description of the author's condition and experiences, as well as how the author feels about them. The author describes their chronic pain, the treatments they have tried, and their struggles with obtaining disability benefits. They also express their emotions, such as frustration and despair, about their situation.","Hey folks! 35m. I am surely not the only one that is disabled here, but I am also guessing I am not the only one in this situation. Bear with me while I give you a bit of background:  A few years ago, I hurt my back. I was off work (playing with my 3m old daughter), no insurance, and on the tail end of Unemployment. After quite a few doctor visits (and ER), I finally found a doctor I was comfortable with (and could 'kinda' afford). He ordered an MRI and found that L1-L5 and S1 are mush (more info if anyone is interested). His first plan of attack was physical therapy (didn't help), then Chiropractor (Vax-D stretching- didn't help), then Steroid Injections (hurt more than it helped). Now we are contemplating surgeries with a Specialist (and that went nowhere- more info if needed), but he stated that the two surgeries won't have a significant impact on my pain, only my sciatica. Throughout my back I was told that my Degenerative Arthritis is that of a 70year old, and there is no surgery that can help that. Fme, right?  I have constant pain 24/7. Pain meds (codone 10/325- 5-6 per day, and it only calms me, but the pain and pinches/stabs are still there). I have sciatic stints that happen on a daily basis. I have to wear a tens unit (helps slightly with sciatica- note the 'slightly'). If I sit on a hard chair (like kitchen or doc office) for more than a few minutes, I lock up. I can't walk a block without having to stretch/stop/squat/etc.   My doc advised me to get paperwork for a Disability Placard, so I did. It makes life quite a bit easier to shop (I do my own shopping 75% of the time, there are times when I have friends/family help because I cannot physically do it myself). I did that.   Now for the disability part. I do not think I did the paperwork properly, or explained as much as I could have. It's hard when you are a Type A personality and have a hard time talking about myself, let alone try to explain the pain and suffering I deal with...  After the first denial, I saw two state doctors for review, one for back, one for ADD/Depression. Of course, I didn't think to NOT take meds before my back review, and wasn't in horrible pain, and since I do not lie, I explained to him that I was having a good day and didn't hurt too bad (bad mistake there). I think he thought I was trying to bullshit him. Oh well. I am not gonna lie to anyone.   I just recently (a few months ago) got my third denial and have talked with a Lawyer for my court date. They said it could take up to a year....  I really don't know what else to say, I am just lost right now. I am in an absurd amount of debt, I cannot even function with daily tasks let alone think about working at all.   I guess I just need to vent about it and see if anyone has advice. You would think that I would have been approved since day one, but it's been almost two years and I am just done, and do not understand why I could have been denied, denied, and denied again when I obviously cannot work. I want to work. I want to get better. I want to go back to 70K a year. My mind wants to but my body will not let me. Ugh.  I dunno. Someone? Anyone?  Thanks ahead of time for reading this. And if you have advice, please let me know."
318,1,"The text belongs to class ""1"" because the author describes their personal experience with constipation and the methods they have tried to manage it, as well as expressing their concerns about the potential negative effects of long-term laxative use. They are seeking advice and personal experiences from others, indicating that they are looking for a solution to their problem.","I am a 25 yr old with very mild ataxic CP.  I have been diagnosed with dysmotility (basically a fancy word for constipation :s).  My doctor recommended strong laxatives when it gets unbearable, but that stuff hurts. Cramps suck.   I spoke to a nutritionist and she recommended an herbal laxative once a day.  It works without killing me from the inside.  My concern though, is that I have always heard that taking laxatives for too long can harm your digestive system, or make constipation worse.  So Reddit, any suggestions or relevant stories.  Do you take these kinds of pills regularly?  Should I just say f that, and accept it as a consequence of  C.P.?     Sorry to bring this up as my first post here, but the interweebs are not helping me at all."
328,1,"The text describes the author's personal experience of being discriminated against due to their cerebral palsy at a bar, and how it made them feel (angry, offended, and sad). They also express their desire for the bartender to be reprimanded or fired.","I have to get this out, I'm so mad I could scream and I'm not sure if there is anything I can do.  Please let me know, if so.  I'm not the type of person who tries to find discrimination or gets mad at it, but today just infuriated me.   I have MILD cerebral palsy and was invited out for my best friend's birthday. (I live in Texas, btw)  I went to the restroom and when I came out, one of my friends asked me to order her drink as she went to the restroom.  I did so, which should be fine as I had nothing to drink previously, and don't drink.  However, the bartender said that I was walking, ""like a drunk"" and wouldn't serve me. I was floored and explained I had not had a drop to drink and it wasn't even for me. He rolled his eyes and said, ""you know this is a gay bar, right?"" (which I do, I'm a girl but my best friend/roommate is a gay guy) and proceeded to tell me I needed to leave immediately.  He was completely out of line and I said to my other friend, ""what the freaking crap?"" to which I was kicked out of the bar ""because I was cussing at him"" I have the video of the whole situation to show thats a lie.  I explained that I wasn't drinking and have cerebral palsy and he said, ""I don't care, you're out of here.""  I was then approached by the security guard and was ordered to leave the premises and was mortified. The place had just opened a few minutes prior.  I had not had one drink and was completely offended.  I even explained I wasn't drinking but was still not allowed inside, simply because of my disability (aka the way I walk.) I asked what his name was to which he replied, Joe Blow.  I then called as I was outside to ask what his name was and he replied, Princess Retard Diana and hung up.    Is there anything I can do?  If nothing else I think this guy should at least be fired or reprimanded..."
329,1,"The text belongs to class ""1"" because it contains a self-description of the author's condition or experiences, and how the author feels about them. The author, Dominick Evans, talks about his physical disability, Spinal Muscular Atrophy, and how it affects his daily life. He also shares his feelings about being labeled as inspiring or courageous, and expresses his thoughts on how people perceive and treat those with disabilities.","My name is Dominick Evans. I am 32 years old. If you could see me, you would know that I have a physical disability. I was born with a neuromuscular disease known as Spinal Muscular Atrophy. I have used a power wheelchair to get around since I was 16. I have never let that stop me!  I am currently a junior in a competitive film program at Wright State University in Dayton, Ohio. My program is extremely demanding. For two years you go through auditions/interviews to stay in the program. I have made it through every audition and have even been selected as one of three to make their Junior Thesis Film! This summer, I will be directing a short film entitled, Trip! You can find out about it at my film website (a work in progress) - electricmarshmallow.com. We went to three different cities for casting over the past few weekends and it has been a blast!!  My disability sometimes sucks. I have a lot of pain that makes sitting in my wheelchair hard. I need help doing most ADLs (activities of daily living) like getting dressed or washing my hair. However, with help I am able to be independent. I've been with my girlfriend for over a decade. We have a family. We have a nice life together. I don't let any of my limitations stop me from doing ANYTHING I put my mind to. At the same time, I am not an inspiration or courageous. To call me such is highly offensive. I am just a GUY trying to live his life and do the things he LOVES! It just takes me another way to do many things. That makes me resourceful not inspiring.  I have to say, I've been really disappointed when reading what others have to say about having similar disabilities. I believe how you are treated depends on how educated people are about people with disabilities. I also believe that your attitude affects everything. I am not living my life waiting to die. I could die from ANYTHING. Tomorrow, I could go out and get hit by a bus. Anyone can die regardless of their ability level or lack thereof. As humans, our intrinsic flaw is we are living to die....That is the end goal of all our lives. It's pretty morbid when you put it into perspective. This is why I do not live my life with the belief I am dying anytime soon! I have a lot more life to live!  I have been very busy with film things and am slacking a bit, but I write more about my thoughts at my blog on dominickevans.com. Feel free to check it out, if you like.  I hope you will see that just because a person has a disability, they still have similar wants, needs and desires to everyone else. They can do nearly anything they put their mind to - they just need to find another way to do these things! So, the next time you feel compelled to talk about how someone with a disability was inspiring, why not try talking to them, as a person and not an object of pity or awe?!"
330,1,"The text belongs to class ""1"" because the author describes their personal experiences and emotions related to being disabled. They talk about how people often give unsolicited advice and opinions about their condition, which affects them emotionally. They also ask for thoughts, stories, or suggestions from the community, indicating a desire to connect with others who have had similar experiences.","Do you feel like being disabled sometimes appears to be an open door for people to get into your business?  I know that others are always going to have opinions about me from how I do my hair to how I like my coffee (not that I care), but it seems like people are much more interested in telling me how I should be acting or thinking since I got sick/disabled.  I can usually brush it off, but after five years of being told this or that is a coping mechanism or I'm in denial or whatever is starting to get to me.  I almost feel like people want me to censor my normal happy self because sick people shouldn't be happy.  (Same goes for people saying I don't try hard enough or am sick because I think negative thoughts...so many people have an opinion.) Aside from that little vent, I really do want to hear thoughts, stories, or suggestions from the community.  I can't be the only one this happens to."
331,1,"The text describes the author's personal condition, their struggle with a nonverbal learning disability and ADHD, and how it has affected their academic performance and relationships. The author also expresses their feelings about the situation, making this text a clear example of class ""1"".","I don't even know where to start. I've always enjoyed school and learning, I wanted to go to graduate school. But, I've always struggled no matter how hard I tired. I finally confronted myself and got myself tested. Two years ago at the age of 22, I was diagnosed with a nonverbal learning disability and ADHD (which is often co-morbid with NVLDs) I took the WASI and I'm all over the place. Most notably I was placed in the 34th percentile in perceptual reasoning, 9th percentile in mathematics. Most of my scores were low, except for the 86th percentile in verbal comprehension.  My FSIQ was 53%. Anyways a lot of my classes I passed and did well in, but my math classes have brought me down, very down. My GPA went from close to a 3.0 to a 2.2 and Im failing the class I'm in now. Next semester will be my senior year and I'm the first year thats required to take Advanced Statistics and Research Methods. I can't fucking focus on studying something I know is so hard for me, I've been so stressed I've literally thrown up. I can't stop looking at my IQ and all these numbers that biology has given me. My advisor told me I'm not going to get into graduate school, and I might have to take an extra semester of college as well as this advanced statistics and research methods class. I feel so fucked. So royally fucked. My girlfriend of four years just dumped me and she's the only one I felt comfortable talking to about my disability as well. I hate feeling all alone and royally fucked, I've literally puked because of the stress. (which I didn't know was possible)   tl;dr  royally fucked because I am mentally disabled, already in major college debt and depressed going into my senior year (if I pass the classes I'm in)"
338,2,"The text belongs to class ""1"" because it describes the author's personal experience and emotions related to reconnecting with her son, who has Smith-Magenis Syndrome, and addressing his inappropriate sexual behavior. The author provides details about her past and present relationship with her son, and expresses her feelings about the situation, including confusion, shock, and concern. She also shares her thoughts about how to handle the situation and her desire to maintain a loving relationship with her son while educating him about appropriate behavior.","Without having to go into to much detail of the past situation, i will briefly  give you the current details of what is happening and hope someone has had a similar situation to deal with and had a positive outcome.  Four years ago i separated with my partner and left my son with Smith-Magenis Syndrome in his care. Smith-Magenis is a chromosomal disorder with mild retardation and development delay. My son was 9. He currently had his 13th birthday. Ive had very little involvement with him during this time (reason irrelevant) and am now transitioning back into his life. I spent the day with my son who has always been extremely affectionate (a trait of Smith-Magenis Syndrome). We had to travel a short distance to where we were going and my son put his hand on my shoulder than began stroking my hair. In the past i would often have him laying his head on my lap and stroke his head so i guessed he was just displaying the same affection. He then put his hand on my leg which  i felt was something only partners did so i gently grabbed his hand and guided it to the centre console and commented to him that he was being very affectionate. Later we were strolling through the shopping centre and he put his arm around my shoulder. At first it felt odd but knowing my son and how cuddly he likes to be, i ran with it. I just assumed he missed me and was enjoying the time with mum. He has always had this  thing where he rubs my belly and puts his ear to it. In the past i would tell him how once upon a time he was a tiny baby and was inside my belly. He would squish my belly and comment how it felt. This was all ok until when i turned to him and told him he was still being very affectionate, he went straight for my lips for a kiss. I turned my face so he got my cheek. He was standing very close and his leg was touching mine when i noticed he had an erection. Without a comment i stepped to the side and diverted his attention to something in a shop window. I was shocked It was at this point i honestly did not now how to handle the situation i was in. For the rest of the day i kept my distance without trying to make it obvious and constantly kept him busy to avoid affection. I mentioned to his father what had happened and ask if he had   talked with my son about sexual feelings and his father said when he tries to talk with him he shuts down on the subject. The only advice he gave me was to nip it in the bud. Well obviously........but how? My current partner believes it should be his father that needs to educated him in this area and although i am willing to talk with my son about his feelings I'm just not sure how to approach the subject. Any positive advice at the moment would be appreciated. I want to have a loving relationship with him but at the same time educate him on what is appropriate and what isn't? Not an easy one but I'm willing to try anything."
339,1,"The text belongs to class ""1"" because the author describes their personal experiences and emotions related to their disability. They discuss the physical and mental challenges they face, as well as their frustration with people assuming they need help and their difficulty in meeting new people. They also express their feelings of hurt and depression.","First to get it out of the way: I have a prosthetic left arm and leg. I'm lucky in that my disability really doesn't affect me much physically.  Really the only effects are a bad limp/slower gait and that I use one hand to do everything.   Mentally, however,  dealing with a disability has been a real challenge for me.  What has always bothered me was an assumed helplessness. I'm sure many of you have experienced this before in some way. ""Let me help you walk up these stairs"".  ""Let me help you with that bag"".  I know people are not trying to be insulting but it really frustrates me. I'm a competitive, independent person and to be treated like a child just hurts. Moreso when people assume I need help and don't even bother asking. How do you guys deal with these situations without completely ignoring it or coming off as an asshole? (I've tried both)  What has also recently been bothering me more was my difficulty in meeting new people. I always had a more difficult time making close friends than the average person, but especially since coming to college I feel like its been a lot harder/especially in the relationship department. I'm not sure if its my body issues(this is a long story in itself so I'll leave it for another day), my naturally more introverted personality, or people actually judging me for having a disability. It's probably a combination of the above. All I know for certain is that it seriously hurts when I go out with friends to a party and after awhile people will start flirting/making out and I'll just leave the party and feel terrible because I know no one would want to be with me. Recently I haven't been going out with my close friends because  going to parties with them just makes me depressed. I've been lying and saying I am too busy to hang out with them. I don't know if I should tell them the truth or how to tell them for that matter.   Sorry about this extremely unstructured rant. I just had to get my thoughts down as it's been gnawing at me for awhile now. If any other college aged students could reply it would be especially helpful, but seriously advice from people of all ages would be helpful.   edit: This was an extremely personal post for me/I'm usually not very open with my feelings. I don't care if you don't upvote my post but actively downvoting it is a pretty jerky thing to do when I pretty much laid everything out there. Feel free to post in the comments if you have a problem with something."
341,1,"The text describes the author's personal experience and how they feel about it, specifically a situation where they felt discriminated against due to their cerebral palsy. The author is seeking to understand if their rights were violated, indicating a concern about their condition and related experiences.","Hi,  I have mild cerebral palsy and was recently at a concert at a private venu.  I was in the bathroom to escape the crowd because I was feeling dizzy, and as I was using a restroom stall a security guard entered and confronted me. He assumed I was taking narcotics and proceeded to ask me to empty my pockets and searched its contents. As he was doing so he noticed my hands moving in odd ways and assumed I was already on drugs, he asked me “why are your hands so weird, what type of drugs did you take?” I told him that I had a disability which is why my hands were “weird” and he asked me for my “disability identification”. I did not get kicked out but I am wondering what the laws are pertaining to this. Did he violate my rights?"
344,2,"The text belongs to class ""1"" because the author is describing their personal experience of driving a car for the first time as a T3/T4 paraplegic and is seeking advice on whether they can put a specific image on their car. The author's emotions are also evident in their excitement about the experience.","Today I can drive my car for the first time! :) I am a T3/T4 paraplegic and I want to put the reddit snoo in the wheelchair on the back of my car. Would this be aloud? I am putting the legal sticker as well, but do I need permission to put the reddit wheelchair dude? If I am aloud, where could I get a good quality picture?"
345,1,"The text is a first-person account of the author's experiences, including their struggles with physical limitations and how they overcame them by starting a business. The author also shares their emotions and feelings about their experiences, making it a clear example of class ""1"".","I went through grade school wearing sweatpants.  Not cool, but since I struggle with zippers and buttons they were pretty much my only option. Somewhere in middle school we came up with the idea of adding elastic to a regular pair of blue jeans.  For the first time I dressed like everybody else and still kept my independence. I have always known I wanted to run my own business and I ran a small vending machine company while still in high school.  Business was my favorite thing to talk about and my dad and I talked over hundreds of ideas during this time.  Somewhere along the way we realized that although products were available to assist in overcoming physical limitations they were hard to find.   In 2011, I accomplished something that had been a dream of mine for a long time when I was accepted into the number one rated entrepreneurship program in the nation, the University of Houston’s Wolff Center for Entrepreneurship. With the backing of the staff of the Wolff Center, I began to resuscitate and reimagine the idea of “UNlimiters” (they liked it better than my alternative of a custard/milkshake stand which I started with). What is UNlimiters? I hope UNlimiters will be the mainstream, online marketplace, providing products and services (unlimiters) proven to assist individuals in overcoming the physical obstacles of everyday life.  UNlimiters will provide access to these products whether they were designed specifically for a given challenge or whether they are common products not usually marketed towards overcoming a disability but which happen to do so, with or without modification. Some ideas are as simple as using sugar cubes instead of trying to balance a teaspoon or a better way to hold Q-tips to apply makeup for someone with limited mobility in their hands and arms.  Other ideas are as complicated as the invention of a universal wheelchair desk to be left in a high school classroom so any student can set up without disturbing the rest of the class or an electronic drain tube release for a catheter bag allowing the user to drain the bag without assistance even if they can only move a finger or arm.  UNlimiters’ aim is to provide a central marketplace for these items but also to become a place where people can share their own creativity and ideas to help make somebody else’s life a little easier. We will depend on our customers, the users of these products, to help us determine what we carry. For the spring semester of 2012, the five members of the Unlimiters business plan team competed in four national competitions. Incredibly, we took first place at the Texas Christian University, University of Nebraska, tied for second at Chapman University, and placed in the top ten at San Diego State University, winning a grand total of $44,000 in the process. If you would like to read more or maybe become part of the team (we need bloggers, product recommendations and reviews, etc.) you can read more below and pm me.   Links:   http://www.newsevents.tcu.edu/2552.asp (TCU Article)   http://www.youtube.com/watch?v=bqJowLfOERY (video of our TCU winning presentation)   http://bauerticker.uh.edu/degrees-and-programs/entr-team-wins-big-at-biz-plan-competition/ (UH Article)   http://www.chapman.edu/research-and-institutions/leatherby-center/business-plan-competitions/Cali-dreaming-business-plan-competition/2012-CD-Competition.aspx (Chapman University)   http://www.youtube.com/watch?v=FJmD1awF9tM (UH video)   http://www.youtube.com/watch?v=LbAvLsJF4ag (small promo video)    **The website: http://www.unlimiters.com/Default.asp**  **Let me know what you think...**"
346,2,"The text is a description of the author's feelings and experiences with disabilities, including their frustration with a company that they perceive as discriminating against people with disabilities. Therefore, it belongs to class ""1"".","Guess he's never cared for a child or adult with extreme disabilities or spent a day in a special developmental school. Or what future the child has when parents are no longer around to care for them. No one chose this life and unfortunately some people are given and have to live with the disability for the rest of their lives! Bernie Brookes you can read, write, speak, eat, walk, work but many people with disabilities are not able to. As for being a Loyal Myer's customer I have cut my Myer Card, I refuse to back a company with discrimination against people with disabilities. Hope you sleep well at night, while many people struggle to."
348,1,"The text belongs to class ""1"" because it describes the author's personal condition and their negative experience with their company and insurance company. The author's emotions are also evident in their words, such as their frustration and disappointment.","I am epileptic.  Anyone know? My company made me go on disability or risk termination. My insurance company says only my doctor can put me on disability. They said I could come back to work, but the minute this was brought to light they say I am terminated.   I don't want to take legal actions but there are also other things going on which would seem to warrant it."
349,1,"The text belongs to class ""1"" because it contains a self-description of the author's condition, Limb Girdle MD, and their personal experiences and emotions related to it. They express frustration, loneliness, and the challenges they face in their daily life, as well as the difficulties they have in being understood by others. They also mention their feelings about being judged and excluded due to their condition.","Hello all, I'm a 22 year old dude battling Limb Girdle MD, and trying to maneuver the best I can as it hit me onset from birth. I've been looking for a disabled subreddit and hadn't turned anything up until now.  Looking to see if anyone here else has MD and would be willing to partake in a open forum of sorts. I've never met anyone else with my type of MD so I've never been able to base my self-consciousness or difficulties on anyone else.  I look forward to the responses, if any and getting to know some people who have to deal with a similar situation. I never voice my frustrations to anyone usually, but my strong shell can be very lonely when I haven't had companionship in 7+ years, nor can my best friends truly understand why I hate dropping things, or have a bone chilling fear of falling out of my chair. Sometimes I feel like a burden on the world and just not in a depressive way, it just has always sucked knowing things are deteriorating and you can't really build that muscle back.  Or why people think I'm bullshitting because I can use my legs to push and they don't look ""disabled"". I've been called everything in the book, store at and doubted. Excluded and pushed around more than a bad marriage. People rely on my patience and sometimes it hurts to live on compassion and other people's clocks. Almost like my life waits for a moment when my number is called like I'm at the DMV. Anyways. Sorry for the rant. I just wanted to throw some things out there, so we can start a discussion. Cheers!"
351,1,"The text belongs to class ""1"" because the author describes their personal experience with narcolepsy, including the stereotypes they face and the symptoms they deal with. They also express their feelings about the situation, specifically their desire for others to understand the disorder better. This self-description and emotional content indicate that the text belongs to class ""1"".","I'm a 22 year old college student with narcolepsy and everyone always thinks of it in a stereotypical way. If there was any one thing that would make my life easier it would be for others to understand the implications of the disorder beyond sleeping. (Hallucinations, constant fatigue, automatic behaviors ect.)   What is one thing you wish others did or knew in regards to your disability and how would it impact your life?"
354,2,"The text belongs to class ""1"" because it contains a self-description of the author's experience and feelings. The author introduces themselves, shares that they have joined the site recently and like it, and expresses a desire to meet people who have similar struggles.",hi my name is Christopher I joined this site about a month ago and I really like it so far it seems cool and I want to meet people like me and who have struggles like me everyday so nice to meet you.
359,2,"The text belongs to class ""1"" because the author describes her personal experience and feelings about her recent back surgery, her current mobility, and her new living situation. She also expresses her need for a specific solution (a sign for sale) related to her situation. Additionally, she asks for suggestions on subreddits and work-from-home opportunities, which can be seen as a request for help or advice based on her personal circumstances.","i had 2 discs explode in my back and after recent surgery i am able to walk, but slowly, with a cane. i have never lived in a neighborhood so i get a lot more visitors and my last place was much smaller, so in only 2 weeks i've had 3 people leave before i can even get to the door. a sign might not even be my solution, but if it is, does anyone know how to find one for sale?   p.s. this is my first ever reddit post, if anyone has any suggestions on subs for an independent, newly disabled 30 y/o woman, toss those suckers out! also, suggestions on legit opportunities to work from home would be appreciated."
362,2,"The text is a first-person account of the author's experience creating an anthology about magic practitioners with disabilities, illnesses, or addictions. The author describes their personal motivation for creating the anthology and its purpose in helping those with similar experiences. The text includes the author's emotions and feelings about the project, making it a self-description of the author's condition or experiences.","I recently sent the anthology Rooted in the Body, Seeking the Soul: Magic Practitioners Living with Disabilities, Addiction, and Illness to Megalithica Books/Immanion Press. I’ve enjoyed working with all of the contributors.  This anthology explores magical, occult, and esoteric topics from the view points of practitioners who are disabled, part of the deaf and Blind communities, or have an illness or addiction. Though the voices collected here come from diverse social, magical, and national backgrounds, they don’t represent every individual’s story. The only way to understand the personal history and feelings of any one is to share in open dialogue.  One purpose of this anthology is to help those struggling with a disability, injury, illness, or addiction find comfort in the fact that they are not alone. Some of the authors, like myself, turned to a magical practice as a way to find healing and the anthology included rituals and stories about healing. Covens, circles, temples or any other type of magical group can use it as a resource toward understanding members or potential members with disabilities. There are interviews with professional counselors about assisting Pagans and magic practitioners that are useful to anyone in the medical profession.  If you would like to be notified when the book is ready (sometime in early 2014), please message me."
379,1,"The text belongs to class ""1"" because it contains a self-description of the author's experience with Muscular Dystrophy, how it affects their life, and their emotional response to a friend's comment about their own condition.","I should preface the following by saying that I have Muscular Dystrophy, leaving me wheelchair-bound. My specific form, Central Core Disease, is mild and actually most people with it can walk (I guess I just got God's leftover legs ha ha). Every year, I go to a camp for kids aged 6-17 (I'm 15) with Muscular Dystrophy, run by the Muscular Dystrophy Association.   Seeing as the most common form of MD is Duchenne (DMD), I've met a lot of friends and have seen countless people with it, and it breaks my heart. Whether it's the little children who wobble around with their big calves, or my friends struggling to breathe on their own, it is challenging.  However, one quote from a friend (with DMD) got to me particularly, and it is still haunting me a week later — and I think it will for the rest of my life. We were discussing wheelchairs, because what else do you do at ""cripple camp""? I forget the exact context, as the rest was a blur, but he (who is 17) said, ""My next wheelchair will be my last."" I left where we were talking to go to a bathroom, and I cried. I felt angry that little seems to be done; sad that he knows of his fate that is too quickly approaching; guilty for all the times I felt sorry for myself just because I can't walk... Ever since then, it's been hard to approach all of this the same way. I'm not sure what I'm asking for, maybe just some advice as to what to think, or maybe just a sounding board where people will understand... It's been rough; that one quote has been consuming me for the past week."
389,1,"This text belongs to class ""1"" because the author describes their personal experience and feelings about being in crowded places as a result of having PTSD. They also express their need for more awareness and understanding of customers with invisible disabilities, such as PTSD, from businesses.","As someone with PTSD it's very difficult at times for me to be in a crowded store when children are running around yelling, people are talking on their cells, and we're all crammed into the check out lane. Opening up another lane would really help me because I wouldn't have another cart so close to my back etc. and end up in a frantic state of wanting to run away and hide or take my medication while the cashier rings me up. The ADA set up guidelines to help people with disabilities; however, it seems more for people with visible disabilities. For example people with sight, hearing, or mobility issues. The only time I've read about people with invisible disabilities getting proper assistance is on the job and get this ... amusement parks! People with disabilities can go to the front of rides and ride twice.   If anyone has any resources that would be great.  I do understand how important it is to understand my needs. I don't expect anyone to cater to me, I would just like to see more awareness about customers with invisible disabilities such as PTSD being discussed with businesses."
391,2,"The text belongs to class ""1"" because the author describes their personal experience as an amputee who loves being active in the wilderness but is held back by their crutches. They also express their feelings about their current crutches being restrictive and their desire to find more rigid and sortable ones for outdoor activities. They also mention their inability to find such a device, indicating their frustration and need.","I am an amputee and love being active and the wilderness, but my crutches hold me back. I was wondering if anyone new of any kind that are more rigid and sortable for being more outdoors. I like elbow crutches, but theyre still restrictive.  I was thinking that there was maybe some type of crutch that had maybe springs or some type of system, but im useless as to where I'd even began to search for any device like what I'm looking for(or even if it exist)."
401,1,"The text belongs to class ""1"" because it contains a self-description of the author's condition and experiences as a lifelong person with a disability (PWD), including the challenges they face and the impact on their life. They also express their feelings about the situation, specifically their inability to cope with the stress. Although they end with a question, the primary focus of the text is on their personal experiences and emotions.","I'm a lifelong PWD.  I'm 36, and have been using a wheelchair for 27 of those years.  I have also begun to experience chronic pain, and various other issues stemming from my physical limitations.  These issues, and my apparent inability to cope with the stress, have been putting a large strain on various aspects of my life (my marriage, my work, my ability to socialize, etc).  That being said, I am looking for resources/advice on how to cope.  Can anyone offer some sage advice?"
413,1,"The text describes the author's personal experience and feelings about the situation, making it class ""1"". The author is sharing their experience of being discriminated against because of their walking stick and expressing their frustration and legal concerns.","Hi everyone. Something happened to me last weekend. I wonder if I don't see a lot of posts like this because it's just that common? I hope not.  I tried to get into a club and the bouncer tried to refuse me because I had a walking stick. I told him I need it and he can't keep me out on those grounds. He hemmed and hawed, then let me in. There was another bouncer on the inner doors and he wouldn't let me through. Kept saying ""It's too much like a weapon,"" ""the manager won't like it"" and ""just leave it by the wall when you go in."" It's not a fucking toy and it's not a weapon.  I'm in the UK and I'm pretty sure that's illegal. Can anyone suggest what to do? I'm going to call the EHRC advice hotline in the next few days, just wondering if anyone here has any experience they might be willing to share."
419,2,"The text belongs to class ""1"" because the author describes their personal experience and condition (CP, risk of clots due to sitting, taking longer to recover from colds), as well as their desire to get the HPV vaccine and their attempts to convince their mother of its safety. The author also expresses their concern about their mother's worry and is seeking advice, indicating that they are emotionally invested in the situation.","Hi everyone.I'm 17, I have CP, and I've been considering getting the HPV vaccine.  I've wanted to for a while, but my mom is worried that it isn't safe because of side effects.  I've tried to tell her that the vast majority of people don't experience massive side effects, but she read something about clots and is worried I'm at risk for clots because I sit so much.  It also takes me a bit longer to get over colds and the like, so she worries about a weaker immune system.  I convinced her to talk to my pediatrician, and we are waiting to hear from her.  In the meanwhile, does anyone have any insight?  Thanks"
425,1,"The text belongs to class ""1"" because it contains a self-description of the author's condition and experiences, as well as how the author feels about them. The author describes their chronic sports injuries, the impact on their life, and their hesitancy to label themselves as disabled.","I'm interested in participating in this community. I'm a young man with several sports injuries that have become chronic irritants to various aspects of my life, but I'm hesitant to use the term disabled for fear of offending anyone whose issues are more severe or life impacting than my own.  I have tendinitis in one knee, an improperly aligned hip - this is the biggest thing, as it makes any kind of vigorous exercise extremely painful - disc and ligament problems in my cervical spine, and some cognitive issues resulting from a string of concussions.  Anyway, there not being a reddit for beat-up college students, I'm hoping you'll let me hang around here."
428,1,"The text describes the author's personal struggles with being a high functioning Autistic, having ADHD, depression, anxiety, PTSD, nerve and tendon issues, and receiving disability benefits. The author expresses their feelings about the challenges they face, particularly when asked about their occupation, and how it affects their self-worth.","This is a serious question and a topic that I am personally struggling with.   I am a high functioning Autistic, with ADHD, severe depression, anxiety, PTSD, I have some nerve and tendon issues, and who knows what else.... I'm also receiving disability benefits. I've been since I was 18.   The thing I dread hearing from others is ""What do you do?"" in a normal conversation. What do I do? I try my best to help around the house, give what I can to the needy, volunteer, help out neighbors... But I have no job and currently am unable to work, though I am going to try working, one of these days. I can't just say this though, it will mean next to nothing to most people.  If I say ""Oh, I am disabled, don't work."", then I am often looked at as lesser, or like ""are you kidding?"" I know that I should not totally base my worth on having an occupation but when everyone you know has a job, and thinks I should work, it is not easy feeling good about myself.  I do my best to work as hard as I can and be helpful but it always comes to ""What do you do? (Your occupation?)""... when mines just trying to live my life without feeling like death every day, and trying to improve myself in every way."
434,1,"The text is a self-description of the author's condition, experiences, and emotions. The author shares their personal experience of working as an office clerk and the challenges they face due to their disability. They express their feelings of humiliation and anger, and directly address the person they are frustrated with. This post belongs to class ""1"".","I don’t know anyonewho will understand how humiliated and angry I am right now, except the people here, so you’ll have to forgive me if I rant a bit.   I work, through my University’s work study program, as an office clerk in the Physical Therapy Office.  Usually, it’s a bunch of make work, and filing.  Nothing spectacular, but I make more than minimum wage and it was a guaranteed job that would respect my school commitments.  However, today I had a really irritating experience, that is making me angrier the longer I think about it.  My disability (CP, if you’re interested) is pretty minor.  Usually it doesn’t impact me too much.  I limp on my left side, and have balance and fine motor issues.  This means I can’t do seemingly ordinary activities like riding a bike, or cutting on straight lines, or coloring in small areas.   It’s occasionally inconvenient, especially socially, but overall, my impairment could be much more severe.   The only impact it has in my current job is in fine tasks, like cutting out small binder tabs, or adhering labels.  And here’s where the problem lies.  My supervisor asked me if I could put some labels to some folders.  I know she is pretty OCD about things like that so I told her I could, but that, given my fine motor difficulties, they probably wouldn’t be completely straight.  She said that was fine. So I went ahead and did it.    The label ended up probably 5mm away from the top of the folder on one side, and flush on the other side.  I handed them to her, and she told me , in a condescending tone, that It “just wouldn’t do,” and was “gross” .  She then proceeded to strip the label off and say, in a tone that I reserve for use with my 2 year old nephews (honestly, I’m not exaggerating her tone at all ) Now opal_1016, watch me, watch me….watch how I do it”  while sticking the label back on the paper.  She then turns to me and says, in the same tone “now you try it…”  Like you would tell a toddler to put a simple puzzle together. Gritting  my teeth, I moved on and tried to stick another one on.  It worked out the same, but she looked at it, clapped her hands,  and said, in that same STUPID tone; “YAY!  I knew you could do it.”  But, about five minutes later, she said, reverting to her disgusted tone, “Oh…oh no.” and the sighs heavily and says “I guess I’ll do it”  Look lady.  I am not two.  I am not an idiot.  I am not lazy.  I do not need you to teach me this kind of basic thing.  That’s what my occupational therapist was for when I was younger, and this was the best she and I could manage, working together.  If I tell you what I can and can’t do, don’t assume you know better than I do, and don’t assume I’m trying to skive off.  It seems silly.  I’m aware of how silly it is.  I’ve gone through my whole life as the kid who was messy, and I’ve been made fun of for it.  If there is anyone on this planet who understands how stupid it is that this is the kind of thing I struggle with, it’s me.  But do me a favour, when I, an adult, tell you that I can, or can’t, do something, believe me.    Oh…and you and your labels can go fuck yourself.  Edit: Phrasing"
435,1,"The text belongs to class ""1"" because the author describes their personal experiences and emotions in detail, including their history of heart problems, anxiety, depression, and chronic pain. They also express their feelings about their situation, including their fear of moving closer to another suicide attempt.","My name is Alex.  I'm 23 and terribly out of sorts.   Sine I had a cardiac arrest when I was 8 I have had 9 surgeries for pacemaker/defibrillators for cardiomyopathy and long qt.  I have also been shocked by said devices over a hundred times due to viruses/broken leads.  I have severe depression, anxiety, and ocd.  I have attempted suicide while being placed in inpatient than outpatient care.  From years of surgery I have chronc scar tissue pain that after 4 years and tons of doctors and surgeries hasn't fixed.  The pain is so bad I caj barely mve around or work.  I don't know what to doand everytime I try to stwrt paperwork for it I start panicking and have an anxiety attack.  I just dont know what to do.  The pain and depreswon are so bad I fwel like ik slowly moving closer to another attempt.  :(    I'm really sorry for the wall of text.   I just an at the end of my rope.  Thank you for taking the time to read."
471,1,"The text belongs to class ""1"" because it describes the author's personal experiences and feelings related to their medical condition. They share their struggles with using the restroom in college due to lack of privacy, and how this has led to heart problems. They also express their desire to find a solution to their problem, such as a surgery or device, and mention their openness to it. The text conveys their emotions and personal situation, making it class ""1"".",I'm a 19 year old quadriplegic and currently in college. During my k-12 years I had a nurse at school with me and my own private bathroom. I don't have that at college. I have an attendant now and am forced to use the regular restrooms. There is no privacy for me in there so I've been waiting to drink until I go home. This is causing heart problems for me.  My urinary system is me wearing adult diapers. I don't use the restroom there because I don't want anyone to know. I have not found a urinary system outside of the one I currently use that does not leak. I am open to surgery. So if anyone here knows of a surgery or a device that works please let me know. I am a male so that cuts my options in half it seems. I can also feel everything and that cuts out cathing for me.
482,2,"The text belongs to class ""1"" because it contains a self-description of the author's experience and how they feel about it. Specifically, the author is describing their interaction with someone they have never met before and their surprise at the person's existence. The author also expresses their feelings about the situation by saying ""Wow!"" and ""Gimme some zingers."" Additionally, the author discloses their initial assumption about the other person's physical condition and their subsequent realization that they were wrong. All of these elements indicate that the text belongs to class ""1"".","Let's be real.  It happens.  I'll go first.  1. ""Hey there, buddy!  I've never met you in my life, but you exist, and you're doin' stuff!  Wow!""  2. ""I just saw you move your leg!"" ""I...I'm not a paraplegic."" ""Well, how was I supposed to know that?""  Gimme some zingers."
494,1,"The text is a first-person account of the author's experiences and emotions related to their journey through college and film school while living with a disability. The author describes their challenges, accomplishments, and goals, and expresses their desire to prove doubters wrong by finishing their film and submitting it to festivals. The author also includes a link to their Kickstarter campaign to raise additional funds for post-production.","Hello! My name is Dominick. I'm in a wheelchair due to a progressive muscle disease called Spinal Muscular Atrophy. In spite of that, I've never let anything stop me. I may have let a few things slow me down, but I am on my way to achieving my goals!  I first attended college from 2000-2003, but had to quit when I fell out of my wheelchair and fractured my tibial plateau. This led to FIVE years stuck in bed. I had doctors coming to my house, PT, and was on mad pain killers. One day, I woke up and was sick and tired of letting life pass me by, so I took pain meds, and slowly started getting out of bed.  By 2010 I had re-entered college, and started a new degree program. Next summer I'll receive two degrees, one a BFA in Motion Pictures Production and the other a BA in Political Science. I was chosen, last year, as one of three from my highly competitive film program to make my script into a film. We shot it and now we need color correction, sound editing and some other post-production editing for it.  My film is getting great reviews and has great potential to go onto festivals. We've raised $3500, thus far, but if we don't raise $1500 more in three days, we won't get a cent. My cast and crew have worked so hard, and my journey through film school has been tough. Being in a wheelchair most people assume I'm not capable. Making this film and submitting it in festivals will prove them wrong!  If you have anything to spare, please help me make my dream a reality!!  http://www.kickstarter.com/projects/electricmarshmallow/get-trippy-with-the-cast-and-crew-of-trip  Thank you for your time, thoughts and consideration!"
495,1,"The text belongs to class ""1"" because it contains a self-description of the author's condition or experiences, and how the author feels about them. The author describes their struggles with learning disabilities, anxiety, depression, autism, and ADHD, and expresses feelings of hopelessness and low self-esteem due to these challenges.","I have some serious issues at hand. I'm over 21 and I've not yet passed my GED tests. I passed two of the topics, but went into serious shutdown mode for a very very long time due to severe anxiety, depression, autism, physical pain, and complications from learning disabilities and still haven't gone back to the place to learn, nor the place to take more tests.       I have very hard troubles learning math. I must have spent over five months going in the GED classroom every day trying to learn the basics. I don't know why it is so hard but I am really doubting my capabilities at learning math, and some other topics but math is the worst by far.     My doctors will not prescribe me medicine for my very bad ADHD either, I have tried asking them. They did when I was just a little kid but no longer. I think they've become very strict with who they prescribe it to, or at least mine are super strict. I feel like the ADHD meds would help me a lot in accomplishing my goals to get my GED and I have told them this, to only see them give me a blank stare and offer me more SSRI's and the like, which they hand out like candy.     What can I do? I don't see me learning the math they want me to learn, and actually absorbing it to the point that I would pass the test. I feel hopeless. Like I will never get my GED. My pride is so low because of it."
498,1,"This text belongs to class ""1"" because it describes the author's personal experience as a high school student and power wheelchair user, and how they felt about the secretary pulling their chair. The author's use of ""I"" and ""my"" throughout the text, as well as their description of their own emotions and reactions, indicate that this is a self-description of the author's condition or experiences.","I'm a high school student and power wheelchair user.  I was called to the main office, got in the door with no issues, but when I went to leave someone had blocked the pathway to the door so I had to go around.  Since my vision isn't the best, I asked one of the secretaries if the pathway looked big enough to get through  Instead of answering me, she grabbed my char and PULLED me backwards, which didn't do anything because my chair weighs 300 pounds.  I only noticed because she was panting with the effort.  I had to hide my laughter behind coughing, so now she probably thinks I'm sick too."
499,2,"The text belongs to class ""1"" because the author describes their personal experience with a learning disability, including when they found out about it and the challenges they faced. They also express their desire to create a supportive community for others with learning disabilities.","Hello everyone, I recently made a subreddit for learning disabilities /r/LearningDisabilities. I have a learning disability, I found out about it in 2nd grade. I grew up with no real place I could seek advice or support. I was told I would never graduate high school because of my learning disability. I am now in college (undergrad) and really wanted to make a safe place for people like me. So please take a look and make this a safe place to share your story or give advice. Thanks so much!"
502,2,"The text is a first-person account of the author's struggle to find participants for their senior thesis survey on the needs of people with mobility impairments, specifically those with spinal cord injuries. The author expresses their frustration and disappointment at the lack of responses from local home health agencies and the Independent Living Center. They also express the importance of the study and the impact it would have on their thesis. The author's personal experience and emotions are central to the text, and they are actively seeking a solution to their problem.","I am in my final semester of an Exercise Physiology program before I (hopefully) continue on to Occupational Therapy school.  For my senior thesis, I really wanted to address the fact that Exercise Science, as an academic discipline, too often ignores the needs of people with mobility impairments.    I designed a study that would survey people with spinal cord injuries.  I was really excited about my project, and I contacted all the local home health agencies and the Independent Living Center to ask them to pass on letters explaining my study to anyone with a spinal cord injury.  Obviously, because of privacy restrictions, I've had no way to contact potential participants directly, unless they first found out about my study through one of those letters and then contacted me.  Unfortunately, I have received zero responses to those letters.  Now, I'm turning to reddit as a last-ditch effort.  I need survey responses this week, or else I'll have to change my population to something I know I can easily sample, like college students without disabilities.  That would completely defeat the original purpose of my study!  Please, fellow redditors, if you are over 18, live in the U.S., and have a spinal cord injury, take my survey (link below).  If you do not meet those requirements, but you know someone who does, please pass the link along.  If you have any ideas of other places online where I might find some help, please let me know.  Thanks for reading!  Here's the link: https://www.surveymonkey.com/s/S8NJS8J"
507,1,"The text belongs to class ""1"" because it describes the author's personal condition, their experiences, and how they feel about them. The author's emotions are evident in their struggle to find financial support due to their medical condition and the need for assistance to pay for aides. The author is seeking help and advice, indicating a question, but the overall context of the text is about their personal situation and emotions.","I have muscular dystrophy and am the father of a 3-year-old girl. My parents were supporting me so I could live independently with my wife and child, but they say they don't have the resources to continue. I'm running out of money because I'm currently married and can't get Medicaid, so I have to pay privately for aides up to 24 hours a day. I need help to get through the next few months until my divorce goes through. Some wealthy family and friends would be willing to donate to a nonprofit that would help me, but they won't give to me directly if it isn't tax deductible. Does anyone have advice? My state is New York."
517,2,"The text belongs to class ""1"" because the author is describing their personal experience and feelings related to their upcoming appointment with a counselor. They also express curiosity about the experiences of others, which suggests they are seeking to understand and relate to the experiences of others in a similar situation.",I have an appointment next week with a counselor. My only experience working was before I became disabled over 3 years ago. I know it probably varies from state to state but I was curious to know what everyone's experiences were like. How long is the process? Is the initial meeting similar to a job interview? What sort of questions should I ask?
519,1,"The text belongs to class ""1"" because it contains a self-description of the author's condition and how it affects their life, as well as their emotions regarding the situation. The author describes their audiological condition, hyperacusis, and how it causes severe pain in their ears. They also mention their financial struggles and the emotional distress they are experiencing due to their situation. They are seeking help and are unsure of their options, indicating a need for support and guidance.","I am 24 years old and I have a very severe audiological condition called hyperacusis where normal levels of sound cause severe pain in my ears. Hearing protection barely helps. This has been ongoing for just over a year now.    I applied for the federal disability pension plan and was denied because I had only paid into the plan for 4 out of the 6 years required.  I am currently on social assistance (welfare) but I am barely making enough money to even comfortably live with my parents.  I will soon be forced to move out and get my own place, but I just don't have enough money.  How do they expect me to live?  What am I supposed to do?  I have no idea what my options are and I'm running out of time...  Please help, anyone."
528,1,"The text belongs to class ""1"" because it describes the author's personal experience and feelings about being a bridesmaid for her friend's wedding. She describes her disability and her concerns about the picnic reception, and how it would affect her physically and socially. She also mentions her worry about other people's comfort and whether to bring up the issue with the bride. All of these elements indicate that the text is a self-description of the author's condition and emotions.","(I originally posted this in r/wheelchairs, but that subreddit isn't as active as this one, I'm new here so forgive me if I did something wrong).  My best friend recently got engaged and I am to be one of her bridesmaids. The problem is that her 'vision' is to get married in a grassy field in early June and to have a picnic reception in the same place with picnic blankets. I am able to walk short distances and stand for a bit, so I have no issues with the ceremony (plus one of the other bridesmaids is very aware of my disability so I'll be able to lean on her). It's the picnic reception that has me concerned. I'm not going to be able to use my wheelchair (I'm good at doing wheelies over grass, but not THAT good to do it for hours) but I don't want to be stuck on a picnic blanket for the entire reception (it'll get boring, not to mention painful sitting/laying on the ground for that many hours) and I don't want to be the only one sitting in a chair above everyone else. Should I just tough it out for one day, or do I bring this up with the bride? I don't want to make it seem like I want her to change her entire wedding for me, but I am concerned about other people (pregnant women or heavier-set grandparents) being in pain for this wedding."
529,1,"The text describes the author's personal experiences and emotions related to their disability, as well as their thoughts on how the disabled community is perceived. They express admiration for the strength of the community and question why people are resistant to being admired. This self-reflection and expression of emotion indicates that the text belongs to class 1.","I've made it through some pretty brutal stuff. I've done a fair amount of public speaking, and really tried to examine my disability. What I've never understood is why we are so resistant to being admired. We do amazing things, we transcend crazy challenges, we sometimes suffer, often live in pain. Why not acknowledge the unique strength that I think our community has show itself to have. I think you can recognize a trait of a wider community without blanketly expecting all disabled people to be Tony Robbins. Thoughts?"
533,1,"The text belongs to class ""1"" because it contains a detailed self-description of the author's medical and psychiatric history, as well as their experiences and emotions related to these conditions. The author reflects on their experiences and how they feel about them, providing insight into their personal condition and struggles.","Just throwing this out there, because I've never had a definitive diagnosis which would link my issues [rather massively multi-system], only many possiblys and beard strokings focussing on individual issues.   Chronology - birth - small for gestational age, hip dysplasia, very hypermobile joints, hypotonia, mild scoliosis, slightly tanned colour birthmark on my right side extending from waist to knee  6mths - failure to thrive, reflux  2 years - Hearing loss first noted, due to repeated infections, also coordination issues.  3.5 - first started to walk with the assistance of weekly physiotherapy, obsession with patterns and categories noted at nursery  by 6 profoundly deaf with mixed loss, mostly conductive, also noted that my eustachian tubes were virtually closed, which was the cause for infections affecting me so badly  8 years - adenoidectomy, grommet insertion as an alternative to eustachian tube stent (this helped my hearing massively, leaving me with only the relatively mild sensorineural hearing loss). Also at this age I was diagnosed with precocious puberty as I had breasts and body hair.  9 - possibility of asperger's syndrome first brought up by my SENCo teacher (I was alreay recieving assistance due to hearing loss), menstruation now regular, B/C cup breasts which caused some bullying  10/11 - psychiatric issues, mainly auditory hallucinations and depression  12 - started having seizures  13 - depression takes hold of my life, barely attend school, but do well in the subjects I continued with (maths, sciences and music) and due to my grades in science I am accelerated a year  14 - attending school slightly more, but with extra assistance/time out when needed, much happier and gain A grades in maths, chemistry, biology and physics GCSEs, and B grade in music, but entirely failed to get a grade at all in English.  15 - start 6th form, studying music, biology and maths, but drop the latter two within the first term, instead spending my time trying to get GCSE English. During this year I also have a major psychotic breakdown leading to diagnosis of schizophrenia/undifferentiated psychosis leading me to leave school for good. I also completely stopped growing from this point with a final height of 4' 7"".  17 - decided to start at a local FE college to study medical science part time, absolutely loved this, but I had a seizure in a microbiology lab where we were handling antibiotic resistant e. coli so was deemed unsafe to continue the course.  18 - tried again at the FE college, where I studied software development and network infrastructure, finally completing a City and Guilds Level 3 qualification.  19 (now) - decided to try living independently, which was fantastic to start with, but over time my health has now deteriorated, especially spinal, so I now have paralysis of my legs below mid thigh, relatively mild above the knee, but complete loss of control below mid shin. This has got to the point now where I cannot walk more than 5 metres using crutches and even that takes vast energy expenditure so am carted around in a manual wheelchair by my partner.   At this point in time I don't have anything joined up, and am diagnosed with mixed hearing loss, Ehlers danlos syndrome (either type 3 or 7), either autism spectrum disorder or childhood onset schizophrenia depending on which psychiatric team I talk to, arthritis and some sort of spinal issue resembling CES.   Any help in trying to come up with something that universally covers my uniqueness would be handy, and if it makes sense I'll pass it on to my GP for her perusal.  PS. apologies for the somewhat unnecessary bits, things were just going that way when I was writing. Also thank you for reading."
538,2,"The text belongs to class ""1"" because the author describes their personal experience of receiving disability benefits and wanting to live in another country. They also express their feelings about the situation and ask for advice, indicating that they are seeking help and support.","First, I'm really sorry if this doesn't belong here. I searched high and low and this seems to be the only place for this question. I also think you guys are the best place to ask. I totally understand if it must be deleted, though.  Also, I did a Google search but got confused by it.  Anyway, I'm currently receiving disability benefits and after years of working with my doctors I'm finally getting myself together. They have advised me not to try to go back to work but have encouraged me to reach for other goals.   I don't know if I will actually get to go but I would like to try to set a goal for living in another country even if just for a while. What are the rules about having disability benefits outside the US?  And what have been your experiences being disabled outside of the US?  I'm going to schedule a meeting with a case worker soon but I figured I'd be better off going in informed.  I greatly appreciate any advice you guys can give. Thank you."
539,2,"The text belongs to class ""1"" because it describes the author's personal experiences and feelings about drinking and safety concerns. The author is sharing her background, her plans to attend college, and her mother's concerns about her safety. She also expresses her desire to try drinking before going to college to understand its effects on her. The author is seeking advice and sharing her personal experiences, making this text a self-description of her condition and emotions.","Hi guys.  Just for background:  I'm a female wheelchair user with cerebral palsy.  My legs are weak and unable to bend very far.  I have limited use of my left hand but full use of my right.  So I'm going to college next fall, and my mom is already freaking out about safety, especially in regards to parties and drinking.  I want to officially try a drink or two at home before I go, so I'll know my limits, how alcohol affects me, and if it's worth it to drink.  She says I will get wasted after one drink, and then a guy will take advantage of me since I'm an ""easy target"" as is.  Even if I'm sober, she still worries about me getting assaulted.  My question is: is there anything I can do to defend myself?  Should I avoid drinking or parties altogether?  What are some of your experiences (male or female responses welcome)"
540,2,"The text is a first-person account of the author's personal experiences and feelings about being a disabled person on the internet for a long time. The author expresses a desire to start a blog to help other disabled people, motivated by their own experiences and the lack of resources they have found for disabled people by disabled people. The author's emotions and personal experiences are central to the text, which is why it belongs to class 1.","So I've been on the internet a long time... I was given my first computer when I was six and have been here ever since. Through out that time I have had numerous surgeries and doctors appointments and all out life with a disability.   One thing I have honestly been unable to find however is a website written for disabled people by disabled people. Every website or blog I have come across I've found that they want to sell you something, be it a social security attorney or medical advice.   I would like to change that... I'm starting a blog known as the ""The Leg Brace Project"" essentially this will be musings, ideas and other things of disabled people to hopefully help other disabled people.   This is not a business venture... If we do this the way I envision it. We will never make money off of it. However if we're lucky we could help someone going through our situations a bit.  I've thought it might be nice to have some contributors on this... anyone wanna help?"
542,2,"The text belongs to class ""1"" because the author describes their personal situation as a disabled college student, and expresses their fear and hope regarding potential assistance for disabled parents in Missouri.","Hello everyone,   I'm new to this sub. Actually I am quite surprised to find it! I am a 24 year old, disabled college student. My girlfriend thinks that she may be pregnant. She is graduating college this December with a degree in Biology Education. I suppose I am telling you this with the fear that I would be judged immediately as I fear I would be in most other subs.   My question is, as I am on disability will there be any assistance given to help with a child? Or will we be pretty much on our own? I am in Missouri and have searched the SS websites as much as I can to no avail. :/   TL:DR Disabled college student, might be having a baby, is there any assistance for a disabled parent?  Thanks for any help guys I greatly appreciate it!"
545,2,"The text belongs to class ""1"" because the author is describing a project they are working on, which is focused on designing an object and/or App to help people develop self-awareness, understanding, or appreciation for their BodyData. The author is looking for ideas to make this product useful for wheelchair users, and shares an example of how a similar product could be helpful. The author's personal involvement in the project and their seeking of input from others suggests that this text contains a self-description of the author's experiences and emotions related to the project.","I'm currently working on a project at university to design an object and/or App intended to help us to develop and share self-awareness, understanding or appreciation for our BodyData.  Some examples of popular products which use BodyData to give you the idea:  **Nike Fuelband** - http://www.nike.com/us/en_us/c/nikeplus-fuelband  &gt; The new Nike+ FuelBand SE now tracks not only how much, but also how often and how intensely you move. And it gives you real-time feedback, move reminders and insights to help you move more and move better.  **Sleep Cycle** - http://www.sleepcycle.com/  &gt; A bio-alarm clock that analyzes your sleep patterns and wakes you when you are in the lightest sleep phase.  **Moves App** - http://www.moves-app.com/  &gt; Moves automatically records any walking, cycling, and running you do. You can view the distance, duration, steps, and calories* burned for each activity. The activity tracker is always on, so there’s no need to start and stop it. Just keep your phone in your pocket or your bag.    **I am looking to design a product to measure and display Body Data in a way which would be useful or helpful to wheelchair users. I would love to hear any idea's you guys have.**   *An Example*  My uncle has been in his chair for over 15 years. He has suggested a way of recording BodyData which would benefit him. He has suggested a device which worked like a pedometer but would attach to his wheel. This would connect to an app on his mobile and display your entire workout data throughout your day (cadence, heart rate, watts, calories, speed, gradient and distance.) It would connect via GPS and log the routes you have taken and any dangers ( e.g. Pavement/Sidewalk cracks or blockages) could be logged and shared with the community.  I was just wondering if there were any ideas of data that you guys would find interesting or helpful if there was a simple way for you to track it.  Thanks!"
549,2,"The text belongs to class ""1"" because the author is describing their personal situation and how it affects them. They mention their struggle with SSDI and SSI, their attempts to return to work, and their family's limited resources. They do not ask a question, but rather seek ideas or solutions to their problem.","My SSDI is running out and my SSI won't pay for my food beyond EBT, and my basic expenses and medical that medicare won't pay. I've tried to go back to work three times, and have ended up in the hospital for a mental health condition each time. My family's resources are limited. Any ideas?"
556,1,"The text belongs to class ""1"" because the author describes their personal experiences and feelings related to dating and their condition. They express their concerns and hopes for the future, providing insight into their thoughts and emotions.","Hello everyone,    As I begin the next stage of my life, becoming more independent and living on my own through the help of SSI, I am hoping to get out and date soon.     I'm a 24 year old straight male, not someone who looks disabled, but I do have High Functioning Autism, Severe ADHD, Anxiety, Depression, and Severe Asthma. I don't have a lot of money, obviously, but I know how to have fun if that matters, and I'm a pretty good guy IMO.Years ago I had no problems with females, but we were all in high school, and less mature and focused on things like money and a career. For a few years now I've been out of the dating world, kind of secluded from society for the most part, making up most of my social interactions with internet folks so I am kind of worried now that I am older. Maybe it's just the negativity I've been around involving dating discussions, I have a very small area to read from, and it probably does get to me.    I guess I came here to hear what others have to say. I'd post this in an Autism oriented forum, like Wrongplanet, but I'm hesitant because the area which involves ""Love and Dating"" seems to be rather negative lately.     I would like to hear some experiences from anyone and opinions, good and bad are all okay."
557,1,"This text belongs to class ""1"" because it contains a self-description of the author's condition and experiences, as well as their feelings about them. The author describes their frustration with the way they are treated due to their disability and expresses their negative emotions towards able-bodied people. They also wish for bad things to happen to able-bodied people, which shows their negative feelings towards this group. Therefore, the text can be classified as a personal experience and emotion, rather than a question.","As someone with Cerebral Palsy, I have to communicate how fucking irritated I get with watching mediocre, minimal brain functionality, lazy fuck holes get handed opportunities that are restricted from my access due to my disability.  After much time and effort in my attempt to do something other than be an ""entitled drain on society"", I have finally reached the conclusion that this is the way people WANT the world to work.  The same way they fuck with you in school, is the same way you're gonna get fucked with after you graduate.  So, in the true spirit of Karma, God, whatever the fuck you pretend to believe in when people are paying attention, I wish every able bodied piece of shit this world has to offer, a disabled child for christmas, or a car accident, maybe even a factory meltdown.  Happy Holidays, and fuck you all!"
563,2,"The text belongs to class ""1"" because it describes a specific situation where the author is trying to help a paralyzed young man get in-home help. The author expresses frustration and confusion about the lack of assistance from DORS or the Department of Rehabilitation Services. The text conveys the author's emotions and personal experiences, making it class ""1"" material.","I am trying to help a young man get in home help. He has burned himself several times trying to cook for himself, burned himself in the bathtub, fell and couldnt get back up without calling someone to help him back in his chair. He is paralyzed below first lumbar and has some fine motor control problems in his hands. He cannot cut his own toe nails and has problems shaving. He has tried to get help through human services DORS or dept of rehabilitation services, who refused to come to his home after he answered a few trite questions on the phone such as can he feed himself... then they yelled at his doctors nurse when she called to inquire further because they said they are only for people who are bedbound. The nurse explained that they are treating his injuries from his falls during transfers and burns trying to cook etc. They intimidated him on the phone and even the doctor's staff. What's the deal? What does one have to do to qualify for some help at home? He's on disability and is paralyzed. I don't understand."
565,1,"The text belongs to class ""1"" because it contains a self-description of the author's condition and experiences, as well as how the author feels about them. The author describes their personal struggles with PTSD, their past experiences with public transportation, and their current situation. They also express their emotions and thoughts about the lack of support for people with mental health issues.","Does anyone else experience problems here? I am on disability for PTSD. When I first moved to my state (five years ago) I didn't have a car and was having extreme difficulty leaving my house. The bus was completely overwhelming for me. I really needed help and called the local mental health counselors and asked if I could bring my cat with me (he's the only thing that calms me besides a lot of Xanax.) They told me no. I never went. So I asked for paratransit. I figured if they got me directly at my house, I wouldn't have the battle of being lost in a new place and having an anxiety meltdown and hiding out in a public bathroom. No, again: it was for the physically disabled. Right now I have a car and can go door to door (as well as knowing town now and not getting lost) but I feel like there is no support out there for us when we truly need it. I wish I knew what to do to prevent this for myself and others in the future."
567,1,"The text belongs to class ""1"" because it contains a detailed description of the author's personal experience and emotions. The author reflects on a series of encounters on a train ride home, sharing their observations of people who appear different from societal norms and how they handled the situation. The author also shares their personal feelings and reactions to these encounters, making it a self-description of their experiences and emotions.","Today I had one of those days that shines a spotlight on the things we often take for granted; the ability to walk, shelter, the affection of a loved one, a hot meal, the ability to speak and communicate with ease and the freedom of movement.    There is rarely any warning that your day will turn into a deep life lesson, so I had no clue what was in store for me as I sat packed into the train like a sardine on my way home after a long day.  Sitting there I saw a young boy, around 13 years old.  He wore a pair of Nike's and a backpack, looking like a typical kid. Accompanied by an older man, who I presumed to be his dad, the boy suddenly turned to my direction and I saw a face I had not been expecting.  He was “disfigured” and I won’t try to guess the cause, as I know from experience people rarely get it right. The cause is not really as important as the how obviously comfortable in his own skin this kid was. It struck me how amazing it was to watch him talking and laughing, completely at ease just being who he is in the crammed train with the gobs of other people giving him strange stares and sideways glances. I was reminded of how important it is to enjoy your experience of being in this world not matter where, who or HOW you are. I silently appreciated the reminder as I watched the young man exit the train; this however would be only the beginning of the afternoon’s lesson.  A minute later I noticed another person on the train whose appearance challenged society’s concept of “normal.” There was an older black man whose jaw jutted out at an odd angle, half slumped and hanging on the bar by the door. I didn't think anything of him at first other than noticing how little he looked like the rest of the train’s passengers; no designer clothes, expensive shoes or latest the iPhone.  Then all of the sudden he stood right in front of me.   He had tried to get off the train but realized it was the wrong stop and reenter using the door next to my seat. He seemed to be humming to himself and it was apparent he had not had bathed recently. Then as we approached the UCSF medical center, he took a few precarious steps over to the driver to ask a question.   He was speaking in what I like to call dialect, it is fairly unique and I instantly recognized that this man, like me, had Cerebral Palsy. CP affects your motor control but doesn't affect one's mind.  While I am lucky that my CP is relatively mild, his case was severe affecting his vocal chords and muscle control in his mouth.  I heard struggling to speak to the driver but the driver didn't respond and no one else tried to help. As if he knew I would understand, he turned around looked me right in the eye and said with his distinctly strangled words, ""I want to go to the hospital"".  I responded, ""Oh, the hospital is the next stop. That's UCSF"" but he said, “No, not UCSF.""   The woman sitting next to me got off the train and I asked the man if he wanted to sit down. He nodded and I helped him into the seat.  We exchanged names and he informed me that he was trying to get to the Davies campus of UCSF.  I was forced to break the bad news that we had passed that stop long ago. He then said, his wife was in the hospital and he was going to visit her. He smelled of urine and he could have used a change of clothes, but I just ignored it and asked more questions.  He is a native San Franciscan and lives in an SRO hotel on Market Street with his wife. He wasn't sure what condition she was in and was very worried.  I instantly decided that I would drive him to the Davies campus.  I was worried the driver would assume he was just a drugged out crazy person rambling on train and ignore him.  Imagining him wandering the streets, lost without anyone able to understand and help pained me greatly.  He was difficult to understand, but I understood him, so I felt it was my responsibility to help out.    I told him not to worry, that we would go to my house and I would drive him to the hospital. He looked at me and said, ""I am so thirsty,"" I noticed a coffee shop nearby where we could get a cup and we walked in that direction.  When CP affects your vocal chords and mouth, you tend to drool a lot as you don't have control over your muscles; I can only imagine how thirsty that would make you.   I helped him up the curb which must have been a sight with my own struggles to walk.  I went inside and got the water as I came back to hand him the cup he nudged it back to me and said ""you please"". I realized, he wasn’t able hold it himself. So I held the cup up to his mouth to allow him to drink. Then we went outside and sat on a bench as he drank the cup dry. That alone, made me glad I was there to help. My husband met us at the house and pulled the car out and we drove off we drove to Davies hospital.  The man was tired and didn’t talk much, but asked, ""where are we?"" a few times because despite living in San Francisco his entire life he had never been to this part of the city.   Once we got to the hospital he and Z hopped out and went to find his wife. Z helped him out of the car and walked with him and talked to nurses and the registration desk. People at the hospital were having a hard time understanding him and even had a sign language interpreter come down to try and help. Unfortunately he didn't sign. Z persisted, was able to decipher correct name and they were able to locate her. I am forever grateful to Z for his acceptance of this man just showing up in our lives at 5pm on a Thursday evening, and jumping in to help without even question. The man was reunited with his wife and we got to jump in our car and drive home. Just as quickly he was in our lives, he was gone.  There is very little chance I will ever see him again, but I am forever changed by this experience.   Earlier this year, I was knocked down by a speeding cyclist as I made my way through a crosswalk on Market Street spraining my ankle and completely smashing my phone to smithereens. NO ONE STOPEED TO HELPED ME UP! I had struggled getting up off the asphalt knees bloodied, ankle sprained and was almost hit by a car. I was shocked and disgusted by my fellow human beings. I realized that if I didn't help this man who was so different than everyone else yet so like me I would be just like those people who were too busy, too late, too something to be bothered to help me that day.  I am grateful for this experience to truly help someone because you never know when you will need that same kindness.  That evening gifted me with the lesson that we are only here for a short time and a wealthy person is someone who is truly rich in relationships with themselves and others. I am truly thankful for that lesson and the knowledge that my cup runneth over."
568,2,"The text belongs to class ""1"" because it describes the author's personal experience and emotions regarding a specific situation involving their girlfriend's residency status at ASU. The author expresses their feelings of hopelessness and anger about the situation, and is seeking advice on how to address this injustice.","Me and my girlfriend moved to Arizona 2 years ago when I got a new job here. She is disabled and I fully support her financially. She has gone to school largely on grants, scholarships, and a few small loans.  ASU has denied her residency status and just denied her appeal, meaning there is a shortfall of many thousands of dollars from what her student aid provided and what ASU is billing.  We live here. This is our home. She is a resident just as much as I am. There is no further appeal from this and we don't have the money to just pay for a lawyer. They said basically that because she doesn't spend money here under her name/bank account that she isn't a resident.   During the appeal they even implied she is living as a prostitute because I support us financially and she doesn't work (because her disability). She is crying. We are feeling pretty freaking hopeless and angry. Any advice on where to go next to try to fix this injustice would be appreciated."
569,1,"The text belongs to class ""1"" because it describes the author's personal experience of undergoing surgery for a lytic cyst in the femur bone, the impact of the surgery on their life, and their current situation where they are unable to do physical labor and had to quit their job. The author's emotions and feelings about their situation are also expressed, such as their concern about being technically disabled and their gratitude towards their former boss.","Back in August, I underwent surgery for a major lytic cyst in the neck of my femur bone. Essentially, the bone was being replaced with cyst cells and destroying bone. When I went to the doctor I only had about a third of my bone left. I wasn't able to walk for 2 and a half months during/afterwards. Since they did a bone graft and the area was kind of a delicate area, I am now unable to do a lot of physical labor and I even had to quit my job that I loved(even though they held it for me because my boss is a sweetheart). Am I now technically disabled, and if so, what do I do in order to help me obtain disability?"
571,1,"The text belongs to class ""1"" because it describes the author's personal experience and feelings about their disability. They express their perception of being a burden to their family, despite knowing they are loved.",I got a sci at a young age and as such my parents have had to put in a lot of time to take care of me. I get nurses but that still doesn't take away all the extra work my disability brings on them. I'm 19 now and I just feel like a burden. I know my family loves me but even still I can't shake the feeling that I drag them down. :/ It sucks.
577,2,"The text belongs to class ""1"" because it describes the author's personal experience with a wheelchair and how they feel about its appearance. They also express a desire to make it look more stylish, indicating their emotional connection to the wheelchair.",So my wheelchair is a big fat clunker...not as stylish as some of the custom made ones...but then again my pockets are limited. I was wondering what some of you that use a chair have done to make yours look like they've got a little more pizzaz.
578,1,"The text belongs to class ""1"" because the author describes their personal experience with having a disability, specifically cerebral palsy, and how it affects their ability to defend themselves in a physical confrontation. They also mention the challenges they face in a public high school due to their disability, and their desire to find a suitable martial art to learn. Overall, the text conveys the author's thoughts and feelings about their situation.","Hi i'm a 15 year old male who has got a disability (cerebral palsy) and that means my leg muscles are really tight and i am unbalanced on my feet, i have made this post because obviously going through a normal public high school with a disability is tough and i have had my fair share of bully's but its got to the point where if worst comes to worst i cant defend myself, also with my disability there are some fighting styles i cant do so that's why i'm here so i can get more information of what the best one could be to take up."
584,1,"The text contains a self-description of the author's condition and experiences, as well as their feelings about them. They express love for the person they have become due to their disability, but also express frustration with the societal expectation that they cannot complain about their disability. They explicitly invite others to share their own negative experiences and emotions related to their disabilities.","I love the person my disability has made me, but I get sick to death of the idea that I'm never allowed to complain about my disability, or ways its adversely affecting my life. SO...lets have a complaining session. I wanna hear everything that sucks and is pissing you off about your disability this week."
586,2,"The text belongs to class ""1"" because the author describes their personal experience with Fibromyalgia, the limitations it causes, and their desire to return to school with the help of a foldable electric wheelchair. They also express their current inability to purchase one due to ongoing issues with disability appeals.","I have Fibromyalgia, severe enough that my mobility is greatly reduced. I recently discovered that there are FOLDABLE power wheelchairs! I have a foldable manual chair, but I can't self propel most of the time. I thought there was no way for me to be able to get a power chair since they're all so big and I have a tiny Ford Focus. BUT now I've looked and there are lots of foldable chairs out there. I'm wondering if anyone has one of these foldable chairs, how much you like it, and what brand it is?  Alas I can't purchase one quite yet (Still fighting with disability, on my third appeal), but I hope to be able to get one once my disability gets sorted out. An electric chair would give me the gift of being able to return to school! (I'm 25)."
588,1,"The text is a first-hand account of the author's experience with a photo a day challenge from their perspective as a wheelchair user. The author shares their personal motivation for the challenge and their intentions to document various aspects of their life, including accessibility and ableism. This self-description of the author's condition and experiences makes it a class 1 text.","For this year, 2013, I participated in a photo a day challenge. 365 photos for 2013. This photo challenge has very much been a modge podge of everything in my life. No real 'theme' I guess you could say.  So since we're nearing the end of 2013 I decided the perfect challenge or theme for me for 2014.  Life at 42 is life from my wheelchair. My eyes are 42 inches from the floor when I'm sitting in my chair. I am not sure if this will be a daily challenge, weekly, or just whenever I get around to taking photos. But I want to at LEAST try once a week.  This photo challenge is going to include everything from accessibility, ableism, what able bodied people THINK is accessible (that really isn't), ramps, snow, ice, rain, doctors, physical therapy, braces, and probably  so so much more that I'm not even thinking about.  I want to kind of give people who aren't disabled a glimpse into our lives. Would you all be interested in following my pics? I can post them here too if you wish? I would love if some of you could do your own versions of this too."
589,1,"The text belongs to class ""1"" because it describes the author's condition (brittle bones) and their feelings about it (finding it unreasonable and funny). The author also asks if anyone else has similar feelings, indicating a personal experience or emotion.","I have brittle bones. That someone could be born with something like that strikes me as funny, if only because it is so incredibly unreasonable. Does that make any sense? Anyone feel similar?"
594,1,"The text belongs to class ""1"" because it describes the author's personal experience and feelings about their job and working from home due to Muscular Dystrophy. The author shares their current situation, the challenges they face, and their willingness to make adjustments to work from home full-time. They are seeking advice based on their personal experience.","I have one of the more mild forms of Muscular Dystrophy. I can walk around to a limited degree and use a cane. I can drive, but it is getting harder and I want to be safe so I am thinking about stopping. I have a pretty good paying job and I am allowed to work from home sometimes, like in bad weather when there is a greater chance of falling or if I am just feeling weak sometimes. I was pretty much told that they didn't see my job as a permanent work from home position but I am getting to the point where I need to ask to be able to work from home full-time. What is  the best way to approach this? Note from doctor, a letter explaining my situation and why I feel the need to work from home on a full-time basis? What have some of you done to get permission from your job? I realize every job is different, but I have an IT admin job and like 95% of it can be done from home. I am willing to take a little less pay, etc... to make it work, I am very flexible and realistic. Any advice would be appreciated."
596,1,"The text belongs to class ""1"" because it describes the author's personal experience and feelings about their recurring decubitus ulcer, including the treatments they've tried and their consideration of amputation. The author's emotions and experiences are central to the text, making class ""1"" the appropriate classification.","I've had a recurring decubitus ulcer on the bottom of my left heel for almost 10 years. I've tried everything, floating, new braces, surgery, debridement, everything. It keeps reopening and getting infected. The surgeries I've had on it have involved packing it until it ""heals"", but the fat pad in your heel can never grow back. I'm getting sick and tired of it and am considering just getting my foot amputated. My questions are: Will a surgeon do/ is it legal to have a voluntary amputation? How long does it take for an amputation to heal? What are the options for prosthetics? I have an averagely active lifestyle and need a foot that can take use and abuse and can go in a shoe."
597,1,"The text belongs to class ""1"" because the author is describing their personal experience and feelings about their situation. They express their desire to go back to school and get their MFA in Creative Writing, as well as their struggles with Social Security disability and various ailments. They also mention their financial situation and their wish to move. All of these are examples of the author's personal experiences and emotions.","This is literally a life and death question for me right now.  I want to go back to school and get my MFA in Creative Writing. I'm on Social Security disability with a variety of ailments, including MS and bipolar disorder, but which should not make it impossible for me to do this. In fact, I feel like if I don't do this, if I don't go back to college and try to write a novel or do something with my life, this is it. I'm done for.  So please, disability resources, please tell me there is someplace that helps poor old women like me, living on SSDI, the ability to go to college? Is that even a possible dream? I'm so poor and I can't work. Being able to go to college would be all I could handle.   Also, I want to move. I need to move so badly if I am going to survive, I have to get out of where i am.  You would not believe how desperate I am right now. Please, someone with answers, help me....  Oh, I'm not in the military. That GI Bill would be awesome, but that's not an option..."
599,1,"This text belongs to class ""1"" because the author is describing their personal experience with lower leg braces, including the problems they have encountered and their need for a more durable solution. The author's emotional state is not explicitly stated, but the text conveys a sense of frustration and a desire for a solution to their problem.","I wear lower leg braces but I keep breaking them. I've had carbon graphite reinforcements put in, and snapped those in half. My current pair is a laminate with a layer of carbon material sandwiched between two layers of plastic throughout the entire thing and they're cracking in 5 places between each brace. I need something that won't break as easily as I lead a fairly active lifestyle. It has to be a floor-reaction AFO that goes inside the shoe. I live in Ohio if that helps recommendations at all."
600,1,"The text belongs to class ""1"" because it describes the author's personal experience and concerns about their legal rights and information as a mildly disabled person with a form of autism. The author is seeking information about legal guardianship and programs for disabled individuals, indicating that they are looking for answers related to their own situation.","First I am mildly disabled myself, I have a mild form of autism but can still take care of my basic needs though I am concerned of my legal rights and info.    I don't want to go into a backstory but I hear that if you are registered as ""disabled"" before the age of 22, your parents are still your guardians until you can appeal to trial.   However, I am hearing otherwise when I had reached legal services and most of the programs are either under the family law, which is under the family And can't find that information anywhere.  Basically saying the law and programs, under the family rather than the actual person itself.   I really would like to find any legal information when it comes to this type of law and circumstances and ways finding ways to pass around or to get out of the circumstances. Please"
604,1,"The text is a first-person account of the author's experience with obtaining an electric wheelchair, including their interactions with medical professionals and their specific needs and preferences. The author's emotions and personal feelings about the process are also expressed, such as their excitement and hope for the new wheelchair.","Hi everyone!! I have EDS type 3 and have been using a Quickie 2 manual chair. Since I've been using it however I've been dislocating my shoulders (bone on bone) subluxing my ribs and destroying my wrists. Today I met with my Ortho and PT and they are scripting me an electric wheelchair with tilt!!! I'm super excited as even short trips in my chair is exhausting. Not just tiring but I mean can't move exhausting. We're going through Wheelchair Professionals as they work super close with my insurance. I admit I'm hoping for a Quickie over Invacare but I will take WHATEVER works  Slight update: WOOT!!!!! My order has been faxed to the Wheelchair Group!! THE PROCESS HAS STARTED  Update 1/10/14   At first he flat out told me he didn’t want to do a power chair. Until I told him we were getting an accessible van and then he was all for it. He told me he would ‘let me have one’ even though… it’s up to my doctor and not him. He was nice enough but was a bit condescending until he realized I knew what I was talking about. Then he was pretty pleasant and I won’t mind working with him.    They are going to fit me with a Quantum Q6 Edge. It’s a midwheel power chair by Pride.      I’m getting pink pearl, also a foot plate as opposed to those foot rests. I’ll have power tilt. He tried to talk me into a chair with lift but I really really don’t want nor need lift.    He did lots of measurements. 16” wide seats 18” length. Measured butt up to neck to get an idea for the head rest and such. Asked me which hand I would be using (and really? I have no idea. I write with my left hand but do EVERY THING else with my right. LOL) So he told me we’d start it on the left and then move it to the right if I needed it there.    And that’s it. Him and my PT and Dr will confer back and forth with the paper work and get it submitted. It will take about 2 months for me to get my chair and then he’ll bring it to my house and program it and show me how to use it.     I told him I’d take him to the track across the street too because I want to see what it can do. He said that was fine with him.     I also told him specifically I needed something that could do grass and hills because I WILL be going to the cemetery in it. He said it would definitely be able to handle that.     So that’s that!! Hopefully in 2 months or less I’ll have me a powered chair!!! By then hopefully we’ll have our van and stuff (waiting for tax refund) :)"
605,1,"The text belongs to class ""1"" as it contains a detailed self-description of the author's condition and experiences, and how the author feels about them. The author describes their physical and mental health issues, the impact on their daily life, and their financial struggles. They express their need for help and guidance in applying for disability.","My doctors have strongly recommended I apply for disability, but warned me about the hoops I'll have to jump through. I wanted to ask for help, what I should do, how I could make this go smoother. I will give you a long post about why they want me to do it, and put a short TL;DR at the bottom containing my disabilities that are making it near impossible to work. Thank you for reading and answering!  First, the mental health. I have bipolar II, PTSD, and insomnia. Because of some problems with my meds, my psych getting really sick and having to cancel some of our last appointments before I left the state to visit family, I had to go off my meds. They weren't perfect, but they were a lot better than not having them. So I haven't been on mood stabilizers (anti-psychotics) and anti-depressants since Thanksgiving. My mood hasn't been the most stable, and I have been all over the place- especially since all the other stressers in my life at the moment.  The other major problem has been my physical health. This has been going off and on for a few years now. At first they thought I had cancer, then MS, then cancer again. Now they know something is wrong with my heart, but they don't know what is causing the problems with my heart. What they have found out so far is as follows: Anytime I do cardio (it used to just be heavy cardio, but now it is almost all cardio) I faint (totally black-out) and/or vomit. It was figured out that that happens because my blood pressure is rapidly dropping. Since they couldn't figure out more after chest x-rays, scans and other tests, I was given a 30 day heart monitor to wear. The heart monitor revealed that the sudden drop in blood pressure was proceeded by a quick but dramatic spike in my heart rate.  That is all they know at this time. I have been banned from pretty much any activity- including those that I have loved and used as stress relief. My doctors are worried, and said since they don't know what is wrong with my heart, it could explode or give out without warning. So I am not allowed to bike, run, jog, hike, or even walk or stand for long periods of time. Since I go to college in the mountains, I have to walk up and down large hills all the time, plus I have to bike to all my doctors' appointments because my license was suspended for fainting because of an identified cause. So that doesn't work out too well. I have to be incredibly careful while having sex too.  On top of all of that, the last three weeks of my first quarter of college (I took some time off after graduating HS to work and save up) became ruined since I wasn't able to attend a single lecture, lab or exam because I was constantly at the doctors' or hospital. I haven't been able to keep a job, or get a new one, because I can't do a lot of cardio, stand for too long, and I need a lot of time off just for my doctors, not even counting college too. I spend a lot of money between transportation to my appointments and hospital/college bills. I don't have any money left, and borrowing from my family (they forced me to accept it). I spent some of the last of my spendable money on my SS gift, which got lost by UPS. Now I have to buy a new one. My SO pays for all our dates, which he insists on (he says I did it when I had a job and he didn't).  I went from doing well and being ahead in all of my classes to failing every single one that quarter. Some of my financial aid got reversed, because I missed a question on a loan application, and it didn't go through. I was also in the hospital on the day that we were supposed to sign up for classes for the next quarter, which I missed. So now I am behind in classes, have to switch to part time because of my constant doctor appointments and hospital visits, owe more money, and haven't been signed up for classes- so I have to try and get permission codes from professors to get in.  All of these things combined has made it impossible to keep a job, or even find new ones now. I am not sure what to do about college. My doctors and family want me to get disability, they want money to be something I don't need to stress about with everything else. So how do I go about applying and getting approved?  **TL;DR: I have major issues with my heart, making it impossible to work because I can't stand for too long, do any cardio and have a very limited availability because of all my doctors' appointments, I also bipolar II disorder, PTSD, and insomnia which, combined with heart problems, seriously affect how well I can keep a job at the moment. My savings account has been drained, and now I rely on money that my family can give me.**"
616,1,"The text describes the author's personal experience with a severe health condition, their struggles with medical professionals, and their feelings of desperation and frustration.","I am a severe asthmatic experiencing a lot of trouble with Asthma that is further troubled by a lower respiratory virus. My medicine won't work well anymore, I have asthma attacks daily, light headedness, increased heart rate, ect... I try calling my pulmonary doctor, but he tells me to see my GP, which I did, but they don't think anything is wrong because my oxygen levels are high when I come in (mainly because I use my inhaler instead of suffering another attack). I've been to urgent care twice, was given antibiotics/they didn't work, the ER and I was given an X-ray which confirmed a virus and then an IV of water, afterwards I was sent on my way out. I need to talk to a doctor who knows what they are doing, but at the same time I can't get rid of him because he is applying me for a surgery, which he does and he is 1/2 people who actually does it in this state. I don't know if I will get it, but it could really improve my quality of life and/or save it... I called a Triage Nurse, they say everyone is too busy. I don't know what to do. I feel like I am dying every day and only getting worse, and I have very little help. Does anyone have advice for me?... TLDR: Very Sick, with a too busy doctor until next apt., need a temp pulmonary doc or someone who knows what they are doing, but can't get rid of too busy doctor because of possible surgery... I am disabled and have insurance."
617,2,"The text belongs to class ""1"" because the author describes their personal experience and condition related to their right arm, as well as their thoughts and feelings about potentially working out to gain weight. They also mention their current location being far from medical professionals they used to know, which further supports the classification.","Hi! I have a disability in the Brachial Plexus of my right arm, about 10-15% of my nerves are functional. Recently I've been thinking about starting to work out to try to gain some weight, but I'm unsure about how my right arm would react. Will the muscles in that arm be able to grow at all? Will it put too much strain on the arm?  Would be very thankful for any information! I currently live in a country far far away from the doctors and therapists I had growing up, otherwise I would of course go to them with this kind of questions."
620,1,"The text belongs to class ""1"" because the author describes their personal experiences and emotions related to their job search and feelings of loneliness and suicidal thoughts. They also mention filling a formal complaint with a state agency, which is a self-description of their actions taken in response to their situation.","They have not contracted me in three months and will not do anything to h w lo me. I'm pretty much on my own job search wise since I graduated in   May. I feel alone, suicidal without a job, and I'm scared to apply for disability.  UPDATE: I have filled a formal complaint with the state agency that handles VR."
621,2,"The text contains a self-description of the author's action and experience related to creating a subreddit for people with Microtia, an ear deformity. The author's intention and emotion behind this action are also expressed, which indicates that the text belongs to class ""1"".",I created a subreddit for people with Microtia; an ear deformity /r/microtia more info: http://en.wikipedia.org/wiki/Microtia
623,1,"The text belongs to class ""1"" because the author describes her personal condition and experience with cerebral palsy, how it affects her emotions, and her recent breakup. She also expresses her feelings about the situation and seeks advice for future relationships.","Hi I am a 19 year old female with cerebral palsy, it's only mild but it does tend to make my emotions a bit unstable and I get upset about it sometimes.. I was in a relationship with a guy for four years and I thought he accepted me but I recently broke up with him because I found this was not the case..  So I was just wondering if there was any advice out there for me on how to try and talk to him about it or at least to be able to deal with it in future relationships. Thanks!"
624,2,"The text describes the author's personal experience and feelings about their current situation, including their physical condition and inability to leave their apartment due to the ramp not being completed. The text also mentions the author's plans to start school again, but their uncertainty about being able to do so due to their current circumstances. Therefore, the text belongs to class ""1"".","He has been living in his apartment since September and has not been able to leave since then due to the ramp not being completed. He is wheelchair bound and is unable to even stand up. He was planning on starting school again next week, but probably won't be able to since he can't leave his home. Does he have a case?"
627,1,"The text belongs to class ""1"" because the author describes their personal experiences and feelings about their situation, including their struggle with chronic pain, depression, and PTSD, as well as their difficulties in pursuing further education and finding a new job due to their physical limitations. They are not asking a question about something specific, but rather seeking general advice.","I've worked in kitchens nearly all of my adult life. That was the plan, but 13 years with a spinal fusion has caught up to me terribly quick. I stopped baking/decorating and moved to bartending/serving to work less hours and make more money. I thought a new schedule of 3-4 days per week and less lifting would be to my benefit, but my physical abilities are rapidly declining, and in conjunction with desperately trying to get another degree, being in constant agonizing pain, still working, and not seeing improvements in 3 years, I'm at a loss. I know that in 2 years tops I won't be able to lift anything, nor will I be able to stand the hours on my feet. My depression is absolutely through the roof, and along with my history of PTSD, school is becoming impossible, yet currently doable.  My point is, before I file for disability, which I'm sure I could attain at this point since I've already been on a leave for 1 month, are there any job recommendations you might have? I can't think of anything that would pay me 20-30/hour as entry level, allow me to be part time to give me room for school and intensive physical therapy, and would accept someone who's just been a measly food service person for 6 years.   I appreciate your help brainstorming. I'm new to all of this and never thought I would reach this level. Thank you."
636,1,"The text belongs to class ""1"" because it contains a self-description of the author's experiences and feelings. The author describes their academic success, their sensory processing issues, and their frustration with the school staff not taking their limitations seriously. They also express their emotions, such as being pissed off and having admiration for people with invisible disabilities.","So I'm a high school senior doing pretty well for myself.  Straight A's, top 1% of my class.  However, the problem is that I do not want to attend my graduation ceremony because the noise and crowd will unnecessarily aggravate my sensory processing issues, and I don't especially feel like curling myself into a ball and shaking uncontrollably in front of everyone if I can avoid it.    The problem is that while my family respects me and my decision, much of the staff at my school does not.  I understand that they are proud of me and think that I'll regret not going, I have explained to them that it will be too overwhelming for me due to my issues.  They are unconvinced and ask me if I can't just suck it up for one day.  Now normally I can handle this because it's my decision and they don't know any better, but I got really pissed off when the main office gave my mom a bill for a cap and gown that I never ordered and EXPLICITLY TOLD THEM I didn't want because I""M NOT GOING!!!  Why do they treat me like a child?  It's infuriating, they don't know my limitations, or that I can't bear to eat in the cafeteria so I eat in the library, that sometimes when I hug my friend in the hallway it is to prevent a meltdown.  I think I've gained a new appreciation of what people with invisible disabilities go through in regards to no one taking you seriously.  It sucks, and I have great admiration for your ability to hold it together and not go apeshit on every smug twerp who thinks they know you better than you do.  Thanks for listening."
638,1,"The text belongs to class ""1"" because it contains a self-description of the author's condition and how it affects their life, as well as their feelings about the situation. They are seeking financial aid due to their inability to work and lack of knowledge about financial assistance.","I'm sorry if this doesn't belong here. I'm 24, and I have Duchenne Muscular Dystrophy. So, basically, I'm very, very weak. I live with my parents, never had a job or anything.  And I really don't see how I could. I literally know nothing about any kind of financial aid. I don't know what I could possibly even get, or anything. Does anyone know anything, or know a site or something that could help me out at all? I realize this isn't the most information. I'm just looking for done hell, so I know what to look into."
639,1,"The text belongs to class ""1"" because it describes the author's personal condition and experiences, specifically their struggle with severe panic attacks, agoraphobia, and being ""crazy."" The author also expresses their feelings about their situation, such as being ""sicker than sick"" of it. They go on to describe their skills and experiences, and ask for advice on how to make their life meaningful while being housebound.","Disabled for a long time for severe panic attacks and agoraphobia and just generally being crazy.  I'm sicker than sick of it.  Is there something I can to make my life mean something, without leaving my house?  I'm crafty, I'm a great cook, I know a lot about a lot of things, I worked for I.T. for years.  Can anyone give me some advice?  I'm in individual CBT and dialectal behavior therapy and seeing a psychiatrist who pumps me full of effexor and clonazepam.   What should I do??"
642,2,"The text belongs to class ""1"" because the author describes their personal experience with receiving SSI benefits for severe bipolar, their desire to start working again, and their fear of losing their benefits due to getting paid for volunteering. The author's self-description of their condition, experience, and emotions indicate that the text belongs to class ""1"".","I receive SSI benefits as of June 2013 for severe bipolar. I have been doing a lot better, and wanted to start working again so I thought I would volunteer to start. I got a position as a receptionist for a fire department 4 to 8 hours a week. I didn't know I would be getting paid. I'll be getting a $20 stipend for each 4 hour shift, and paid every three months. Do I report this, and how? I am afraid of losing my benefits."
644,1,"The text describes the author's personal experience of waking up in extreme pain and being nearly bedridden since then due to a pulled paraspinal muscle. The author also shares their feelings about the situation, such as how it has affected their movement and the difficulty of finding relief. Therefore, the text belongs to class ""1"".","This past Saturday, I woke up in extreme pain.  Since then, movement has been extremely painful, and has caused me to be near-bedridden since then.  After two trips to the ER, I was told that it was due to pulling my paraspinal muscle.  It's taken until today for me to have even the tiniest bit of independent movement.  Has anyone else had experience with this kind of injury?  What did you do?"
659,1,"The text belongs to class ""1"" because the author describes their personal experience with a chronic condition, including how it affects their life and their feelings about it. They also ask for advice, which shows they are open to sharing their situation and seeking help.","tl;dr I have a chronic condition (ankylosing spondylitis), I don't know anything about applying for disability so I could receive medicare to better treat it or get a hip replacement.  So it's bad, about a year ago now it flared up and ended up putting me on crutches, I found out it was ankylosing spondylitis and eventually got a cortisone shot after the various meds they put me on failed. The cortisone shot allowed me to move a lot more and occasionally ditch the crutches or just use one most the time. Past couple days it has out of nowhere flared up again despite my best efforts of going to a heated pool on a daily basis for exercise. I scheduled another cortisone shot but I can't keep going like this without a job and to get one in this state seems impossible. If it weren't for my parents I would be out on the street now but they help with what they can but are struggling financially.  I would highly appreciate any advice, thank you.  (note: I cross posted this from /r/medical as someone recommended I do so, haven't received any answers there yet so I hope someone here can help).  edit: Thank you all, this is a lot of good information I will go over again and again."
663,2,"The text belongs to class ""1"" because it describes the author's personal experience and motivation for their thesis project on prosthetic design for debilitating diseases. The author's father's condition with Multiple Sclerosis is mentioned as the inspiration for their work, and they are seeking input from others facing similar conditions. The text also expresses the author's goal of changing the way assistive products are viewed.","Edit: Free Gold for helpful input!   I am an MFA candidate at the Academy of Art University in SF, CA. Currently, I am engaged in a 2 year long thesis project on prosthetic design for debilitating disease. To be frank, my father's condition of Multiple Sclerosis is the inspiration that drives my thesis.  I am looking to speak with people facing debilitating diseases such as MS, MD, Parkinsons, etc.   Ultimately, it is my goal to design a product that helps with day to day life while also changing the way that use of assistive products are viewed. As of right now, I am focusing on exoskeletal prostheses.  Specifically, I want to know about the difficulties of daily living. Where do the crunch points lie that might serve as opportunities to design around?  I have a short questionnaire for anyone willing to help.   I am also open to advice as to how I might better reach out for input."
669,1,"The text belongs to class ""1"" because the author describes her personal experience with having CP, how it affects her life, and how she feels about it. She shares her struggles with disclosing her disability to potential mates and the impact it has on her relationships.","Hi, I'm a 25 year old woman with CP. I have a very mild case of it. I look and function pretty much like any other non disabled person. However, I do limp and you can definitely see it in my gait. Growing up I knew I was different, but I didn't know how.  Because of this, I find it hard to tell potential mates that I have a disability. They either don't believe me or they shy away because of it. I can do 95% of what most people can, it's just the 5% that gets people down. Any suggestions or thoughts?"
676,1,"The text belongs to class ""1"" because it contains a self-description of the author's condition (muscular dystrophy), their experiences (losing the ability to do things each year, not being able to move their arms, not being able to feed themselves), and their emotions and feelings about them (living in denial, feeling sadistic and fucked-up about the disease, feeling embarrassed of being disabled, feeling awkward in social situations). The author is also seeking advice on how to make friends while being honest about their disability, which shows their desire to connect with others and share their experiences.","Hi Reddit,   I have muscular dystrophy, and have been living in denial. I don't see my self as being disabled. With MD being the progressive bitch it is, I never will stop getting worse. So its different from getting paralyzed, where it's a static condition. Each year I lose the ability to do things. Now, that's not to say I haven't coped. The best way I've learned to combat this sadistic, fucked-up disease is to act like I am not disabled. I went to college at an early age and have a degree in engineering. I pretty much can't move my arms now. I need your advice. I don't have friends. How do I make friends while being honest about my disability? No one asks me about why I'm in a wheelchair. I'm embarrassed of being disabled. I don't want to make it ONLY about what I can't do but at the same time, people should know. For example, friends from school and I went to a restaurant. I just sat there talking with them and didn't order anything. The thing is, I can't feed myself. Everyone was eating and I felt super awkward. They knew I couldn't but it probably didn't occur to them when they asked me to come with them. Should have I asked them for help? I didn't want to make my situation be their problem. How do I become more open to discussing what I can/ can't do?"
680,1,"The text belongs to class ""1"" because it describes the author's personal experience of being turned down for a PhD and their emotional reaction to it. The author also expresses their feelings about the situation, including their disappointment and suicidal state. The text also includes a question, but the main focus is on the author's personal experience and emotions.","I just got turned down for a PhD studying unemployment among young disabled people. It was my dream PhD because I have lived it. I am a straight A student with 2 degrees and years of high responsibility voluntary work under my belt but no one will employ me. This time I thought I had a chance. My own passion for the subject thwarted me as I got hypomanic with the nerves and excitement and missed out some of the dull technical details.  They said I made a good PhD candidate, no one seems to understand that it wasn't a 'Dr' title that I was in search of, I wanted to make the world a better place for people like us. I am now emerging from my suicidal state post rejection and trying to find the strength to fight another day - how do you all do it?"
683,1,"The text is a self-description of the author's condition, specifically cerebral palsy, and how it affects their life. The author expresses negative emotions towards their condition, indicating their personal experience and feelings about it.","I have cerebral palsy, mostly in my left arm and leg, among other issues like depression and honestly it's been a hindrance for me all my life. I'm 30 yo and had it all my life. I loathe myself, I come across a opportunity to do something that other non disabled people do and it hurts that I can't, so I hate myself for it. When I try to do things that require fine motor skills but my arm says, fuck you with a spasm and it ruins what I'm fixated on. I hate not being fully able-bodied."
14682,2,"The text belongs to class ""1"" because it contains a self-description of the author's condition and experiences, as well as their feelings about the situation. They describe their diagnoses, their classification as a low functioning adult, and their intention to apply for a disability card due to their mental health conditions. They also ask for experiences and procedures related to the process of obtaining a disability card for a mental health condition.","My conditions (GAD, DID, PTSD symptoms - still unsure if this counts as cPTSD, but let's not get to that) classify me as a low functioning adult and recently learned I can apply for a disability card by presenting an Rx or certification or letter or note from my psychiatrist/psychologist (idk which) stating my diagnoses and eligibility for a disability card.  I'm from the Philippines and am aware most are from the West here, but I'd still like to know how is/was it like for those who have and/or have applied for a disability card for a mental health condition. If you could also please enlighten me of the procedures you went through and what was required of you etc., I would very much appreciate that. Thank you in advance!  \*GAD - Generalized Anxiety Disorder  \*DID - Dissociative Identity Disorder  \*PTSD - Post Traumatic Stress Disorder  \*cPTSD - complex PTSD"
14687,1,"The text belongs to class ""1"" because it contains a self-description of the author's condition or experiences, and how the author feels about them. The author describes their feelings of being adrift and their struggles with cerebral palsy, their education, and their career. They also express their frustration and loneliness in not being understood by their family.","I have felt a sense of being adrift for awhile now. At least for the last 5 years if I’m being very honest. But I’ve always covered it up by moving forward and trying the best I can.  I was born with a mild form of cerebral palsy and I have always hated when people treat me like I am disabled. As I have grown older, I’ve realized that there are times when I need to acknowledge my disability and ask for help or use resources available to me. (I probably don’t do it enough)  When I was trying to get through my undergrad, I came to recognize that I was probably going to have to blaze my own trail in life because it didn’t seem like I was going to get the help I needed. Looking back now, maybe I wasn’t looking hard enough. I worked for my family’s business through college followed by grad school and another graduate program. I was laid off by the family business in 2019. Without getting too much into the details of it, I tried looking for other jobs, have never had any luck with it, and felt like I couldn’t leave the family business for a few different reasons.  Because I worked with my family business for so long, I did other stuff on my own during it too, I knew self-employment was the most likely outcome for me. Also, I basically spent 14 years in school getting a bachelors and two masters. Not the smartest move in hindsight but I didn’t want to ever feel like I needed to go back to school later and not be able to.  I loved being self-employed until the pandemic hit. It was hard but I loved it. Unfortunately, my main source of work (I am a notary who helps loan documents be signed) depended on being with people in person and driving. I can’t drive because of my disability and I’ve been working from home doing freelance work for the last year. I’m working on trying to figure out how to return to my notary work without spending a small fortune on Lyft and Uber. (I took the bus too). In the meantime, I’m trying to figure out how to get out of feeling adrift.  My family has lost their patience with me and my financial situation which is understandable, especially my mom. We live with other family in a family home and there are lots of issues. She has told me multiple times that I just have to make it work.  And I want to.  But I’ve been making it work pretty much my entire life. I went through school, did everything I thought I was supposed to do, and now I am simultaneously overqualified and under qualified at the same time. It is a frustrating and lonely experience. As supportive as my family has been through the years, none of them understand how hard it is to have a disability. Some of them have a better idea now with age-related ones coming into play. But it’s not quite the same.  I am a smart, capable person and yet I feel like I am anything but most of the time."
14691,2,"The text belongs to class ""1"" because it describes the author's personal condition and their experience of being kicked out of their home by their aunt in law, who is trying to sell the house. The author is going through treatment for their severe multiple sclerosis and is worried about finding a new place to live with their daughter in Los Angeles at a less expensive rate due to their disability. The text contains a question, but it is related to their personal situation and not a standalone question.",My aunt in law is kicking us out. She’s trying to sell her house right from under us. My husband has been living here since he was 3. I’m disabled. Going through treatment for my severe multiple sclerosis. We don’t  have anywhere to go with our daughter.. do you all know about any places that’ll rent at a less expensive rate for disabled people? Here in Los Angeles?  Pardon my wording. My brain fog is intense currently.
14694,2,"The text belongs to class ""1"" because the author describes their personal experience of getting their disability approved and their plans for working part-time while receiving disability benefits. They also mention their caseworker and the possibility of receiving SSI in the future. The author does not ask a question, but rather seeks help and advice regarding their situation.",Hi I Just got my Disability approved two days ago. If I work for a long time can my pay go up im 21 and don't plan on losing part time work. When my Caseworker called she said my pay was so low I could get SSI too. So again if I work for 10 years and get like 100 dollars SSDI could it increase in those 10 or at the end? Any help would be :)
14701,2,"The text describes the author's personal condition, their feelings about it, and how they want to improve. They recognize their discomfort when interacting with people with disabilities and express a desire to change this behavior. They also acknowledge that their current approach is inappropriate and hurtful.","EDIT: I feel like I should clarify, I didn't originally consider physical disabilities or deformities. I recognize that these do not affect your ability to communicate.  I know, and have known, many people with a variety of disabilities such as mild autism, major autism, Alzheimer's, dementia, down syndrome, speech impediments, etc. and I am always incredibly uncomfortable with it. I would honestly prefer to ignore disabled people entirely than to subject myself to the discomfort of speaking to them and wondering what to say.  That said, **I do not think that my feelings here are appropriate**. I believe that I should learn to communicate appropriately with all people so that I can enjoy their company and that they can feel loved by more people. I would not want to be ignored because of conditions beyond my control and I do not want to treat others that way either.  My problem is that I really overthink the whole conversation when I talk to anyone who doesn't seem (to me) up to par with normal conversation skills.  Thoughts that go through my mind include things like trying to gauge whether I'm talking in a way that they understand. I worry that I may be patronizing them by trying to adjust how I speak. I wonder, in some cases, if they are capable of remembering what I'm talking about. I worry that my lack of understanding of their issue will cause me to do something that will hurt their feelings. I worry, in the moment during our conversation, that all of these thoughts are preventing me from giving them my proper full attention.   I tend to feel overwhelmed, frustrated, and uncomfortable overall when needing to interact with most disabilities. I am almost resentful when I see people that I don't know how to talk to, even though I know that that is a really inappropriate way for me to feel.  I don't even know where to start on changing how I approach this but the longer I go the more it seems to be something I need to work on. I don't want to be rude or unkind. It's just hard for me. How can I improve?  EDIT: If the question itself presents problems with my worldview then please tell me so. I'm just trying to be better."
14706,1,"The text describes the author's personal experiences and emotions, including feeling rejected by their family, being unable to pursue new friendships, and struggling with a body that is ""breaking every chance it gets."" They also express feeling ""at rock bottom"" and ""so tired,"" indicating a negative emotional state. Therefore, the text belongs to class 1.","I’m watching my entire friend group get cars, great jobs they can transport themselves to, great partners that don’t need to worry about caring for any disabilities and I’m just…    I’m at rock bottom again. My entire family rejected me, and I’m too fucked up to pursue any new friendships. This is it for me, clawing my way to basic survival, all through a body thats breaking every chance it gets.   I’m so tired"
14708,1,"The text belongs to class ""1"" because it describes the author's personal experiences and emotions, including living with their brother's family, being abused, and feeling stressed and angry. The author also mentions their own negative thoughts and feelings of jealousy and envy towards their brother.","Hello, ive been on disability for 5 years now and out of those 3 years, my brother and his family has been living with me, they got kicked out of my uncles house and my brother couldn't afford living on his own because he has to pay child support to his ex baby mama.  These past two years living with my brother has been pure hell, he hit me, kicked me in the head, put holes in my apartment and im still stuck in this ghetto ass apartments because Section 8 only gave me enough for one person but i was able to get a two bedroom in my old ghetto run down apartments which is really bad...  When i finally got approved for section 8 after waiting for the voucher for three years, i was happy i could get out of these apartments i hate but i did this for my brother and his family..   These past two years living with him put alot of stress on me. Him being abusive and unappreciative what i do for him gives me anger. My blood boils  It doesn't help that my best friend of 18 years commited suicide last yeat  And now , he got his stuff together, got his income tax ($8,000) his car is fully  paid off because of me, him and his wife are now getting 300$ child tax credit for each of his two kids and moving to a beautiful, lovely apartment complex where its quiet, not ghetto, very peaceful and there no homeless people walking around   I feel like im getting the end of the bargain now, my heart hurts due to constant stress he and his family been given me, im stuck in this ghetto ass apartments and section 8 is taking there sweet time sending the voucher which i want to move because i got bit and attacked by a pitbull who didnt have a leash on   And im broke, i pay everything, my brother hasn't paid me anything or even helped me out during these stressful two years, its because i told him to save money for his own apartment..   Im glad hes finally moving out but i cant help to be angry with myself  I have these negative harmful thoughts on my head    Like i want to get an e- cigarettes and have it exploded in my face, like my face all gory, like a flower blooming but theres only my eyes left, and i can see thick blood all over and i pass out   Like i want my face to exploded ina horrible horrible violent way  I cant stop thinking about it for the past couple of days and im just angry at myself, jealous, envious of my brother even though im happy  I dont know how to handle this   Its my fault because i have a caring kind heart and im stupid for this. I have noone to blame but myself"
14716,1,"The text belongs to class ""1"" because it contains a self-description of the author's condition and how they feel about it. The author has cerebral palsy spastic quadriparesis and five main symptoms, and they share their own views about their symptoms and how they would rank them. They also mention their intention to create a YouTube channel to talk about life.","(not positive if this is allowed, feel free to delete it) Hi all, I have cerebral palsy spastic quadriparesis and with it, I have 5 main symptoms. Have you ever thought about what did your family/friends think about your disability? I always wanted to know how would my friends rank my symptoms because I have my own view about them. And I wanted to make a new youtube channel to talk about life. So I decided to combine them, and I had my friends rank my disabilities. This is the video, I hope you enjoy :) https://www.youtube.com/watch?v=aGVqvVX-OfM&amp;t"
14721,1,"The text belongs to class ""1"" because the author describes their personal experience with chronic myofascial pain, how it affects them, and how they have historically dealt with it. They also provide a self-description of their condition and ask for help regarding whether this constitutes a disability.","Hello, people. I would like to start this by apologizing if I come out as offensive or if I don’t know concepts properly.   So, I (20M), have been diagnosed with chronic myofascial pain. Wikipedia, for lack of better resource, says this: “Symptoms of a myofascial trigger points include: focal point tenderness, reproduction of pain upon trigger point palpation, hardening of the muscle upon trigger point palpation, pseudo-weakness of the involved muscle, referred pain, and limited range of motion following approximately 5 seconds of sustained trigger point pressure”. Now, because of how I was raised (my mom didn’t even want me to see the doctor) I never really cared much about this pain. I do feel pain, but it’s never enough to stop me from doing anything. I guess I just push myself through it, regardless of what I may be feeling.   That being said, And sorry for the big text, I need your help. Is this a case where I am considered disabled? I ask because a label might be the last step to be taken seriously at home."
14722,1,"The text describes the author's personal experiences, feelings, and thoughts about their life, including their struggles with disability, PTSD, and anxiety. They also express their cynicism and bitterness towards humanity, as well as their self-doubt. Therefore, this text belongs to class ""1"".","I was left permanently disabled by MRSA. MRSA is an antibiotic resistant superbug. I was a newborn.   I also have ptsd and anxiety. I'm anxious incase others subject me to hate. It's happened before so it's a very real situation I could find myself in.   I feel very nihilistic and cynical because of this. My life has made me very anti-humanity. I have experienced first hand how selfish people can be. I nearly lost my life because Karen felt better and stopped her antibiotics against medical advice because she's more intelligent than a doctor who earned a PHD and dedicated his life to medicine.   People who kiss babies are selfish. I nearly died because somebody wanted to give smooches to the ickle wickle baba. Yet my entire family still attempted to kiss on **MY** baby! Hell no.   Humans never learn from our mistakes. We pretend we have learnt, yet make the same fuck up again and again.   For me it's smoking! I had essentially quit. Using a vape, I was down to only 1.5mg nicotine. Down from 18mg. I sabotaged myself.   I forgive myself because I know I'm no better than the heroin addict or the marathon runner because we are all chasing our highs.   I just hate people and the way we work. I have very little faith that we will save humanity because as a collective we are programmed to self destruct.   I have a lot of self doubt. I need a purpose in life other than hating society for stacking the odds against me. I don't want to become a bitter old bitch because in many ways I'm lucky and I fucked shit up for myself by being bitter.   I think I just developed this ""fuck it"" mentality as a defence mechanism as a little girl and its become a hindrance. I should worry and care, but I'm so ingrained. I just think well one day we will all be dust. Nobody will be alive to remember cleopatra or aristotle. Why would they remember me? So why give a shit?"
14723,1,"The text belongs to class ""1"" because it describes the author's personal experience and emotions. The author shares their physical disability, their living situation, and a conflict with their roommate. The author's feelings about the situation are also expressed, making it a self-description of their condition and experiences.","So im physically disabled. (19)  My condition is similar to Spina bifida but im able to walk, just not well. My roommate (21) let me move into his place, but the landlord insisted my name be in the lease. A couple days ago my girlfriend (also 21) came over, we all seemed to get along wile we listened to music abd my roommate and I put back a little vodka he got because he just got his license renewed. After she Left i brought up the idea of maby my girlfriend moving in with me when he decides to go to back to his hometown in a few months. He freaked out, started yelling about how this was his place, only his place, abd forever his place. I said back that's not true and that i read the lease that i signed before I moved in and that it would be impossible after hed leave unless he decides to send the money every month. He grabbed me by the shirt and drug me off the couch and pushed me into the wall on the ground, screaming the same words into my face. It got broke up when our neighbor came to the door threatening to kick his ass but right now IDK how to handle this"
14724,1,"The text belongs to class ""1"" because the author describes their personal experience and feelings about their condition. They mention their symptoms, their visit to the hospital, and their belief that their past illness might be causing their current fatigue. They also express frustration and confusion about their mother's reaction to their mobility aid inquiry.","I 17 female, am suffering from a yet to be diagnosed illness, I suffer from unexplained dizzyness which seems to flare up when doing prolonged exercise as well as standing for long periods of time, this is becoming dangerous since many places don't have seats to sit at due to covid, last year i went to hospital for passing out and having spasms though the doctors could not find anything wrong with me. I also caught cytomegalovirus as a child and believe that this might be what is causing the fatigue, i feel stupid since whenever i mention to my mother anything about her thoughts on mobility aids she brushes me off and simply says i need more exercise and more vitamin tablets,. Would i benefit from a mobility aid, or should I disregard my problems and not use a mobility aid?"
14726,2,"The text belongs to class ""1"" because it contains a self-description of the author's condition, experiences, and emotions. The author describes their struggles with being denied disability accommodations, their recent diagnoses of ADHD and anxiety, and the challenges they face in school due to their disabilities. They also express their frustration and anger about the lack of accommodations and care for disabled people in their society.","I have talked about this before in previous posts but my saga of being denied disability accommodations continues.  I am a senior in high school right now and I have a 504 set up with very minimal disability accommodations specifically to my EDS which are all mobility based.  Recently I have been diagnosed with ADHD and anxiety and I have been seeking accommodations for that in school. I just met with my school's Dean and my counselor about getting those accommodations and was denied most of them. Since this was a meeting to establish a 504 it's not technically illegal; But it is definitely infuriating.    The reason I have been declined to have accommodations is because I have a 3.8 GPA.  (As most people are aware that is a high GPA and I do well in all of my classes and I get good grades *but* I have to work twice as hard because of my disabilities and it's something that I'm very aware of and takes a huge toll on me mentally. But it is something that I have dealt with for my entire educational career and I'm quite used to.)   The main thing that I was asking for was to have extended time for testing because I have a lot of anxiety surrounding that and I have evidence from taking the a ACT that I cannot finish my test on time and therefore  score lower than I could if I had accommodations for it. My Dean then informed me that I needed data based evidence to prove this. And that the Dr. (with a phD who is a licensed psychologist and led me through advanced psycho educational testing) provided diagnosis is not enough evidence for me to get an accommodation.    My Dean then proceeded to say that not everyone with autism or with autism or ADHD gets accommodations for their disability and just because I have it doesn't necessarily mean that I need accommodations.... Which I'm not gonna get into because 🤠 wtf   Both my counselor and my Dean multiple times asked me why I thought I needed accommodations because based off of my grades and GPA I'm doing well in my classes. I then told them that I'm aware that my grades are high but I would be able to get even higher grades if I had accommodations that gave me the same opportunity to succeed as the rest of my classmates. This continued to not be a good enough reason *shocker*   **The point of this post isn't to say that it's illegal because I know it's not illegal. But I'm just trying to point out the evident lack of accommodations and care for disabled people in our society.** I was told during this meeting that the average grade recognized by the state  for succeeding in school was a C. And unless you are doing worse than that you don't have probable cause to get accommodations.    I'm graduating high school this year and I'm also duel-enrolled in college and am really enjoying that. I am just so ready for this chapter of my life to be over so that I can get out of this system that has shown repeatedly that it doesn't care about me.  Sincerely, your chronically ill and now chronically angry friend."
14729,1,"The text describes the author's personal experiences and emotional state related to their physical disability and financial struggles, as well as their history of applying for disability benefits and being denied multiple times. The author's question about finding financial assistance is a secondary concern to their overall situation, making it more likely that this text belongs to class ""1"".","I applied for disability in the state of Pennsylvania roughly 3 years ago.  I became profoundly physically disabled at the age of 16.  I almost died as the result of a terrorist attack.  I had over 30 reconstructive surgeries to salvage my right leg, multiple skin &amp; muscle grafts, superficial wound repairs, and repairing a shattered ear drum.  After all of this - I walk with a permanent limp that alters my gait, have severe arthritis in most joints below my waist, and live with what is at times debilitating chronic pain. There are days where I can't even get out of bed let alone go up and down the stairs when it's at it's worst.  Some days I push through to get things done, but it always ends up taking an awful toll on my body.  Being a survivor of a terrorist attack, I am also diagnosed with severe PTSD &amp; depressive episodes.  I went to therapy for years and am doing much better w my mental health.  Most of my stress is caused by the cycle of pain and financial worries at this point in my life. I'm now 27 and the only reason I'm not homeless is frankly because my parents let me stay with them. I've had a few jobs over the years, but nothing I've been able to hold onto long term because of mental or physical health flare ups.  I have been denied disability multiple times, even after being examined by a state doctor. My lawyer just dropped my case because they don't think it's worth their time.  I wrote a letter explaining my situation to local representatives &amp; called a disability advocates network to hopefully be matched up with someone. Has anyone here been disabled as a minor and found a way to get financial assistance that isn't through their parents (retirement, etc)?  This is one of the main things my lawyer kept telling me, that because I was injured as a minor I essentially have no legal recourse.   I'm becoming really worn down by life (as I'm sure we all are). I want to know if anyone has any advice that might help me speed things along?  Or feel free to be blunt and tell me I shouldn't waste anymore time/ energy, bc it probably won't turn out in my favor. I'm very close to giving up and so overwhelmed.  Any comments are appreciated."
14731,1,"The text belongs to class ""1"" because it describes the author's personal struggles and feelings related to their learning disability. They share their experiences of having a hard time following directions, having a bad sense of direction, and being bad at math. They also express their concerns and emotions about these challenges, such as feeling embarrassed and like a complete idiot.","around 6th grade i remember being told i have a learning disability by my school, i had an iep and was put into different classes   now i’m 25 and i still obviously struggle the main thing is i have a ridiculously hard time following directions, i get confused and just look like an idiot i’ve gotten in trouble so many times at jobs over this… i also have a bad sense of direction i have lived in my town all my life and you could drop me off somewhere and i more than likely wouldn’t know where i am, im also bad at math   i worry about these because jobs expect you to follow directions right the first time and i never do.. what the heck am i suppose to do? please help i get so embarrassed i feel like a complete idiot"
14735,1,"The text belongs to class ""1"" because the author describes their personal experiences and emotions related to their situation as a pre-nursing student with a learning disability, their struggles with a particular professor, and their frustration and anxiety about the potential impact on their academic and life goals.","Hey everybody,  I hope you're all doing well! I'm involved in a situation that I could use advice and encouragement on.  I'm a second-degree pre-nursing student attending a college in NYC. Out of all my professors, this one professor refuses to provide time and a half on my exams, which disability has concluded I'm entitled to. I've tried doing the work without accommodations, but I can never submit my best work.  I'm extremely frustrated and upset. I work 60 hours per week in childcare, and on top of my learning disability I also have a physical chronic illness. This is my second bachelor's degree, my first B.A. took me 5 years to get because I didn't know I even had a learning disability and have never used my college's disability services. But despite struggling I have always, ALWAYS done everything I can to make sure the grades I get are *EARNED*, I work hard, I go to study sessions, I host study groups for myself and my peers, I go to office hours if I don't understand something, I do my homework and assignments on time or early. I know I don't have to convince anyone that I'm not taking advantage of disability accommodations and that I do my best regardless. But this professor has me second guessing myself and is making me feel like I somehow have an ""advantage"" over other students even though it's something my neuropsychologist recommended for me.  I don't know what to do. Both the add/drop period and the withdrawal period ended a while ago so I can't just switch to another class. If I can't take this class, applying to actual nursing school will be postponed by another *YEAR*. I'm in my mid/late twenties and I don't want to be in school forever, I got married recently and want to start a family soon, I want to start my life. I don't want another setback.  [Here's screenshots of our email chain.](https://imgur.com/a/wblpfv0) I eventually cc'd the director of disability services, the dean of students, and the department chair.  Any advice is appreciated. Or just kind words and encouragement. Thank you for reading. ❤️"
14738,1,"The text belongs to class ""1"" because it contains a self-description of the author's condition and experiences, as well as their feelings about the situation. They describe their medical conditions, their work situation, and their financial struggles, and express fear and uncertainty about their future.","Hi! I'm a type 1 diabetic with an A1C of 11.5, I have Borderline personality disorder, Herpes Simplex, as well as other disabilities and i'm very sick, I can only work 2-3 days without my body dying on me. My mother keeps stating that I won't get it because I have a job, I work in a warehouse but it is so draining, painful and agonizing. Even if i did work full time and everyday, i'd only make 900 or less. I'm going to apply but i'm so scared that she might be right. My checks are 100 a week and i can barely make enough to pay for my diabetic supplies. I am genuinely freaking out. Would I even qualify? I overthinking and need some help with reassurance."
14740,1,"The text belongs to class ""1"" because it describes the author's personal experience and feelings about their condition and the challenges they face in their daily life due to their illness. The author shares their emotions and thoughts, such as feeling ignored during a phone interview and being overwhelmed and alone during their situation.","I was diagnosed with Diabetic Peripheral Neuropathy back in Feb. 2020, just a little ways into my 25th year of having Type I Diabetes. I had to promptly quit my dog walking job, which was really working out well for me on multiple fronts - exercise kept me feeling good, interacting with dogs kept my stress down, usually interacting with1-2 people was nice for my social anxiety and I made my own schedule, in case a bad day or two crept up.      Giving this up was a big blow. In March 2020, I applied for disability, and just one month after the diagnosis, I was seen by the SSA's doctors, which took record of my condition. I was denied twice, appealing twice, before having a phone interview with an Administrative Law Judge, without an attorney, and answered honestly of my current condition, about my disease being a progressive one, so it was much worse in March 2021 (during the phone interview) than it was in March 2020, a month after diagnosis, but I felt ignored during the whole thing. Leading to nearly 6 months later being denied, based on medical evidence from 18 months ago.      That being said, I've consulted attorneys who say their hands are tied, so I'm reaching out the best way I know how - the internet. Where should I go from here?  Do I file an entirely new application addressing my most recent condition status, 18 months into having neuropathy? And, go over every single detail of how limited my daily life is? Or do I attempt an appeal of a judge's decision based on evidence from 18 months ago?      I think it would be hard to find a job where I can work 1 day, with 2-3 days off to recover from exertion, while on part time hours, and have the ability to still sustain myself, all the while getting any days off should something come up like a bad day flair up, doctor's appointments, etc.      I apologize in advance if this is not the place for such posts, but I'm overwhelmed and at wits end as to what to do, and feel very much alone during all this."
14746,2,"The text belongs to class ""1"" because the author describes their personal experience with hemiplegic CP and their decision not to use mobility aids, including accessible toilet facilities. Then, the author asks a question about how the facilities help others, but this question is related to their own experience and does not constitute a standalone question.","So I have hemiplegic CP and I don’t use mobility aids.  Yes, I’m disabled but I’ve never needed to use the accessible toilet facilities.  For those who do, how do they help?"
14747,1,"The text belongs to class ""1"" because it describes the author's personal experience and feelings related to their recent diagnosis of moderate intellectual disability (ID) and ASD. The author expresses confusion and fear about how the disability will affect their ability to learn in the future.","I'm 17(F) and just recently got diagnosed with moderate intellectual disability(ID) and ASD. But i wasn't told much after that.   I'm research about it but i don't know how ID apply to me I never had much problem in school so far, I always was slow to get and probably gonna have to think harder to get simple stuff but after some time i get it and, i have really bad memory but  I even learn English as my second language on my own. Is the disability gonna make things hard for me to learn for now on? Is gonna getting worse with time? Nobody told me how this works i just got the diagnosis.  I'm just confused and scared."
14751,1,"The text belongs to class ""1"" because it describes the author's personal experience and feelings about chronic joint and muscle pain, and their consideration of using a mobility device. The author also shares their emotional experience of receiving support and encouragement from others.","I’m almost 24, and have struggled with chronic joint and muscle pain for as long as I can remember. Its getting to the point where Im considering getting a mobility device like a rolling walker with a seat for times were I have to stand or walk for a long time like concerts or museum visits. I was wondering if anyone on here had any advice to offer on starting to use a mobility device as a younger person and what helped you deal with the emotional acceptance both personally and from other people (friends, family members, etc.). Any tips in general would be appreciated!  EDIT: Sorry for not replying individually (gotta love low energy/chronic fatigue haha) but seriously the replies to this have been so sweet and helpful and encouraging!! Thank you guys so much, I really needed this ❤️"
14752,1,"The text belongs to class ""1"" because it describes the author's personal experience with autism and how it affects their communication with doctors and other healthcare professionals. The author expresses their feelings about the situation and offers a potential solution to help others facing similar challenges.",So basically I have autism and it affects the way I speak to people face to face so I find it hard to voice across how things are affecting me to doctors and stuff because to communicate with someone I don't know causes me that much anxiety I litterally cannot do it but I am able to communicate my feelings online so if there was more services for the NHS for people like me to communicate with a doctor online or someone online who is a qualified doctor or gp it could make a massive difference to someone's mental health and I know I'm not alone on this many people with autism struggle with very similar problems
14755,1,"The text belongs to class ""1"" because it describes the author's personal experience and emotions related to receiving a rejection letter for social security benefits. The author also shares their feelings of devastation and the potential consequences of not receiving the benefits. The text includes a question, but it is related to the author's personal situation and is not a standalone question.","Got my rejection letter the other day, which states ""I have not worked long enough under social security to receive benefits"". I am diagnosed major depressive and bipolar, and I actually worked since I was 16 (2011), until 23 (2019), only a bit of it (around half) was under the table.  I am devastated, and need these benefits, or I will never have money of my own and may end up living in a car or on the street in the future. So I have 60 days to appeal and I called a random SSD lawyer in my area who looked like a good match for my symptoms. I really didn't know how to choose.  &amp;#x200B;  Now, I have 2 law offices I've called, but, what will happen next? Will they tell me how to win the case? And then what? I have no money to pay them, would I just give them a percentage of my benefits if I got them?"
14757,1,"The text belongs to class ""1"" because it describes the author's personal experience and feelings about their situation regarding their social security income and their mother's management of it. The author is seeking to understand the bigger picture of how it all works, which is a reflection of their personal experience and emotions.","I'm 16, I live in Indiana, and I'm diagnosed with Spina bifida (I can still walk, but it's became increasingly harder over time)  I dont think I'll be in a stage where I can't work at all, but right now the income I get from social security is based off my household income. I asked my mom about it, since she's the one who's been managing it all my life, and she just kinda blows me off saying it's too complicated. She only really explains how car insurance would work and little things like that, but never the bigger picture. I understand it's case specific, but is there at least a sort basic summary of how this all works?"
14760,1,"The text belongs to class ""1"" because it contains a self-description of the author's condition and experiences, as well as how the author feels about them. The author shares their personal experience of living with a degenerative illness since they were five years old, and how it affects their physical strength. They also express their feelings about the situation, such as not wanting to become mentally handicapped due to this and not wanting to be pessimistic about it. The author's intention to keep their spirits high and not to affect other people with their illness is also an expression of their feelings about the situation.","Hey guys, bit of a downer post, but I'd appreciate the pick me up.  &amp;#x200B;  Since I was 5 I was handicapped due to some illness that's very mild compared to other stuff, but made me physically weak.   Not too much of a deal breaker as I'm very much independent to do my own shit, but it was there. So I didn't give it too much more importance than I actually should to keep it at bay.     One day, me and sister (that has the same stuff as me, only worse because woman) went to this big ass hospital that said whatever we had was degenerative.   I called bullshit on that because we do get stronger on what we train, we just get actually weaker if we don't train a certain movement. And even then takes a while and can be trained back.     Today I learned that's still considered degenerative.     I'm not a debbie downer by any means, if anything I'm the one that tends to hold people's spirits high and I intend to keep it that way. I just need some words to better digest this as to not become mentally handicapped as well due to this.     I DO NOT want to be those guys that keep the pessimistic view because of their issues. I want this illness to die with me and to affect as little people as possible. But I will be more pessimistic here just so i'm not irl, if you guys don't mind."
14762,1,"The text describes the author's personal condition and their feelings about it, including physical symptoms and emotional distress. They mention their brain tumor, loss of healthcare, and fear of death, which all indicate a self-description of their experience and emotions.",My neck won’t stop swelling up. I have the same blurry vision and dizziness I had before the first brain tumor. I keep loosing weight and can’t sleep. I’m pretty sure I’m going to die. I can’t get the same healthcare I got before I had to move because I couldn’t afford to live where I was back when I could work. I’m so nauseous I want to throw up. If I eat or drink I get headaches. It’s bad right now and it looks like I have accept death again. It’s almost time to level up
14769,1,"The text belongs to class ""1"" because the author is describing their personal experience of living with a disability and advocating for it, as well as their thoughts on the NDIS program. They also mention their intention to create a blog or podcast about their experiences, which further supports the classification of this text as class ""1"".","Hi guys so I am in Aust, and we have a program called the NDIS, it's a system that is trying to support people with disabilities but to my perspective it has become a massive cash cow for providers and has made me really aware of the divide between city and country. I am really high functioning, to the point I could possibly hold a part time job. I am want to do like a blog or podcast about the reality of living with a disability and being an advocate at the same time, but talking about my experience's mainly and making that really clear.   I know that this is a bit of a rambling post but I am wondering with all the flame wars  would it be wize to wait as covid is not really controlled where I am and for this it would be a lot of travel and research, eg I want to do the video essay type  format and I am a little older and perceive that this is a young persons game, if anyone has some advice around this, I would welcome it as part of my disabilities is ADHD so I need something to keep me out of trouble,"""
14771,1,"The text is a self-description of the author's condition and experiences, as well as their feelings about them. They are struggling with the reality of their worsening health and the impact it has on their ability to work, which was a significant source of fulfillment and social connection for them. They express frustration, sadness, and anger about their situation, and also mention feelings of self-doubt and self-blame. Overall, the text conveys a strong sense of emotional distress and personal struggle.","I'm trying to come to terms with the fact that I'm getting really bad. Planning for the day that I have to apply for disability, and it's looking more and more grim, and like it might happen sooner than I'd hoped. I've had to cut my hours already, and I keep having to call in even with reduced hours.  But I'm still gaslighting myself. I'm really struggling to not tell myself to just get over it, and it's not that bad, and other people can do this, so why can't I? I'm either angry at myself for acting like it's so bad, or I'm depressed because I feel useless and helpless.  Since I was a teenager, work was my safe place. Work gave me a sense of fulfillment. Maintaining social connections is hard for me outside of work, and having coworkers filled my social cup. I felt valued and wanted. And now...  I'm frustrated, and sad, and angry. I feel like I've lost who I used to be. And I feel like I'm lying. I'm not, and I know that I'm not, but I can't let go of my former ability to do everything.  I kinda wish I *was* lying. more than kinda. i really wish this wasn't happening at all."
14774,1,"The text describes the author's personal condition, experiences, and emotions in detail, making it class ""1"". They express their severe back pain, nerve pain, tachycardia, hypotension, and other health issues. They also mention their emotional struggles, such as feeling pathetic, exhausted, and anxious. They share their past experiences of abuse and how it affects their present life. Overall, the text conveys their personal feelings and experiences, making it class ""1"".",I’m probably not even disabled but this felt like a place where someone might relate. And I just need an ounce of support or advice.  I’m a 23 year old woman.  I have always had severe back pain due to large breasts. Like genuinely it’s awful and I hate them I want to cut them off. I have severe nerve pain and I’ve started losing feeling in my fingers and heels after recently starting work as a barista.  I can barely get up out of bed my back has sensitive knots that drop me back into my back and my legs are stiff as trunks. I feel pathetic I’m like this after a month of work when everyone else is just mildly sore in their feet.  I have tachycardia and hypotension. Idk why and it makes me exhausted and faint constantly. I feel like ppl don’t believe how it physically affects me. I take tons of salt pills and electrolytes and wear compression socks and everything and THAT is exhausting and ppl don’t understand treating my weird heart stuff takes something out of me. I don’t feel like it’s healing even if it does put my pressure up momentarily.   I get exhausted just walking I’m out of breath I’m YOUNG.   My mind is against me. I am and have always been optimistic. It’s how I get through life.   I was sexually physically and mentally abused until I was 18. My whole life. I still have to interact with my abusers my mom and step dad. It’s the only way to keep seeing my siblings. But it keeps my PTSD fresh.   I was also raped by a best friend in the same room as my boyfriend when we were all passed out after a fun night of drinking and games for his birthday. It was my boyfriends best friend since childhood. It’s my secret forever.   I have BAD ADHD the kind that ruins and steals your life. I forget my key in my house front door almost every night. I cannot comprehend time and I get “STUCK” for hours. I have a head picking problem and pull my hair out. Loud noises will startle and scare me and ruin my day.   I’m terrified of germs. I can only eat and drink safe foods from safe utensils. I will starve before I use a utensil my brain has deemed unsafe.  I have ovarian cysts and severe pain problems in that area that I don’t know much about because I havent scheduled an appointment bc it’s overwhelming and I get anxious when I plan things for the future.   What if I can’t get off work  or I forget or it’s the wrong day and I’ll miss the appointment and owe them a bunch of money or what if I don’t have the money that day or IDK   I can’t see I need new glasses I have a broken tooth that HURTS I have SHIT tonsils  Yes I stretch even though it’s exhausting. My pain persists. No I don’t work out enough but I had these problems when I worked out every day and was fit and lean.   I feel trapped in my body and mind and it breaks my heart because i love life and I genuinely enjoy my job and my life. It’s devastating that I can’t participate the way I want. But today I can barely walk and move and I can’t feel my right arm and fingers.   I feel like my list of problems is too long to be valid. Maybe it was my mom always telling me I was faking it.   I feel like I’m not allowed to show weakness so I push hard to make it seem like I’m fine.  But it’s too much I lately and my body is betraying me. I can’t hide when I’m about to faint or when my back spasms from pain. I’m only 23.
14776,1,"The text belongs to class ""1"" because it contains a self-description of the author's condition, experiences, and feelings about them. The author describes their physical disabilities and chronic illness, the impact on their daily life, and the feelings of guilt and uselessness that arise from their situation. The author also mentions their partner's feelings of being overwhelmed, which further contributes to their negative emotions. Therefore, the text can be classified as class ""1"".","I (30, they/them) have both physical disabilities and chronic illness, the combination of which frequently makes it incredibly painful and difficult for me to do physical tasks even as basic as standing for long periods of time. I live with my partner (33, she/her) of 4 years, and thanks to my disabilities, she ends up shouldering much of the housework in addition to having a full-time job. I help when I can, as much as I can, but that's usually not much before I'm in enough pain to bring me to tears.  As a result, I often feel like I'm not pulling my weight in our relationship. This makes me feel like I'm taking advantage of my partner. She frequently confides that she feels overwhelmed, which makes me feel even more useless and pathetic. How do you cope with those feelings? I know, logically, that I'm doing the best I can and would do more if I were physically able. I also know logically that my partner doesn't blame me for this. But that's not enough to stop making me feel like a terrible person.  (Ftr: we're poor, so hiring outside help is not financially feasible for us.)  I appreciate any advice or insight you can offer."
14777,2,"The text belongs to class ""1"" because the author describes their personal experience and emotions related to being denied disability benefits for the second time. They also mention their challenges as a hearing-impaired person and their feelings of frustration, helplessness, and uselessness.","Hi everyone, it's my first time posting here I feel so lost as to what to do next.  TLDR; I need help finding a disability lawyer  So I've just been denied for the second time. But they never contacted the program I work with for my disability that they were supposed to get all my info from. My case worker doesn't work there anymore and I just found out last week and they never assigned me a new one. They never contacted my most recent therapist,  but instead contacted an old one who has incorrect information on me. Also, last week they asked me to fill out additional forms to look deeper into my work history. The forms say I have 15 days to complete, but they didn't even give me the chance to return it before I was denied. They keep blaming things on ""miscommunication"" with me, but of course there is going to be miscommunication when speaking to a hearing impaired person. I'm doing my best but it's all falling apart and I don't know where to turn. I feel like they didn't even give me a chance this time around. So after all this venting I guess my question is: how to I go about finding an attorney that can help me make sense of all this? I can't even apply for disability on my own but they think I can work. I feel so useless"
14778,1,"The text describes the author's personal experience of receiving a call from their disability attorney and the settlement they received. The author also shares their emotions and feelings about the situation, including their initial pessimism and the impact of the decision on their life. Therefore, the text belongs to class ""1"".","HOLY FUCK HOLY SHIT ahhhhhhhhhhhhhhhhhhhhhhh!!!!. I just got a call from my disability attorney, and instead of going to court with the ALJ  tomorrow, I got a offer to settle from the judge with no hearing. Now my payments will only be backdated for a year, not the two I have been off work, which sucks, but it's better than nothing. I am blown away. After losing the first time, and me attempting suicide because of it, I was not being optimistic. This shit never happens the attorney said. I just had a mountain of medical records and the judge actually read them instead of whoever looked at them the first time around. EDIT: This is for SSDI"
14782,2,"The text belongs to class ""1"" because it describes the author's preference for using identity-first language as opposed to people-first language as a hard of hearing (hoh) person. The author expresses uncertainty about whether this is a shared preference, indicating a self-reflection of their experiences and feelings.",As a hoh person I’ve always been more inclined to us identity first language as opposed to people first language but idk if that’s the general consensus
14783,1,"The text belongs to class ""1"" because it describes the author's personal experience and emotions related to their diagnosis of epilepsy and POTS, as well as the challenges they face with transportation. They express their feelings about the situation and ask for tips, indicating a need for support and advice.","I’ve been diagnosed with epilepsy and POTS (w/ fainting) for almost three years, and I had to give up my license.   Luckily, I was able to switch my college classes online and get a remote job (which was easier during the pandemic). And I tried Telehealth for my appointments a few times. But I’m worried about my future without a car. It’s already been stressful.  Any tips? Thanks :)  (One more thing: public transportation is not widely available in my town. Even if I walk all the way to the bus, I’m scared of fainting or having a seizure on the bus. Strangers tend to call 9-1-1, and I can’t pay that bill. I probably just need to deal with it, though)"
14784,1,"The text describes the author's personal experience with chronic headaches or migraines, their skepticism about the opinions of others, and their decision to consult a doctor. This demonstrates a self-description of the author's condition and feelings, placing it in class 1.",I have have migraine all the time never through a whole week it always calms down towards the end of week into a headache. I have told both my older sister about it and mom and they both say it's not possible for them to be migraines. I would know if they were migranes they say. So anyway I have to doctor because weather they be5live its headaches or not. I have cronic something their migraines cronic migraines.
14786,1,"The text belongs to class ""1"" because the author describes their personal experience with chronic pain and how it affects their ability to play video games. They also mention how they used to enjoy playing The Sims but can no longer do so due to the number of mouse clicks required. The author's emotional state is also implied, as they express hope and a willingness to try despite their limitations.","I know this is probably a long shot, but I thought i'd give it a try anyway. Ever since my chronic pain has worsened almost 3 years ago I haven't been able to play videogames anymore. I can type short bits at the time, and can operate the mouse of my PC for things like normal browser switching, but not much else anymore. I used to love the Sims when I was younger, but that also has to many mouseclicks in it, even when you pause the game all the time.    Has anyone with similar problems found solutions/ games that they are still able to play?"
14789,1,"The text belongs to class ""1"" because it describes the author's personal experience and feelings about living in a household with multiple disabled individuals and the possibility of their brother having MS. The author also asks a question, but it is related to their personal situation and not a general question.","I now live in a 5 person household with EACH person being disabled. My brother just got back from the neurologist and they tolf him he may have MS. Hes having a lot of problems so theyre trying to figure out whats causing them... omg.. all of my disabled life, ive looked at my brother with ""so lucky"" eyes. I always thought he got normal genes out of all of our mutated one. But that might not be the case now... idk what causes MS but im sure as hell gonna look into it. I want to know everything there is.  A question for someone who has MS: Does a mass in your spinal cord make sense to have MS cause he has one...  If you guys have any information for me and my family, please comment. Thank you so much"
14794,1,"The text belongs to class ""1"" because it contains a self-description of the author's condition and experiences, as well as their feelings about them. The author talks about their health problems, how they have been getting worse, and how it makes them feel. They also express their fears and emotions related to their health and the impact it has on their life.","I've had health problems for 15 years. But lately they've been getting more disabling. I just fell again today, which is guaranteed to reset my back injury. I feel 80. I worry about my health like someone 80. I'm probably as close to dying as someone who is 80.   My main fear of death is not for me but for who I leave behind. They don't have anyone else, it's just us. It's all just not fair. Being sick, being disabled, being alone because of death.   I look at other people living happily and with normal health and I wonder why them, why not me? Why is everyone I've ever loved sick or dead? Why do only some of us have to endure this agony?  😖😫😭"
14795,2,"The text belongs to class ""1"" because the author is describing their personal experience and feelings about filing for disability for the first time due to having severe PTSD. They are having a hard time understanding the process and are seeking help from individuals with personal experience or advocacy groups. This indicates that the author is sharing their personal condition and emotions related to the situation.",I am 26 and filing for disability for the first time. I am having a hard time understanding the process and am finding it hard to any advocacy groups that will help me with where I am in the process. I have filed and they are now requesting medical records. This is all very daunting because I have severe PTSD so I just need some help. Anyone with personal experience or a personal individual that might be able to help me out I would really appreciate any help. Thank you
14796,1,"This text belongs to class 1 because the author describes their personal experiences and emotions related to their health condition, job, and financial situation. They express feeling burnt out, tired, and overwhelmed as they navigate the process of applying for disability while dealing with chronic pain and financial difficulties. The author's emotional state is central to the text, making class 2 (question-based) an inappropriate classification.","Okay this will be a stream of consciousness as I am dealing with an incredibly bad migraine and I’m just touch typing so excuse any errors or lack of punctuation I can barely read atm  Basically I Just turned 18 so I can apply for disability after being *prescribed* to quit my job due to it mentally and physically harming me in addition to having confirmation that I’m dealing with facet arthropathy in the lumbar section of my spine in addition to nerve pain involuntary contractions and chronic stress and pain aligned with sciatica plus bipolar one and chronic migraines to top it all- in addition to me having to use a cane to walk medium and long distances and support me while standing  I’m in my senior year of high school unable to find a remote job that pays enough to support my medication (6 prescriptions that average $1.99/day) everything I’ve tried to apply to wants a  degree or some certification I don’t have but I’m still looking  So far I’m surviving off commissions (I’m an Art student who just established her own LLC) until I can switch to car insurance and get my license to participate in delivery apps (my car has heated seats and I’m my most comfortable when driving)  I literally can’t afford any more of my doctors appointments, my mri and neurological exam ran my mom 1600 with insurance  How do I gather the extra information I need to apply for disability when the appointments I already have are running mine and my mothers finances into the ground- as it is I need to shell out $545 for a dentist appointment  I’m at a loss and I don’t know what to do, my mind and body is burnt out, tired, and worn. I worked at a grocery store as long as I could, I have enough work credits, my income was previously 7200 but I’m now out of work and will be for the next few years minimum until I can seek out better treatment  I don’t know if I’ll be accepted when it’s difficult for me to build a chain of command and letters, I know they want testimony from my old coworkers and bosses but now that I’m no longer working there would they even do it? Would the teacher I TA for count since I’m performing the work of a graphic designer in his stead? I don’t know where to go from here  It’s only been a week since I’ve become an adult and I already am struggling to begin. It doesn’t help my mom makes us an ALICE household (too much income for assistance not enough to survive) but now I’m 18 and don’t have to report her on my income so maybe it helps  I’m new to everything I don’t know what I am where I should go or what’s in store for me  Help? Any advice?"
14799,1,"The text belongs to class ""1"" because it contains a self-description of the author's condition and experiences, as well as their feelings about them. The author describes their past and present physical condition, the challenges they have faced, and the emotional impact of these experiences. They express their pain, frustration, and sadness about their situation, as well as their concerns about their future.","Growing up I was always super active. I loved all manner of exercise, dancing, swimming, martial arts, basketball, rock climbing, hiking, gymnastics, biking, the whole deal. I was always effortlessly active and strong. I was even a volunteer firefighter. After graduating I joined the military and had big dreams of being a combat medic and then eventually an ER nurse. I loved the idea of helping people in a hands-on way. I was even going to go airborne immediately following medic training. I passed basic, got to AIT. I passed my NREMT. But along the way I got broken. Fractures in my pelvis, my femurs. Osteoarthritis and dysplasia in my hips, back problems from over compensation for my hips and legs...I did everything they asked me to and more and yet I still broke. I was on crutches for months while they tried to figure out what was wrong with me and how to fix it. I was treated like garbage, like I was faking. But I endured it all hoping I could get through this and get to my dream. It all crumbled around me. They med-boarded me and sent me away. I was 19 then. I'm 24 now and despite my best efforts all I do is get worse. My back hips and legs hurt all the time. I get a pittance of money from the VA for my trouble, not even enough to cover my housing much less anything else, so I have to keep working jobs that cause me even more pain and break my body further while I go to school for something that hopefully will allow me to stop. I'm so tired of it. I'm tired of being in pain. I miss my old unbroken body so bad that it makes me want to cry. I know others have it worse, and most of the time I manage to remain positive about it all, because at least I got benefits but it still chokes me up when I see all the things I CANT do anymore. That's not even starting on he way people look at me and treat me because of it. I've always wanted kids, and I want a baby but I'm worried about my limitations getting in the way of being the type of parent I want to be. I am worried my child will do something dangerous and I won't be able to move fast enough to stop them. Im worried that they will miss out on things because ofI miss being able to dance. I miss running and jumping and climbing. I miss being able to stand for more than a few minutes without pain stabbing my body like a hot knife. I hate how exercise is a chore rather than like breathing. I hate that the one thing I could always rely on was my own self and now I can't even do that. I'm so tired of it all"
14801,1,"The text belongs to class ""1"" because it contains a self-description of the author's condition and experiences, as well as their feelings about them. They describe their degenerative mental condition, their past jobs, and their struggles with cancer, addiction, and depression. They also mention their current situation and their feelings of confusion and uncertainty.","Hey guys. I haven’t posted before but I bet I will be going forward.  I have a degenerative mental condition that I won’t really get into. It’s like a slow and shakey dementia at 27.  I worked for the government from 2017-2020 after college doing geographic research. Tons of fun. But psychosis became more and more prevalent and I lost my job (contract not renewed) when Covid hit. My last day of “real” work was May 12, 2020.  I then beat cancer that fall, addiction and depression, and went back to work, at a coffee shop for 2 weeks in the winter. Until they let me go because of “liability”. In February 2021, I got another job doing research that I held for 1 week until I quit after being told I was pathetic for asking for reasonable accommodation for unpaid time off for follow up treatments for the psychosis and cancer. Fun.  I’m coherent online I guess, but I’m barely able to take care of myself. Every moment is a confusing nightmare and I don’t know when I’ll wake up the next time sleeping in the woods. I consider my boyfriend my caretaker, but considering he’s mentally disabled also, ehhhh it’s not the best situation for ensuring I’m actually safe all the time.  On my application, I put down my disability start date as May 13, 2020. Which I’m sure is my first mistake. Since I legally worked 3 weeks total after that date. I learned of my brain shit about 1 year ago in October 2020. But I consider the start of the disability when I lost my government job.  So they deemed me ‘ineligible’. My doctor is pissed.  Can I apply again? Do I just apply for long term now? How do I move forward? I’m barely okay enough to even understand how this whole thing works and I need help."
14803,2,"The text belongs to class ""1"" because it describes the author's personal condition and experiences, including their application for disability, their medical history, and their financial situation. The author also expresses their thoughts and concerns about the disability determination process.","So, I’ve applied for disability. I’m a brittle Type 1 diabetic of 32 years, I have Stage 3 Hidradenitis Suppurativa, and I may have MS (my first neuro appointment isn’t until December).  I applied for disability (both forms) day before yesterday, and they contacted me yesterday to follow up and get a bit more info.  One of the questions they needed was obviously about forms of income. I have a 403b retirement account from my last employer (two years ago) and have not contributed to it since I last worked. The total amount isn’t huge… it’s a little over 15k. I may draw out of it without penalty at 60 years old. If I cashed out now, they will give me 11k.  I AM NOT PLANNING ON CASHING OUT IN ORDER TO CHEAT THE SYSTEM!!!  I was, however, wondering how these amounts might affect my disability determination. We are just now at the point where my case has been forwarded to one of their medical people."
14804,1,"The text describes the author's personal experience and how they feel about it, specifically a situation where a classmate made an insensitive comment about the author's disability. The author's emotional state is also discussed, as they mention feeling upset and almost crying. The text does not contain a question, so it does not belong to class 2.","I was walking up the stairs near my classmate who just broke his ankle and is using crutches. This girl who I’m usually friendly with said “it’s the two cripples!” In reference to his injury and my usage of a cane. I said “what did you say?” She said “nothing.” “No seriously what’d you say?” “I didn’t say anything!” She continued down the stairs and I called after her that she really can’t say that. She denied saying it. Because she knew it was wrong, that she should not have said it. But she still did. I walked in to get my lunch and sat down alone, because of course all my friends happened to have different lunch blocks right then. I almost started crying, but I saw this really nice senior looking for a spot to sit and invited her to eat with me. I was able to talk with her and calm down a bit and she suggested I tell my advisor, which I did. This was like an hour ago, and I’m not even angry, I’m just fucking done."
14806,1,"The text belongs to class ""1"" because the author describes their personal experience with filing for SSDI and their struggle with severe impairments. They also express their feelings about the situation, including their heartbreak over being denied and their worry about being judged for trying to work.","OK. So despite my severe impairments a judge denied me for SSDI. It truly broke my heart to even file because work is really important to me. I accepted work may not be the best idea for me, after nearly getting fired, so I filed.  I have an attorney who will go to appeals council. He warned me of the long wait, and said I could alternatively re-file.  I thought I had just decided to try to work after my recent denial, but that decision came out of not wanting to wait for SSDI. Depending on the judge I get next time I worry they’ll look at even trying to work as bad. At least that’s what happened to me.  My providers don’t feel I’m ready to return to work, yet I really want to try. What to do? Thanks 😊"
14807,1,"The text belongs to class ""1"" because the author describes a personal experience and how they feel about it. They talk about being harassed due to their size and catching someone trying to take a photo of them. They also express their feelings of sickness and not wanting to put up with being harassed. The author ends the post by asking if anyone has gone through anything similar and what they would do in this situation, indicating that they are seeking advice or support.","There have been a few times in my life where I have caught or strongly suspected someone was trying to take a photo of me because of my disability (I'm  the size of a little person but don't have dwarfism). I usually brush it off and try to not let it bother me. But this time it was while I was waiting to pick my daughter up from school. There is an older sibling who also waits outside the school during pickup time, and today not only did she and a friend come to stand right next to me and stare at me while making comments about height, but I also saw her trying to take a photo of me. I really felt sick being harassed like that while I'm at my daughter's school. I don't know if I'm overreacting that I feel like I should talk to the principal/staff at the school. I feel like I shouldnt have to put up with being harassed by other parents or older siblings. Has anyone gone through anything similar? What would you do if you were in my shoes?"
14809,2,"The text belongs to class ""1"" because it describes the author's personal situation, including their financial status, their need for subsidized housing, and their attachment to their pets. The author's emotions are also evident in their words, such as their willingness to move and their appreciation for their pets.","So I’m getting no traction so maybe I’ll get help here. I’m on ssdi. $777 a month. I need to find subsidized housing. Everywhere in my current state of mi is all full. Anyone know any states open? At this point Im willing to move. My biggest issue is, I have two dogs and a cat and I refuse to give them up. One dog is my late fathers, one is my sidekick and the one that helps me push through some of my disabilities and exercise some. And my cat is my best guy when I’m sick and will sleep with me all day."
14810,1,"The text belongs to class ""1"" because it describes the author's personal experiences and emotions related to their health conditions, including constant hypertension, headaches, tingling from diabetes, and depression. The author also shares their feelings of being unable to get out of bed some days and the challenges they face in finding and maintaining employment due to their health issues. The text does not contain a question, so it does not belong to class ""2"".",I have my first phone interview Monday. Last month I had to quit work due to constant hypertension and headaches and tingling from diabetes. I am also so depressed I can’t get outta bed some days. I go to the doctor a lot but not often and my diabetes hypertension and depression are all documented in my records. Ive never been to the doctor and my blood pressure be normal. It is always sly high even with taking 4 pills a day. I’ve had over 20 jobs but quit them all due to these heath reasons. Mainly depression. I’m 33. I weigh460lbs. Any advice on what to do during my phone interview and any advice in general would be great. I really can’t work right now due to pain and depression. I’m in this for the long haul as I’ve got some money saved up to live on and live with family. Any advice on what to do when I get denied? I’d even settle for SSI at this point. I’m in Kentucky.
14814,1,"The text belongs to class ""1"" because the author describes their condition and the challenges they face as a disabled and chronically ill teenager. They express their emotions and feelings of sadness, exhaustion, and desperation, and they are looking for a support group specifically for teenagers like them. They have provided a detailed list of their health issues, which further supports the classification of this text as class ""1"".","i’ve searched everywhere i can think of. i’m sad, exhausted and desperate. i need a support group for disabled/chronically ill teenagers. i just need one, please. i have severe narcolepsy type 1, i have tourettes, i am immunocompromised, i have fibromyalgia, i have chronic fatigue, i have POTS, and i just got diagnosed with osteoporosis (bone density -3.5) 12 hours ago and i’m 16 years old.   Please, i’ve been looking everywhere, but i only see resources for adults (if any) and it’s either this or a hotline. i’m done with therapists who dont know anything about being sick, and i’m tired of adults who don’t understand being sick as a teenager. Does anyone know where i can find one? I’m begging, please help me search."
14815,2,"The text describes the author's personal experience and feelings about using the communal bathrooms at their college dorm. They express discomfort and pain when showering while standing, and prefer to sit, but have concerns about the cleanliness of the shower chair. This self-description of their condition and feelings indicates that the text belongs to class ""1"".","hi, ive just started college and i'm living in a dorm where we have communal bathrooms. there's stalls for the showers. there's an accessible shower stall which has a shower chair and a flip-up seat.   i can shower standing, but it's much less painful and tiring to sit. but it's a communal bathroom, and i don't want to sit naked where someone else has sat naked, without knowing when it was last cleaned.   so how do i work around this?? should i shower wearing swimsuit bottoms i don't know what to do"
14816,1,"The text belongs to class ""1"" as it contains a self-description of the author's condition and experiences, and how the author feels about them. The author describes their struggles with invisible disabilities, depression, and the challenges they face with mobility. They also mention their feelings about their situation, such as their fear of being disowned by their family if they reveal their mental illnesses.","Hello. I’ve had a rough year, having lived with invisible disabilities most of my life, I recently lost mobility as well and had to give up a lot of my hobbies. I’ve had depression about twenty years and every year, month, day seems to be worse than the last. I’ve finallyyy gotten approval for Spravato but I am required to have someone drive me to and from the clinic. The clinic is 45 minutes away from my house and I need to go twice a week every week for three months. Uber is about $100/round trip and as I live on poverty wages I can’t afford that. My area doesn’t have volunteer drivers and my insurance says they only cover transportation if I have Medicare and I’m not yet sick enough to qualify for that. My family doesn’t know (they would disown me if I ever said I had mental illnesses) and none of my friends can commit to such a schedule. I wasn’t sure if anyone knew of any programs or grants or help? I have one friend who goes to church and thought about asking her to ask the congregation, but I am not super comfortable with the people at her church (very anti-maskers when I am immunocompromised).   This is my first time posting here so I apologize if it’s not appropriate. I’ve gotten a lot of support just by reading your comments on others’ posts and a few DMs have helped me look in the right direction for other things."
14820,1,"The text belongs to class ""1"" because it contains a self-description of the author's experience and feelings about being disabled. The author shares their reasons for not wanting to be told they don't look disabled, emphasizing that it is a part of their identity and not something they can change. They also mention that people who make such comments appear uneducated and dismissive of their identity.","Fellow disabled person here(hemi CP). I just wanna hear other reasons if you’ve got any :) Here are my reasons:   1. It’s not something that can go away/ change so saying I don’t look it doesn’t do anything, it’s not like a shirt I can change, IT’S MY LIFE  2. I’ve reached this point due to loads of intervention and surgery… I wasn’t just like this you know..  3.did I ask….? it’s like people automatically assume I hate being disabled. I don’t.   4.It makes the person appear really uneducated since everyone is different in their severity   5. You’re literally dismissing part of my identity   6.It’s not a compliment so I don’t know how to respond   I’ll edit if I think of more!"
14821,1,"The text belongs to class ""1"" because the author describes their personal situation, including their lack of support from parents and their disability, and expresses their emotions about the situation, such as feeling trapped and sad.",My parents aren’t very supportive so I want to look for a way to make money for someone who is cognitively and physically disabled. Preferably something easy and low stress. And obviously I can’t work too many hours. I feel trapped since I’m unable to work and gain money  :( everything is too hard for me
14822,1,"The text belongs to class ""1"" because the author describes their personal experience with depression, therapy, and medication. They also express their feelings about the situation, including frustration and disappointment. The text does not contain a question that is not related to the author's personal experience or emotions.","I have been majorly depressed since I was a child, just got diagnosed last year I think. Today I got a piece of mail from my insurance saying I may apply for SSI (not social security but the other one). So I called the number and we talked for an hour and I applied. At the end she tells me her team say that because of one thing I don't match the criteria. But I check all the other boxes. The one thing is: I haven't been in therapy for six months straight as of the time of my application.  I was in therapy 2-3 times already (in the last year and a half-two years) and did not receive any of the help I needed so I stopped going. It's literally pointless and just made me feel like shit. But I've literally been taking medication for over a year now, have a psychiatrist I've see on the reg and am doing a bunch of self help stuff because therapy SUCKS. All because of that I can't receive the benefits. Am I over reacting or is this actually ridiculous? Is there any way around this? Please help 😣 I'm so upset."
14829,1,"The text describes the author's personal condition and their struggles with their current job due to their health issues. They are looking for a new job and mention their epilepsy and autoimmune disorder, which indicates their emotional state and personal experiences.","I know at least half if not the  majority  of people  in this subreddit  is probably  on disability.   But as I'm  sure a lot of people  know  there are people  who are disabled, but are seem as not disabled  enough for durability.    I'm  curious what work you do. Do you have a degree? Does your job accommodate you?   Currently  I'm  working a job I can't  physically  handle  and am looking for something else. I'm epileptic  with an autoimmune  disorder."
14836,2,"The text belongs to class ""1"" because it describes the author's personal situation and feelings about it. The author is seeking accommodations at their university due to their mental health problems, and they are concerned about their doctor's refusal to sign off on their disability as permanent. The author is unsure about the legality of the situation and is seeking advice.","Hello,  I   am currently doing my undergrad in hopes of eventually becoming an   elementary school teacher.  My issue is that I'm trying to seek   accommodations at my university, however, my doctor has to fill out   disability paper work in order for the accommodations to be approved.  I   have been suffering from mental health problems for the last 12 years   and my doctor refuses to sign my disability off as permanent, rather   marking it as a temporary disability.  Her reasoning is that in the   future I may struggle to find work if I have a permanent disability on   my record.  Is this true?  I thought that there were laws against   discrimination against people with disabilities, specifically in Canada?  Any advice is greatly appreciated.  Thanks in advance!"
14838,1,"The text belongs to class ""1"" because the author describes their personal experience with cerebral palsy (CP), how it affects their mobility, and the challenges they face in their daily life. They express their concerns and difficulties, such as slipping easily, having problems with public bathrooms, and struggling with snow in the winter. They are looking for advice and support from others who might have similar experiences.","Hey so I’m 28m and I have cp. I can walk but I walk with a arm crutch. I slip EXTREMELY easily and I was wondering if anyone else deals with this? Going into 90% of public bathrooms are a major problem for me because majority of the time the floor is soaked and become very slippery for me. I also live in New England (north Eastern US) and the wintertime becomes very difficult for me. If there is even just a dusting of snow outside i can’t go outside cause I will easily slip and fall, this makes gettin a job difficult because like I said even so much of a dusting and I can’t go out. What do you do to deal with these things?"
14839,2,"The text belongs to class ""1"" because it contains a self-description of the author's condition and their desire to raise awareness about disability. The author also provides a link to a course they designed for this purpose, which shows their engagement and investment in the issue. Therefore, the text reflects the author's personal experience and emotions related to disability awareness.","As someone with a visual impairment, I'm keen to raise awareness of disability in general.   Here's a link to a course I designed to address the issue - feel free to share as required and contact me if you require further details [https://visualise.thinkific.com/courses/disability-awareness](https://visualise.thinkific.com/courses/disability-awareness)  Discounts are available for bulk orders.  Best wishes  Dan Williams"
14844,1,"The text belongs to class ""1"" because it describes the author's personal medical history and their feelings about it. They talk about their experiences with various medical issues, surgeries, and physical therapy, as well as their concerns about an upcoming surgery and the progress of a medical review. They also mention having a learning disability.","I'm 28, have some medical problems, most likely from a connective tissue disorder (was tested for specific ones in childhood/adolescence, they said they don't know which one specifically but that I have the characteristics.) When I was 12 my right kneecap started dislocating chronically, had surgery for it at 15, then the other kneecap had a few dislocations. Have done so much physical therapy, always wear braces, the one I had surgery has problems still, mild/moderate pain throughout day and nights, every now and then it gets so severely painful I can't walk for a few minutes and have to grab a ledge and get myself sit down until it passes, not sure what thats from. The kneecap that hasn't had surgery has gotten worse over past several years too, I notice both knees buckling often, catching locking etc popping cracking. The doctor says I need to have surgery on it, I want to try to put that surgery off until the summer. Walking on uneven ground is especially tough and once when visiting someone's house their driveway was steep and I coudnt walk up/down it had to sit and use my hands to help. Also had shoulder surgery, shoulder dislocations from getting hit by a car 7 years ago, also had major nose surgery for that. Had wrist surgery 7 years ago, had a revision surgery in april since it didn't heal properly. My hand gets alot of weakness still doing physical therapy hoping it'll improve. Also have a diagnosed learning disability. Does it sound like I could get approved or should I expect rejection? They started the medical review on the 1st, it says they are 11% done and that the review takes 6 months. Also not sure the application was for SSI benefits too or if that's a separate process, hoping to qualify for one of them."
14847,1,"The text describes the author's personal experiences and feelings about living in a world built for able-bodied individuals, including their frustration and exhaustion from dealing with societal attitudes towards disability.","I go above and beyond what my ""able"" cohort is doing, and it isn't enough because sometimes I have to leave work for seizures.   I am fundamentally tired on every level of living in a world built for them.   I am fundamentally tired of ""Well, you look alright"" or ""You don't look disabled""   Motherfcker - I cannot swim, climb ladders, go out in the wilderness alone, live alone, drive..  I'm so fucking tired of ""cripple pity"" (Got the term from my dad, he was physically disabled and born in '48)   ""Oh, that is so terrible I am so sorry""   Then advocate for a more inclusive world.   I am SO TIRED."
14852,1,"The text belongs to class ""1"" because it describes the author's personal experience and feelings about their condition and the challenges they face. They share their struggles with incurable malformations in their feet, the pain they experience while walking, and their difficulties in keeping up with the miles of walking required in college. They also express their insecurities, fears, and concerns about using a mobility aid, including the judgment and stares they anticipate receiving. Overall, the text conveys the author's emotional state and their subjective experience, which is characteristic of class ""1"" texts.","So I have incurable malformations in both feet. They cause me pain whenever I walk, especially far distances. I recently started college and found I cannot keep up with the miles of walking I have to do everyday. I don’t really have the balance needed to bike or use a skateboard or scooter but I’ve been recommended a mobility aid. I don’t know much about them and I’m feeling very insecure about it. I could really use some recommendations on what to use. I’m scared of the judgment I will receive since I don’t look disabled and I’m only 18. I don’t know if I could handle the stares of going around in a wheelchair, especially since I would probably get out of it for things like class or in tight spaces. I don’t wanna seem like I’m attention seeking."
14860,2,"The text belongs to class ""1"" because the author describes their personal situation and feelings about it. They are getting on disability and are applying for the APTD program to receive financial aid while waiting for the disability decision. They are worried about running out of funds and are asking for information from the community about the APTD program and its approval process.","Hello, I’m in the process of getting on disability (appeal process now) and my case worker told me about this program called APTD, (Aid to the Permanently and Totally Disabled). It’s supposed to help provide financial aid to those waiting for disability decisions, but you have to fill out a lot of paperwork proving your disabled and in the process of getting on disability. Similar to the process of getting on disability itself. The only reason why I’m explaining it so much is that I can’t find much on info for it, or discussions either. I’m wondering if anyone here has applied and how difficult it is to get approved for it. I’m getting rental assistance and food stamps because I can’t work and need financial help. Applying to APTD takes 90 days before approval or denial, which is quicker than disability, but I’m scared of running out of funds. Let me know if anyone knows anything on this, thank you guys 🙏🏼"
14861,1,"The text belongs to class ""1"" because it contains a self-description of the author's current situation, including their part-time job, lack of a driver's license, and being on the autistic spectrum. The author also expresses their desire to rent a house or apartment like people without disabilities do, and their plans to resolve credit card account issues. Overall, the text conveys the author's personal experiences and feelings about their situation.","(F/28) Currently I work part time as a bagger. I don't have my license as of yet. I'm on the autistic spectrum. I don't like disability services housing which doesn't meet my needs. I want to afford to rent a house or an apartment like people without disabilities do.    I'm on SSDI living in Massachusetts, thinking about getting an able account after resolving credit card account issues."
14863,1,"The text belongs to class ""1"" because it contains a self-description of the author's condition or experiences, and how the author feels about them. The author describes their struggles with mental health issues, physical symptoms, and the impact on their daily life. They also express feelings of being a fraud and imposter syndrome. The author is seeking advice from a community of people living with individual conditions.","So I (19F) have mental health issues (standard depression and anxiety) and have struggled with this for a number of years. It's fully diagnosed and medicated but still has a huge impact on my daily life. I struggled to clean and dress myself, to attend to my obligations e.g. housework, uni, work. I have also been assessed by student finance and as a result I am now in receipt of disabled students allowance. my uni is aware of this and class me as disabled, I'm also in the process of applying for personal independence payment (government benefit to help cover extra expenses related to disability in the UK) - but I feel like a fraud.  Because people can't see that I struggle to do normal things I feel like I'm just acting/ making stuff up. I also struggle with a lot of joint pain/ low blood pressure, tremors &amp; passing out but this is all undiagnosed. As it runs in my family it's not unlikely that this is related to hypermobility, and potentially PoTS but this has gone undiagnosed throughout my life despite seeing doctors for my constant passing out as a child. I feel pathetic for wanting to go to the doctors and seek a diagnosis as I feel as though I must have munchausens especially as I just seem to have so many issues that I feel that if I was really struggling with these issues a doctors MUST have picked up on them by now, right?  Furthermore, due to my physical difficulties I've found myself leaning towards using aids e.g. joint supports, and have been looking into a stick. Now whilst I almost collapsed walking up a small incline to campus this week due to my knee suddenly giving out (it was in pain anyway but that is pretty typical for me), having increasing difficulty carrying my school bag due to wrist and shoulder pain and my overall mobility is declining I still feel as though its all in my head.  I have dealt with imposter syndrome before with my mental health, and I still do even after professional diagnosis however I can't say myself whether this can be attributed to that also or whether my symptoms are simply psychosomatic.  I guess my question to you guys, a community of people living with your individual conditions, is whether I should bother taking all of this to a medical professional and seeking actual help or not. I have made minor adjustments to my life to cope with my symptoms (sitting rather than standing, carrying lighter bags, using public transport rather than walking (although I still make sure I get physical excersise)) however this is becoming insufficient.  Even writing this right now and reading it back I fear that I'm over exaggerating or making stuff up but I know honestly that I've been as true and raw as I can be.  I am well aware that you can't tell me for  certain one way or another but I feel as though you guys have the most valuable opinion in regards to my predicament, even writing this post is therapeutic in itself."
14864,1,"The text belongs to class ""1"" because it contains a self-description of the author's condition and experiences after having a stroke, as well as their feelings about their current situation and the challenges they face in returning to work. The author also expresses their need for financial assistance and is seeking suggestions for work they can do despite their physical limitations.","hello.  &amp;#x200B;  i had a stroke last year. after months of physical therapy i was able to go back to work part time only. i cant work full time because i get bouts of weakness and i have to rest for a few minutes to recover before i go back to work.  &amp;#x200B;  im currently a technician working part time in the central supply sterilization dept of a hospital. cant stand for too long, upper half extremity semi weak and i cant write legibly, i can type though with my hands no problem.  &amp;#x200B;  though ill be receiving my benefits, this is only a one time only and not a monthly basis because they deemed im still able to work.  &amp;#x200B;  i am looking for any international organizations if you guys know any that could help me financially for a while while i am looking/thinking of a way for a stable source of income.  &amp;#x200B;  for any stroke victim readers, social workers or anyone that can help here, please do suggest a list of work that you think ill be able to do.  &amp;#x200B;  thank you very much."
14865,1,"The text describes the author's personal experience and feelings about the impact of social media outages on disabled individuals, making it class ""1"".","My main social media outlets for running my disability support groups are Facebook and (for more informal group chats) WhatsApp. When these social media sites went dark on Monday I saw a lot of rejoicing and humor thrown around here on Reddit.   I don't know guys, it just rubbed me the wrong way. For those of us who are disabled social media is a vital tool to connect with others in the disability community. (Luckily Twitter didn't crash, that's where I do almost all my own advocacy. #DisabilityTwitter is very near and dear to me.)  It's a window to the world for some of us, especially if we are home-bound."
14866,2,"The text belongs to class ""1"" because it contains a self-description of the author's experience and emotions. The author, Derrek Cooke, describes his personal experience with Spina Bifida and how it led him to start his online business, Derrek's Bags. He also expresses his motivation for helping others like himself by providing bags with positive messages and donating a portion of his profits to the Spina Bifida Association.","Good afternoon everyone!   My name is Derrek Cooke and I own the online business Derrek's Bags. I am 31 years old and I was born with the birth defect Spina Bifida. I started Derrek's Bags back in March after realizing there is a need for people, like myself, to carry bags with catheters in them when they go out. I sell bags, with positive messages on them, that are big enough to fit catheters in them. I donate 10% of all profits to the Spina Bifida Association. Here is the link to my Etsy store where you can check out all of the bags I am selling: [https://www.etsy.com/shop/DerreksBags](https://www.etsy.com/shop/DerreksBags)"
14879,1,"The text describes the author's personal condition and experiences, as well as their feelings about the situation. They are mentally disabled, unable to afford a doctor, and concerned about their ability to receive accommodations at work. They also express anxiety about seeking medical help in Florida due to the invisibility of their disabilities. The post contains a clear emotional component and a first-person perspective, which aligns with class ""1"".","Basically, title. I haven't seen a doctor in years due to the cost of American healthcare, but I'm pretty significantly mentally disabled. In order to receive accomodations, my doctor has to sign it. I can't afford a doctor, nor insurance, which is partially why I'm taking this job to begin with. My disability has already significantly impacted me at work, just a week in, so toughing it out without accomodations is gonna be really killer on me. I'm also in Florida, so I'm nervous that if I did pay to see a doctor, they'd refuse to help me because the disabilities are all invisible.  Tldr how can I get help if i can't afford a doctor?"
14882,1,"The text belongs to class ""1"" because it contains a self-description of the author's experiences and feelings about being treated differently and living in an ableist society. The author expresses their exhaustion and frustration, indicating their emotional state. They also describe their experiences of being misunderstood and needing extra help, which relates to their condition.",I’m tired of being treated differently. I’m tired of everyone claiming that they will support you then when you show symptoms of your disability they stop taking you seriously and start acting ableist towards you. I’m tired of being misunderstood. I’m tired of always needing extra help for things that everyone else can do with no problem.  I’m just tired of living in such an ableist society.
14887,1,"The text belongs to class ""1"" because the author describes their personal experience and emotions related to waiting for an appeal process for disability. They also mention being scared about running out of money and considering getting a personal loan.","As the title says, I’m waiting on an appeal process for disability, my first time applying. Running out of money and I’m scared I won’t last for the next five months. I live in New Hampshire in the US, and there’s a program called APTD that’s supposed to provide cash assistance for people waiting for disability. However you can get denied, or approved just like disability. If you do get approved, you have to pay it back after you get approved for disability. And it takes 90 days to get any compensation. I can’t work because of my disability, and I’m more scared by the next day.  If I did a loan, it’d be only for 36 months and it’s a hard pull on my credit. It’s a personal loan with 13.9% interest. I’m thinking of doing that because it might be better to have something to hold me over for the next year. But I’m unsure what is the best move at the moment. What do you guys think? What would feel right for you? Just a discussion would help me put my thoughts in order."
14893,1,"The text describes the author's personal experience and feelings about using a wheelchair due to their medical condition. They express how using a wheelchair has given them more freedom and allowed them to participate in activities without pain. They also mention their confusion and disagreement with their doctor's recommendation to stop using the wheelchair altogether. This reflects the author's perspective and emotions regarding their own situation, which is characteristic of class 1.","For context: I have dysautonomic and hypermobility, so it can be painful and extremely fatiguing for me to walk a lot. Usually I physically can walk long distances, but then I can't get out of bed for a week. I walk several miles and do physical therapy work and stuff most days, just for day trips where it would be hours of walking is when I'm referring to the wheelchair use.   Long story short, my doctor went from recommending I use a wheelchair to saying I should try to stop using it as quickly as possible. I hadn't used a wheelchair before this, and now I've been using it for a few hours on the weekends.   I've been able to have so much more freedom and be more included in things such I've started using the wheelchair. I use it just for long day trips, not for daily use. It kinda rubbed me the wrong way when they started making it seem like it was super bad I was using it.  I get that there can be specific health issues that come from using it a lot and that sometimes it can make you weaker or whatever, but in general I'm fine with using it. Like I'd rather be out doing things and not in pain than doing the same things walking and being in pain.   I'm working towards decreasing the amount I use it, but I still don't fully understand why they want me to stop using it all together. There are definitely times (like trips to a different city or whatever) where it would be super helpful to have it, and if I'm able to do it without needing the wheelchair that's great but knowing myself I don't think I'll get to a point where I can do 3 hours of activity in a row and be fine.   If there are valid reasons for me to not use it that's one thing, but if the reason is that if I'm using a wheelchair and that's bad because society says we should all walk all the time then I don't rly agree. Have any of you had a similar experience/ have better reasoning behind the pros and cons behind it?"
14898,1,"The text describes the author's personal experience and feelings about their lack of sexual experience due to a disability, which aligns with class ""1"".",A lot of people seem surprised by my lack of sexual experience in my 30s. I’ve never done anything sexual with a guy.  I guess when you have a disability your life jus takes a different trajectory than normal. At least for me anyway.  Up till now I’ve had way more to worry about than getting laid. Now it’s just a matter of never having met the right person.
14899,1,"The text belongs to class ""1"" because it contains a self-description of the author's condition (schizophrenia) and a specific experience (severely injuring his right eye during an episode). The author also expresses his emotions about the experience (being angry about it). Additionally, the author wonders if there is anyone else who has also become disabled later in life, indicating that he feels alone in his experience.","Hi, there.  I have schizophrenia. A while ago, I ended up severely injuring my right eye in the middle of an episode. Now I'm blind in that eye. I'm angry about it, but there's nothing I can do now.  I know that many, or probably most, people are disabled from birth or accidents. I feel alone in that I'm not, really. So I was wondering if there was anyone else here who is.  Thanks."
14900,1,"The text belongs to class ""1"" because it contains a self-description of the author's condition or experiences, and how the author feels about them. The author describes their struggles with ADHD, clinical depression, PTSD, anxiety, and being schizoaffective, as well as their history of abuse and homelessness. They also discuss their difficulties in finding and keeping a job, and their current financial stress.","I'm on the spectrum with adhd but my biggest hurdle have been trying to battle my clinical depression since for as long as I could remember and my only family, basically my mother abused me to the point I'm stunted and since highschool I struggled further with my peers, barely graduating. After I graduated I got kicked out, I've been living with a bf I was lucky to have met in the short time I was homeless. I struggle to wake up without getting ptsd (mostly of my mother's voice then I zone out for hours) and even more falling asleep with how easy I wake up with my anxiety just going up and down, I haven't been able to afford the medications since before the pandemic to save as much money.  I don't want to go back to being homeless in case something happens to my bf but I struggled to keep a job for a day without getting fired on the spot because I struggled with anything to do with numbers, when I got a job as a housekeeper and busser/dishwasher, I was too slow (moved at a snail's pace) and customers/clients feel uncomfortable around me.   I wanna apply for like at least foodstamps and abit of money just for rent to help alleviate my financial stress since for the most part I'm alone. My partner is often busy working so I am able to take care of myself especially since my mother neglected me alot as a kid. I was told to ""look more disabled"" but I already struggled at the first phone call after I submitted my application to understand the person on the phone and my partner wasn't around to help me understand so now we're seeing if we can book an appointment. I'm honestly scared.. I easily break down crying..well to anything because I'm schizoaffective."
14902,1,"The text belongs to class ""1"" because it describes the author's personal experience working for a family-owned restaurant that employs and accommodates disabled people, including the author themselves. The author expresses their feelings about the situation and provides advice to other disabled people looking for jobs.",So I work for a family owned restaurant in my area and they're amazing and they hire a lot of disabled people and have a lot of disabled customers and we do everything we can to accommodate workers and customers. Right now I'm dealing with severe chronic pain and my boss is letting me take off as much as I need to right now and said I can come back when I need to. There's lot of other family owned/local places that are like that to and I know finding a job can be hard for disabled people especially with corporate businesses so I recommend finding a local business bc they're typically much more relaxed. So for disabled people struggling to look for a job or are worried about getting one thats what I recommend also its good to try and help local businesses especially right now.
14904,1,"The text belongs to class ""1"" because the author describes their personal experience of becoming disabled and having trouble at their job, as well as expressing their feelings about the situation. They mention feeling exhausted and unbelieved, and ask for help finding resources in Atlanta, GA.",I'm soon to be exhausting my paid sick days at my job. I just moved to a new city when I became disabled. It keeps getting worse and worse and no one believes me or wants to help. They think I just don't want to work or something. I've been working since I was 14 and just.... can't anymore. Does anyone know where I can start? Atlanta GA if it helps.
14905,1,"This text belongs to class ""1"" because the author is describing their personal experience with ableism and how it affects them. They express their feelings about the situation, using phrases such as ""I feel that a lot in my everyday life"" and ""I HATE that."" The text focuses on the author's perspective and emotions, making it a clear example of class ""1"".","So, I guess ya'll know about mansplaining. Is there a term for the ablism equivalent? Like. Ablesplaining? Cause I feel that a lot in my everyday life. Like. People who are no doctors or anything. They have no disability nor know someone with it (or at least not mine) but they've heard about it on TV so when I told them my disability they start giving me advices about how to deal with it as if I don't know it better than them. They litteraly blame me for spending too much time on screen because ""it's bad for you"" even though I adapted them to my difficulties with light and the light of the room hurt me way more than any screen but they complain if I ask to turn it off. I HATE that. It's about MY disability but they're the one talking about it, not me."
14906,1,"This text belongs to class ""1"" because it contains a self-description of the author's condition, experiences, and emotions. The author describes their struggles with being an Autistic person with a high IQ, their feelings of not fitting in, and their experiences of being judged by societal norms. They also express their fears, confusion, and feelings of worthlessness. Additionally, they describe their physical health issues and the challenges they face in accessing treatment. Overall, the text conveys the author's emotional state and personal experiences, making it a clear example of class ""1"".","Society loves it's boxes. It likes you being in a nice little package , labeled and wrapped with a bow. Trouble is, I never fit in their cute little box. I've fallen through the cracks all my life. I have had therapists say they're sorry, this shouldn't have happened, but still it does. I am an Autistic with a high IQ. The Autistic side screams for help, but my intelligence belays that need. So I get shoved into a corner like an infrastructure bill to be dealt with later. Like I am supposed to go into stasis until you have time? My stepmother should never have been allowed to have children, let alone a special needs child. What irks me is I am still being judged by the same norms. Oh, you're intelligent. You should just take it like a man. Okay. I have heart disease... am I supposed to just accept that and end my life?  I was a throwaway and live more than half my life in the streets. I always thought I would die there. It's possible my life could be extended with proper treatment. Treatment that is not available near me. I have never been more confused or scared in my entire life. I have a GFM campaign for a heart transplant, but I question, am I worth it. Asking for how much constitutes being greedy? I've lived my life sacrificing for others, going without and I want to just be comfortable until I die. Is that too much to ask for? Where does one draw the line. I have a real hard time promoting myself bc I don't believe in myself.  I've been told from the beginning I am a sorry sack of shit that will never amount to anything. I cannot afford the basics, so the various heart treatments are out of reach. I would be in awe if someone thought me worthy enough to arrange a benefit for me, but I would feel guilty with every dime spent. Would donors approve of my buying a cheap recliner? Is this treatment too expensive?  Some times I just want to cry. I haven't done so in 30 years. I guess when your own family betrays you, it drives home the reinforcing notion you are not worthy. I simply don't know what to do anymore. My brain is suffering a lack of blood flow. The headaches are getting wicked. I look up from the abyss, but help never seems to arrive."
14908,2,"The text belongs to class ""1"" because the author is describing their current situation, location, and financial status. They also express their desire to have their dogs with them and their need for advice, indicating that this is a personal experience and not a question.","I'm located in AZ, make about  1K/month on ssdi, and I'm looking into getting my own place. I'm not currently able to hold a full time job. I'd love to be able to have my dogs with me. I don't know the first place to start, honestly. So I thought I'd come to a place where I could at least do that! Any advice or anything would be so helpful."
14910,1,"The text is a self-description of the author's condition, experiences, and how they feel about them. The author describes their Auditory Processing Disorder, ADD, Asperger's, and frontal lobe TBI, and how these conditions affect their ability to process information and follow directions. They also express their frustration with their mother's lack of intervention and understanding of their condition.","Okay, so I have a combination that turns everything pretty much into a ADHD like combo... I have a Auditory Processing Disorder, so naturally it's harder to follow directions, especially if it's more than a few things at once, two - I have ADD, three - Asperger's, four - I had a frontal lobe TBI and have issues with attention and short term memory.   My mom thinks it's a problem and she's right, but she's really done nothing to intervene. Now this got WAY worse post TBI. I'm great with written lists, and if things are worded properly like ""first do this, second, finally"". But she has a tendency to do ""do this"" and then tell me 8 other things to do causing me to forget the first one. She blames it on not paying attention, but I need regimentation.   I have no issues memorizing stuff long term, but it takes me 5-10 minutes to process audio information. Essentially a APD means my brain processes audio slower than normal, so it's why I miss audio ques and commands.   For example I am learning ASL right now, and because you're forced to do lists when issueing more than 1 command I can follow it no problem, plus there's the fact that you always restate what was asked in questions like that.   ""Fork where?""   ""Fork, in kitchen, in drawer""   That's how it works. I haven't done it in a while because I adapted to not using it.   So how do I tell her to remind me to restate what was asked, because she used to make my do this all the time when I was younger. I mean she hasn't since I was 13 and my TBI happened when I was 15 nearly 16.   It's like she forgot all the stuff she was told to do to help me with remembering stuff like this."
14911,1,"The text belongs to class ""1"" because the author describes their personal experience of living with a disability and chronic pain, as well as the impact it has had on their mental health and daily life. They also express their feelings about the situation and ask for suggestions for jobs or hobbies they can do while being bed-bound.","So I posted this in advice and was suggested I try asking here as well  Sorry for grammar in advance  So I’m a 22F and I’ve been disabled in a wheelchair sometimes able to walk since I was 13.   I have extreme chronic pain in my sides/ core ish area which feels a bit like labour pains just with a constant pain all the time and if I move to much it will create extreme agony where I have to take morphine. I’m on Ora morph, tramadol and naproxen.   It has gotten worse these past few months since I’ve been trying to exercise and try and have a normal life and now I’m bed-bound, after 2 weeks having a horrific hospital visit where I was humiliated and basically left with no help I’m now back home in worse condition and still completely bed-bound.  My mental state really isn’t coping anymore and I’m wondering what I can do for a job or a hobby while being completely stuck. I am able to use my laptop however, I’m on high amounts of medication meaning IT jobs tend to go out the door. I really feel like giving up completely but I just want to prove i can still do something while being severely disabled. Any suggestions?  Thanks in advance"
14915,1,"The text belongs to class ""1"" because the author describes their personal experience with a half-diagnosed autoimmune condition, their struggle to find a job due to their health, and their frustration with potential employers dropping them after mentioning their need for reduced hours. The author's emotions of exhaustion, pain, and frustration are also expressed throughout the text.","Hey there,I'm struggling with a half-diagnosed autoimmune something or other that I'm battling docs to take me seriously on. They say it is fibro.   On top of that I'm trying to find a job. I do not think I could work a full 40 hours right now with all the appointments I need on top of being exhausted and in pain all the time and needing to run my house. I think I could do 30. I have been choosing  local IT jobs that say full time but not specifically an 8 hour shift.   The thing is, I get through all the video interviews and staff greets and they'll offer me the job, but when I mention I'm disabled and would need reduced hours, they drop me like a hot potato.   Now I'm searching for remote IT part time jobs but I'm still wondering is this legal to drop me after I mention the reduced hours and me being disabled? Am I doing this wrong somehow? Should I lie and then bring it up with HR later for reduced hours?  Edit:30 hours is still considered full time in my state if that helps.  Edit 2: I submitted a report, hopefully something will happen.   I have a diagnosis of fibromyalgia that I can easily get a note for, but I have many other symptoms that are being pointedly ignored by docs. Going to another rheumatologist soon."
14920,1,"The text describes the author's personal experiences and emotions related to their chronic pain condition and the impact on their relationship with their parents. The author provides a detailed account of their situation, including their feelings and thoughts, which indicates that the text belongs to class ""1"".","Hi, I (25F) developed a chronic pain condition at the start of 2020 (poor timing on my body's part). At the start of it I was living abroad with my partner and no one knew what was happening and it was really bad.   Since then I've moved back to my home country for better healthcare and have been seeing many Dr's etc etc etc. My partner moved with me and is now my full-time carer as I am unable to work. I'm an ambulatory wheelchair user and have several mobility aids at home. Aside from the pain and the hit to our finances we've adapted to this pretty okay. Hasn't been easy but it could have been so much worse.   One problem that has arisen however is that my relationship with my parents has gotten really rocky and distant. All we ever talk about is my disability, and yet they also keep insisting I shouldn't use my mobility aids.   I'll be the first to admit our relationship wasn't excellent before I got ill but it wasn't terrible. I thought it was just a natural result of me coming into my own as an adult, you know? Classic growing pains.  They were kinda distant but still affectionate.    But now... Well, I don't know. I'm worried our relationship is all but ruined.   All my life they admired me for my hard work and drive and creativity, and I've had to change a lot of that to adapt to how my body is now.That's not to say I'm still not driven and creative, it's just that I've had to change what my focus is to maintain manageable pain levels. Ive gained a lot of weight due to my limited mobility and my mum hates that.   When I first got back home my mum cried from relief. I stayed at theirs in my room while my partner packed up our belongings abroad for several months and they said they didn't mind that I stayed with them or that my partner could stay with them until we sorted the move out once he arrived. But... they also left me alone without food (I can't lift things, bend over or stand for long periods of time so I asked for meals I could just grab and eat) for hours on end and complained that I couldn't clean (again, same reasons but I swear I tried) while I stayed with them. When my partner came it got even worse, they resented him a lot and it culminated in a big fight but we all made up and tried to move on.   Me and my partner moved out very shortly afterwards. We had all agreed it was for the best. Since then they essentially refuse to visit and have kept some of my belongings for themselves (a mirror &amp; lamp) I said it was okay about the stuff and also they can visit whenever. They're always welcome.   Nowadays all of our convos online are questions about doctors visits and disability benefits. That's it. My mum has been very kind and given us money for food etc when our budget has been tight (which is always because carers dont get paid enough).  I'm really grateful for her but I wish we could just... Talk. About anything other than my health. My stepdad who's been in my life since I was 6 barely talks to me. He'll sometimes give us a ride and I try to talk a lot and be really sweet but he's not very responsive. I photoshopped together a collage of us for his birthday and he didn't even comment on it.   I just don't know what to do. It feels so weird between us ever since I got ill, as if they're in denial while still only thinking about it, and I'm not sure how to get through to them.  EDIT: Added a bit more info and fixed a grammatical error"
14922,1,"The text belongs to class ""1"" because the author describes their personal situation, including their mental health history, the fact that they were rejected for SSI, and their desire to work part-time. They also ask for advice, indicating that they are seeking help with their situation.","little bit of background, i have an extensive mental health history and mental illnesses that limit my ability to be able to work anything more than very limited part time hours. my the doctor at the hospital i was in last year and my psych team suggested i apply for SSI for some help with money since i can’t work enough hours to be able to support myself financially. i applied and got rejected first, and now i have a hearing in a few weeks. the process makes it seem like i cannot be able to work at all... but i’d still like to work 20 hours or under/weekly. is there anything i should know? if it helps, i’m in the state of new jersey. thanks in advance !"
14926,1,"The text belongs to class ""1"" because the author describes their personal experience and feelings related to their health condition, specifically their struggles with cardiomyopathy and epilepsy, and their difficulty in finding casual sex partners or a girlfriend due to their physical limitations. They express a desire for a friends-with-benefits (FWB) relationship, but have had little success with online dating apps.","Hi there recently my cardiomyopathy and my epilepsy has gotten really out of control. I feel like on certain days I'm well enough to have sex physically, but most days I can't really feel healthy enough to get out of the house to meet new casual sex partners or a girlfriend, if you know what I mean. How do people who manage a long term health condition find women to have sex with if they are too sick to go out to public places to meet new people/partners. I want a FWB really bad but have no way other than online dating apps that I've had little success with to do so"
14931,1,"The text describes the author's personal experience as a type 1 diabetic working in retail and feeling invalidated when customers make complaints. This falls under class ""1"" as it contains a self-description of the author's condition and feelings about it.","I work in retail and am most of the time I’m physically able to appear like everyone else. I’m a newbie type 1 diabetic and I wear a medical device. Everyone once in a while I get a customer complaining to me that I have personally wronged them, and state that they are disabled. I feel so at a loss for words when I am presented this statement. I can understand that I may not have their same condition it just stings and I feel invalidated.  I always make sure to apologize. I just always have this awkward pause.   How should I respond?"
14936,1,"The text belongs to class ""1"" because it describes the author's personal experiences and struggles, including their mental health, financial difficulties, and job-seeking challenges. The author expresses their emotions and feelings about their situation, making class ""1"" the appropriate classification.","I've been in and out of a therapist, on and off medication, but I can't simply seem to function as a person like everybody else.     That being said, I'm at a complete loss as what I should do. I have a lot of money troubles coming up (Mother having surgery and car bill) that are stressing me out. I have not tried for disability as I don't have proper paperwork or documents to help my cases, and when trying for SSI the wait time is extremely long to be told ""No"" once or twice before anything happening.     I can not work a normal job, its not possible. I've tried and failed horribly 5 times now even with medication. With no skills to properly make money outside of a normal job, what am I supposed to do? An online remote job would be doable I think, but my internet in rural America makes it very questionable."
14942,1,"The text belongs to class ""1"" because the author describes their personal experience with multiple sclerosis, its impact on their life, and their struggles with paying bills and applying for government assistance. They also express their emotions and fears related to their condition and financial situation.","Hey everyone,  22F here! I need some help, if anyone is willing....  So, I'm a PhD student and, earlier this year, I got diagnosed with multiple sclerosis. The damage is profound, considering that my brain was inflamed and the doctors said they suspect that I've had MS for a while before my flare up. I have T1 and T2 lesions on my brain, which is pretty profound damage and scarring. My vision was impacted, my cognitive functioning, my gait, etc. I'm forced to rethink my career because of this.  I've been taking the year off and, since I'm not able to make any money, I thought I'd try applying for SSI on August. However, I thought I was applying for SSI, but was applying for SSDI, which requires work credits. Of course, I was swiftly denied for not having enough credits. After some confusion, I realized that I had to have applied for SSI, not SSDI.  I'm struggling with bills and whatnot, my bank accounts are dwindling. It's scary. How do I proceed? I'm clueless as to how to apply for SSI and I'm just scared. How do I straighten this out?  Any and all help/advice is appreciated!! :)  Edit: to clarify, I'm leaving the program soon as to not be kicked out because the program mandates that, if I don't return by Summer of 2022, I will be kicked out. I'm preparing for this eventuality, as I cannot live on my own or relocate due to my risk in falling and need for assistance. I'm struggling with bills because my mother doesn't spend responsibly, my brother is waiting for his first workers comp check, we have rent debt due to Covid, and my accounts are dwindling in trying to take care as much as I can so that we keep the lights on and avoid eviction. I'm so scared. Not only does it take me twice as long to process a statement or question, but I can't walk without assistance. I've never lost my independence before and I'm scared. Thank you for all who have contributed kind words and advice, thank you so so much ❤️"
14948,1,"The text belongs to class ""1"" because it contains a self-description of the author's condition and experiences, as well as their feelings about the situation. The author describes their various invisible disabilities, how they appear normal but can become exhausted with certain activities, and their dependence on their wife for self-care. They also mention a recent experience with an occupational therapist, and express uncertainty about how they feel.","I have various invisible disabilities including autism, EDS ,and ME. I look pretty normal and if I'm well rested and don't do much I act pretty normal. But if I leave my energy bubble by doing something like getting dressed, I can become completely exhausted and non functional. I can't really do any self care and my wife supports all my needs. Today an occupational therapist came round and I admitted how much help I needed and how bad I can be to somone other than family for the first time. I'm still not sure how I feel."
14951,1,"The text belongs to class ""1"" because it contains a self-description of the author's condition and experiences, as well as how the author feels about them. The author describes their diagnosis with autism, anxiety, depression, sleep apnea, and insomnia, and their current financial situation. They also express their emotions and needs, such as wanting to go to the doctor and buy necessities, and being tired of relying on their sister.","Does anyone know how to apply for disability benefits in Oklahoma? I've asked so many people and nobody will tell me, they just say to ""figure it out"" but everythingI've found online e has just been a scam. I don't even know where to start. Do I need ""proof""? I was diagnosed with autism when I was 10, and anxiety, depression, sleep apnea, and insomnia in my early teens. I currently don't have an income and want to get on disability so I can finally go to the doctor and buy necessities so I don't have to rely on my sister anymore. I'm so tired of being a burden someone please help 😭😭😭."
14954,1,"The text describes the author's personal experience with a muscle issue, including their physical symptoms and emotional responses to their condition. They also express a need for advice and support, indicating that they are not just asking a question but also sharing their personal experience.","I've been diagnosed with a muscle issue that I will have to deal with my whole life. Most days I'm a bit wobbly, some days I feel great as if I could run, and some days I'm hobbling and feel like I need to use a walking stick, or end up falling down. After I have those bad days I feel really depressed and like I'm not managing my disability well.  Can anyone relate and offer advice on how to not be so harsh on myself?"
14959,2,"The text can be classified as class ""1"" because it describes the author's experience, condition, and philosophy as a housing advocate and a disabled person who wants to build an affordable and accessible housing project for seniors and disabled individuals. The author expresses their thoughts and opinions about the current state of affordable housing and their plans for the project, which shows their personal involvement and feelings about the issue.","We've all seen ads for affordable housing, but I usually find myself asking affordable to whom? Now I am not privy to the discussions they have when planning an affordable housing venture, but I can guess there are several pertinent questions they fail to answer.  Allow me to fill in some back story for a frame of reference. I have been a housing advocate for many years. In that time, I have studied design, technologies, future trends, HUD regulations, and several other topics I feel gives me a firm foundation. I am also a housing choice voucher recipient and disabled. My best friend owns a trucking company. He and is brother want to enter the contractor biz. Since I am retired, I offered to consult.  My philosophy is an affordable housing project should be just that and only that. In other words, I loathe those who take HUD money, build an apartment complex with a token share of actually affordable units. I also have a bone to pick with ADA housing that is anything but accessible. I talked my bestie into building a series of single level duplexes, 100% affordable based on the local voucher rates. They will also be 100% accessible. I located a lot in a rural community I feel is perfect for such a project. There is access to stores, medical facilities and it has public transit. We will seek HUD funds and plan to limit occupancy to seniors and disabled. I want to create an environment that is quiet, comfortable and most of all, safe. I approach it with the view if I lived there, because I will.  I have given you a feel for what I am trying to accomplish. I am open to comments and suggestions."
14969,1,"The text belongs to class ""1"" because the author describes her personal experience and feelings about her condition. She shares that she has developed complete foot drop after a surgery and needs to use an AFO permanently. She also expresses her concerns about finding appropriate shoes for work and formal events.","Hi all,  I (25F) recently developed complete foot drop after the removal of a cancer and the nerve along with it, and will need to use an AFO permanently. Already had stability issues due to a different cancer as a kid.  I was wondering if any other females had advice around what shoes you can wear to work and formal events, as nothing I currently own is wearable anymore and I'm dreading showing up to my sisters wedding in runners....  I haven't been fitted for a permanent AFO yet, only 5 weeks post op, but don't imagine it will get much easier to get my foot inside shoes.  Thanks for any help!!"
14973,1,"The text belongs to class ""1"" because it contains a self-description of the author's experiences and emotions related to their condition as a disabled person. They express their fears and anxieties about developing new health conditions, particularly those that could affect their cognitive function, and how it would impact their quality of life. They also mention their love for video games and how a loss of function in their hands could affect that aspect of their life. Overall, the text conveys the author's personal experiences and emotions related to their disability.","I don't mean in a suicidal way, in case anyone is wondering. I'm not suicidal.  I've just been thinking that we, as disabled people, aren't strangers to the medical field, dealing with illness, and recovering. I myself have been put under for procedures big and small about 26 times so far, and as I get closer to 30 I keep thinking about all the conditions I could develop as I get older.   At a certain point, I believe, there should be a cutoff. Where the operation the recovery, whatever it was lowered your subjective quality of life so much that there didn't seem a point to go through it and it's better to just accept the end, take care of business, and enjoy what you have left.  For me at this moment, the thing I've been anxiously fixating on is getting dementia, Alzheimer's or any other thing that destroys my cognitive function. The very idea of losing yourself, piece by piece beyond recovery is terrifying to me. And at a certain point...it's not going to be ""me"" anymore.   This applies to physical conditions as well, but I don't have as clear of a picture on those. My disabilities have been focused on physicality, losing or adjusting function, so I just adapt without really thinking about it. But off the top of my head I thought of video games. I LOVE video games and they are an essential coping mechanism for me. If something happens to my hands and I can't game anymore, I'd be crushed.  Sure, assistive tech is getting better and better, and I'd try it to find something that felt good. But what if it doesn't? What if it never does again? I have other interests, new ones I could find, but that loss would devastate me.   Do other people think about this too? I'm interested to hear your thoughts."
14975,1,"The text belongs to class ""1"" because it describes the author's personal experiences and emotions related to Cerebral Palsy, and their desire to create a superheroine character that can fly, which they relate to a sense of freedom they have not experienced in reality. The author also expresses their thoughts and feelings about the representation of disability in their character.","I've been thinking for a while about creating a comic book as an outlet for myself, since writing is one of the things that helps relieve the stress of my experiences. Due to Cerebral Palsy, I've spent much of my life feeling anchored. I never learned to swim, ride a bike, or drive a car and thus never had that experience of being ""free"". Like going so fast, being weightless on the water.  So one of my first ideas for my character was that she fly. I used to spend hours in a game that let you fly with an armoured suit, just doing that, because it gave me such joy.  But then I thought, if I'm building a superheroine that others could relate to, is it wrong to be the superheroine who got superpowers and the disability became irrelevant? Or is that desire for fantastical freedom an experience that should be explored too?"
14977,1,"The text belongs to class ""1"" because it describes the author's personal experience with shaving and their emotions related to it. The author shares their struggle with shaving tools, their intellectual disability and autism, and their success in shaving their beard and lips without cutting themselves. They express their relief and happiness about not needing to use tissues or bandages.","I usually struggle with shaving tools, and almost always end up splitting my jaw a little open, or cutting lip when i shave my moustache. I have a Intellectual disability and autism, my motor skills are not perfect.  So today i effectively shaved my small beard and my top lip and lower lip without cutting myself.  the hair kept getting into my way so i am glad i got rid of it.  It's so annoying when you need to run for the tissue and bandage, but today i didn't need any of that (:"
14983,1,"The text contains a self-description of the author's condition or experiences, and how the author feels about them. The author describes their current health situation, their feelings of failure, and their struggles with pain and fatigue. The text also includes the author's emotions, such as feeling bummed and crying from joy.","I'm in the worst flare-up I've had since my son was born 4.5 years ago.  He had to be watched by someone else (I'm a single mom) over the weekend because I was in too much pain and fatigued to take care of him. I feel like a failure.  My Rheumatologist and Nephrologist can't make up their minds on what to do to get my disease under control. They are butting heads.   Meanwhile my 2 current meds have quit working, and one of them is causing nausea and diarrhea.  I have to use a walker to even get from A to B. Some nice people have been providing car rides for my son to preschool (I can't drive) but on November 1 I have to start walking the 1 mile (total) there and back. Seems impossible.  I feel so bummed you guys.   Meanwhile my body is attacking itself including internal organs and my specialists are just not coming to a decision on what I should take.  I feel like this is gonna last forver.  **Edit: Thank you to some comments here that helped me get this idea, I am renting a 4-wheeled scooter! It is arriving tomorrow! Now I'll be able to do things! I feel like crying from joy lol.**"
14984,1,"The text contains a self-description of the author's experiences and feelings about their situation, including their struggles with finding suitable services for their ASD diagnosis, their desire to pursue a career in interdisciplinary cognitive science research, and their frustration with people's attitudes towards their financial situation and abilities. Therefore, it belongs to class ""1"".","Over the past year or so, I have finally been digging more into the services I can qualify for with my ASD diagnosis, since I've hit a huge wall with personal and professional development since I finished university. There's a lot where I live (CA, USA), actually more than I thought would be available for someone diagnosed as late as me and who doesn't need 24/7 supervision and care, but most of it sucks, is really hard to navigate, and is a complete clusterfuck.  The general attitude I've noticed is one of shock that I got a bachelor's degree, followed by disbelief that I would dare want a PhD, want to potentially not have a boss one day, and to be able to at least have the kind of financial means that my parents (middle-class) have at a minimum. I have been put under considerable pressure to work some job I know for sure I don't want and where I would get bored, pissed off, or just run out of fumes for customer-facing small talk really easily, like as a barista, cashier, stocking shelves, or hosing down streets around my city.  I want to pursue a career in interdisciplinary cognitive science research and potentially develop my own products at some point and these people don't seem to like it. It's like, as soon as someone shows up not wanting to work a menial job and having demonstrated the ability to do other things, they might as well spontaneously combust right in front of me. They don't care that their own career assessment tools try to steer me primarily into STEM fields which require advanced degrees. I actually had a worker recently suggest I try to apply to community college even after I told her repeatedly that I already have a bachelor's degree.  The neurodiversity hiring programs I have found seem marginally better, but the overall gist of the agenda seems to be, ""let's find the perfect cogs companies can exploit due to social naivete so they can look woke and we only think you can work in a very narrow set of IT and visual art fields"".  I've also been given shit already about my finances, and I'm not rich by any means and live with my parents. I've got a little over $15,000 saved up (mostly from stimulus), am a beneficiary of my parents' life insurance policy, and don't receive any oversight from my parents regarding my bank account and it's a ""problem"", and I've been told that I should be trying to have as little to my name as possible, and should have my parents run a Special Needs Trust for me. I've been told I should just get into Section 8 housing, but I want to live with my parents until I could afford something else. I also get the general vibe from these places that I'm a difficult outlier in that I have no guardian of any sort and haven't had my parents very involved in my medical stuff for years at this point, but that's another can of worms.  And speaking of SSI, I keep getting recommended to apply willy nilly. I keep saying that I don't want to give up on working full-time and that I don't think the brutal application process and what I'd get is worth it for me in my situation, but it doesn't matter apparently. I even have documentation from a neuropsychologist saying that I should be able to work in whatever field I'm interested in as long as the proper accommodations are in place and I'm motivated by the work I'm doing."
14988,1,"The text describes the author's personal experiences and emotions, including weight gain, anxiety, and the end of a relationship due to these factors. The author expresses a desire to be ""normal"" and keep a job, indicating a negative view of their current situation.",Since I stopped working full time over three years ago I’ve gained 40 pounds. I’ve gotten put on anxiety meds. I’ve been in the mental hospital twice. My issues haven’t helped with keeping a boyfriend because I always have to take pills with meals and that was an inconvenience for our relationship. He dumped me for my weight gain.  If I could just keep a job and be normal then none of this would have happened.
14992,1,"The text describes the author's personal experiences and emotions related to their disabilities, eviction, and lack of support from their landlord and healthcare providers. They express frustration, anxiety, and a sense of hopelessness about their situation.","My partner and I suffer from a myriad of physical and mental health issues. We've been evicted as of a few days ago, but due to disabilities (arthritis, fibromyalgia, anxiety disorder, agoraphobia, social phobia, PTSD and OCD just to name a few), we are unable to pack all our belongings and move.  Local council has offered us emergency housing, but won't tell us what it is, where it is, how to get there, if we will be able to get to our doctor, the hospital, our medication etc. We've had absolutely zero support from the council and our disabilities have never been taken into consideration. GP has refused mental health support and won't refer me. He also told me to go to the job centre and get a job. I was also told to ""try and be less disabled"" when I asked for support from another service.  Council were informed of everything in February.  It's not a recent diagnosis either, I've been housebound for 17 years.  Just at a complete loss as to what to do. It's a no fault eviction as landlord wants to sell, but he's also been harassing us, breaching GDPR, writing letters of defamation to our housing officer and all local estate agents making it impossible to move. Not that moving was an option due to disability discrimination :/ we are still in the property slowly packing away what we can, but bailiffs are due in around two weeks to forcibly remove us and we're also being made liable for all the landlords solicitor fees and costs.  Neither of us are doing well and tbh, can't see a future for us in this flying rock of shite."
14994,1,"The text describes the author's personal condition and their negative experience with photosensitivity, including specific examples of how it affects them in daily life, such as with traffic lights and vehicles like school buses and ambulances. The author's emotional response to this condition is also evident, as they express fear and concern about the new traffic lights being installed.","I'm not sure where to begin to look.  Aside from the DisAbility Law Center of Virginia, and they can't help.  I'm photosensitive, flashing lights make me sick, I have a hard time walking anywhere with all the turn signals, and the department of transportation is installing new traffic lights with even more flashing lights at every intersection.  They hurt, blind me in the direction of the lights, disorient me, and if they're coming from multiple directions like at intersections, they can also cause me to stumble blindly, or fall down. Also if I turn away from one set of lights and get hit by another, they can cause me to lose awareness, and walk blindly, in what seems to be an absence seizure. School buses and ambulances involve fast red lights, so they're by far the worst for me."
14995,1,"The text describes the author's personal experience with the Social Security disability claim process, including their frustration and disappointment with the medical examination they received. The post includes details about the author's ankle injury and their feelings towards the examination, which suggests that the text belongs to class ""1"".","My disability claim is based primarily on mental health issues but I also included a broken ankle that I never fully recovered from. My initial claim was denied without ever having an examination of my ankle. I got an attorney and appealed.  At this point, it's been a year and a half since I filed my initial claim. Social Security tried to tell me that I told them to disregard anything I said about my ankle. This is verifiably false because my denial letter talked, at length, about how my orthopedic surgeon said that I had made a ""full recovery"" (also completely untrue).  Anyway, SS decided to send me for a ""General orthopedic exam with emphasis on range of motion"" plus 2-view x-rays.  I went to that appointment this morning. The Dr didn't even let me take my shoes off for any part of the ankle exam. He only took 1 x-ray (side view). As soon as he saw the metal in my leg he said that no other x-rays were necessary. He didn't do any ROM tests. He said that he needed to see me walk. I took literally 2 steps before he told me to sit back down. He kept asking me questions then immediately interrupting my answers with other questions. He asked about the location of my surgery incision. I asked if he wanted to see it. He said yes. I took my shoe off and started to remove my sock. He said ""That's not necessary. You can just point to it. Ok. Now put your shoe back on.""  If I hadn't reminded him, he would have forgotten to check my ID. I could have been anyone.  Other than the x-ray, This could have been a ""let's not and just say we did"" kind of appointment.  I don't know how much this guy is getting paid but I know that it's too much."
14997,1,"The text describes the author's personal experience and feelings about their current situation, including their struggle with a disease and the relief they feel after getting a 4-wheeled scooter. This indicates that the text belongs to class ""1"".","It is just a rental, but I was desperate to have something other than my walker because my disease is flaring badly and I am unable to walk more than short distances. (With walker)  Now my life is changed and even though I'm in constant pain I will be able to GET PLACES and live my life!   Just using this until the flare is properly treated. Hopefully in a couple months all will be well.   Thanks to those who suggested a 4-wheeled scooter.   It just feels so good to be able to do most things again."
15002,1,"The text belongs to class ""1"" because it describes the author's personal experience with lower back and hip pain, and how it affects their ability to stand or walk for long periods of time. The author also expresses their feelings about the situation, including their anxiety about renting a wheelchair from the theme park.","Hi! So ever since I was about 17-18 years old (I’m 25 now) I’ve had a pain in my lower back/hip area if I stood or walked for too long. Sometimes it an hour, sometimes it’s three hours. It honestly changes day by day. I’m currently able to access several theme parks on days off, and I believe a wheelchair would be helpful. Even if it is one of my better days, this could help prevent aches and pains throughout the day. I’m just curious what everyone’s opinion is on me renting one from the theme park that I’m going to. I always want to since in the long run it would help me but I always get anxious that I’m taking it away from someone else who needs it, and that because I can walk/stand and would just have to take frequent breaks, I shouldn’t use it. Thank you all!"
15003,1,"The text describes the author's personal situation, their struggles and frustrations with the current system, and their feelings about it, which all fall under class 1.","OK, first of all I recognize  I'm in a fortuitous  situation in some ways but at the same time I had to make a lot of sacrifices to get where I'm at. That said...  I'm on SSDI. Been on it since 2003. A couple years ago I got to the point where I could work part-time.  I found a job that was compatible  with my skillset and abilities. I love my job. It gives me meaning and purpose and I'm also able to do some actual good. I found a company that was willing to work with my needs and my income limit. But it's not all great.  I'm basically at the ceiling of what I'm allowed to earn. I make $16 an hour where the average hourly in my field is $21.  I've turned down 3 raises, reimbursements for expenses and other perks. I'm an independent  contractor which  means I get no benefits. That's by design because company benefits can screw with my government benefits in this state. Before I was working I had both medicare and Medicaid but had to drop medicare because the medicare premium+Medicaid spenddown is too high. I still live at home and can't afford housing anywhere. I make too much  for subsidized housing.  Because  of the independent contractor thing the paperwork  is kafkaesque and it's almost like doing  your taxes every month in order to report my income. There are more gripes but that's what's off the top of my head.  Then there's the asset limits. In my job there's a certain amount of driving. I need a newer car, but if I keep my 19 year old truck, and I need to, it's worth $4500 and it puts me way over the $2000 limit. So I have use it for work and hope it holds together. I can't save for the future in any way. So what can I do with my money? Sock it away under my mattress? Flit it away on crap I don't need? What's the point of jeopardizing my SSDI by working then?  I dunno. I'm trying to get ahead in some meaningful  way but it's impossible. I fully get limiting the amount of hours someone  can work but these income and asset limits, along with the total mess benefits are in the US to begin with, are beyond the pale. I am just so discouraged and disillusioned.  Edit: it's the Medicaid  I have that has the asset limit, not SSDI. My medical needs are pretty complex and I can't afford the Medicare premiums plus the co-pays, even on an advantage plan. So I'm stuck with Medicaid and its asset limits cause the coverage is far better and cheaper. Sorry for any confusion."
15004,2,"The text belongs to class ""1"" because it describes the author's personal condition and experiences, including vision loss and a back injury, and expresses their feelings about the situation, such as being bored and running out of ideas. The author is not asking a question but rather seeking advice based on the experiences of others.","I'm a person with vision loss and recently hurt my back. Until it recovers, can't do much physical activity. I'm running out of ideas of things to do. What have you found to be fun, exciting and adventurous?"
15005,1,"The text belongs to class ""1"" because the author describes their personal experiences and emotions related to their job and disability. They talk about their struggles with PTSD, OCD, and chronic physical and mental issues, as well as their experiences with seeking accommodations and filing a complaint for discrimination and retaliation. The author also expresses their concerns about switching disability providers and the impact it may have on their ability to advocate for themselves. Therefore, the text contains a self-description of the author's condition and experiences, and how they feel about them.",I have diagnosed (C)PTSD &amp; OCD. I had a traumatic event happen at work 6 years ago &amp; when I went into treatment then came back I have had to fight relentlessly for every accommodation that has gotten approved at my job. I recently came back from a medical leave &amp; again have found myself in a position of resistance with accommodations. I after 7 months of trauma therapy have did a 360 &amp; saw my worth at my job then ended up making a complaint for discrimination &amp; retaliation when I didn’t get returned to work because they didn’t want to accept accommodations. Which is currently under investigation while I wait for Monday to come to go back to work.   What are my options. My disability impacts my ability to work —(chronic issues physically &amp; mentally) my work provides basic long term disability coverages. Problem is I have to switch providers .   Are there providers that are okay with helping advocate for me as I advocate for myself to help me with that process?   My provider is obviously annoyed &amp; over having to update disability through my work every month.
15006,2,"The text contains a self-description of the author's condition, experiences, and how the author feels about them, which belongs to class ""1"".","To whom it may concern:  My name is Owen Dybvig. I am 20 years old with cerebral palsy. I use a communication device and a power chair. I am currently admitted at Cottage Hospital In Woodsville, NH, and am looking for long-term residential placement. I need care for bathrooming, bathing, feeding, and transferring. I’m on long-term VT Medicaid.  &amp;#x200B;  https://preview.redd.it/2ta60tetspu71.jpg?width=750&amp;format=pjpg&amp;auto=webp&amp;s=08f9c57f4f72ca6b6a666d2f9a49740e88159d61"
15015,1,"The text belongs to class ""1"" because it contains a self-description of the author's experiences and emotions related to stuttering. The author shares their personal journey, how they felt about stuttering, and how they overcame the associated shame. They also express their pride in stuttering and embrace their true self.","i’m proud to stutter  it wasn’t always this way. stuttering was a consistent and major source of shame for most of my life. i hated it and went to great lengths to hide it. i often felt broken and alone, not belonging in a world where communication seemed so effortless for everyone but myself   i felt trapped  spending much of my days figuring ways to avoid showing stuttering: skipping school or class on days i was scheduled to present; faking a bloody nose so i wouldn’t have to read aloud; deciding whether or not to do things or go places based on risk associated with stuttering; avoiding eye contact and close proximity with new people so i wouldn’t need to introduce myself, because saying my name was always hard; introducing myself using a name that wasn’t mine; etc.  limiting thoughts consumed me:  “no one will hire me”  “i’ll have to live with my parents forever”  “i’ll never have a girlfriend or kids”  “how will i ever schedule my own doctor appointments?”  etc.  now i know the reason i felt so much shame is because we live in a world that values conformity over individuality, normal over special, silence over self-expression, obedience over rebellion  now i know it wasn’t my fault   now i know i am not at all broken — that i become more whole the more i discover and embrace my true self, especially parts of me the world tells me i should suppress   now i know it’s okay to stutter   now i’m proud to stutter  —  today is international stuttering awareness day; follow @stutterproudly on instagram for creative stuttering-related content"
15018,1,"The text describes the author's personal condition, their experiences, and how they feel about them. They are disabled, have financial difficulties, and are trying to apply for SSI. They are considering getting a job, but are unsure if it will affect their application for disability benefits. This shows their desperation and fear about their situation.","Hey there. I'm disabled, what exactly is wrong with me is a big old question mark, because doctors haven't exactly been forthcoming about getting me a diagnosis.  As it stands, I do not have enough money in a month to feed myself. I'm desperately trying to apply for SSI, but that has gone nowhere so far.  My goal is to get on disability benefits so I can, y'know, live. However, in the short term, I've become desperate and am considering starting to put out job applications. I'm terrified to start because I know that working is not a sustainable situation for me, but I don't know what else to do.  Would this ruin everything? if I get a job, even if I can't do it long term, would I lose my shot at SSI?"
15021,2,"The text belongs to class ""1"" because it describes the author's personal medical condition and recent experiences, including a liver transplant, autoimmune disease, renal failure, back problems, and ulcerative colitis. The author is seeking advice on their chances of approval for a certain process, which suggests that they are looking for help based on their personal situation.","Not sure if I'm in the right place but any response helps .Hired a lawyer have hearing on Monday, recent liver transplant, auto immune disease, renal failure early stages, curve in back treated with multiple procedures to sever nerves, ulcerative colitis, lots of medications. What are my chances of approval if i haven't worked much over my life?"
15022,1,"The text describes the author's personal experience of relearning how to walk after a brain tumor, including their thoughts and feelings about the process. The author uses ""I"" and ""my"" to describe their own experiences, and expresses their thoughts and feelings through their actions and decisions. For example, they describe how they ""approach walking like a trick"" and ""commit to putting weight on it as it travels,"" indicating their determination and focus on the process. Therefore, the text belongs to class ""1"".","I had to relearn how to walk, talk and drink water after the brain tumor. Ok, it’s a kick and throw. A kick of the leg and throw of the foot. I use to cab 720 or hit the coping while carving nine foot bowl before I got the BT at 32 so I approach walking like a trick. That is gone now so walking is now the thing I focus on. 10 feet has become 4 miles now. It’s not easy but this what I came across today  The ground isn’t flat unless it’s a artificial environment made by humans. Normally the brain will use the nerves on the bottom of the foot to make adjustments but building and roads are easier that natural ground. So we can commit. Instead of forcing the foot to land where you need it to, I throw it in-front of me and use the leg to kick it. I can commit to putting weight on it as it travels.   I have to check on this food"
15024,1,"The text describes the author's personal experiences and feelings about their situation, including their disability, past efforts to improve their skills, and current career aspirations. They express concern about their speech impediment and its potential impact on their ability to communicate in a programming role. This self-description and emotional context suggest that the text belongs to class ""1"".","Due to my disability **as well as personality** I've spent my 20s just trying to improve my physical (and reading, coding for fun). Now in my 30s I would love to become a programmer (in UK) but my speech is kind of terrible.   I asked around about the age and the gap (30s, never had a job but I have an old degree) and the consensus is that it can be done. It will be hard but I always knew if I took personal time in my 20s I'll have to start from the bottom in my 30s, which based on my lifestyle, no matter how little I might get payed I'd be fine.  However, programing (as any other job) has a lot of communication. I would need to learn to get out of my shell but the fact of the matter is my speech is what it is.  I know there are people that can't speak and use interpreters, I know there are blind people that can do amazing work but I'm in the middle too hard to be understood, and ... heck even an interpreter would find it hard.  Are there people with this issue that have made it in programming or does in limit us, whereby even if a kind employer accepted me now, down the line no one would?"
15025,1,"The text belongs to class ""1"" because the author describes their personal experiences and feelings related to their disability and the challenges they face in their daily life. They also mention the negative reactions of some people around them, which affects their emotional state. The text does not contain a question, so it does not belong to class ""2"".","Ive been disabled for 3 years and atrempted suicide 3 times last year. My doctors know the severity of my illnesses and are empathetic. They know working has becpme hard for me and half the days I cant even get put of bed.  Recently my mom's friend yelled at me to get off my ass and work, that I had no reason to be sick, and she had better reasons to kill herself than I did.  My mom also told me ""cant you just be happy?"" Extended family has also looked down on me, that Im and entitled liberal who doesnt want to work .   My therapist has said they are gaslighting me. I dont want to be ill, I used to work hard and able to make money. Now Im in low income housing on 837$ a month which has been the only thing preventing me feom being homeless or hungry. I am doing a few classes at my local community college paid for by grants. I want to be a nurse or a doctor but my disability makes it hard for me to even walk.  Has anyone else felt like a second class citizen because of their disability and not functioning like people think you should?"
15027,2,"The text belongs to class ""1"" because it contains a self-description of the author's condition as a researcher and their project, which is a personal experience. The author also expresses their goal of making environments more accessible and personalized for wheelchair users.","Hi y'all,  My name is Zach and I'm a researcher from Chillicothe, Ohio. I'm doing a project where I interview Appalachian wheelchair users, especially from Ohio or West Virginia but not exclusively. The topic is how folks tinker with their environments to make them more accessible or more personalized. If anyone here is interested or knows someone who's interested, you can email me at [zachglendening@gmail.com](mailto:zachglendening@gmail.com). Thanks!"
15029,2,"The text describes the author's personal experiences and condition, as well as their feelings about it. They discuss their history as a stay-at-home mom and their recent realization of their autoimmune arthritis and hearing impairment. They also express uncertainty about applying for SSDI due to their lack of previous income.","I have been a stay at home mom and housewife for the past 26 years more or less. I’ve done some work under contract for photography but it’s been for my dad who just pays cash. The other work I’ve done is antique quilt/ soft furnishings restorations but it’s not been much at all. I’ve done that for probably the past 7 years. I’ve paid taxes on that with my husband’s income. I’ve only recently realized not only am I Hard of Hearing (which my family has said has gone on for years and now I wear hearing aids) but have some autoimmune arthritis (seeing a rheumatologist this week) but that has been going on well over a decade and I’ve had to use a cane to get around often. I had no idea both are considered disabilities until my husband suggested getting some other things for the house for helping alert me when I can’t hear it. And way, is there any point to applying for SSDI or is it just not something I qualify for since I don’t show any previous years of income?"
15030,1,"The text belongs to class ""1"" because it describes the author's personal experiences and emotions related to their health condition, job loss, and family situation. The author shares their struggles with Granulomatosid with Polyangitis, CNS vasculitis, and the impact on their career, as well as their feelings about these experiences.","Hey all, I need somewhere to share. I am hoping this is the place. MODs if not, my apologies please remove.  To start, last week I officially filed for SSDI. I contacted a lawyer, and with help through legal they have stated that I qualify for SSDI.  Monday morning the process officially starts. My back story is that on March, 13 of 2020. D-day for Covid in New England, is was being diagnosed at Massachusetts General Hospital with Granulomatosid with Polyangitis a vascular condition that restricts blood flow to major internal organs such as kidneys, lungs and possibly heart. Also part of this basically my immune system is overactive to the point it's destroying my tissue. Ever see Artie Lange nose after all those drugs? That is a symptom that is real. My cartilage in my nose is already falling apart. Secondary to the GPA I was diagnosed with CNS vasculitis in my brain. It took a good 2 months to process what was being done. Between a mariad of infusions medications and my actual job. After the initial 2 months and a small follow up it finally dawned on me that I didn't have a temporary illness. This was a life long weight that was going to slowly eat at me both physically and a lot mentally. My career was fairly physical and with everyday starting to become very painful I decided to resign. It was a dream job that I had worked at least 15 years to obtain. I had a glimpse of everything I wanted to obtain for a career and standing in life for 18 months. I am not complain. I am thankful, because I know many cannot get to live a dream. I resigned in July of 2020, after using remain PTO.   Every single job that I have had since I have not been able to hold or I have been terminated from. This is 100% due to pain and fatigue. 4 jobs since then. Yesterday I was fired from a part time job that I generally enjoyed. I had a flare they have tripled my medication, and are possibly thinking a chemo direction. They used a reason of not completing training because I didn't initial something. However I called out for 5 days and had 3 doctors notes from each of my team.    To end this on positive note. I now get to hang out with my 3 y/o son. He is the best. Obsessed with monster trucks. Autistic. Uniquely mine. And his own. He's better at math than me though.   My wife works from home. Househusband. I'm ok with. I'll take pride in my home.  Dogs everywhere.    Thanks folks. Just had to share with someone that maybe might understand."
15031,1,"The text describes the author's personal experiences, feelings, and thoughts about their relationship, including their emotional investment, fears, and the challenges they face in the relationship. The author also discusses their partner's behavior and the impact it has on them. Therefore, the text belongs to class ""1"".","I (24F) have been dating my live-in boyfriend (26M) for 11 months. I’m physically disabled with amputation of upper extremity and chronic pain. I rushed into this relationship and I’ve grown, learned, and healed a lot. I’ve had to handle the entire mental load and finances of both of us since he’s acts incapable and is tens of thousands in debt. I’ve also had to drive us everywhere this whole time since he doesn’t have a license, which made my chronic pain worse. I had a surgery on one of my extremities this week and he was resentful that I’m using w33d for my pain because last month he agreed not to smoke w33d until he got his license. We both met through a shared passion, and turned that passion into a shared business in my house. Our business has been fully funded by me (with current debt over 3k). He mostly handles the physical labor of it. He’s not legally involved with the business at all because of his debt. We share a dog, which he’s said I can have her if we split. We have disney annual passes on my credit card with plans to spend holidays there. My family has spent thousands on dental work for him. I’m overly invested (a lesson I’ve learned) and it’s making it harder to leave. I handle the mental load for both of us, I’m the one that sets the alarm and keeps a planner. I’ve tried to encourage him to do these things, and it’s only resulted in missed appointments. I beg him to do the responsibilities I physically can’t do (dishes and laundry), but piles sit fo weeks. I’ve spent months with my therapist on learning to communicate better with him as partners, when his childlike behavior had me feeling like his mom. I’ve made peace with all that. I’m not resentful of him, it’s just not working. He is argumentative with my mom, when I tell him how I feel he stonewalls me or redirects as if I hurt him. He doesn’t wake up happy, he’s only happy eating or shopping. I make the effort to have dates and game nights, but if it were up to him, he only plans for us to sit on opposite sides of the couch on our phones while the tv plays.  At this point, we’re only staying together because I’m scared to be alone, overly invested, disabled and feeling dependent on him for the bare minimum, we have disney holiday plans 😭, and because I truly do love him.  I don’t want him out of my life, I want it to work, but the constant negativity with no consistent effort is toxic. I don’t know how to move forward."
15034,1,"The text describes the author's personal condition and experiences with Moebius Syndrome, as well as their feelings about their physical limitations and the challenges they face.","My mom over the years became a munchie towards me. I myself have a condition called Moebius Syndrome. I had to do physical therapy growing up. I was always weaker than all my peers. And I was told it'll always be that way. I can't do heavy lifting, no nothing like hard labor because I'm physically incapable. And for some reason I don't handle heat well at all.   But I'm just hoping maybe I'd just work hard enough, I'll be stronger. It wouldn't be the first time my mom lied about aspects of my disability. Yet even my current doctor believes I have problems with my muscles."
15036,1,"The text belongs to class ""1"" because the author is sharing their personal experience with CFS and how it has affected their life, including their perspective as a fashion student. They also express their desire to use their experience to help others and create more inclusive fashion. The author then asks for input from others with disabilities about what changes they would like to see in garments, indicating that they value the experiences and ideas of others.","Hello everyone! I myself have been diagnosed with CFS almost 7 years ago and it has changed a lot in my life and it has given me a unique perspective on life. I want to use my experience to improve the life of others in anyway I can. So long Story short I am Fashion Pattern Cutting Student At London Collage Of Fashion and I am in my second year of my studies, for my studies I have used distality and accessible fashion as a key competent in my design work and research, this leads me to why I am writing this post. I know and understand my experiences with garments with CFS and I understand what would help me, but what I want to know is how it affects everyone here ? Disability is such a large spectrum in that people will have different ideas, experiences and prospective. So what am I asking ? I am hoping that some of you would help me know what possible changes you would like to see within garments, this could be anyone small or big, any ideas in what you might think would help you get dressed or that would make a garment less restricting on the body. Feel free to comment under this post or message me directly about this topic. Any information will be kept confidential and will be very useful for me and help me improve my practice and help me create a more inclusive/assessable fashion for everyone."
15041,1,"The text belongs to class ""1"" because the author describes their personal experience with chronic pain and their consideration of using a wheelchair. They express their thoughts and feelings about the situation, including their uncertainty and the potential impact on their life.","Heyo so im a 22m and Im considering becoming an ambulatory wheelchair user. The thing is im not formally diagnosed with anything relating to why I feel i need one😅 Ive been in almost constant pain since i was a teenager (like on the medical scale of 1-10 im mostly always at 5), the pain is mostly in my lower body and legs despite not having injured them literally ever, besides having some issues with my knees when i was a child (which never went away, i simply stopped putting myself in situations where they would cause problems).  Ive been talking with a few friends who are also wheelchair users and they think it could be helpful for me to have one on days where its very painful for me to walk but i still have to get out and do adult stuff lmao. But Im still like, on the fence about it? Bc the pain fluctuates and i can usually power through even the worst days so im not sure if I should or if buying one would be taking resources away from someone who may need it more.  So, if you dont mind sharing, at what point did you realize you definitely needed to start using a wheelchair?"
15049,1,"The text belongs to class ""1"" because it contains a self-description of the author's condition, experiences, and how the author feels about them. The author shares their personal story of living with a heart defect, the challenges they face, and their emotions related to their condition. They also express their fears and concerns about their current situation, including their ability to work and their desire to be independent.","ETA: I'm from the United States   So, I'm 24F and I was born with a heart defect and had to go through tons of surgeries as an infant. Long story short, I only have a half a working heart and have to regularly take medication, see a cardiologist, and do routine heart catheterizations. I get tired super easily and while I don't have a wheelchair, sometimes I get one if I'm going to be walking a lot like at the airport or at the zoo since I regularly faint from it.  Growing up, largely I didn't see myself as disabled because it was a dirty word. I pushed myself to keep up with my classmates and would feel like the worst person on the planet anytime I had to ask for accommodations like a PE note or having a locker more in reach. When I'd have fainting spells I'd feel like I was inconveniencing everyone and it was hard. I've gotten a bit better with it, but even now I have issues. I fainted just the other week and I cried because I felt ashamed.   Now, because of COVID, I wasn't getting a job and continuing to live at home with my mom (I finished up my undergrad in 2020) but now my mom is kind of pushing me to get one. Or get some kind of income going. I am petrified of having an episode at work, or having to do any work that will exhaust my heart. Is it possible to get on disability? Does my condition even count? I don't want to take away from people who actually need it. My dad is against it - but he's always said that I just don't try hard enough.  I know most people will say I'm 24, I'm acting like a child, but I just kind of been raised to be super dependent on everyone and now I'm not and I'm feeling lost and confused. I'm scared."
15054,1,"This text belongs to class ""1"" because the author describes their personal experiences and feelings about their situation at college. They mention being nonbinary, using a wheelchair, and facing issues with the college's disability accommodations. The author is seeking advice on what to do next, indicating a need for support and solutions to their problem.","I am a 22 year old AFAB (Assigned female at birth) who is nonbinary as well as disabled. I go to college and im a graduate student. I've had issues with this school from the get-go. From putting me on the third floor (I'm in a wheelchair 99% of the time) with the elevator going out every other day qnd refusing to fix it, to putting me in non disabled room. I've finally had enough in my first year as a graduate student. I've been reporting it to the disability director who is COMPLETELY incompetent and absolutely hates me to boot. I have a meeting with the HR director. What do yall think I should do?? Should I go ahead and take legal action or should I wait it out?? Any and all advice is welcome."
15058,1,"The text belongs to class ""1"" because it contains a self-description of the author's condition or experiences, and how the author feels about them. The author expresses their feelings of being miserable, having difficulty keeping a job and accessing healthcare, and feeling unintelligent and friendless. They also mention their desire to move to a different state but feeling unsure about where to go. These are all personal experiences and emotions, so the text belongs to class ""1"".","I've never felt like I was ""home"" here. I'm miserable. I can't keep a job, SSI, not bilingual. Wanted to learn how to speak a foreign language but NVLD prevents that... I'm tired of not having friends, good infrastructure, healthcare, Etc. I'm too stupid to live in another country. No one would want me. I don't plan on getting a degree because I'm too stupid for that. And just never had an interest.  Idk what to do... I'm in housing in Massachusetts and want to apply for Vermont housing or something... I don't where to go to feel comfortable. I've never been comfortable.😡😭"
15059,1,"The text belongs to class ""1"" because it contains a self-description of the author's condition, experiences, and how the author feels about them. The author shares their personal story, including their birth, their relationship with their brother, their experiences with testing and diagnosis, and their current challenges. They also express their feelings about their situation and their question about why they were made this way or why this happened to them.","I was born in 1959 in the Los Angeles area after 40 hours of labor, interrupted labor and loss of oxygen from my umbilical tube being wrapped around my neck.  My left eye was bruised and swollen shut for 5 days and I have weakness in the areas of logic and reasoning.    My brother came 19 months later after only 7 hours of labor!  He's always been my rock and very best friend and advocate.  At age 6, we went to UCLA where I was tested extensively for 3 days.  One day the dr. told Mom that we were both borderline genius with IQ's in the 130's.  The next day, they met with her to give her the results.  They said I'd never go beyond a mental age of 6 or 7 and it was their recommendation that I be placed in an institution-they even had a list! They told Mom that she was young and could have other children.  She said NO to this, saying they could give me love.    It wasn't an easy road but I improved with time, graduating high school as a member of the National Honor Society, graduating college and then receiving an MLS from Vanderbilt-Library Science.  My challenge now at 62 is that I never got a specific diagnosis except mild stiff muscle Cerebral Palsy which I've overcome.  I feel I've strengthened my brain through reading, knitting and crochet.  My spiritual question is why did God make me this way/let this happen to me? I'm talking to my Episcopal priest about it on Friday.  I welcome all comments."
15067,2,"The text describes the author's personal experience and feelings about having a disability, which is a self-description of their condition and emotions.",I got a disability and people think people with disabilities can not do enything at all in life's at all but they are worng pelope with or without disabilitys can do enything they put there mind to that's how life goes.
15068,1,"The text describes the author's personal experiences and emotions related to their job and medical situation, including their anxiety and nervousness about their current job and future prospects.",So I have multiple issues that I’ve been dealing with but finally applied last summer during a two month medical leave. I went from being a full time assistant manager to having to switch to part time associate and then ended up having to quit that job because I couldn’t handle the medical symptoms the job was causing. I got a job as a teller at a bank but it was nothing but down time so my anxiety got so bad I couldn’t function so I quit that after two months.   I finally found a new job that I like but it is literally a 1 in a million position and it’s only temporary. The pay is high enough that I will be above the income limit unless I reduce my hours. Today is only day 7 and I missed yesterday because of one of my illnesses. I had a phone call with the law firm I’m using to handle my claim because I have a hearing in January. They said that I may not get approved because of the income issue and because I’m young so I’m retrainable. They said there is a chance I might be approved because of the variance in my conditions. I have to have a meeting with the head lawyer now to see what they think and to formulate a plan.   I’m super nervous because once this job ends there aren’t any like it around me. It’s the only one I’ve found in the last 4 years. It’s limited to 6 months max but can end before that if they chose to end it early or don’t need me any more. If I don’t get approved I’ll go back to applying for jobs but I have no idea what I’m going to do. It’s hard to find jobs I’m qualified for. I can’t drive and everything seems to require either a drivers license or significant travel or it is a position I can’t do because of the sound level.
15071,1,"The text describes the author's personal condition and experience with a progressive neuromuscular disease, including specific symptoms and actions taken to address them, indicating a first-hand account of their situation.","Is there anything I’m missing?  I have a progressive neuromuscular disease.  Lately I’ve been having trouble sitting up straight.  I’ve started slumping over.  It’s affecting my breathing.  I’m addressing it with physical therapy.  If I recline I breathe okay, but sitting upright nearly impossible.  I’ve been wearing a full back posture corrector to sit up for things like riding in the car.  In my wheelchair I have a harness, but I’m still a bit ambulatory."
15074,1,"This text belongs to class ""1"" because the author describes their personal experience as a disabled adult, including their struggle to navigate the Medicare and Medicaid system. They also express their feelings of loneliness and wish for assistance, indicating an emotional component to their experience.","I am a disabled adult-I became disabled after a stroke at age 38, so im too old for my parents to help me figure stuff out &amp; I do not have a spouse. I have a partner , but he does not have any legal standing. Do other disabled adults have a specific person who helps them navigate medicare snd medicaid? I feel so lost snd alone? Or is the system just designed  to leave p like me to flounder about on out own? I wish there was someone to be a n assistant of sorts. To clarify i  got approved for disability and have Medicare and Medicaid- that was all hell, as I m sure you folks know.so i dont mean applying for Medicare &amp; Medicaid- I mean managing them &amp; finding any other programs etc."
15076,1,"The text belongs to class ""1"" because it contains a self-description of the author's condition and how they feel about it. The author describes their experience of having a hemiplic migraine that causes paralysis and how it affects their ability to move and celebrate their wedding anniversary with their husband. The author also expresses their emotions about the situation, including feeling heartbroken and in need of help.",Hey so I have a weird situation.  I'm suffering from a hemiplic migraine which causes paralysis.  I have no use of my left arm or either leg.  I'm trying to think of something romantic I can do for my husband to celebrate our wedding anniversary this Halloween. (Please keep suggestions clean) I can recruit a friend to help me set something up I just can't think of anything I can do. I had a whole get away idea planned but that's not going to happen now because I can barely move. I'm thinking of asking my carers to help me dress in a pretty Halloween costume and try to do my makeup one handed but I have no other ideas of what I can do and it's breaking my heart.  I can't even think of a gift to get him because he literally has everything xD please help a cripple in need!! Xx
15078,1,"The text describes the author's personal experiences and feelings related to their disability, including frustration, pride, internalized ableism, and the desire for validation. The author also expresses negative emotions about their situation, such as feeling ungrateful and destructive. Therefore, the text belongs to class ""1"".","F17 hemiplegic cerebral palsy.  My relationship with my disability is really weird. 2017-19 was really rough for me bc it was when I started playing guitar and I was so frustrated that I found it so difficulty with my disability.   Fast forward 4 years later and I’m at a stage I never thought I’d be at.. it shocks me everyday.   Anyways, this year the internalised ableism came. Me and a guy became friends and he found out about my disability and asked questions which I was happy to answer (excited actually, since none of my friends are that interested) but then he said the dreaded ‘I can’t tell’.    My whole life I’ve been told the opposite (‘why are you limping’ etc) so it was a huge shock to me as I thought everyone could tell.   Me and this guy hit it off really fast (as close friends) and he made me feel like the coolest person in the world so i feel like him not noticing that part of me meant ‘it wasn’t valid’.   I never used to feel like that until this year. I miss my life where I didn’t have to think about wanting to be ‘approved’.   It sounds ridiculous, sometimes I wish I didn’t start playing guitar so my hand could go back to how it was - ‘more disabled’   I feel like this stems from people not appreciating the extra work I have to do to achieve something which others don’t have to work for but also wanting to separate myself from my (able bodied) twin sister and people in general - I want to be *different* but if people can’t see my disability I’m ‘the same’.  Sometimes I feel invalid in my CP type as my arm isn’t nearly as affected as my leg and I see others with more equally affected limbs and wish I was like them just so I can feel valid . When people ask how my arm is affected, I struggle to tell/show  them now since my finger dexterity has improved so much. I feel like I won’t be believed.   Do you guys think therapy is a good option? I really can’t live like this anymore it’s so destructive. It’s making me so ‘ungrateful’ for the amazing point I’m at now I’m terms of mobility. I feel like such an awful person for not appreciating it. These thoughts have really taken over me."
15081,2,"The text belongs to class ""1"" because the author is describing their personal experience and feelings about their situation. They are a disabled single parent of two teenagers who are not as active as the author was at their age. The author is expressing their concern and seeking advice on how to motivate their kids to be more active.","Hello,  I am seeking to connect with other disabled parents for advice on how to keep my kids moving when I can't.  I am single.  I have two teens and they are like sloths.  I know that is considered normal but I know when I was a teen I still worked my butt off.  I was always on the move.  My kids seem to think if I'm in the recliner, it translates over to them sitting too.  I will say, you should be riding your bike &amp; they look at me like I'm alien.  Any thoughts?"
15082,1,"The text belongs to class ""1"" because it describes the author's personal experience and feelings about their chronic pain and the possibility of using a cane. The author shares their struggle with accepting the need for a mobility aid and feeling like they are not ""disabled enough"" to use one. They also express their emotions about feeling like they are giving in to their disease and not pushing themselves hard enough. This self-description of the author's condition and experiences, along with their feelings about them, places the text in class ""1"".","I’m chronically ill and over the last few months, my chronic pain has been getting worse, so I have been considering getting a cane, especially for walking around campus. Personally, I’ve been struggling with the thought that I’m not “disabled enough” even though there are days when I’m limping from joint pain and it’s all I can do to lay in bed. Then there’s also the feeling like I’m giving in to my disease and not pushing myself hard enough, like I’m being lazy or copping out by getting a mobility aid. People (including my family) just don’t see me as “traditionally disabled” because I still have mobility, but sometimes it would be nice to have the extra support when I need it. Is there anyone who has had a similar experience like this?"
15083,1,"The text belongs to class ""1"" because the author describes their personal experience with health issues and their struggle to get a diagnosis. They express their feelings and need for help, making it a self-description of their condition and emotions.","Basically what the title says. I have all these health issues (seems like dysautonomia, to my knowledge) and in the past 8 or so years i haven't been able to get a GP to refer me anywhere helpful, so i've just kind of put up with it. But it's getting too bad. I need to know what's wrong and i need to be able to start fixing it.   So what do I do to seek a diagnosis? Wait for a flare and go to a hospital? Go to a walk-in clinic to try and get a referral? Go straight to a specialist?   I'm honestly just so lost. And I need help."
15084,1,"The text belongs to class ""1"" because it contains a self-description of the author's condition or experiences, and how the author feels about them. The author shares their struggles with being diagnosed with an unknown condition, feeling alone, being a non-binary person, being autistic, having financial difficulties, and relying on others for help. They also express their feelings of pain, embarrassment, and frustration.","Just a rant about my current situation, I feel so alone in this and I don’t know if I’ll ever be okay, my girlfriend encouraged me to post because “there’s a community of people like you baby, maybe it’ll help to post”    I’m 20 years old, currently fighting to be diagnosed with whatever’s causing my pain. I think it could be POTS or fibromyalgia like my mom. No one listens to me because I’m a fat person which makes me feel worse about the fact that I seem to be gaining weight despite doing what exercise I can and me eating less recently. I’m worried a diagnosis of a physical disability will interfere with me getting top surgery, I’m non binary and my chest is already causing my mental health to be shit. I’m autistic, and unable to work. I’ve always been stressed about money, and so many people get denied disability income so I feel like what’s even the point. I need to buy a walker, I keep falling over and fainting just going to the grocery store, but we don’t have the funds yet. I rely on my mom and girlfriend for so much, and after a lifetime of being told I’m lazy, selfish, stupid, manipulative, it’s hard to accept that I need help. Hell sometimes my girlfriend has to help me undress because my arms ache so badly, my mom has to come to my appointments because it’s overwhelming and I’m unable to speak to doctors on my own. I’ve been crying for days now and have been in burn out for months. I can’t enjoy things, me and my girlfriend were out for less than 4 hours, all of it was painful, and i collapsed, it was embarrassing and my girlfriend had to call my mom to say we needed to come home. I hated that we couldn’t stay till closing like we planned. I’m going to the doctors tomorrow to get even more blood taken, my doctor is ordering an MRI which sounds like hell I know they’re loud and can take long, I’m also doing tests on my heart so I can get cleared for surgery. I hope that if I at least get cleared that’ll help my brain a tiny amount. I just feel stuck, dysphoric, tired, and useless. I just keep getting worse as time goes on. I should apply for something so I can have some money but I can’t bring myself to make time. I wanted more for myself, I wanted to get another job, do fun stuff, get out on my own, but I can’t even go for a half hour shopping trip without being a safety hazard to myself. I’m supported and loved, but I can’t bear to hear anymore “it’s okay, it’ll work out just give it time, take it easy, don’t be so hard on yourself, you’re going to be fine” because I just want to cry, I’m in pain all over, I just want to rot and feel all my feelings because fake positivity will destroy me, it has before. So many people on here have it so much worse, or they’re making the most out of their situation, I feel like I shouldn’t be complaining but I’ve only begun to accept how much my body and brain sucks within the last two years. This all just sucks"
15085,2,"The text belongs to class ""1"" because it describes the author's personal experience and feelings about having narcolepsy and trying to find a job in the US. The author is seeking help to understand how disability accommodations work and is expressing concerns about their specific situation.","A couple of years ago, I developed narcolepsy and it caused me to drop out of the workforce while I was getting treatment. Now I'm back to my job hunt, but I would like some help understanding how disability accomodations work in the US.   Lets say I get hired at McDonalds (just an example), doing cash registers. Lets say my shift one day is from 11am-6pm, and its a day I start falling asleep at 1pm. But I'm the only cashier.   What accomodations could I possibly ask for? A dark room to take a nap for an hour or two? How would they find someone to cover for me on such short notice? (I wouldn't know I needed to sleep at 1pm *until* 1pm) Am i just fucked?"
15086,2,The text is a self-description of the author's experience and emotion regarding the design process for improving zipper usage for those who may struggle to use conventional zippers. The author is a senior majoring in Industrial Engineering at Purdue and is currently working on a theoretical zipper design for those who may only be able to use one arm. The author is reaching out to those who have struggles with zippers and wants to share their experiences and insights on potential improvements.,"  Hi there! I'm a senior majoring in Industrial Engineering at Purdue, and I'm currently in the assistive technology design process for improving zipper usage for those who may struggle to use conventional zippers. When I started this design, I specifically wanted to make a theoretical zipper design for those who may only be able to use one arm, as I had seen a video of a young girl with a cast on struggling to put on her jacket. While she may have been in a cast, and temporarily hindered from easily putting on her jacket, it made me start to think about how flawed the accessibility of a zipper is.  If you would like to participate and answer a few questions, I would love to hear from you! I am new to reddit and hope that everything goes well :). Please feel free to reach out if you or anyone you know has struggles with zippers and wants to share their experiences and insights on potential improvements!  [https://docs.google.com/forms/d/e/1FAIpQLScmDNx3hX\_bMrPkO4LR8w2Svs5h3YqzSRDqz4vP-zZwdRcc-g/viewform?usp=sf\_link](https://docs.google.com/forms/d/e/1FAIpQLScmDNx3hX_bMrPkO4LR8w2Svs5h3YqzSRDqz4vP-zZwdRcc-g/viewform?usp=sf_link)  &amp;#x200B;  Please be as in detail as possible!"
15088,1,"The text belongs to class ""1"" because it contains a self-description of the author's condition and their emotions regarding the upcoming hospital visit and the possibility of being physically disabled. The author also expresses their fear of needles and their anxiety about the doctors not believing the severity of their condition. They are seeking advice and support, which further supports the classification of this text as class ""1"".","I’m really worried about an upcoming hospital visit. I’m mentally disabled and turns out, I might be physically disabled as well. I’ve thought for years that I might have EDS but I’m finally getting tested. There’s one problem. I have to get a blood draw. Fun fact about me- I’m absolutely terrified of needles. Can’t stand the things. I start to cry the second a needle is anywhere near me. Even typing this is making me anxious. Im Also worried that the doctors won’t believe the severity of my condition. Im a pretty good self advocate, but am I a good enough advocate to get the diagnosis and treatment I need? Im really nervous, any tips or advice welcome!"
15089,1,"The text belongs to class ""1"" because it contains a detailed self-description of the author's condition and experiences, as well as their feelings about them. They share their personal story of living with a congenital birth defect, the surgeries they had to undergo, and how they have learned to cope with their condition. They also compare their situation with that of other children they have met in the hospital, which shows their emotional response to their own experiences.","I’ve had to learn that trick about 3 times, and I grew up in and out of hospitals where people would never walk.  I was born with a congenital birth defect where my hip ball and socket were bananas. By the time I was five, there was about a three inch difference between the length of my legs.  When I was 7, I had 6 or 7 hours of surgery to do a best effort repair involving lots of the equivalent of bone spackle. The picture below is a recent x-ray.  https://cdn.substack.com/image/fetch/w_1456,c_limit,f_auto,q_auto:good,fl_progressive:steep/https%3A%2F%2Fbucketeer-e05bbc84-baa3-437e-9518-adb32be77984.s3.amazonaws.com%2Fpublic%2Fimages%2F8830c0b1-e984-4928-ae99-b1cb5cb967ff_640x616.jpeg  (Random note: I shared this on Reddit a while ago, and someone asked if I had an onlyfans. Rule 34 is ironclad.)  If it’s not visibly obvious, the right side is exactly what a hip should look like and the left, is well, ungood. Like, half of it is just MIA, and the ball and joint are sort of in there somewhere. A doctor pointed out my pelvis doesn’t even connect.  But here’s the thing. I can walk. I can run, very, very badly (mostly due to having the same physical prowess as a kiwi) and most of the time I can “pass” for normal.  Even when my limp is pronounced, which can happen because I’ve had arthritis in my bad hip since I was 25 - I’m an early achiever - people assume I’ve hurt my foot.  This may not seem like a big deal, but I’ve seen the way people’s faces do strange things when they realize I’m disbled. Trust me when I say, you get a visible but rarely discussed to your face scarlet D when people realize you’re not standard issue.  I’ll probably go into the super fun background of the ins and outs of the procedure and recovery in another post, but the point is that in spite of the issues I have and how bad that all looks, during a second set of surgeries when I was 13, my roommate was a girl who had multiple birth defects.  Most of her fingers ended at the second knuckle, and she had to have her left leg amputated around the knee due to issues with circulation. She was in the hospital because it looked like they were going to have to amputate more for the same reason.  She played cards with me for most of the time we roomed together, even with her incomplete fingers, and she was totally copacetic about it. (Maybe she wasn’t on the inside, but I was 13 and even stupider than I am now. ) How the fuck can I really legit bitch about a limp when she was losing bits of her leg peicemeal.  Another kid I talked to was 15 and had his leg, from the knee, ripped off during a motorcycle accident. They were able to reattach it, but it’s not like a finger, so a normal walking and active life was not in his future.  There are children’s hospitals filled with kids like this. Kids who won’t ever walk or pass for normal, who just have accepted this is what their life is. I’m able to live a nearly normal life and they never even had the chance. I’m beyond lucky."
15090,1,"The text belongs to class ""1"" because it contains a self-description of the author's condition, experiences, and how the author feels about them. The author describes their struggles with various mental and physical health issues, their frustrations with their job and living situation, and their feelings of self-doubt and isolation. They also express a desire to improve their quality of life and seek help, but are unsure of how to do so.","Not sure where to go from here. Im a 28yo female. Currently staying in a room at my parent's house. My health has only deteriorated over the last 10 years.   I have (diagnosed by professionals) Generalised Anxiety Disorder, Major Depressive Disorder, Complex PTSD, and Borderline Personality Disorder. I also struggle with disordered eating and a tic disorder Im still trying to get diagnosed.   Im on medicare, thankfully, so Im starting to get therapy and Im on medications. But Im running into a wall where Im so frustrated that I can't manage certain things I feel like I should be able to at 28. My therapist says I qualify for a service dog but I can't afford that. I quit my full time job after having to hospitalise myself for 2 weeks because of it. Ive got a part time job now but the hours are all over the place so I cant make and maintain any sort of home schedule for self care. It doesn't pay enough to move out and my parents are the opposite of supportive so my house feels like a war zone. A bunch of people quit where I work and others took vacations so instead of the 20ish hours I asked for Im getting 91 hours between Oct21 and Nov5 with only 1 day break in the mix. Im halfway through and Im a ghost at home. My friends have to help me eat, it takes a whole weeks for me to finish and fold laundry let alone other tasks because Im so burnt out and in pain. I just wind up walking around my house opening doors, forgetting what I was doing, closing them again and just sitting down.   Do I even qualify for disability? I feel like because I can force myself to work, and do to keep bills paid and my parents off my back, that Im selfish or exaggerating and that the system will think so too. But I honestly feel like I'm only getting worse. There's no quality of life. Are there advisors or something I could track down to help me figure out what benefits I even could get? I just want to get back on my feet and find a good balance but Im so ill and weak anymore and my only support structure is across the country.  If you have any advice, please. Im stuck between gaslighting myself and wondering if Im just stupid and need to get over it and how to get help."
15091,1,"The text belongs to class ""1"" because it describes the author's personal experience and emotions related to their disability and job. The author shares their struggle with Bipolar disorder, how it affected their job performance, and the actions they took as a result. The author also expresses concern about disclosing their illness during a meeting with their boss and HR.","I live in the U.S. and worked at a company for 3 weeks before my disability (Bipolar) reared its head and debilitated me into a place where I couldn’t use my executive functioning skills. I gave my job my immediate resignation because I knew I’d have to be out of work for at least a few months.  Then I realized that I signed up for short term disability through that employer, and I could get disability payments while I was out of work recovering.  I reached out to my boss about rescinding my resignation so that I could get short term disability and sick leave.  My boss wants to now set up a meeting between her, me, and HR to discuss my abrupt resignation, getting it rescinded, and any next steps.  How much of my illness do I need to disclose during that meeting with my boss and HR? What do I need to tell them?"
15092,1,"The text belongs to class ""1"" because it describes the author's personal condition and their experience of pain when performing certain activities. The author also expresses their feelings about the situation, such as pushing through the pain and questioning whether they need a mobility device.","So I most likely have EDS and lately I’ve been having trouble getting around. Stairs hurt more and more, I’m having trouble writing and typing on laptops and keyboards, standing for long periods of time hurts my knees, walking hurts my knees. I just don’t know if I’m bad enough for a mobility device. Most of the time I just push through it. But it hurts really bad. Do I need one? And which one?"
15094,1,"The text belongs to class ""1"" because the author describes their personal condition and experiences, specifically having schizophrenia and receiving government assistance, and expresses their feelings about it, such as feeling like a failure and unworthy. The text also includes a question, but the dominant theme is the author's personal experiences and emotions.",I have schizophrenia. I'm in the US and receive SSI and food stamps. My family is very anti government and while I disagree with them I still feel a bit like a failure because I'm living off the government. I'm very grateful for the assistance I receive. But I keep thinking I'm unworthy of it. How do I counter these thoughts?
15100,1,"The text describes the author's personal condition (EDS) and the difficulties they face in doing household chores, particularly washing dishes. They express their feelings about the situation, mentioning their ideal solution but also acknowledging the impracticality of it. They are seeking advice or recommendations from others, which suggests a desire to improve their current situation.","i have EDS and i find it very difficult to do household chores as it means standing, particularly washing the dishes. in an ideal world i would just be able to have a chair/sit in my wheelchair as needed but the flat isn’t wheelchair accessible, everything is the standard height and the kitchen is down a small flight of stairs (5 steps) so getting the wheelchair down there isn’t really worth the hassle.   does anyone have any tips/tricks or product recommendations that could make doing the washing up (and other chores that involve standing) easier"
15101,1,"The text belongs to class ""1"" because the author describes their personal experience and feelings about dealing with loud cars, including the negative emotional impact it has on them (e.g. ""For me it feels like hell every time someone revs up their engine late at night,"" ""I barely get enough sleep,"" ""I got mocked at for having this type of issue""). The author's self-description of their condition and emotions indicates that this text belongs to class ""1"".","How do you guys with sensory issues deal with loud cars? For me it feels like hell every time someone revs up their engine late at night. I barely get enough sleep and I tried calling the police. I even tried to get a petition started to ban these types of cars in my county, but got mocked at for having this type of issue. I don't know what to do."
15103,2,"The text belongs to class ""1"" because the author describes their personal experiences and challenges while volunteering at a school for disabled students. They express their difficulties in helping the students concentrate and keeping them in line, as well as seeking advice to assist them better. The author's emotions and experiences are central to the text, making it a self-description of their condition and feelings.","Hello there. Ive starzed volenteering at a school for the disabled and have some trouble interacting with the students. Im supposed to help them concentrate and keeps them in line as much as possible so that the lesson can go by smoothly, however there are a lot of cases where im at a loss for what to do. I usally work with people that have severe disability as im an intensive care helper meaning I take care of those with very high needs like severe Autism, spastics, down syndrum, FAS etc. I also take care of people with ADHD or mental retardation. I could use all kinds of advise to be able to assidt them better. What do to when their upset? What when they are loud? What if they do not want to work?   I should also mention I work with people aged 6-20"
15104,1,"The text describes the author's personal experience and emotions related to their disability. They mention their own situation, feelings, and thoughts about comparing themselves to others with different disabilities. Therefore, the text belongs to class ""1"".","Do you ever have issues mentally comparing your situation to people with other disabilities? I sprained a finger this week (EDS WOO) and when i got frustrated with adaptations I kept thinking, “some people have hands that are naturally stiff, I can suck it up,” even though i know that is hella ableist, and there’s a difference between a three week fix and something you’ve adapted to over a lifetime."
15107,1,"The text belongs to class ""1"" because it describes the author's personal experience and emotions related to having children, including their thoughts and concerns about passing down their disabilities to their potential offspring. The author's self-description of their condition and their feelings about it are also present in the text.","Pretty much what it says on the tin, but here's some extra information:  I have a few different conditions, but my most debilitating ones are Tourette's syndrome and CFS. Lately, I've been thinking idly about the future, and about having kids one day.  I've always been vehemently against having biological children of my own because I don't think I'd ever be able to live with myself if my children had to deal with even a fraction of what I've been through. My worst nighrmare is seeing any kids I might decide to have one day suffering through the same things I did.  But now I can't help but wonder-- am I just dealing with internalised ableism? What are the chances of me even passing something down onto my kids one day? Are all my worries even justified?  This isn't too much of a pressing issue for me, seeing as I'm still just barely an adult, and don't even have a partner to speak of; but I'm curious. How likely *am I* to potentially pass down my disabilities onto my children?"
15108,1,"The text describes the author's personal experience with a congenital heart condition that affects their stamina, and how they feel about using a wheelchair for mobility assistance. They express uncertainty about obtaining a wheelchair and their qualifications for accommodations, indicating a self-description of their condition and emotions.","I have a congenital heart condition that causes me to have very little stamina. Generally, I'm okay to walk around, but I can't be up all day or I'll get dizzy (I have a history of fainting/blacking out due to this). Sometimes when I'm at the airport or at say, the zoo (or anywhere it's a long day trip) my mom will rent me a wheelchair to make sure I don't run out of stamina and collapse. I don't have a wheelchair of my own and part of me is like, my legs work and I mostly am okay, I shouldn't take away from people who actually need it, but it would be amazing to have one just so I can have it when I do need it. But, I don't know if I can get one? Or where to get one? Would my cardiologist have to get me one? I don't know if I have to ask about it. I honestly never ask for accommodations because I'm always ashamed to, or scared I'm not disabled enough, so I don't really know how this process works or if I would even qualify. I'm in the United States if that helps."
15109,1,"The text belongs to class ""1"" because the author describes a personal experience and their feelings about it. They share a conflict with their father who doesn't acknowledge the author's disabilities, and they express their sadness and hope for support. The author also asks for advice and solidarity, indicating a desire for connection and understanding.","I'm just hoping for a little support here as I'm just feeling really sad about this tonight.   I got into a big fight with my dad two weeks ago and multiple times in the argument my mom and I asked him to acknowledge that I'm disabled. He didn't. I brought it up again, and he said that I should just tell him what I want him to say so he can say it. I asked him to do some research into my disabilities, feel free to ask questions, and read some articles about how to validate and believe disabled people.   For the record I have ten comorbidities and three are managed well. So.   Maybe he's just taking his time but he really fought me on acknowledging that I'm disabled. It's not because he's upset that his child is disabled, but because he thinks I'm lying about my diagnoses, exaggerating my symptoms, and don't have anything really ""wrong"" with me.   Any advice? Any solidarity?"
28288,1,"The text belongs to class ""1"" because it describes the author's personal experiences and struggles with physical and mental disabilities, including their challenges with daily activities, lack of support, and inability to seek medical help. The text also conveys the author's emotions and feelings about their situation.","I want to ask for help but don't know how to express myself. Disabled physically and mentally, a bit hard to type but harder to make words make sense. Been in bed 80% of the day recently and circadian rhythm all wrong. I keep forgetting to eat let alone getting food. Putting clothes on is hard. Washing clothes is hard. Washing dishes is hard. Going outside is hard.   Mom was primary caregiver and she disowned me months ago. I can't take care if myself and lie to friends and family that I'm keeping it together. I hate needing help and I hate even more that I am unable to ask for help.  Am too stupid to not understand why insurance is not working. Payed for it but cannot get card. Cannot seek therapy or anything medical. Living alone in a completely different place where I barely know anyone."
28293,1,"The text belongs to class ""1"" because it describes the author's personal experience and emotions related to their parents' behavior and the decision about whether to pursue legal action against their father. The author's self-description of their feelings and situation indicates that they are struggling with a difficult choice and expressing their concerns about the potential consequences of their decision.","i made a case against my dad for SA and they said they want to close the case and my mom is leaving it up to me to decide but i don’t know what to do, because on one hand i do want him jailed but on the other hand that means being stuck with an abusive mother who threatens the police and psych ward on me for the littlest things, medically neglects me (and encouraging the school to do so, such as restricting access to the nurse of not even letting to the hospital unless i pass out for a long time even if i faint) and just generally being controlling whereas my dad somewhat takes my medical conditions seriously and is for the most part much less controlling and mostly more accepting and ik he deserves a punishment but losing him means i will continue to be abused by mom and have no adult to stand up for me not to mention she can barely handle my brother alone and im just so scared and everything seems grim"
28294,1,"This text belongs to class ""1"" because it describes the author's personal experiences and emotions related to their condition, including their struggles with ADHD, learning disabilities, and deteriorating physical and mental health. The author also expresses their desire to be able to function independently and live a self-sufficient life.","I was diagnosed with ADHD and learning disabilities and auditory discrimination when I was a little kid, and I was in special edd from 4-12th grade and was in the TTP program the transition partnership program to help me after high school but I had to leave the state to live with a friend due to family issue for 6 months and got dropped from the program. ever since Ive tried to keep jobs and find new jobs and ways to make money, but as I am getting older (age 32) I have a really hard time reading and spelling and my speech is becoming worse and I slur and say incorrect words then what I think I am saying and my vision has like this weird static effect that sometimes effects my sight and my anxiety and depression has gotten so bad over the years and I dont go into public and can barely take care of myself or do basic things and I need help and dont know what to do, Ive been on food stamps and just got apple health.  I applied for disability when I was in my early 20s when I really started realizing I cant do most job functions correctly or without error.  I was denied because I could not get all the paperwork on my disabilities at the time. I am basically homeless, and just lost a work from home remote job due to barely being able to function doing the job and having such bad an anxiety and depression from not being able to do basic humans things that people expect and I want to be able to do correctly so badly but I just don't know what to do. My nephew who is super similar to me was diagnosed with autism and I wonder if I may be autistic as well. I want to be able to function on my own and live a self supportive life but Ive failed so badly and I just want to survive at this point. Disability seems like it would take so much of the anxiety a south crushing defeat of trying to function in a job, and I might be able to take care of myself more effectively.  If someone could please help point me in directions to get help Id very much appreciate it, thank you."
28297,1,"The text belongs to class ""1"" because it contains a self-description of the author's condition and how they feel about it. The author describes their experiences with Lupus, including the severe pain and muscle cramps they experience, as well as the impact it has on their daily life. They also express their emotions about the situation, including feeling trapped, anxious, embarrassed, and frustrated.","For background, I am 25F and got Lupus. I started to get really sick in October, and I’ve been so sedentary now for months that I have lost a ton of muscle mass.   My current level of functioning is very poor. I have severe pain, muscle cramps/inflammation, along with a ton of other symptoms. To give an idea of what my body can currently do/not do:  - Standing for more than 10-15 minutes without great difficulty (legs begin to shake, muscles lock up, increased joint pain)  - Walking for more than 10-15 minutes, maybe less (same issues as above). Walking will not cause me to collapse (so far), but I begin to feel like I can’t make it to my destination, and get slower and slower. I begin to panic about needing a place to sit down, and there is almost never a place to sit down.   Since getting sick, I have to use a shower chair, and a stool to cook or prepare food. I have to order my groceries online, or otherwise struggle through the grocery store very slowly while leaning over a cart. If I do the stairs too many times, I get stuck and have to wait to recoup or have someone carry me.  I feel like my body and my house are a prison. I am someone who loves to go out into the world, and this illness has taken that from me. I want to mental stimulation of being able to simply go to a store and look at the shelves. Right now, doing that costs me everything I have, or I’m simply unable to.   I am working with my rheumatologist, and see him tomorrow. I’ll definitely be discussing this with him, but I’m also seeing a second opinion on Wednesday because I feel he isn’t doing enough. I’ll ask about a PT referral.  I’ve been trying to psych myself up to go to Target and use the store-provided electric scooter. I’m anxious about drawing attention to myself, and not being able to maneuver the aisles or crowds.   Other than that, part of me is considering getting a rollator, but I’m feeling such complex emotions about it.   I wouldn’t need it all the time. Like, walking to class at my college, it’s a short walk, I take the elevator, I sit, and I walk back. It’s still hard, but in that case I wouldn’t need it. I would use it for going to the store, so I have a place to sit when I need it, and I can lean on it.   My issues are, that I’ll likely not be this physically disabled forever. It’s going to take months, but at some point we’ll find the right medications. Part of me thinks that means I don’t need it.  My other issue is that I feel so embarrassed and shameful about it. I don’t want people to stare at me, and I don’t know how I’d navigate with it in a busy or cramped store. When I started needing the shower stool, I felt so embarrassed I was planning to hide it from my family. This feels worse.  I don’t know how I’d tell my family or how they’d react. They keep saying I’m going to get better, which I know I will.   I worked up the courage to ask my fiancé if he would come with me to Target to try the scooter, and he scrunched up his face and said, “You don’t really need all that, do you?” So I feel even worse about it all.   It really hurt me, because I feel like no one understands how difficult this actually is. I went to Costco with my mom the other day, and almost didn’t make it out of the store. I had to pull out a hidden utility cart from under a shelf and sit in the middle of the store because my legs couldn’t do it anymore. When I woke up the next morning, I was in so much pain in my knees that I was unable to walk or speak to a few hours.  This ended up way longer than I intended, so thank you if anyone read it.  Advice is appreciated. I’m really struggling with this and accepting my condition."
28298,1,"The text is a first-hand account of the author's experiences living with a progressive neuromuscular disorder, Limb-girdle muscular dystrophy (Type-2B), and their struggles to find support and resources in India. The author expresses their feelings about the lack of facilities, support groups, and medical aid devices for people with locomotor disabilities in India, and their desire to create a community to address these issues. Therefore, the text belongs to class ""1"".","Reposting from r/india  TLDR: Interest in creation of a new community for those with locomotor disabilities in India  Hi, fellow Indians! I am currently living with Limb-girdle muscular dystrophy (Type-2B). It is a progressive neuromuscular disorder that affects my legs and arms, eventually spreading to other parts of the body. There isn’t a known cure (yet).  Here in India, I’ve found it difficult to get support for my condition. There is a distinct lack of facilities, support groups, entertainment avenues, medicals aid devices that can help a person with locomotor disability thrive independently. This post is to ascertain interest in creating a community that can help connect people and facilitate discussions around these topics, eventually working towards advocacy for our needs.  Locomotor disabilities affect a person's ability to move, typically involving impairments in the legs, arms, or other parts of the body. Conditions like muscular dystrophy, spinal cord injuries, accident-related disabilities, polio, etc. are examples of locomotor disabilities. Some of the topics that I think warrant discussion are:  * Support Aids and Devices * Personal life * Education * Medical Insurance * Restaurants. Entertainment, etc * Meetups  Your input and participation are greatly appreciated. Whether you're personally navigating such a disability, have a closed one who might have it or you simply have valuable insights to share, your presence can contribute to a more supportive and informed environment."
28299,2,"The text belongs to class ""1"" because it describes the author's personal condition and experience, as well as their feelings about it. They have a brain injury, can only use their right hand, and use a cane to get around. They are also frustrated about being stuck at home and want to go out and play or travel, but are unsure where to go as a disabled person.","hi I have brain injury, I only can use right hand and I am using cane. I stuck at home... I want to go out play or travel. where to play or travel if you are disabled?"
28301,1,"The text belongs to class ""1"" because it contains a self-description of the author's condition and experiences, as well as their feelings about them. The author describes their experience of getting headaches from flashing lights, their conversation with their mother about taking down the lights, and their negative emotions towards their mother's behavior.","My mother has put up flashing lights outside the house, hanging down from the roof. I can see them when I’m in the living room (where I spent a good deal of time) and when I’m in the kitchen.  We also had them up last year and every night I had to turn them off because they gave me extremely bad headaches, obviously related to my disability.  I just went and asked my mother if they could be taken down and she told me they’re staying up and to go away.  It just hurts so much because she KNOWS how bad of headaches they give me and yet she seems to not give a shit. One day I kept getting bad head pain whenever I heard loud noises, I told her and without missing a beat, she clapped very loudly.  I hate living in this house. There is no way out and she seems to get off on not causing me just mental but physical pain too. I can’t enjoy Christmas because I’ll have a headache 24/7. Great."
28302,1,"The text belongs to class ""1"" because it contains a self-description of the author's experiences and feelings. The author talks about their struggles with finding a job due to their shyness, and how they have been treated disrespectfully by people, including their job coach. They express their anger and frustration about being perceived as lazy and undeserving of respect. The author also emphasizes their humanity and the fact that they deserve respect. Overall, the text conveys the author's personal experiences and emotions, and their perspective on how they are treated by society.","I have read some of the people post on here I hated the way they were treated and talked down to we all have feelings and we deserve respect.  Due to my shyness it's very hard for me to find a job and I applied everywhere and went for interviews did follow up. no job offers it's making my family mad at me acting like it's my fault I tried and I called and manger sad they will get back to me and never did . And when I was working people talked down to me saying I did this or that wrong even my job coach talk down to me.  It's making me very angry that people think we are lazy and don't want to work. They think having disabilities is our fault no it's not our fault we didn't ask for this . They think we want hand outs . We are human we all have feelings just like you. And even when we do work they complain we did this wrong or did that wrong or we are not doing our job .   We are not lazy we are tired of people disrespecting us and we are tired physically. You are enough, you are worthy, you are important, you are kind , you deserve respect.   Hopefully you all will cheer up and your life gets better."
28303,1,"This text belongs to class ""1"" because the author is describing their personal experience with fibromyalgia and their confusion about their condition and the help they deserve. They also mention their feelings about the situation, making it a clear example of a self-description of the author's condition or experiences, and how the author feels about them.","For context, I have been diagnosed with fibromyalgia, though my doctor has never explicitly said the words ""you are disabled"" to me. This year she did give me a permanent handicap placard when asked. I do use a cane intermittently during flare ups -- it helps me walk farther and with less pain. The cane was my decision and not a doctor's.  My mother also happens to be a medical professional, and she keeps telling me I ""have issues"" but I don't qualify as disabled. I'm not sure what that means, or why my doctor would give me handicapped parking if I don't have a disability.   I'm concerned this is going to be an argument during the holidays. I feel really confused about who I am and what sort of help I deserve."
28304,1,"The text describes the author's personal experience and feelings about their condition, as well as their struggles with finding activities they can do during their ""worst times."" They mention their hobby of crocheting, reading on the Kindle, and doing a bit of origami, but express boredom and frustration with their limited options. This self-description of the author's condition and experiences, along with their emotions about them, indicates that this text belongs to class ""1"".","TLDR: what’s your hobby when your body/senses won’t let you do anything else?  -  I go insane if I’m not doing something and there is a lot I can’t do for very long or at all between pain and sensory.  A lot of people suggest me audiobooks but 1 I’m still not doing anything and ADHD is not happy about it and 2 my hearing is super sensitive lately and I’d rather not. Plus my attention span and memory issues… audiobooks depress me.  Right now I mostly crochet, read on the kindle and do a bit of origami during my worst times but I’m so incredibly bored. I can’t do anything with visual motion most days either so video games and movies are out. I have to close my eyes even when I scroll.   So, suggestions welcome but I’d also like to know what other disabled folk do during their worst days even if it’s not for me."
28305,1,"The text belongs to class ""1"" as it contains a detailed self-description of the author's condition, experiences, and feelings about them. The author describes their physical disability, mental health, family dynamics, past experiences, and current situation, expressing their dissatisfaction with their home life and desire for independence.","Tldr: I'm not happy at home, but I'm physically disabled (full knee replacement due to cancer, chronic fatigue). I have a few thousand in savings, and I'm on benefits. I'm 19, live in the UK, and have no clue where to begin.  I have been severely unwell since January 2022, and October that year I was diagnosed with cancer. I had 9 months of chemo and a full knee replacement during that time. I am still in physio, but I'm getting better, and I'm able to move around quite well now (crutches outside mostly, instead of wheelchair). I struggle significantly with fatigue, but I am able to keep busy with crafts, research, etc. I am very motivated, which helps a lot.  I dropped out of education at the end of my first year of A-Levels because of being too unwell. I hated my school though, and I will name drop it if asked. It was a private school and it fucked me over. I was on a bursary but my family is middle-class. I was incredibly stressed the entire time I was at that hell. I left with barely any qualifications, so nothing to go to university.  I get along with my parents, but I'm not happy at home. I wanted to move out and had a clear plan so that I'd never have to move back home. I changed my mind when I was unwell, but now that I'm doing better, it's becoming unbearable again.  My parents have been abusive, but I hate saying that because they're nice. My dad was physically and emotionally abusive to my order half-sister when we were young. She grew up to be unbearable, and fucked our entire house over. She physically, emotionally, and sexually abused me (6 years older than me). My mum dismisses this, but she barely knows any of it. My sister has begun bringing up our childhood again and is relentless about it. She sees me as the bad person. I'm autistic and hate(d) her touching my things/ going in my room, touching me, or playing very loud music in the car. Due to this, she makes it out like I was horrific to her. Again, she was 6 years older than me, but she doesn't seem to get this. Because she's bringing it up a lot again (she doesn't live here, but has a baby, so frequently comes round), it's massively triggering me, and I'm becoming suicidal again.  My parents don't stop her. I try, but I either can't think of anything to say, or she'll double-down and twist me into being the bad person. I never bring up our childhood because I want to forget it. I've spoken a lot to my therapist about all of this, and I get trapped in a cycle with my sister where I let her in, then she fucks me over again and it hurts. My sister has brought it up over 5 times today, and we were only together for 3 hours. I hate her, I won't lie. My mum tries to mediate, but I don't need mediating. I need her to stop backing my sister up because she *was* as terrible as I remember, in fact she was far worse than anyone could imagine. She couldn't have been worse.  I can survive at home, but I can't live. My dad is fine, but he has a very short fuse. My mum is neglectful, but somehow at the same time overbearing. She's manipulative and even admits in herself that she's got some sort of martyr syndrome. She turned my entire cancer journey into something about her, and it hurts to think about it.  I can't move my own stuff. I'd need their help. They'd let me move out, probably. They wouldn't be happy. They'd think it was stupid. It might be. I don't know what I'm doing; whether I'm returning to education or working. I want a good job that I enjoy, but I don't know what that should be. I'm figuring it all out. I'd quite like to jump to a company that will train me up themselves to some degree, but I'm already fluent with Adobe and a number of other software, and as a whole, I have a (thankfully) brilliant skillset. I'd quite like to become a tattoo artist, if I'm honest.   I also can't drive because I failed my test, tried to kill myself that night, then was diagnosed with cancer. I now need to retake my theory test before I can book my practical again. I also need to learn to drive with a now fake knee.  I just need my independence, and to get away from my family. They're just not helpful to be around.  Any advice? I want to hear it all. Tell me I'm being stupid if I am.  And to anyone who goes through my post history, yes I'm bipolar, but this has been going on for a few years now, it's not impulsive. I'm finally just actually putting together a plan to get myself out."
28306,1,"The text belongs to class ""1"" because it contains a self-description of the author's condition and experiences, as well as how the author feels about them. The author describes their physical health problems, their struggles with daily tasks, and their feelings of guilt and helplessness about being a burden to their mother. They also express their desire for their mother to be happy and have an enjoyable retirement.","I didn't know I was disabled until a few years ago, had a relatively 'abled' childhood (just thought I was weird and wrong and tired and fat so thought nothing of it). Since having a mental health crisis in September, (dw im in therapy) my physical health's been down the drain, new problems cropping up constantly. To the point where I can barely stand more than 20 minutes at a time on bad days. Can't do my own groceries. Struggle to cook (tho sometimes I manage). Am out of work.  My mom is an angel of a woman, and retiring soon. I still live in her house because, well, yknow, the economy. She cleans. Does the laundry. The groceries. Drives. Does the dishes and cleans the kitchen after I've done cooking (which can get messy). Facilitates my whole life. She's not getting any younger. I promised myself as a kid that by the time I got to 30, I'd be able to take care of her - but instead, I feel like more of a burden than ever.  I've already resigned myself to the fact that when she passes, I'll effectively become homeless, as I can't generate enough income to put a roof over my head. But in the meantime, it just doesn't seem fair that she might spend her entire retirement looking after me, a grown adult who can't do nearly anything but lie down.   How do you deal with that? I want my mom to have everything she has ever wanted. I want her to be spoiled. I want her to be happy. But she's getting more and more depressed, more tired, more worn, every day. I don't know how to make it up to her. The more I apologise, the more it upsets her. When unexpected problems arise, she has to do everything herself because I can only sit there uselessly.   How am I supposed to accept this? Would it be better for me to move out and try to submit to a homeless shelter of some kind to get out of her hair? I just want her to be comfortable in her old age instead of going to bed each night with tears in her eyes because caring for me is too much work for her."
28311,1,"This text belongs to class ""1"" because the author describes their personal experiences and emotions related to being a member of multiple marginalized communities, including being disabled, black, trans, and using a cane. They express frustration and difficulty with ableism they have faced, making this a self-description of their condition and feelings.","i’m in florida and ontop of being disabled am also black not skinny trans n sum more n it is terrible up here 😫. this is mainly about ableistic shit youve dealt with here but you can also add on other things if ur oart of other marginalized communities (queer, poc, fat/midsized, poor, religious minorities, etc) my worst experience personally was having bus drivers literally give me a hard time over using a cane 💀."
28312,1,"The text is a description of the author's personal experiences and feelings, rather than a question. The author expresses their frustration and exhaustion with their medical condition and the challenges they face on a daily basis. They also mention their feelings of isolation and neglect. These are all indicators that the text belongs to class ""1"".","Tired of when healthy ppl say disease is an chance to realize further world (no it locks you in smaller worlds)  Tired of buying all the massage, pain relief related thins when others collecting abt perfumes and alchol ( allergic to most of them and alchol is bad for pain )  Tired of wearing loosen amd not itchy clothes and a pair of sneakers which dont make me feel uncomfortable or hurt.  Tired of having all the medical appoinments meeting doctors to doctors who think me as one of tons patient.  Tired of brainfog which makes me only think of those few stuffs among much more weary days.  Hate myself put myself being here neglecting myself for uncountably long days,months, years."
28317,1,"The text belongs to class ""1"" because it describes the author's personal experiences and emotions related to their future and financial situation. The author shares their feelings of fear and sadness about their future and the challenges they face due to their physical condition and lack of job opportunities in their location. They also discuss their efforts to start a blog and look for remote work as a way to secure their future.","I think this has been the year that I have finally started getting fear about my future. Having got paraplegic at age 7, I have been getting provided for by my parents but I am currently 22 ( and it pains that I have forgotten on how it felt like to walk) and they won't be here forever. This is the first year in my life I am scared about the future as I need to get to do something.   Having dropped out of school in P.7 due to paraplegic side effects that I won't go into. I started a blog and it's been earning some little things that can help me buy things that I wouldn't justify the parents to buy since they are already providing anything. So yeah, 2023 has been coming to the depressing reality of knowing it's time to look ahead to the future before its too late.   It's sad that Uganda, Africa doesn't have any or little remote work jobs that I could do without papers but it will be my target to get some online remote job. ( I am not sure blogging would be sustainable way of income.)"
28321,1,"The text describes the author's personal experience and feelings about the lack of accommodations for ambulatory disabled people using crutches or canes during a trip to the US. The author's curiosity about the differences in disability culture and options for disabled people in the US is also expressed, indicating a reflection on their own condition and emotions.","I'm from the UK and I took a holiday to the US to visit a theme park this year. until this trip I was a full time crutch user.  in the US, I noticed that all of the access accommodations were catered towards wheelchair and mobility scooter users, or people with psychological disorders. on all of the accessibility handbooks for the venue there was absolutely no considerations for ambulatory disabled people and for my entire trip I saw many wheelchair users but not a single other cane or crutch user.   the lack of accommodation for my disability during this trip caused a huge flareup so I'm now actually a part time wheelchair user myself, and four months on I still haven't recovered.  honestly more than anything I think I'm just curious about the differences in disability here and over there, it was a bit of a culture shock seeing absolutely nobody like me, or people with my sort of level of disability using wheelchairs full time. like absolutely nothing against these people, I've found actually in hindsight of this trip that there's tonnes of advantages to using my wheelchair that crutches don't have, but it seems like people in the US don't really have that option presented to them? it seems (to me) to be that the only options for disabled people are either walking unaided or using a wheelchair, and crutches aren't really seen as an option for support between the two.   TL;DR just curious as to why there were no accommodations for ambulatory disabled people who use crutches or canes in the US, or why I didn't see anyone at all using crutches as a mobility aid"
28323,1,"The text describes the author's personal experience with migraines and how it affects their job, including their feelings about the situation. The author also questions whether their absences due to approved accommodations under the Americans with Disabilities Act (ADA) can be used against them in their yearly review.","So I've had my job for about 8-9 months now. I've cross trained in 6 different areas where as most people know 1-2 and stay mainly in their actual job description spot. I believe at my 60 days is when I realized I would need to get ADA for my migraines as I have 2-3 a month and when I get migraines I can't drive or function normally at all. Even when I take my medicine prescribed for them, the aura sticks around for over half the day and after it goes away I'm exhausted and can't do anything but sleep. Plus sometimes I end up just puking up my medicine all together and then that's a horrible day. I did after my 60 days get a letter from my doctor and HR filed for my accommodations and approved them- 2-3 days a month I may need to call in. It also said I may be able to come in after the first half of the day some days.   My question lies in can my job use my ADA absences against me in my year review? I know they used my absences against me previous to my 60 days (I was not on any accommodations then, so legally I understand that's probably fine). I just wonder, have a put all of this work in to learn all of these things to only get a minimal raise because I'm gone 2-3 days a month due to an episode. And if they do jip me on raises on my year review due to absences that they approved were reasonable accomodations- should I get legal help? Or am I allowed to?   I don't mean to toot my own horn but I am very good at my job and I put a lot of effort into making sure I share new ideas, ask questions when needed, and go the extra mile when I am there. I see other people not doing that. I just want to know where I'm protected. I love my job and want to stay there but I started at a lower wage and have been working my ass off in order to get a raise I know I deserve and need just literally for cost of living."
28329,1,"The text belongs to class ""1"" because it contains a self-description of the author's condition or experiences, and how the author feels about them. The author describes their struggles with memory due to a brain infection, their attempts to find solutions, and their emotional reaction to the situation.","I forgot to do something for a family member and it led to a heated discussion. I was told that I should be adult enough to find ways that help me remember. My disabilities came from a brain infection and it messed with my memory along with many other things. I have been trying to find ways to help my memory for two years now. Things that would help previously don’t help much anymore. I’ve tried setting reminders, making notes, keeping a journal, using calendar- but there are still times where those don’t work. My ability to live somewhat normally changes everyday. One day I can be on top of the world and the next day I can’t talk right. Or I can write everything down then not even remember writing it, or lose the journal/calendar I wrote in. It is what it is. When he said this to me, It hit a nerve. Idk if it’s because I haven’t fully come to terms with the new me. Maybe because my disabilities were used as ammo in a conversation? Or is this just a normal reaction when something you aren’t capable of fixing is used against you. I know I should be able to just get over it. And control my own emotions. And I most likely sound like a damn cry baby. But I don’t have any idea how to accept the changes I was forced to go through. And I don’t feel like this version of me is good enough."
28333,1,"The text belongs to class ""1"" because it describes the author's personal experiences and emotions. The author shares their struggle with being denied disability despite their physical and mental health conditions, and expresses feelings of uselessness and hopelessness.","I was denied disability because I ""can use my arms and follow instructions "" even though I use a wheelchair and have pain daily. I'm also autistic and bipolar with severe meltdowns and bad mania. Yet they say I can follow Instructions which Im,even told is a stretch but coworkers... I feel so useless and hopeless...."
28335,1,"The text belongs to class ""1"" because it contains a self-description of the author's condition and experiences with hip pain, as well as how the author feels about the situation (nervous). The author also describes their emotions and concerns about going to the doctor and getting support.","Some context; I've been having hip pain for years, that has gotten significantly worse in the past 5 months. It has gotten so bad that it's affecting how I walk, sit, lay and stand. If I accidentally slip my hip will hurt for the entire day. And if I step wrong there's a sharp pain in my hip. Last year I was still able to get the pain away for a little bit by stretching when it was hurting, but nowadays it does nothing. Pain meds also don't help. The pain is in both my hips and I actually subluxated my right one when I slipped on ice, couldn't walk for the rest of the day.  And I'm finally going to the doctor on Wednesday (with my dad) and I'm worried they won't take me seriously. Is there anything I can do or say to help myself get support?  And if they do take my seriously, what will they do to figure out what's wrong? (Will they xray or send me to physical therapy?)  I need some advice and reassurance cause I'm very nervous."
28341,2,"The text belongs to class ""1"" because it describes the author's personal experience and emotions regarding the use of their cane on public transit. The author expresses their feelings about the situation, including their frustration with the safety concerns raised by the transit authority and their belief that the actions taken against them are illegal. The author also mentions their plans to take the issue to the transit department and possibly the media, indicating a desire to advocate for themselves and their rights.","https://www.reddit.com/r/disability/s/EquaLLxcfT as of today: told the admin in charge of transit affairs and he’s handling the issue, but said them talking about safety fears was trying to get me to understand their worries. he called my mom and my mom told me about how they said i need clearance so for now i should leave my cane at home but its midterms and i won’t even be using the bys this week. i also told her what they were doing is illegal and there’s no rule saying i cant bring it due to safety issues because the admin claimed there was. i don’t even know if they’re gonna get fired or not but they’re taking it to tbe transit department so that’s good i guess. might take it to media though."
28343,1,"The text belongs to class ""1"" because it describes the author's personal experiences and emotions. The author talks about their struggles as a university student in a competitive program, their chronic pain, and a separate illness that has affected their grades. They express their fear of not meeting grad school requirements and their reluctance to take a leave of absence.","Hello! I am currently a third year university student in a very hard program. For anonymity’s sake, I won’t disclose the nature, but it is very competitive. I’ve had chronic pain for about 10 years now from a disability I’ve had my whole life, and the flareups have severe physical effects. The accommodations at my university are very good.   As of a year and a half ago, I contracted a separate illness that caused non-permanent but long lasting damage that could take up to 2 more years to repair, and on top of the chronic pain, it is severely affecting my grades that were once very good. I’m struggling and I feel burnt out, and I’m afraid that if I continue, my grades will not be good enough for grad school. I don’t want to take a leave of absence unless I have to, especially when I’ve had to work so hard to get here with the disability. Could someone who has done this before please provide some guidance on where to go for resources, or some advice?"
28346,1,"The text belongs to class ""1"" because it describes the author's personal experience and feelings about living in a group home. The author provides specific details about their situation, including their mental health conditions, their case manager, and the issues they are facing in the group home. The author's emotions, such as feeling depressed and feeling threatened, are also described. Therefore, the text can be classified as a self-description of the author's condition and experiences, and how they feel about them.","I'm a 42-year-old female with BiPolar disorder and Agoraphobia. 4 months ago my case manager convinced me that living on my own wasn't working (I was extremely depressed and I hadn't left the house other than for doctors' appointments in months) so she said that I should try living in a group home and recommended one to me. The group home I ended up going to is terrible. They yell at the residents all the time, and in my specific case have started insisting watching me shower to make sure I'm bathing. Even though I take a shower every day. The meals are terrible, I wish it was just a case of me being picky but attached are some examples of the meals here. They threaten to call my mother (who is not my legal guardian or anything just my emergency contact) if I keep 'misbehaving'. All in all it's a terrible situation and I don't know what to do."
28349,2,"The text belongs to class ""1"" because it contains a self-description of the author's condition and experiences, specifically ""17F POTS, gastroparesis, AMPS, chronic migraine, joint issues (probable RA, possible eds)"". The author also mentions their current activity and feelings about it, indicating that this is not a question.","17F POTS, gastroparesis, AMPS, chronic migraine, joint issues (probable RA, possible eds)  I love doing crafts currently bedbound which is really boring lol"
28350,1,"The text belongs to class ""1"" because it describes the author's personal experience and emotions related to their condition. They talk about their struggle with a ""hurts-when-you-don't-move-disorder"" and how it has affected their life, including their ability to walk and attend taekwondo. They also express their feelings of guilt and frustration about not being able to keep up with their exercise routine and how it has impacted others. The text concludes with a question about how to decorate their wheelchair, which is related to their personal experience and emotions.","It finally happened. After years of staying out of a wheelchair, I failed myself again. Actually, I failed myself so many times over and over again I now struggle to walk. I went from going to taekwondo 3 times a week to this. All because I couldn’t be bothered to keep up my meisly 45 min of exercise after getting sick for 3 months. Just three months. And I couldn’t keep it up. Because I just had to make fuckibg excuses. And here I am. Big fucking suprize. The hurts-when-you-don’t-move-disorder is acting up again.   And now everyone is going to see how I failed myself. Fucking everyone. I’m going to make so many peoples lives so much more difficult, and you know what. I’ve been making peoples lives more difficult before this. People have been bending over backwards because unfortunately they just HAD to fucking care about me, and make their lives so much harder.   But anyways…I have this now. Does anyone have ideas on how to stop feeling like this? Or ways to decorate my wheelchiar"
28351,1,"The text belongs to class ""1"" because the author is describing their personal experience and feelings about their interaction with the university's accommodations office. They express frustration and a sense of defeat, indicating that this is a reflection of their emotional state. They also mention their desire to use a note-taking app on their phone, which is a specific detail related to their personal situation. Therefore, the text can be classified as a self-description of the author's condition or experiences, and how they feel about them.","Long story short, my university’s accommodations office is very unhelpful. I’m trying to get through my last three semesters, but I feel so defeated. I just transferred to this institution. I recently tried scheduling an appointment with the person who runs it & she seems very inexperienced. I told her my concerns and she was very curt. What I need is the ability to use a note taking app on my phone, (such as Glean), but they don’t have the licensing for it & there’s nothing in my accommodations which states that I can use Glean on my own accord. I’m nothing but a bother to them & I’m sick of the ableism.  Need to talk to someone above her but I don’t know of who."
28352,2,"The text belongs to class ""1"" because the author describes their personal experience with knee and joint pain, and how it affects their daily life. They also mention their suspicion of having EDS and their struggles to get a specialist appointment. There is no question or request for advice unrelated to their personal experience, so it does not belong to class ""2"".","i have terrible knee and joint pain to the point i need crutches to walk so it doesn't hurt, and from my own research i think its EDS, but I've been trying SO HARD to get a specialist appointment and the referrals keep getting lost or rejected or whatever. This just sucks so hard and I want to get better but I'm having so many issues.   has anyone had any luck or tips for me? I live in Toronto so any Canadians?"
28354,1,"The text belongs to class ""1"" as it describes the author's personal situation, health issues, and their struggle with insurance company Prudential regarding disability benefits. The author expresses their feelings, fears, and frustrations throughout the post, making it a clear example of class ""1"".","I originally posted this under legal advice, but didn't get a response there. That reddit is extremely busy, so posts don't last long.  I'm in a situation where I've always had health issues, but it declined considerably after contracting Covid. After Covid, I kept trying to work (software development) and went 100% remote, but my health continued to decline, to the point where I was regularly having to work from bed, and unable to focus well enough to do my job, and basically all outside activities except necessary ones like an occasional grocery store trip, doctors appointments, and short social visits of <2 hours (coffee shop discussion, mostly) but any of the latter left me crashed for the rest of the day, and often the next. I was diagnosed with ME/CFS, POTS, MCAS, and CCI. After consulting with my doctor, I applied for short-term disability with Prudential. It was initially approved, but I could tell that there was some pushback after a few months, and at the start of month 4, the denied it as ""not medically supported"".  Since then, I got a 2-Day CPET test, a tilt table test, and MRIs showing CCI at the behest of my doctors for objective results, as well as disability letters from both my doctor, my physical therapist, and the facility that performed the 2-Day CPET test. I also contacted a lawyer, who sent in a letter to them asking for what information that they had on file, what information they needed, and how to apply for LTD. This was at the end of October, and Prudential has not responded. I have until January to request an appeal, and my lawyer doesn't want to do anything until he gets their response, but it looks to me that Prudential does not intend to respond, hoping that either no appeal request is made, or one is made but with insufficient information. To make things even more stressful, the lawyer does not appear to be reading the emails that I send him, or even listen to what I saw on a phone call, with 90% of what he says being boiler plate information. Obviously, I am freaking out.  I have less than a month until the appeal request needs to be made, my lawyer is doing nothing, and Prudential not disclosing the information that my lawyer needs. To complicate things even further, this is the winter season, and companies of all types are particularly non-responsive this quarter of the year. I am terrified that I won't be able to make rent, and the window of being able to get anything from insurance is closing, and they'll fight it, regardless. What do I do?"
28358,1,"The text describes the author's personal experience of adjusting to a new life with a disability, their feelings about it, and how they are still trying to make peace with it. This falls under class 1 as it contains a self-description of the author's condition and experiences, and how they feel about them.",I’ve only knowingly been in this world for about a yearish and I’m still adjusting. Some days are good and some less so. Sometimes it’s moment by moment and I know it’s that way for for a lot of us.  This question is for those of you who’ve been in this boat a lot longer than me. Do you feel there’s a difference between accepting your disability and new life with it vs giving in and letting it dictate your life?  It’s hard for me to make peace when I feel like my body is holding me hostage.
28365,1,"The text is a self-description of the author's condition, expressive aphasia, and how it has affected their life. The author shares their personal experiences and emotions related to this condition, such as struggling in school, feeling frustrated, and realizing the extent of their struggle.","Hi all, I've realised I (27M) likely have expressive aphasia due to illness during infancy causing an acquired brain injury. I've been to the GP and I'm being referred to a speech and language therapist if the GP can find somewhere with availability.  I'm wondering if anyone on this sub has struggled with an undiagnosed expressive language disorder growing up? I can't find much out there.  My symptoms were much worse when I was younger but my speech has come a long way. It's not really noticeable unless you knew what to look out for. My wiring/typing is much worse, it just takes me a long time to get my ideas down in fluent language and the more formal the writing the harder it is.  I've always known I've struggled with certain things and I knew it was really bad when I was younger. But I didn't realise how abnormal the extent of my struggle was. Mainly because I did well in school particularly in maths and physics.  I went to uni to study physics and dropped out in the second year. I was interested in the subject, did well at school and had very good understanding of maths but struggled with written assignments and note taking.  When I dropped out I blamed myself a lot and I didn't cope very well with the situation. I stopped talking to friends, ran out of money and had no job. I ended up working in supermarket retail for a few years which to be fair I enjoyed it as much as one can and made some good friends.  I decided I wanted to go back to uni and try maths. It wasn't straightforward going back because of the previous uni course. I had to setup a payment plan with the uni to pay for one of the years tuition to be eligible for the rest of the funding.  The degree was going very well, I was determined to do my best this time and I was top of the class. That was until the project module/dissertation, I couldn't hack it. It takes me much longer than a normal person to write conversationally but when it came to academic writing it was like my brain was full on stalling endlessly. I can't fathom how to word any of my ideas using the correct sentence structure, pronouns and verbs.  I was in complete denial about not being able to get it done and in the end I shut down and the dissertation was a non-submit. I graduated with an ordinary degree (it's one step below a 3rd) even though I averaged above 70% due to how well I performed on all other modules. Again, I didn't deal with the situation very well and there was a lot of self blame involved.  It was about a year after that I realised that my struggle with expressive language is a relatively common after effect of a severe illness I had during infancy. I've contacted the uni since and I'm appealing to resit the dissertation module with appropriate support or accommodations.  Its been hard not to think about anything else recently these past few weeks. Its definitely held me back some during school but the last 9 years since leaving school have been very hard at times and involved a lot of failure that I've always blamed myself for.  I feel like I should feel better about the situation now that I've stopped blaming myself but I feel more frustrated if anything. Especially when I realise I'm struggling with finding the right words to explain something."
28366,1,"The text belongs to class ""1"" because it contains a self-description of the author's condition or experiences, and how the author feels about them. The author describes their use of a rollator, their anxiety about using it in public, and their concerns about navigating shops and crowds. They also mention their age and the potential for feeling insecure or stared at. These are all personal experiences and emotions, so the text belongs in class ""1"".","*Well, not quite the first time; instead, it’s the first time I will be using it for something other than a hospital appointment so it’s the first time I’ve felt really anxious about it.*   I’ve been using a walking stick, on & off, for the last ten years (almost permanently over the last two) & I’m pretty comfortable & confident with that now but after a bad relapse earlier this year I need a rollator if I’m doing a higher amount of walking, which I will be later today (it’s currently around 1am) when we go to spend some birthday money on embroidery supplies & look at new sofas this afternoon.   It’s also the first time I’ll need a taxi driver to put it in the car boot for me, the first time I’ll have to use ramps rather than having the option of using the stairs & the first time I’ll need to manoeuvre around stuff (& people) in smaller spaces, like shops.   I am very anxious 😐    When using my rollator at the hospital, I don’t stand out as much (I’m 28yo & look younger) & I’m less likely to see anyone I’d rather not see… but, going shopping tomorrow means there’s a higher chance that I’ll get stared at & that I’ll bump into someone who will make me feel even more insecure (old friends, my ex, etc.). I also haven’t been shopping like this in over three years.   So, here I am asking for any advice or warnings about things I may not have thought about when it comes to using my rollator in shops & around crowds of people, but also some reassurances that it may not end up being as awful as I’m expecting it to be…   Two good things? I can sit when I need to & I won’t have to carry anything I buy…   Thanks in advance everyone 🙏🏻"
28367,1,"The text belongs to class ""1"" because it contains a detailed self-description of the author's condition, experiences, and emotions. The author shares their struggles with physical disabilities, brain disorders, and mental health issues, as well as their feelings of guilt, pain, and defeat. They also mention their family relationships and the challenges they face in communicating with their loved ones.","I hate living with my disabilities. I'm physically disabled and visually impaired. I have brain disorders and other health problems.   I was born with Clubfoot and Arthrogyposis, a muscle wasting disorder that affects all of my limbs, except for my right arm.   My brain is structured differently. Neurons are stuck in places where they shouldn't be. I was diagnosed with epilepsy at the age of 10. A lot of things trigger my seizures. I spend most of my time in my bedroom because I'm sensitive to noise. There's a constant pain in the back of my head. I wear earplugs and headphones. I also wear sunglasses. I'm not good around bright lights. I sometimes have to ask people if they would kindly lower their voices. But, I don't want to ask people anymore. I don't want to have to live my life like this.   I had a psychotic episode in June. I confessed that I'd been self-harming. I wasn't coping with the epilepsy. I said some horrible things, too. I felt really guilty about it, so I tried to kill myself. It's the third time I've tried to end my life. I've had help. There have been times in my life were I've been strong, courageous, and inspiring. But, now I feel broken and defeated. My heart hurts. I'm causing my family pain, too. They forgive me, but I can't forgive myself.   I've caused my mum too much pain. She's my best friend. She says she understands how I feel. I feel like she's the only person in my family who truly understands what I'm going through. My uncle and auntie say that they understand, too.   My brother and sister think I expect too much. I don't think my brother feels like that anymore, though. We've been really close, lately.   My dad left for the second time because, he couldn't cope with the challenges in our lives. Before he left, he told me that, work was more important than taking me to the hospital. I had sepsis, but ""it wasn't an emergency."" I often feel like a burden to my family.   I also feel weak because, there are a lot of people who's lives are more challenging than mine. My mum has struggled more than me, yet she's staying strong for both of us.   I have a hospital appointment tomorrow, and I'm dreading it because the journey will be painful. I had four consecutive seizures last week. I'm feeling stronger, but my head hurts more. My brain is still recovering. We can't cancel, though. I'm also not looking forward to it because, my sister's taking me and my mum. My mum's my carer, but my sister insists on taking us because she thinks my mum isn't well enough to look after me. My mum's been accessed.   A few months ago, my sister told us we both need carers. I love her dearly. We're close, but it's so hard trying to talk to her. I want to tell her that, we can manage but, she'll stop talking to me. And I can't cope with it at the moment. It's not just the silence. Tomorrow, I won't end up saying anything, or I might get angry.   I feel so lost. I'm on the waiting list for therapy. I'd love to know how other people cope.   I'll probably delete this post later. I just wanted to talk. And maybe some advice, or a kick up the @$$. If you've made it this far, thank you for reading. Sorry if I haven't explained very well. I ask for help sometimes, but I wanted to share my thoughts with strangers. This really hard to write."
28368,1,"The text belongs to class ""1"" because it describes the author's personal experience and emotions regarding their interaction with a train employee while traveling with a service dog. The author's use of ""I"" and ""me"" throughout the text, as well as their description of the situation and their feelings about it, all indicate that this text falls into class ""1"".","I spent the weekend out of town and yesterday I took the train to get home. I had bought these tickets online weeks in advance and had marked that I’m disabled and traveling with a service dog when I did. The trip out I had no problem, the workers scanned my ticket and moved on. I go to board the first of two trains yesterday and the guy checking tickets stops me and asks me where I bought the tickets. Confused I tell him online through Amtrak’s website. He then tells me that next time I need to buy them in person so that they can explain the policies to me because the train isn’t pet friendly. I’m floored and beyond confused because my dog is behaving appropriately and clearly labeled as a service dog. So I try and explain that I know they aren’t pet friendly and that I marked that I’d be traveling with a service dog when I bought the tickets. He tells me that that doesn’t matter because they aren’t pet friendly and I should have someone explain the policies to me next time. All I could do was show him where my ticket said I’d be traveling with a service dog and obnoxiously repeat that she’s not a pet for a couple minutes until he says “I’ll let it slide this time, but now you know for next time.” Like bro I’m not the one who needs the policies explained to me but go off I guess. Surprise surprise not a single other person gave me a hard time at any of my other connections, just this one guy who apparently thought service dogs fall under their no pet policy. I haven’t had many access issues in the 5 years I’ve been a service dog handler, but this is by far the weirdest one. Like isn’t that why my ticket is marked, to avoid BS like this!?"
28373,1,"The text describes the author's personal experience and emotions related to their physical sensations, which is indicative of class 1. They discuss their challenges in understanding their body's signals due to Aspergers Syndrome, trauma, and an eating disorder. They also express their desire to learn and connect the dots between their physical sensations and their causes, as well as their feelings about the situation.","(Sorry if this is the wrong sub)  I've got Aspergers Syndrome & part of my experience with that is I don't always know what physical sensations mean. Am I hungry or thirsty? I won't know until either my stomach cramps up or my ears pop. Am I nervous or am I going to be sick or do I need the bathroom? Or am I horny? Sometimes that feels like all of the above. Am I hot? Cold? Comfortable? Not got a clue. Are my muscles injured or am I just tired? Am I dizzy because something is wrong or because I'm hungry or did I move too quickly or do I need to be more hydrated? Am I going to faint or do I just need to pause and catch my breath for a moment? Do I need something to eat again? Or to drink? Not got an answer to any of them.   Throw in almost 9 years of trauma, 4 years of gr**ming, and 11 years of an eating disorder which I'm now in recovery from, and it's safe to say I have no idea what 99% of my body sensations actually mean.  At this point, I've gotten by with blind guessing & leaning on the cautionary side, but I'd like to actually be able to learn / connect the dots. Because getting into a panic & asking my parents to come through to my room at midnight because I think I'm going to be sick & can't stop panicking,  when I actually just had acid reflux & needed a drink and a bit of sugar... doesn't feel great - especially when I'm psyching myself up to move out in the new year, and feel like I'll need to prove to them I'm capable of looking after myself *before* they'll be helpful about the move.  How does anyone learn this body stuff as an adult??? And is there a name for this, or is it just a trait of AS?"
28376,2,"The text belongs to class ""1"" because it describes the author's current situation and experiences in detail, including the lack of power, the inability to leave the house, and the absence of a warming center nearby. The author's concern about staying warm also indicates that they are feeling anxious and uncomfortable in their current situation. Therefore, the text contains a self-description of the author's condition and emotions.",So I live in New England were the big storm hit and a large portion of my state is without power there is no warming center near me and I have no car and I'm in a wheelchair and we have no taxis running and where I live it's to rural to have Uber lift or public transportation. I'm in an area where the power is out and we are flooded in certain areas and they have said they can't fix anything till the water goes down any ideas how I can stay warm im already wearing as much clothing as I can no fire place wood stove heat runs on the electric and no I don't own my home.
28377,1,"The text belongs to class ""1"" because it contains a self-description of the author's condition and experiences, as well as how the author feels about them. The author describes their physical condition, the challenges they face, and their feelings about their situation, including frustration and a sense of injustice.","Hi sorry just wanted to rant and I have nowhere else. Was arguing earlier with my older sister(29F) and she told me(21F) that I'm ""too obsessed with being disabled"". For context I got cancer when I was 16, beat it when I was 18 but then loss the bottom of both my lungs in my bone marrow transplant which has left me unable to walk for long periods of time. I get tired from walking up and down the stairs, My family are often telling me things like ""it's time to go back to normal"" and I keep telling them it's easier said than done and to cancer survivors there usually is no more ""normal"".  Earlier I was arguing with my sister regarding me eating in my room, I'm underweight so I've been trying to put on weight recently and I find that eating in my room on my bed with TV allows me to finish my meals. Probably because I don't have to walk all the way down to the kitchen which makes me tired and then causes me not to have an appetite. My sister argued with me that she doesn't understand why I just can't come down, I explained it to her and she said it has no difference and coming down is a simple easy thing to do. I told her that it's something easy and simple to people like HER, which is when she told me I'm obsessed with being disabled. I told her that's not fair to say because I didn't choose to be like this and she said ""yea you kinda did"". I'm just frustrated now.    I don't feel like that's fair to say, I didn't choose to get cancer, I didn't choose to loose my lungs. I've literally lost all my young adult years from 16-22 meanwhile my sister has everything, she has a good job, a good partner, good friends, her own apartment, living in a different country, etc. And I am forced to stay home everyday with no friends and no where to go"
28378,2,The text contains a self-description of the author's experience with impaired mobility and how the annual pass to the art gallery has made it more accessible for them. They also express positive feelings about their discovery and share their intention to look into annual passes for other places.,"Hello friends!  I live in Toronto, Canada and I’m an artist. The AGO- art gallery of Ontario is in Toronto and it’s a place I like to go to frequently.  I don’t know why but I thought an annual pass was really expensive but recently found out that a day pass is $30 (CAD) and you don’t get access to the special exhibits that are constantly changing every month. For only $5 more you get an annual pass. It gives you completely unlimited access to the gallery AND the special exhibits for an entire year.  I have multiple disabilities but right now my mobility is impaired, and I can’t walk or stand for very long, and having the annual pass means I don’t have to- I can go as often as I want, so I can go for short periods and know I can come back any time, and it’s made something I love SO much more accessible.  I don’t know why I had it in my head that an annual pass would be SUPER expensive, but I did, and finding out it’s only $5 more than the day pass blew my mind.  I can’t say that all places will be this way, but I’m going to be looking into an annual pass for the ROM- Royal Ontario Museum, as well as a few other places, because if anywhere else is like AGO it’s sooo worth it and makes these places SO much more accessible!  Just wanted to share in case anyone else hasn’t looked into an annual pass for cool places around you due to assuming it would be really expensive!  If anyone else has an experience like this please let me know!  💙💙💙"
28379,1,"The text belongs to class ""1"" because the author is describing their personal experiences and emotions related to their interactions with health professionals. They are sharing their feelings of frustration, discrimination, and the desire to record a meeting to have evidence for any potential legal issues.","(UK ONLY) i've had some really horrific experiences with health professionals, particularly during my disability assessments to get the help i really need but keep being denied. the way the professionals talk to me and the things they say to me are disgusting and even borderline illegal (discriminatory, racist). i raise complaints but i get no where because the people above don't believe me. i have a huge meeting coming up taking place in my own house, more important than any other one, and i've had enough of unfair treatment. i would like to voice record the meeting so i have the evidence i need incase the assessment isn't carried out legally per usual. i will state to the other people in the room that this is what i'm going to do and why before the assessment starts so there's no ""secret"" recording taking place. does anyone know if this is legal? i hope by being clear of my actions outright and not behind people's backs, this takes it up to the legal side."
28380,1,"The text belongs to class ""1"" because it contains a detailed self-description of the author's condition, experiences, and feelings about them. The author discusses their struggles with Narcolepsy, being hard-of-hearing, and AuDHD, as well as their work-related challenges and emotional state.","Fair warning, this is going to be pretty long-winded.  I have Narcolepsy and my symptoms are far more severe than the average person with this condition (all 5 basic symptoms to extreme degrees with cataplectic episodes over 30x/day). I am hard-of-hearing. I'm also AuDHD but I generally manage that okay. I've been working as an ""independent contractor"" in pet care for the past 5 years. I work with a woman who runs her own dog walking/catsitting business and she is my only source of personal income, but legally I am not her employee. When she first brought me on, the parameters of my scheduling were set and fairly consistent, but gradually became less consistent over time. This created problems as my time has to be pretty strictly scheduled or my symptoms worsen to a degree that makes me totally nonfunctional.  This was always supposed to be part time, but at one point I was working 12-hour days for 2 or more weeks in a row without any days off. I went full-blown crazy - vivid hallucinations among doing some other things that mentioning here would probably get my post flagged, almost died, but suffice to say I ended up hospitalized for a week and then on a pretty long psychiatric hold. This resulted in about a year of being unemployed which devastated my and my wife's savings.  My ""boss"" (effectively she is my boss but legally she isn't) was glad to have me back once I recovered enough from my ordeal to start working again. I had to set some pretty hard lines about scheduling but was glad to get back to work. Thing is, scheduling is starting to get pretty fucky again and communication with my boss is breaking down. It hasn't really been good since my hospitalization but it's getting worse. She also hasn't been particularly consistent with paying me which is a new twist. I know she's been dealing with some pretty wild personal issues and I know her management of the company is only going to get worse from here, probably worse than before my hospitalization (all our temps have pretty much already dipped out).  I'm thinking it might be past time to jump ship, but I honestly don't know how to find something else. When this work is good, it's very good. I do specialized care due to extensive experience working with animals, so I'll deal with large aggressive dogs and special needs animals. So I can charge enough to scrape by on the very limited number of hours I'm able to work safely.  But I don't really talk to people. I try, I really do, but I just sort of can't. My boss is someone I knew from childhood so she understands my issues, which is why this job felt like a godsend when I was struggling to survive. It's basically the only thing I can do, at least for the time being while I work with neurologists and therapists on managing my charcuterie board of brain fuckery. I barely don't qualify for disability benefits due to my wife's income, but we're struggling on two incomes as it is. I don't qualify for unemployment in my state due to being technically self-employed.  I feel like my only options are:   1) Keep working this job and risk another hospitalization, which would 100% bankrupt us as we have nothing left from the last time I was hospitalized.   2) Quit, and the first thing to be cut from our budget will probably be my medical care as it's the only (probably/hopefully) survivable option.   3) Try to branch out in this business on my own.  Third option seems like the only option. I don't know how to do it though. I don't have the resources, physically or mentally, to start my own business. I'm also just so, so tired. Even though I had a year to gather up the shattered pieces of myself, it didn't feel much like a break, and those pieces still aren't totally put back together. How do you deal with the hopelessness of it all? I wouldn't have stuck around this long if it weren't for my wife, but it's still tough and getting tougher to not fall into total despair. I don't know, I think maybe the reason I'm writing all of this is simply to find people who understand. History has indicated that I can't safely discuss it among my social circle or with therapists."
28381,1,"The text belongs to class ""1"" because it describes the author's personal experience and emotions related to their health condition. They share their struggle with neurological damage and chemical sensitivities, and how they have been affected by a specific incident of accidentally breathing in super glue. They also express their fear and anxiety about potentially causing physical damage to their pudendal nerve.","I don't know where to even start. I have neurological damage due to taking SSRIs a few years back, which left me with chemical sensitivities (to certain VOCs, pretty much all medications, adrenaline, weed smoke, etc), and 20+ other health issues including pudendal neuralgia (PN for short). Everytime I'm even briefly exposed to a chemical I'm sensitive to, all the health issues flare up 1000x for literally YEARS. Recently I accidentally breathed in a tiny bit of super glue while working on a project, and have been (extra) suffering since. The worst one currently being PN.  But I'm so confused and frustrated right now because I think I've now also caused physical damage to my pudenal nerve, on top of the neurological damage. Because I was helping someone lift a TV almost a month ago now, and I felt something pull in my groin, straight after that, one of my PN symptoms starting flaring in a weird way it never had before (coming in waves every few seconds). It hasn't really stopped since and I'm now getting ALL my PN symptoms every single day. Not only that but for the first time in 7 years, it's worse when sitting or laying down. This is really common for physically-caused PN, but not so much in neurological PN. It's also nonstop 24/7, even disturbing my sleep, which even on my worst days previously, it would usually calm significantly by the evening. But this just never ends. I can't focus on anything. I'm constantly irritable and anxious. I'm so scared I've done some permanent physical damage. :("
28382,1,"The text belongs to class ""1"" because the author describes their personal experience and feelings related to their bipolar diagnosis and former job as a teacher. They also express their desire to find a low-anxiety, work-from-home job, which shows they are actively seeking a solution to their situation.","I was diagnosed with bipolar, and I had to quit my teaching job due to bouts of anxiety and depression. I used to teach babies with disabilities. I miss the structure and purpose that working gave to my day. So I was thinking of picking up a part-time job that's low-anxiety, maybe work-from-home. Are there any positions you recommend for someone with my conditions, and where can I find such work?"
28384,1,"The text belongs to class ""1"" because the author describes their personal experience and emotions related to a specific event that occurred in their life. They share how an accident during their work led to constant pain and PTSD, and how it affected their ability to work and their overall life. The author's tone is also reflective and emotional, indicating that they are sharing their personal perspective and feelings about the situation.","10 years ago today a small accident has royalty messed up my life. I honestly never thought my life would end up like this from me trying to be a good worker and want to help.  Tl;Dr me trying to work hard and being a good worker has me in constant pain and can't work and now I have ptsd.  Ok so I worked at a store that is known for being always being short on cashiers. I used to be one before I moved to a different department. So it's December 20th and work is crazy. I'm there early to hang with other workers. There's alot of movement and then over the loud speaker we hear all available staff needed in the coolers. One of the managers asks if we are able to clock in and help because the coolers and freezers are down. That immediately starts my adrenaline going. Me and my coworker friends clock in and start grabbing everything off the shelves, coolers and freezers. We fill carts and have runners taking them outside ( I love in Canada so cold enough we can put stuff outside). We work for a good hour and a half till one of the managers FINNALY flip and see that it works. Wow shocker lol. Well then we start doing the very long process of having to put everything back. (So much easier taking everything down then putting it back.) While working I missed my first 15 min break not caring. So hour 2 of the 8 I worked that night. We are pulling things back to the floor. While it's being pulled out to the floor a whole skid of milk and eggnog fell all over the floor. It ruined so much of the clothing. Some mopped up the milk others put the clothes in bags. It takes at least 7 people 20 min to get things safe. Thankfully no one slipped and fell. No this isn't how I got hurt. I know nothing about steaks never really liked them. What cart was I assigned hour 3 steak. I ask for help from the manager of the store. He comes and helps in a tight space with 2 other workers. While working he steps back on my foot. Now I have a condition that had been passed down from my dad where my bones dislocate very easy. When he steps back I'm picking up my foot so I feel a crunch. Thinking it was just a dislocation and had little pain ( to much adrenaline) I keep working hard and brush it off. I've worked hard with dislocations before. 10 min later I am called to let my coworker go for supper. I go into my section and clean up and help write up defective paperwork for stuff that got ruined. Then it's my turn for supper. Hour 4:30 I grab food and I sit down in the breakroom. My adrenaline slowly becomes less and the pain increases. I go back out on the floor and try to work but as time goes on I'm feeling worse and worse. The last hour is torture. I can bearly walk but still think it's a simple dislocation. My dad is trained in healthcare so he checked me out when I got home and told me yes it was dislocated and VERY swollen and that if I was in this much pain I'd need to go to the hospital the next day. We'll you can guess I went to the hospital and saw a broken bone looking back from the x-ray. Small fracture but definitely there. I called and told the store manager what had happened for their information and for wcb stuff. I never did get an apology from him or anyone from that store. That's not the end to the story there is more I will post but enough for today. This post is long enough"
28386,1,"The text belongs to class ""1"" because it contains a self-description of the author's condition and experiences, as well as their feelings about them. The author describes their relationship with their mother and grandparents, and how they feel about their attitudes towards the author's condition. The author also expresses their frustration and anger towards their grandparents for their past actions and behavior.","i’m in the US, i’m 16 and in my 11th year of high school. long story short with my mom, she doesn’t believe my condition is real, she thinks i’m faking for attention, every stage of denial except for the kind that actually gets me help. i’ve been in online school, and i’m planning on returning to in-person with an ambulatory wheelchair some days. my mom has been extremely annoying about this. she went from “you don’t need a wheelchair, you don’t want to get better because you’re using a wheelchair as a crutch” to “well no doctor will ever approve that so good luck” to “well you can do it but i’m not paying” (my mom makes over $200,000 a year, so i know she can afford it) so i found a person on facebook who offered to give me a wheelchair for free. i’m ready to go back to school, but my bus stop is a 15 minute walk from my house. obviously this presents challenges on days when my mobility is limited. i asked her what to do, and asked her to drive me to the bus stop. she doesn’t feel like it. okay, so if you don’t feel like it, who will? she said my grandparents probably could. she also told me i don’t “deserve to have my grandparents drive me” because i never talk to them and have apparently been rude. she asked why i don’t feel bad for them.  my grandmother, when i had my first seizure, said i was flopping around on the floor like a fish. she denied everything about my condition, and has made my life a living hell because she feeds my mom this echo-chamber that i’m lying and my condition isn’t real, and that my mom is a great mother and i just randomly happened to come out with 4 trauma based mental illnesses. she refuses to say sorry, she told my doctors she didn’t think it was real, and had the audacity to yell at my doctors. my grandfather is the same way; he tried to push me down a flight of stairs in the middle of an argument because “fuck you and fuck your doctors”. i really don’t like them and no, i don’t feel bad for them.   i told my mom that i didn’t feel bad for them. as a 16 year old who’s condition was caused by traumatizing events surrounding her, i think it’s the adults to at least provide for me when it was their fault in the first place that im fucking crippled. so she told me they’re not going to drive me to school if i feel that way. so now, i have to walk 15 minutes to the bus stop when school starts, even on my bad days. maybe i should have sucked it up and apologized, but i truly do not feel bad for my grandparents for making my condition and life worse."
28388,1,"The text describes the author's personal condition and experiences with a severe speech issue and Aspergers, as well as their emotions related to these experiences. Therefore, it belongs to class ""1"".","Nobody deserves to go through what I am. It's torture. I have aspergers and have had a severe speech issue all my life. Aspergers made me prefer speaking in a moronic way because easier to speak fast and I was used to it. I apparently could fix it, doing speech therapy back in elementary and middle school, but because of adhd and aspergers, I never worked on improving myself, had awful social self-awarness, and hated change. This has led to a situation where I'm in my 20s and it appears I've lost lip muscles from never using them. I've improved my speech on my own from wtf is that bad, to something better but still the worst speech impeddiment you'll see. Like, I pull in/separate my lips much with my teeth together. And also have a S lisp but if nothing else I think I might one day get that fixed   I know this might sounds like I'm not taking blame for anything. I do take some blame, it was only able to get this bad because of aspergers and its social deficits. I'm starting speech therapy soon, but I doubt I can regain use of these facial muscles. I'll probably have to spend the rest of my life looking like this and the idea kills me.   I've had strangers almost hide a laugh when they first see me speak. I can't stand to look at myself in a mirror. I really don't know what I'll do. I'm open to some sort of surgery to literally turn myself mute, if nothing can be done. Can't wear face masks everywhere (I don't but point is no escape). I'm jealous of literally everyone else. Who can at least pass as normal even if they aren't. People assume I'm disabled when they first meet me,at least they quickly learn I'm fine/not as it looks. I'm not low IQ or anything but it sure looks it. I cry on my drive to work."
28390,1,"The text belongs to class ""1"" because it contains a self-description of the author's condition, experiences, and how they feel about them. The author shares their personal experience of developing a heart condition, being hospitalized several times, and losing the use of their legs. They also express their emotions, such as feeling like a failure, a burden, and wishing they hadn't made it out of the ICU. The text does not contain a question, so it does not belong to class ""2"".","I'm sorry if this doesn't belong here I just need somewhere to get shit off my chest at this point.   When I was in my early 20s I developed a heart condition that has affected my immune system and since then I've been hospitalized for sepsis 5 or 6 times with the last two being the worst. In May of 2022 after a month in hospital the nurses came to do rounds and give meds and they were unable to wake me up. After many attempts they moved me to the ICU where I was put on life support for 3 days over the mother's day weekend  This 72 hours was life changing in the worst way. When I was brought off of sedation I had lost the use and feeling in my legs from the knee down, I had no movement in my toes or ankles and couldn't feel any amount of touch. Because of this I've been essentially bed bound since I was released from hospital in late August. Since then I've been completely unable to take care of myself and have had to rely on my wheelchair bound mother to help take care of me.   I feel like such an absolute failure, as the eldest son I should be the one taking care of her, she should be able to worry about getting herself better, not about what state I'm in. I'm so sick and tired of feeling like I'm a burden to everyone, tired of feeling like I'm just a human embodiment of an inconvenience.  I'm not going to lie, most days I really wish I hadn't made it out of the ICU because I feel like it would be a lot more beneficial for everyone else. I think what scares me the most is the fact that once my mom is gone I won't have anyone that can help with what I need help with, I'll either have to be put into some sort of facility/hospital for the rest of my life or try and have a doctor refer me into the MAID (I'll let you look up what that is to save from possibly triggering someone).   How do I not feel like a waste of skin? I'm tired of this life and I don't know how much fight I have left in me"
28392,2,"The text is a personal message from the author to a specific community, expressing their thoughts and feelings about the difficulty of reading and comprehending large text blocks due to their cognitive and visual limitations. The author is advocating for the use of paragraph breaks to make content more accessible, and is sharing their experience and perspective in order to help others in their community. This meets the criteria for class ""1"".",My dear fellow disabled friends: please see title.  I wrote this post (see link) in the Chronic Fatigue Syndrome subreddit but thought I'd share it here too.  Cognitive and visual limitations make it close to impossible for me to read and comprehend large text blocks. I'm not alone. Your content is accessible to a wider audience if there are more paragraph breaks.  Please consider leaving some blank space in your posts. It's sad for your words to go unread by people in your community who care about you and want to hear you.  With love and solidarity.  https://www.reddit.com/r/cfs/s/cIspH6Gn9s
28393,1,"The text belongs to class ""1"" because it contains a self-description of the author's condition and experiences, as well as their emotions and feelings about the situation. The author describes their ongoing struggle with disability benefits, their medical conditions, and the challenges they face in their daily life, including their living situation and inability to access dental care or food. They express frustration, desperation, and a sense of powerlessness in their situation.","I've been in disability hell for nearly 2 years now, since I quit my last job in 2021.  I applied, was denied, appealed, and now (for the last \~8 months) have an attorney representing me. Only...nothing is happening, still.  All my lawyer ever tells me, is that she passed on my medical appt info to the caseworker from SS. When I directly ask questions like ""how much longer?"" or ""any news?"" or ""what can we do to speed things along?"" or ""is anything wrong with my case making it take so long?"" - she ignores my email and doesn't reply to my questions.  I need emergency dental work, but can't pay for it without SSDI/SSI being awarded. I don't have regular access to food, but have no income, and can't get food stamps, so I simply starve, which makes my medical conditions worse.  I'm in a physically abusive home, but can't get out until - you guessed it! - I get income to move out *with*.   **What the hell am I supposed to do?  Just keep deteriorating for another year or two, until when they eventually make a decision?**  I feel unable to ""just find another lawyer"" because it took SO. MUCH. FIGHTING. to find one single lawyer to take on my case. The other 20+ lawyers I called told me that because I'm in my 30's I'm ""too young to be disabled"". This was the first and so far only firm willing to take me on or even bother to listen to my list of medical conditions. I'm seeing 2-6 doctors a week, and doing physical therapy 3x a week."
28399,1,"The text belongs to class ""1"" because it contains a detailed self-description of the author's condition, experiences, and struggles. The author shares their personal and medical issues, including Hidradenitis Suppurativa, genetic problems, and mental health challenges. They also express their emotions, such as feeling defeated, depressed, and in constant pain. The author's financial difficulties, lack of support, and inability to find legal help further highlight their personal experiences and emotions.","I (28M, Washington state) have had lifelong issues.  On top of genetic knee/back/shoulder/neck problems, I have an extremely severe case of Hidradenitis Suppurativa that has made it impossible to find and consistently hold employment. Many things I would have loved to do are off the table (food service, medicine, policing, veterinary,, literally anything that requires a reliable and consistent ability to move) due to my tendency to leak awful smelling, bloody gunk all the time and the massive (I'm talking softball sized) boils I develop.  I recently finally was able to get into a dermatologist. I'd been trying for years and years but nobody would refer me because my doctors didn't know what HS was and ever since I was a little kid they had told me it was a hygiene problem, my fault, and that I just needed to bathe more. This obviously led to mental health issues and self isolation and to this day I struggle with social things and not just sitting alone in my room being sad. Anyway, the derm suggested that I try to get on disability but also said that they couldn't help me with it, all they can do is give the state the information they request.  Well, I tried to apply for disability and someone messed up. I had to go to three different offices to find the one that could actually process my request. When I was finally there and getting signed up, I was told that because of my lack of work history I wouldn't qualify for SSDI, but I might qualify for the other program they have and that's what she told me she was having me apply for. So I do that, go home, wait a few weeks and do the phone call where I give them all my information and whatnot that they ask for. Fast forward another few weeks, we check the mail on a Friday evening and I have the confirmation packet. I check it and a ton of stuff is wrong. For example, they said I started living at my current address in October of this year and we've been here since I was 6, and also marked that I was not intending to seek any other benefits (I would like everything I qualify for, no more or less). Monday rolls around and before I get around to calling and being like ""wtf?"" I have an envelope tossed in my lap and receive a denial for SSDI based on my lack of work history. Which makes no sense, because I thought I wasn't being applied for SSDI since I was told from the beginning that I wouldn't qualify. I let another couple of weeks go by to see if I would receive anything else from the state and nothing, so I start calling Lawyers to get an idea of what I'm supposed to do. Nobody is interested in my case or giving me legal advice. Everyone I called will only take SSDI cases and aren't willing to even look at mine when I tell them I know that I don't qualify for SSDI. One place (Craig Swapp) actually forwarded me to another place who also said they can't help me and that they would send me the info for another place, but they never did.   I just don't know what to do at this point or where to go for help. I don't understand the process and nobody seems willing to explain anything to me. I'm starting to feel like it just isn't worth it to keep struggling anymore. I'm in pain ALL the time, I'm depressed, and even with SNAP I can't afford enough food anymore due to inflation. I live in the middle of nowhere a 20 minute ride from town with no car and no infrastructure and rely on other people for all my transportation. I'm a drain on my mother and she's struggling too. I have nowhere to go to not be that and if I just left and decided to be homeless my medical issues would kill me pretty quickly from lack of sanitation and wound care.  I don't really know how to wrap this up. I'm just so defeated."
28402,1,"The text belongs to class ""1"" because it describes the author's personal experience with chronic pain and their struggle to hold down a job due to their health issues. The author expresses their frustration, stress, and hopelessness, providing insight into their emotional state.","So for context, I have POTS as well as severe nerve issues in my back. I’ve tried to hold down 3 jobs but I end up resigning from all of them due to the fact that my chronic pain is so bad I can barely work. I’m with my 4th job now and I can tell they’re already upset with me due to the fact that my chronic pain and my near passing out cold episodes keep happening. I keep telling my doctors that the medications they’re giving me are not working, and that we need to explore different options because i cannot hold a job down. They just keep trying other medications that won’t work, and they keep trying to tell me to “tough it out”. I’m so frustrated and stressed out and at this point I’m so tired of trying to hold a job down and make a living for myself that I just want to end it all. I really don’t have any hope of this ever working out. I just want to be happy and not have to worry about being able to pay my bills due to the fact that I have these health problems. This was the first place I thought to turn to. Thank you for your time."
28403,1,"The text belongs to class ""1"" because it describes the author's personal experience with headaches caused by a stroke, and how they are dealing with the painful symptoms. The author also expresses their emotions about the situation, including crying due to the intensity of the headache. The text includes a question, but it is directly related to the author's personal experience and emotions, making it class ""1"".","Long story short I had a stroke when I was 6 caused by chicken pox, I am now 26 and dealing with painful headaches usually I can manage with Tylenol and sleep. Yesterday however I had such a painful headache that I couldn’t shut my eyes and sleep, it even made me cry. Is there anything y’all can think that help with these types of headaches post stroke? Or do I have a deadly brain tumor or something 😟🫣"
28405,1,"The text belongs to class ""1"" because it describes the author's personal experiences and emotions related to their disability, divorce, and financial situation. The author's self-description of their condition, emotions, and experiences is evident throughout the text.","My spouse is divorcing me because I became progressively disabled and cannot be his bangmaid anymore. I was going to use my disability back pay to try and refinance the house in my name so I could keep it. I’m being told by lenders that alimony doesn’t count as income. Also, my husband is trying to have the family court recommend my SSDI be taken away because he doesn’t believe I am disabled he thinks I’m lazy and the court is entertaining it. So there is actually a possibility that a family court judge could be responsible for taking away my SSDI. Also, even though my spouse thinks I’m lazy and not disabled he wants half my disability backpay, which I was told by Social Security, could not be considered community property. Apparently in Arizona, they do consider it community property even though I’m told that’s against federal law, but I can’t find anybody to back me up on it in court.  So two questions: 1. Does anyone know of any grant or homebuying assistance for the disabled that isn’t a first time home purchase program?  2. Does anyone have a legal citation that SSDI is NOT community property based on federal law? (I have kept it in a bank account he never had access to and pay all medical expenses from it)"
28410,1,"The text belongs to class ""1"" because it contains a detailed self-description of the author's condition, experiences, and emotions. The author shares their personal journey of recovering from a mental breakdown, being on heavy medication, and dealing with PTSD. They also express their feelings about their experiences and identity.","I am one with an unseen disability. I am still recovering from a mental break down 3 years ago. There was a work incident in 2018 that for lack of a better term, fucked me up mentally (child protection) I slowly just lost it until March 21st, 2021 I came home to a letter. My wife, partner, and best friend of over 10 years was gone. Looking back I didn’t fall apart all at once. But over a few weeks I mentally degraded severely. It took three months before my doctor realized how far gone I was. I also slowly lost it over the three years between the incident and my wife leaving me.   I was heavily medicated. The ptsd was not diagnosed and the only thing that stopped me from spiralling was a larger dosage of benzos. About 13 mg of Ativan a day. I hit a point for years where that’s who I was “my name is _____ and I’m on a lot of drugs.”   A friend told me later that it was weird. All I could say was it’s who I was. My work disability did not cover mental health treatment, but did/does pay me 80% of my salary tax free. I was basically slamming two handfuls of pills a day and trying not to off myself. Eventually I levelled off on the mental health side enough, but it was still a core piece of my who I was and I didn’t feel like I had an identity outside of “I’m an over medicated disabled person”  I’ve slowly been regaining my sense of self and purpose, I’m coming off of the benzos really slowly, and it’s a bit of a pain.   I was just wondering if anyone else had a similar experience. I only just got diagnosed with severe PTSD this past June."
28412,2,"The text belongs to class ""1"" because it describes the author's experience and feelings about their situation. They are applying for disability due to a medical condition that is untreatable and may result in death. They also mention the constant threat of homelessness and not being able to afford medical care. These experiences and emotions suggest that the text belongs to class ""1"".",I'm attempting to apply for Disabilty and on the questions it mentions.  -Homelessness  -Medical Condition that is untreatable and expected to result in death   I'm not technically homeless but it's a Constant threat I face. Of my mother kicking me put.  Then I haven't been able to afford to go to the Dr. Although if it's what I think it is it is untreatable.  I'm not trying to lie but I'm not sure what to say.
28413,1,"The text describes the author's personal experiences and feelings related to their disability and work situation, including stress, difficulty with coworkers, and consideration of quitting. This indicates class 1.",I'm approved for SSDI but living off such limited income had me stuck in an ab*sive situation so I got a job and I'm really trying my best. My condition is closely related to multiple sclerosis. I perform decent but I'm under a lot of stress when I'm paired with one coworker in particular.   My brain can't communicate with my legs as fast as it used to but it's not exactly always noticeable. One coworker said he didn't realize I even had a disability. My coworkers know I have a disability. A coworker wanted me to approach a customer quickly so she came up behind me and pushed me forward. I can't remember a face unless something out of the ordinary happened with the customer so sometimes I pitch them the same short comment twice. The same coworker who pushed me told me I need to remember faces better. I'm really trying but it's not always possible. A coworker told me I need to be faster. Only 2 have really had something to say about my deficits and I explain each time it's a medical situation.   I'm getting really discouraged in my work and want to quit to just go back to living in poverty on SSDI. What should I do? I want to work but not in an environment where I'm reminded that my system was damaged 2 years ago.
28414,1,"The text describes the author's personal condition and experiences as a wheelchair user, including the physical and emotional challenges they face. The author also expresses their feelings about their situation, such as struggling with hopelessness and trying to remain thankful for good moments. The text contains a self-description of the author's experiences and emotions, making it class ""1"" text.","Not to be dramatic, definitely in one of those moments today, in and out. Fairly new wheelchair user, 95% of the time for about 8 months now. Some sort of feet neuropathy. Already had neck and back issues. Combo of the 3, and its like I can do 25% on a good day of what I used too. Even just the neck and back, I still was able to keep my mental health kinda in reality.   But not walking too now, its like ...wtffff...I'm 39 and looking at the next 20-30yrs like...ok, life is now a like prison sentence i have to somehow survive, or warrior training, or both...and just learn to cope, get stronger, talk about this shit, lean on this community, try and be thankful for decent moments. Every day is like a struggle to not give in to hopelessness.  Try and be thankful the ""waking nightmare' feelings only last an hour or so now in the mornings. Try and be thankful I'm not suicidal every moment of every day. (for context also lost my house, gf, dog, and career over all this). Try and be thankful, try and suck it up.   But those bad moments...its like damn. They are wayyyy darker than anything I've ever experienced. I also cant help but feel like this is on such a different level than anything that anyone I know has, or is experiencing. Ive heard others on here describe it as literally starting a 2nd life. There was life before whatever injury, and now there is this new seriously f$%ked up life.   I've always had some pretty serious social anxiety, which i conquered. Ive wondered if anxiety in general now is amplifying this experience. I know many on here with spinal cord injuries and especially mobility issues talk about what I have. Idunno. I swear sometimes, life now feels like what I imagine ""baby hell"" would be like. Like just a taste of hell. I know things can be so much more jacked than they already are."
28417,1,"The text describes the author's personal experiences and emotions related to their cancer diagnosis and the reactions of others to their condition. The author shares their feelings of sadness, frustration, and anger about the insensitivity of some people, as well as their decision to respond to the insensitivity with a display of their physical condition. The text also includes a reference to the author's survival of their cancer, which further supports the classification of this text as class ""1"".","At a recent appointment,  the PA (male,  late 20s) took a quick history,  and as he is absorbing he says to my partner,  ""Man,  I'm married,  but if my wife had to go through all of this..."" I think we know where that sentence was ending.    I've seen most of my friends get divorced after their cancer diagnosis, and I've been broken up with explicitly because I was disabled,  after years invested. Damn though... Not even going to pretend, and didn't even say anything about me surviving, just that he couldn't believe my partner was with me.   I decided to go the ""traumatize them back"" route and said,  ""You're new,  I bet you've never seen anything like this."" And I showed him the chunk of my chest that is skin on bone from radiation and surgical trauma.    Now we just both feel bad for this kid's wife."
28418,2,"The text belongs to class ""1"" because it describes the author's personal experience and emotions related to a complaint made to the NDIS Safe Guard. The author's mental health has been negatively affected, and they are seeking advice on what to do in a legal sense. The author's name was mistakenly used in the complaint, leading to their suspension without pay. The author's emotions and experiences are central to the text, making it a self-description of their condition or experiences.","Il try and be short and quick. I made a complaint to the NDIS Safe gaurd about the way the company I work for treated the partispants. Including workers The partispant was moved to another service been treated alot better and he's so happy. The workers have been fired. But... The NDIS made a mistake and use my name as the person doing the wrong. A letter was sent to the company I worked for saying a complaint against myself had been made. I was suspended without pay, my mental health has taken a bad fall since this started( 6 months of doctor sayi g I need a break) I received an email this morning from NDIS letting me know it was a mistake to us my name in the complaints and did not mean to cause any upset.  I wanted to stay anonymous but I ended up letting the HR manager I made a complaint to NDIS safe guard ( yep big mistake) since then it has been difficult to even have contact. Since my complaints to the NDIS alot changed with the partispants I worked with in a good. Not sure now. What can I do? In a legal sense. Im on $145 a week living in QLD I'm really struggling because of all this..."
28419,1,"The text belongs to class ""1"" because it contains a self-description of the author's condition or experiences, and how the author feels about them. The author describes their struggles with obtaining a custom wheelchair, their physical limitations, and their feelings of isolation and frustration. They also express their loss of hope for independence and their feelings of being trapped in their house due to their neurological conditions.","Since September, I’ve been trying to get a custom wheelchair. I have a standard one, but it is too big and bulky and I can’t use it myself. I need someone to get it in and out of the car for me, and then it is too big for me to use. I can’t push myself far, and I regret it the next day. So, I’ve just been avoiding going out or only going out for absolutely necessary things. I’ve skipped thanksgiving and other things because I physically don’t have the energy to get up, get dressed, then deal with the chair and I don’t have anyone willing to really help me. I tried expressing my frustrations to my husband has who told me I was being ridiculous. I haven’t left my room in days. I only go to doctor’s appointments. He withholds financially, so if I need a drink or a snack because he didn’t go grocery shopping, I usually don’t have anything to get something delivered or try to go to a store and my parents don’t answer 99% of the time. I’m applying for disability and so far that’s been a disaster, which I expected. The insurance company called yesterday saying my chair was not covered due to a contract exclusion, and that my insurance doesn’t cover wheelchairs at all. So. I couldn’t even attempt to get a standard one that is smaller. So I’m literally trapped in my house due to my neurological conditions. I’ve completely lost all hope I had at independence. I tried to express my feelings to my husband, because I feel so isolated and I get shut down everywhere I turn. I just want to be able to safely leave my house. I want to be able to take care of my home and myself properly. But, every where I turn, it seems like I’m just told no. And I know this is happens all the time for the disabled community and people worse off. I’m not sure how much more I can take."
28420,1,"The text belongs to class ""1"" because it contains a self-description of the author's condition or experiences, and how the author feels about them. The author describes their past and present physical abilities, and expresses frustration and upset about their current situation.","As a kid, I used to be a black belt in mixed martial arts. I was able to do handsprings, cartwheels, flips, splits, and was ""freakishly flexible"" which impressed people (I have EDS and was dislocating my joints to be doing the ""freaky"" things I could do, obviously I didn't know).  But now, at 18. I cant walk up a flight of stairs without my heart rate shooting up and at times, cant even get up from laying down without my heart rate going crazy. My joints dislocate now painfully almost every time they do. I'm off balance almost 24/7 and fall. It's highly suggested for me to use mobility aids. I can barely go outside now because the sun triggers migraines. I have temperature intolerance. I have Asthma. I also have CPTSD, BPD, ASD, and Dyslexia.  I used to be so active, do so many amazing things. I can't do anything I could anymore. I'm just very frustrated and upset about it."
28425,1,"The text describes the author's personal experience and condition, as well as their feelings about it. They discuss their use of mobility aids and the challenges they face when using them in certain situations. They also express a specific concern about their upcoming holiday season and are seeking advice on how to manage their mobility issues. This indicates that the author is sharing their personal experience and emotions, which classifies this text as class ""1"".","I now use a wheelchair/scooter/rollator depending on distance, day or pain level.  I initially used a cane before my mobility decreased further,  but was putting too much weight on it. This put my shoulders out of line. I now only really use it to get from car to front door.  This holiday season I will be going to a couple of places that I cannot use my rollator or chair.. I really can't walk far, less than 20m, but I wondered if using two sticks would help to balance me and keep me more upright?  Does anyone have any thoughts on this, it's not something I had ever thought to discuss with my OT."
28427,1,"The text belongs to class ""1"" because it contains a self-description of the author's experiences and feelings. The author describes their struggles with unemployment, their health issues, and their job search process. They also express their emotions about the situation, including feeling ""pissed off"" and ""irritated"" about their family's behavior. Therefore, the text contains a self-description of the author's condition and experiences, as well as their feelings about them, which makes it a good fit for class ""1"".","I’m kinda pissed off right now.  I’ve been unemployed for the past 6 months and just managed to get myself a job in my chosen industry starting in the New Year.  I went to meet my Mum today and we discussed my new job more. She’s very proud of me. 6 months ago, I set myself a goal and I achieved it.  But she informs me that for the past 6 months my Grandad, one of my sisters and my aunt have been talking about me behind my back due to the fact I’ve been unemployed.  I left my last job for several reasons but one of them was, my asthma was getting significantly worse and I was having to ring in sick a lot. I could not do the job remotely so I was just off and not getting paid (zero hour contract). It wasn’t working and due to my limited energy I was struggling to search for other work. I’m a full-time carer, I’m disabled myself and even if I’m too sick to go to work a given day, the even preparing to try to go to work was taking its toll.  I quit so I could focus my attention on searching for work. Primarily, I was searching for jobs in higher education where there was more possibility of hybrid and remote working. And I spent everyday for the past 6 months applying for jobs. I was getting several interviews a month. And bear in mind, every university I have interviewed at has been in the midst of a hiring freeze. So there aren’t a lot of jobs going yet I have been getting several interviews a month. So I’m clearly bringing something to the table.  And after 6 months I finally found something, which is generally the tail end of how long it can take to find a job.  But no, that’s not good enough. I should have just taken a job at Tesco so I wasn’t a waste of taxpayer money.  Bear in mind, my health means I keep ringing in sick cos I’m not well enough to travel into work. Yeah, I can stock shelves and work checkouts remotely. Right.  Not to mention, they don’t want me wasting tax money. I have 5 years worth of student debt. Student debt which as I understand it, is until it is paid off covered by taxpayer money. I dropped out of uni so don’t have a degree but I do want to work a job where I can pay that loan off. My university experience did prove valuable. It’s a long story as to how I managed to rack up 5 years of student debt without achieving a degree but it is very possible.  And just to be clear, I think retail work is both valuable and monetarily undervalued. Sadly while it is undervalued though, I’m not gonna be paying my student loan back working in a Tesco.  But I also went to university to build skills in a specified area and industry. Surely, I’m going to be more valuable working in an industry I have trained to bloody work in.  But no. I should have just got a job in a Tescos.  It is seriously people like those in my family who are the reason the UK Government can get away with its fucking ableist shit.  Like me and my Mum don’t get along for so many reasons, but she knows exactly why I cannot work in a shop with my disabilities.  Sorry, I just kinda needed to vent.  Like I don’t expect a parade for finding a job. But when I worked so hard to find one and succeeded. To find out my family have been speaking behind my back this entire time is really irritating."
28429,1,"The text describes the author's personal condition, experiences, and feelings, specifically their struggles with severe injuries, emotional trauma, and financial difficulties. They express their inability to heal in their current environment and seek help for their physical pain and mobility issues.","I have been home with severe injuries since 2021. I hit my head, had a hip injury, and had a complete trauma meltdown from the injection and had to go to multiple doctors with no help with severe disabling symptoms. I’m still trying to heal and in pain, I’m in a house where someone who emotionally abused me still is (step grandfather) and I can’t heal here… my caretaker acts annoyed when having to make me meals and I can’t do this anymore I’m reliving the trauma everyday in this environment   I have no money…. Nothing. I don’t even have a diagnose yet for my physical pain but I need one I think to get food stamps / resources   What do I do? I’m in super physical pain and having mobility issues   I can’t heal here I feel so unsafe."
28430,1,"The text belongs to class ""1"" because it contains a self-description of the author's condition and experience as a doctoral student and former teacher with an unspecified disorder. The author also expresses their feelings about their situation by stating that they would be ""beyond, sincerely beyond, grateful"" for any help in finding disabled or ""doing enough to survive the able gaze"" teachers.","Hello,   I am a doctoral student, former teacher, who experiences disorder. I am looking to interview persons who teach that experience disorder/disability themselves. Now with that said, I am in the physical activity field, so, persons who teach physical education. That does not mean this excludes non-specialists, as I know a lot of elementary teach PE by proxy of ""differentially funded"" American schools. Please let me know if you are interested or could put me in contact with disabled or 'doing enough to survive the able gaze' teachers. I would be beyond, sincerely beyond, grateful. TYSM."
28432,1,"The text describes the author's personal experiences and feelings about their situation, including their struggles with their parents, their own mental health issues, and their frustration with not being heard or helped by professionals. Therefore, it belongs to class ""1"".","He has never been right. He has had strokes, he was hit by a car maybe multiple times as a kid, his mother was paranoid and fell on the floor to get attention... all sorts of fun things.  Parents are in their 70's/80's, I am 40, female, adhd/autism/anxiety/major depression, sensory disorder, cptsd, etc. can't medically work, SSI is a nightmare circus I will NEVER attempt again and I am sick of nobody who can DO something refusing to care on the 'grounds' that I am somehow paranoid because I dare to talk about thsi shit. I have Rejection Dysphoria and Hypervigilance, not Paranoia.  Long story short:  I am not innocent, I suppose. Neither is my mother.  But we are not as bad as he is, and we only do stuff when he abuses us first and we can't take it anymore, like, reactive yelling or spraying him wiht a bit of water, or throwing smoething at him, because there is no communicating with him, no help and no escape. You are in a state of terror.  He will misunderstand something that has been asked or done, fly into a rage, not let us explain the miscommunication and proceed on an obnoxious, bone-melting yelling tirade until you start defending yourself because you are too disrupted to leave, and can't really anyway.  He will then proceed to accuse you of abusing him/starting it when you are merely reacting with uh, reactive abuse, as it were, because you have nothing left but that. He is just... too loud and horrible. Cops don't care. ambulance fuckers don't care (he doesn;t hit us, but our dog went crazy and bit us and we had t oput him down... during his argument which led to taht, I had tp push him away and he fell, since he was badgering my mother and she needed him away from her and told him so, which of cousre he refused t odo, adn just kept on yelling. She has heart disease.) The ambulance driver just told me, well, why don't YOU RECORD THEM> LOL bitch, they won't LET ME DUMBASS. Therapists don't care. GP doesn't care. WTF? I guess I just hae a face that no one listens to. Also, Resting Bitch Face, lol. WONDER WHY. I've BEEN ABUSe-HAMMERED FOR THE PAST 40 years. but oh no, it's MY fault. LOL. Guess I was abusing him since before I was born, huh? That's... quite a talent I got there. OMG. Did I mention he's in Anger Management, and started bringing home commentary from the therapist that he inevitably bludgeons us with?  I told my therapist this point blank and NOTHING.  LOL. this is INSANE. if you don't fit the box you don't get help. Or worse, you get your limbs cut off. World is wrong man. Wrong, wrong, wrong.  &#x200B;"
28435,1,"This text belongs to class ""1"" because the author describes their personal experiences and feelings. They talk about their disability, their struggles to build a life for themselves, and their current situation of being dependent on their family, who they describe as mentally unwell and having treated them poorly. They also express their need for kindness, indicating that they are not just looking for information, but also support and understanding.","Honestly I am at a loss of words.  I can barely get out of the house. I am 26. This is really hard.  I was born disable in many ways and I fought like hell to  build a life for myself, but it hasn't worked out.  I hate being dependent on my family because they are very mentally unwell and they have treated me horribly.  I could use a kind word 😔"
28440,1,"The text describes the author's personal experience of struggling to find parking due to her disability and the additional challenges she faces due to her CRPS and PTSD. She also expresses her emotions regarding the situation, including frustration, anxiety, and sadness.","I(23F) live in a city on a row home street that is PACKED. I came home tonight and found no parking near my house. Frustrating, but whatever. The only open spot was a disabled one on the end of the street. I live in the middle and the two side streets are really steep hills. I have CRPS and it affects the entire right side to some times I need a cane. In the wintertime, it is worse than other times. I had to carry my 4 month old as well which was about 25 pounds.   This lady drove up next to me as I was walking away and asked if I was leaving. I said no. Plaquard is fully visible as we are under a street lamp so there's no missing it. She starts ranting about how I need to park next to my house and get a space close to my house because she HAD to park in the yellow.. and it took her so long to get the spot and fight the city and I need to do the same. I said okay as I was starting to have a PTSD panic attack and was trying to walk away and she just. Kept. Going. I was in tears which she couldn't see and all I wanted was to go home and lay down.   Thing is, the city isn't processing my paperwork that fast at all for the spot near my house. I avoid the spots usually because of my PTSD and anxiety that I don't want someone thinking I'm a jerk parking in the spot in front of their house, like this lady. I rarely used the spaces as it was but my leg was killing me to even walk to my house, let alone drive the car around and around looking for a spot.   Now I don't think I'll use any spaces again and just take my chances on falling down the hills from now on. This sucks :( people already act as if I'm not disabled enough for a spot but now this. I just can't.   I get she worked hard for the spot, but I thought the spots were public and if I had my tag it was okay. I don't want to hurt anyone, I just was in pain and not thinking."
28441,1,"The text belongs to class ""1"" because it contains a self-description of the author's condition or experiences, and how the author feels about them. The author describes their struggles with using a wheelchair due to their upbringing and mental health, as well as their anxiety about what others might think. They express a desire to use a wheelchair more often but are held back by their internalized ableism and fear of judgment. Overall, the text conveys the author's personal experiences and emotions related to their use of a wheelchair.","Hello lovely people,  I am having some trouble in using the things that I know will help me. I grew up in a house where health problems were downplayed, we weren't taken to doctors, and our health was basically neglected.  Because of this and my mental health, and the experiences I've had with doctors and nurses over my invisible disabilities, I feel like I have a mental block when it comes to using a wheelchair.  These past two years I've started using the wheelchairs at museums or on outings because it was becoming more and more impossible to go outside without one.  It was so scary the first few times, because I am young and don't look disabled. I sometimes ask to sit down if there's a queue or if I need to wait for someone, but because of my anxiety I can't always do this, and so I walk knowing that I'm in pain and can hide it.  I need to take the next step and use a wheelchair more of the time, I can't deal with being stuck at home. But in my mind, whenever I look at wheelchairs online, And look at renting one, there is a voice in my head which says that I'm lying, that I'm making things up for attention, that I can walk so I should etc etc. I would never think this way about others, but I guess that's internalised ableism.  How do people get over this? Does it get easier? I know what I have to do, but I'm so scared about what others might think that I'd rather be in excruciating pain.   I know I probably need to work on my self worth and how it is was tied to being 'able bodied' but in the mean time, has anyone found anything to make this transition from walking to an ambulatory wheelchair user easier?   I feel like I need permission to be able to use a wheelchair, and since no one around be can say this to me, I don't feel I'm allowed. It's really odd."
28442,1,"The text belongs to class ""1"" because it contains a self-description of the author's condition or experiences, and how the author feels about them. The author shares their personal story of living with a severe disability, their struggles with employment, and their feelings about the financial support they receive.","I'm a severely disabled person that is lucky enough to live in a group home, but prior to that I lived with my parents which is what most of us do who aren't tossed out on the street to freeze and starve, which is a colossal percentage of us. The best estimates out there put our ""sheltered"" (meaning decrepit conditions barely better than the street, and in some cases worse and by force) homeless population to be about half of the total. Some disabilities have a homelessness rate of about a quarter or higher.   &#x200B;  That's not freedom, that's terrorism.  &#x200B;  My disability is schizoaffective disorder, a mix between paranoid schizophrenia and bipolar disorder (I never figured out if it's bipolar 1 or 2, but I seem to get both ends), we have a homelessness rate of about a quarter. Basically how I would describe my symptoms if I had to, is that I constantly think I'm being hunted by people that want to   \*Trigger Warning\*  unalive me. I constantly hear and see things that are that serious and cause extreme fear, even after years of 'practice'. I am unable to have a job that is social because of that, and I can halucinate entire halves of sentences, which disqualifies me from academia or even anything that takes college credentials. Idk how I even made it through High School. I hope that can bring some understanding as to why my abilities aren't consistent enough for me to work, which I accept many will reject. I would love to work, I would absolutely love it. I would love to be off of benefits to. The problem is: my medical bills run into the multi-thousands a month, every month, meaning even if I did get a job, I couldn't pay for my living expenses myself.   It's so discouraging that we must not only take being tortured, but we're dirt poor.  &#x200B;  I make 100 dollars a month.  That's less than many American children get as an allowance.   &#x200B;  If union auto workers can make total compensations of $180,000, they can be taxed sure, but given justice in taxation they should still make about $150,000 a year. We don't work, so I get we should be much poorer, but would it be so awful and shameful to ask for $60,000 a year? That's much less than half of a working man's income, and isn't being tortured work? I think it's a reasonable demand.  My heart goes out to the sufferers that still live with their parents to. The shame and guilt heaped up on the shoulders of severely disabled people they contemptuously refer to as ""basement dwellers"". You're good people, and you're sticking through the pain, and I've gotta say, I'm proud of you.  Now that I've been settled, I want to become an entrepreneur and lift myself out of this debacle. Problem is I make $100 a month, and I have no start up capital. Realistically, after much deliberation, it no longer seems possible, though I retain the rights to my ideas entirely and in perpetuity. No one can take those things from me. Instead, out of anger, I'm going to go HAM. I have asked for these various programs before and only recieved one, and I know I can't qualify for all of them at the same time unless the spirit of the law is legislated, but I'm going to get them all at max payouts by any legal means necessary, even if I have to take it to the Supreme Court. The maimum SSDI payments are $3,627, the maximum payout for SSI is $943 (this is what I'm very nearly getting, but it almost all goes to housing), and Minnesota Supplemental Aid for 914, reaching well over $5,000. Wish me luck."
28445,1,"The text belongs to class ""1"" because it describes the author's personal experiences and feelings about living with a suspected invisible disability, specifically autism and ADHD. The author shares their struggles with social awkwardness and lack of mental focus, as well as their frustration with the medical system in their country. They also express their hope to make friends and their love for all forms of disabilities.","I know it's obvious for people with visible disbilities to walk around and get tons of attraction . That said , I would like to know about invisible disbilities as well , just like autism and ADHD . I've been living my life suspecting that i might be on the spectrum . In my country , you will never get an official diagnostic unless you can't communicate or learn , that what's a doctor told me . I also a student from medicine school , and I saw patients with milder forms of ASD and ADHD never be a consideration to their doctor , just like how invisible our disabilities are . We just like , struggle in silence and have to find our own strategies .   Anyway , I love all forms of disabilities and hope to make some friends . I just think I just like stuggling for the better part of my life with my social awkwardness and lack of mental focus ."
28447,1,"The text belongs to class ""1"" because it contains a self-description of the author's condition, experiences, and feelings. Emma describes her situation as an 18-year-old on disability due to ASD, not working or attending school, and being a first-time renter with a specific budget. She also expresses her concerns and fears about not being accepted as a roommate due to her situation.",&#x200B;  Hi my name is Emma I’m 18 and I’m on disability because I have ASD I’m not working and I’m not in school and I’m young first time renter so I’m afraid that people will not consider me as a roommate  im looking to move to Victoria in a room share my budget since I’m on disability will probably need to be around 800 - 1000 including utilities and I’ve seen others go for similar amounts (reminder roomshare)  But all I’m finding are rooms meant for students or your professionals and I’m scared I won’t be excepted as a first time renter young and on disability unemployed and not in school   should I include more about myself while applying like pictures and things about me other than budget and locations while looking and applying    any advice? I’m really scared I’ll struggle to find a place
28448,1,"The text describes the author's personal experience with debilitating pain in their SI joint and thoracic spine, making it hard for them to move or walk. They also express their emotions and feelings about their situation, including frustration and not knowing what to do. Therefore, the text belongs to class ""1"".","Hello, new to this sub. I am having trouble figuring out how to move about and walk.   I have debilitating pain in my SI joint, making it hard to put pressure on my right leg.  I can't use a crutch/walking stick because the pressure of leaning on it is too much for the injury to my thoracic spine  I can't use a wheelchair because the SI joint pain makes it painful to sit.  I am debilitated, can't move and don't know what to do. Does anyone have any advice?"
28450,1,"The text belongs to class ""1"" because it describes the author's personal experience and emotions related to their advocacy for disability representation in cinema. The author shares their backstory, feelings, and the challenges they have faced in their pursuit of improving representation.","Hello! I'm new to Reddit and only have it to ask this question really. But before the title makes sense I need to give a little backstory  &#x200B;  I'm disabled and as a kid fell in love with cinema. The only thing is (as you might've noticed) disability rep in Hollywood is bad. Sure you have exceptions (A quiet place) but the majority of it is still pretty meh at best.  So when 2020 hit and we were all in lockdown I started writing  my own spec script for a show I thought had some bad representation in it. At first it was just for fun but I started questioning the show and decided to try and contact them. I wanted to know why I (13 at the time) could write a disabled character better then a writers team full of adults   Almost 4 years later I'm still trying to  get in touch with someone who can hear me out. One actor who played in the TV show in question (who follows me on Instagram for unrelated reasons) is stonewalling me. And I feel sad. So sad, I'm trying so hard for someone to hear me out and nobody will listen to me. I've put so much time and energy into:  1. creating the spec script to prove disabled people aren't that hard to write 2. writing email after email to no avail.   &#x200B;  So I'm extremally conflicted, should I stop and let it go OR should I keep going until the bitter end.  &#x200B;  I don't want to stop though. This is the only way I can advocate for disability rights and I feel like if I stop I fail. I don't want to fail.   What do you think?  &#x200B;"
28454,1,"The text belongs to class ""1"" because it contains a self-description of the author's condition, experiences, and how the author feels about them. The author describes their experience with a type of MND, being in a wheelchair, and requiring 24/7 care. They also express their feelings of being trapped, wanting independence, and facing uncertainty with care. Additionally, the author shares their passion for writing and desire to study Computer Science.","So I'm just looking for a second opinion and some advice from those who have experienced similar.  I have a type of MND. I am in a wheelchair and require 24/7 care. I like to think I'm a smart individual.. Did pretty well in school although I had to do a lot of it in less orthodox ways. I'm in the process of going through my GCSEs. Anyway, my passion is writing but I know you don't make a lot from that so the hope is that I could study Computer Science.  I'm aware almost every career is unobtainable for me when I can't move my arms. I'm not naive in thinking it will be easy for me to get employers to take a chance on me or be understanding if they do. I've found ways of working that work for me however. I was also thinking it gives me the flexibility to work from home.  I remember the topic of further education coming up at some point and my mother responding ""I don't think that would work for them"". That made me upset at the time as I had not been asked or even know what I wanted to do post 16. I'm also facing a lot of uncertainty with care. Which unfortunately means my parents are doing 90% of the work. Night and day. It's incredibly taxing on them and I feel slightly guilty about wanting to throw an extra commitment in there.   I feel trapped and just wish I could look after myself so I could do the things I want without it affecting others. I want independence which I don't have much of at the moment and to grow as a human being. Thoughts?"
28455,1,"The text describes the author's personal experiences and feelings about their situation, including being treated poorly, feeling weak and anxious, and having a dependent relationship with an abusive person. The author also expresses a desire to change their circumstances, which further supports classification as class 1.","So, ever since I got sick, I’ve dealt with people treating me very very poorly the whole time  I had this insight today that it might be bc I’m kind of weak, very anxious and low on resources right now so it’s easy for people to take advantage of me   I do want to grow a support system etc but I need to stop the cycle of like being treated badly when I meet people rn idk   Pretty much all the friendships I start seem to get sabotaged pretty quickly   I also am dependent on someone who is abusive in my life right now so that’s maybe bleeding over? I’m trying to get off their help"
28456,1,"The text describes the author's personal experience and feelings about their current situation, including their loneliness, struggles with daily tasks, and disappointment in the holiday season. The post does not contain a question, making it a class 1 example.","We are privileged amongst the global population of disabled people to have care workers at all, but the lapses in support can suck all the same.   Personally, I haven’t seen another human since my auxiliary worker left on Wednesday morning. I’ve been trying to get help with this from my few friends here, but I don’t have clean, warm clothes to leave the apartment in.  All I want for Christmas is my clean clothes that are downstairs and my medication whose withdrawal effects cause incapacitating pain and mood swings, but I can’t do it on my own right now and no one has the time to help me.   I just had a little cry because I never expected to have such a bad Christmas that these simple wishes is all I could want and still not get them, especially after working so hard to establish my social support system here.   It is what it is, but it sucks. In order for others to enjoy the holiday, I have to live in my own filth overcome with pain."
28458,1,"This text belongs to class ""1"" because the author describes her personal experiences and feelings related to being a person with a disability. She talks about her emotions regarding certain questions and situations, and how she responds to them. She also mentions her physical condition and the challenges she faces due to her disability.","I am always curious to know what are people's like top five do not ask a person who's disabled questions. I am disabled I am wheelchair-bound I cannot walk at all I am a spinal cord injury C6 - c7 incomplete and I've been asked so many questions throughout my life. Btw I am 36 female. I'm just very curious on if certain questions bother you more than others. For example I always get the sex question and I always get the bathroom question. Now sex questions doesn't bother me because I don't mind teaching people who seem to be very ignorant and not know. Plus I need my ""special time"" as well lol and I have ran into a couple of people who were scared to have sex with me because they didn't know and they didn't want to hurt me they thought that they were going to hurt me so educating them was a great thing obviously. (tmi tmi I know I know I'm sorry!!)The bathroom question doesn't bother me as much as it used to but it's still kind of does and maybe that is a me thing..  I will say the number one thing that I hate is when people talk to the other people around me as if I'm not there AKA third person. I hate when they think just because I look the same way that I cannot advocate for myself and sometimes depending on my mood I have a smart mouth and I will say something back which literally always leads to a shocking face which I always love lol cuz I hate when people assume. I know that this is longer than the original question so tell me what are you guys just top 5 questions that you always get that annoys you or even some things that people do that irritates you because of your disability..   Ps: again I don't mind teaching people about myself because it needs to be put out there so people can understand a lot more that we're not just all the same but that doesn't mean that my feelings don't get hurt or I don't get annoyed at times if that makes sense. Happy holidays to those who celebrate!"
28459,1,"The text belongs to class ""1"" because it contains a detailed self-description of the author's condition as a wheelchair user and their personal experiences and emotions related to their brother's wedding venue. The author expresses their feelings of anger, sadness, and disappointment towards their brother's actions and lack of consideration for their needs. The text also touches on the absence of other close family members at the wedding, further emphasizing the emotional impact of the situation on the author.","I am currently a wheelchair user after I was involved in an accident that left me with an amputation of my leg. My brother is getting married next year, I was asked by him to travel to their chosen wedding venue and ""check it out"" to see if it was suitable for me and accessible. To my surprise and confusion, he stated he had already booked the venue and paid the deposit. This upset me a lot because it didn't feel like he even cared about whether his own sister could attend his wedding, but I went to look at the venue anyway. It's an extremely awkward venue. The entrance itself has a steep slope just to get inside, right next to this slope is a cliff face with the only protection being a very weak looking wooden fence. It's also quite a narrow path between the building itself and the fence, so not easy to traverse in a wheelchair. Everytime I needed to use the bathroom, I would have to go up and down this slope, outside, to go to the hotel above the venue as there are no accessible bathrooms for me inside the actual venue.   I decided that it wasn't worth the risk for me, if I slipped for whatever reason, I feel like my wheelchair could easily lose control on that slope and the wooden fence with the cliff drop the other side would not save me. That and the fact my brother didn't consider me at all when booking this venue... imo there was no point asking me to go and look when he'd already booked and paid the deposit since it didn't matter to him if I could attend or not...   Because of this situation, other close family members have chosen not to attend his wedding, including our mother. They feel that a wedding should be a family event, and the way that he has done things isn't ok. After being told this, he suggested that I should go elsewhere while the other family members still attended his wedding.  I have expressed my sadness in how I have been treated by him, but it hasn't changed anything... all he does is talk about himself and how his own mother won't be there at his wedding. He claims he didn't do any of this on purpose...  I feel so angry and upset, how can some people be so uncaring and so ignorant? Sadly I have come to expect it from strangers, but not my own family..."
28461,2,"The text is a self-description of the author's condition or experiences, and how the author feels about them. The author shares their personal experience of undergoing emergency surgery for a detached retina, their history of eye problems, and the impact of the surgery on their life, including their job and education. The author also expresses their thoughts and feelings about the possibility of getting disability benefits.","Hi everyone. I am 23 F, and almost 3 weeks ago i had emergency surgery for a detatched retina in my right eye. The doctor said it had been detatched for months and was starting to die. I had a scleral buckle surgery done, and when the right eye heals i have to have preventative surgery on my left eye so hopefully that retina won't detatch.  I was born premature at 24 weeks, and it wasn't until this retina surgery that i found out i have ROP, however my eyes have been bad all my life. I got my first pair of glasses in 1st grade, and that prescription was -6 or -7, and it has only gotten worse as i got older. I think currently my left eye is -15 and my right eye was -19, but the doctor said since the surgery i will be even more nearsighted in the right eye.  Having this emergency surgery has turned my entire life upside down. I had to quit my part time job, and most importantly driving. Luckily i can still get through this semester of college, i was going for a medical coding degree, which is a work from home job. My parents are now thinking about getting me on disability, and I've had one doctor say i qualify for it. But everything I've read so far says the disability is based on your BETTER eye, and my doctor told me my better eye is 20/30 20/40 with glasses. Plus i don't think i have enough work credits. Does anyone have any experience dealing with disability benefits?"
28465,1,"The text belongs to class ""1"" because it contains a self-description of the author's condition and experiences, as well as their feelings about them. The author describes their situation as a 33-year-old gay person from a third-world country, where opportunities are scarce unless one has money or connections. They express their desire to escape this place, but they need a hearing aid to do so. The author also mentions their hope that there is someone out there who can help them, indicating their emotional state."," Sometimes you just have to believe that its okay to take a chance, that there could be a miracle. Oh dear destiny wove the path for me to meet the person who could help me get these. I want to continue living and fighting but in this cruel world, i am bound to lose without this weapon.   I am a 33 gay from a thirld world country, oppurtunity is elusive unless you have money or connection. I want to escape this place, but in order to do that i need a hearing aid.   Maybe there's somebody outthere. Let me cling to this little hope i have left."
28469,1,"The text describes the author's personal condition and experiences, including their physical disability (DDD), mental disabilities from past abuse, and their current living situation. The author also expresses their emotions about these experiences, such as frustration and fear. Therefore, the text belongs to class ""1"".","Question with rant included. I am at my wits end.  I applied for disability pay and was denied because I’ve literally only worked 1.5 months of my 18 years, because I had to quit because I have DDD, and it hurt like hell, and I’m not gonna let something fuck with a *degenerative* issue.  I know it’s possible to get on benefits without work history, but I don’t know where to start. I’ve heard of people that qualified first try, and people that got denied for 4 years and had to get an attorney. I do not have money for an attorney and I do not have 4 years. I have several mental and physical disabilities. Last test I did with my PT, I was 44% disabled physically. It’s a test accepted widely in the medical community, forget what it’s called. So I’m fucked up, basically. Most of my mental disabilities are from being abused, and that leads into my whole issue with time. I am still living in my abusive household. The longer I stay here, the longer my brain takes literal damage from the traumatized state it’s in, and the more at risk I am in general from my mental illness. I need out. What the hell am I meant to do"
28470,1,"The text describes the author's personal experiences and emotions related to their health condition, including their history of allergies, infections, and their mother's reluctance to seek medical help. The author also expresses their feelings about not receiving a diagnosis as a child and their current situation of seeking medical referrals for further testing.","I was so sick as a kid. I had alleric reactions going to new places, random allergies, always sick , repeated infections, often complaining of pain. My mother didn't want to ""over- medicalize"" me by bringing me to doctors. She refers to my autism as me being ""a super feeler"". She didn't want me to be different so I just never got diagnosed.   Well I've got a referral for pots, eds, and my doc is looking into MCAS.    I sure wish I didn't have to wait to be an adult to get a dx. I grieve for my child self who didn't deserve to suffer without care."
28471,2,"The text belongs to class ""1"" because the author describes their physical condition, the challenges they face, and their concerns about the upcoming in-person meeting. They also express their feelings about their situation, including their anxiety about the meeting and their gratitude for their lawyer's support.","Hello everyone, as the title says I just got told by my laywer I have been assigned a examiner(?). Any advice on this stage of my process. I will say that I just got my electric wheelchair but I do not have trailer hitch to transport it. I have also hand crutches and Rollator/wheel chair. For the in person meeting how critical would it be for me to 'roll up' in my electric wheelchair? I am limited able to walk eventually most likely will be unable. My laywer says I have way too much going on for them to deny me. I am neuro, ortho, muscular, head trauma, pulmonary, carto, body is the saw puppet or game show host kind of deal. Any tips?"
28474,2,"The text belongs to class ""1"" because it contains a self-description of the author's condition and experience, as well as their feelings about it. They identify as part of the ""Bipolar Reddit"" community, which suggests they have bipolar disorder, and express solidarity and well-wishes to other neurodivergent individuals. This indicates that the author is sharing their own experience and emotions, rather than asking a question.","Hi. I'm visiting from the Bipolar Reddit and I wanted to say Merry Christmas to my neurodivergent brethren. As always, I'm standing in solidarity, and wishing you joy."
28475,1,"The text belongs to class ""1"" because it contains a self-description of the author's condition or experiences, and how the author feels about them. The author describes their struggles with loneliness, feeling useless, and being precariously balanced financially. They also mention their physical and mental health conditions and the challenges they face in finding a job. The author expresses their fears about the future and their feelings of panic.","I keep thinking that things have to get better, because I cannot bear the way they are now. But actually, my life has improved infinitely in the last 5 years. It is just it is still not enough. I am lonely and feel useless in society. And for the things I do have, I am very precariously balanced on SSI, loans, being a student, relying on my dad to bail me out of very bad situations in my personal life, and my advisor’s protectiveness in my professional life. If any of those things change, the structure will crash down very suddenly.  The only people I have met who are like me but older, seem to be very isolated and have very rough lives. I know, that for a disabled person, I am very lucky, because right now I live on my own and go to school. I am mostly blind and have Autism, I have trouble with movement and speech. I talked to my sister about paying rent, and what is a reasonable apartment cost. I realized, there is no feasible way I could afford an apartment without student loans, unless I lived in an area that is so rural I would have trouble even surviving, because I would have no transportation to get food or medicine. I do not know what I will do after I graduate. There are almost no jobs I can physically do outside my field of study, and there are very few jobs inside my field. I could try moving in with a family member, I know my dad would take me in, but going back to relying on someone else for everything, and having no independence, makes me very unhappy. It feels like there is no possible future for me other than graduating, moving into my dad’s basement, and becoming a recluse until either I die, or he dies and then I have no one. I am trying to focus on the present, but it is hard not to panic."
28476,1,"The text belongs to class ""1"" because it contains a self-description of the author's condition and experiences, as well as how the author feels about them. The author describes their recent diagnosis of degenerative disc disease and fibromyalgia, their use of a wheelchair and potential use of crutches, and the difficulties they face in performing certain tasks. The author also discusses their concerns about attending a family gathering and being judged for their disability, and their worry about being able to participate in activities with their young relatives. Overall, the text conveys the author's personal experiences and emotions related to their disability.","I (nb 26) have been recently diagnosed with degenerative disc disease and I also have had a fibromyalgia diagnosis since 2020. I am an ambulatory wheelchair user and am also currently looking into crutches. I can make do for short periods without my chair as long as I can sit down and/or take breaks. I have trouble gripping and carrying things and it is extremely painful to bend down and bend my knees.   Every holiday since I've hid my disability from my relatives. We aren't super close and my mom especially is embarrassed by my disability so they definitely haven't heard about it from her. Last Thanksgiving I actually stayed home as my illness has gotten worse and I was flaring up and couldn't hide it. Whenever I've gotten tired before my mom doesn't let me go lay down in the car or in a guest room at my aunts house because its ""impolite"". Last Christmas I was able to use my boyfriend as an excuse to leave earlier than everyone else (we drove separately). However he isn't coming this time.  I don't want to stay home this Christmas because I miss my little cousins.   I'm worried my little cousins will want to play with me in a way that will cause pain. Or Ill be pressured/guilted into helping out with something that I can't do. My mom won't let me bring my chair (my aunts house isn't wheelchair accessible anyway). Idk how to or if I even should bring up my illness. Its a big part of my life now and I don't want my relatives thinking badly of me because they think I'm being lazy or rude when in reality I'm limited by my disability.   Anyone have a similar experience? How did your relatives find out about your new disability (developed or accidental, aka not from birth). Did it lead to any problems? How did you go about it?  Btw for clarification I currently live with my parents and my boyfriend is celebrating with his family this year."
28481,1,"The text describes the author's personal experiences and emotions related to their living situation and disability, making it class ""1"".","As Xmas ends, I'm facing my second Christmas away from my family, a result of a complex mix of conflicts and misunderstandings, deeply intertwined with my condition of quadriplegic cerebral palsy.  In a particularly tough phase last year, I openly addressed my struggles with accessibility, societal ableism, and emotional hardships. This act of speaking out led to unexpected legal issues with my family, underlining the intricate dynamics at play.  Now, nine months from the end of my master's degree, I am confronted with the imminent risk of homelessness, with the potential of relocating to a care home. Throughout my life, my family has downplayed my ability to live independently or pursue a regular working life. They've often implied that I wasn't truly part of the disabled community, despite my lifelong condition and that I should see myself as superior to other disabled people, that I don't need the help they do.  For the first time, I am contemplating involving external services in my life, a step that is both potentially traumatic and daunting. I've always been told not to view myself too much through the lens of disability, but my current circumstances are challenging this long-held belief.  The housing crisis in the UK, particularly for individuals with disabilities, poses a significant challenge. Over the past 30 years, waiting lists for government housing have only grown longer. Although it's legally feasible, finding private rental accommodation which is willing to make adaptations is an arduous task. Contrary to my parents' beliefs, who are unaware of the intricacies and waiting times involved, securing suitable housing publically or privately is not a straightforward process of sending over your documents, attending a viewing and paying the deposit.  This is my reality, not a journey or a personal challenge to be overcome, but the day-to-day existence of someone living with a disability in the modern world who is wondering should I give up to emotionally abusive people purely for the sake of housing."
28482,2,"The text belongs to class ""1"" because it describes the author's personal experience and emotions related to getting injections in their leg. The author shares their fear of spasticity, a previous fall, and their readiness for the holiday season to end. These details suggest that the text is a self-description of the author's condition and experiences, and how they feel about them.",I need to get some injections put in my leg to try to loosen up the muscles. I've already had one fall from spasticity and I'm often afraid it's going to happen again. The holiday season has made me getting the injections a very hectic experience. I'm ready for this season to end.
28483,2,"The text belongs to class ""1"" because the author describes their personal situation, including a physical disability, being out of work, and waiting for a SSI claim. They also mention their need for a new phone to manage their diabetes, and their hope for help from corporate America. The text includes their feelings about the situation, such as not wanting to rely on the goodwill of friends and family.","I’ve been out of work because of a physical disability that arose a few years ago. Still waiting on my ssi claim and I’m hoping Apple has a program (or someone else) that I can access to afford a new phone. Contrnplated GoFundMe but would rather get help from corporate America than the goodwill of my friends and family. My phone is on its last legs and it’s been clutch for managing my diabetes. If y’all know jow of any program or support, could you please let me know. Was hoping to get funds this Christmas but I’m spending it in the hospital instead after a problematic toe amputation. Any help would be much appreciated."
28484,1,"The text describes the author's personal experiences and feelings about their health condition, their relationship with their parents, and their parents' approach to their health. The author expresses disappointment towards their parents but also acknowledges that they were acting in good faith. This self-reflection and emotional expression indicate that the text belongs to class ""1"".","Just in a strange headspace, and not sure how to process my feelings. (Sorry rather long post incoming, TLDR is literally just the same as the title)   I'm 24f, with significant hypermobility, ASD and am intersex. I also have a really bad immune system and am very susceptible to respiratory illnesses.   I've been going through old family VHS footage of me when I was really young, and noticing how stark some of my symptoms were for various aspects of my health. Especially in terms of ASD and hypermobility, I was a very sensory seeking child, I would splay myself over every material I could find, I was incredibly clumsy with poor fine motor skills, and would always do ""party tricks"" with things most bodies shouldn't be able to do.   Becoming an adult with so many aspects of my body that have deteriorated significantly, especially my tendons and joints, I can't help but feel let down that my symptoms weren't looked into by my parents. I had to do it myself at about 20 before I started getting answers.   My dad doesn't trust the medical system, and thinks dealing with anything is a case of willpower not medicine or science. My mum is one of those new-age suppliment and natural remedy focused people, who would rather take medical advice from a 50 year old white woman on facebook than listen to a doctor.   I have been sick with respiratory issues probably for 1/3 of my childhood, and have had everything from whooping cough to glandular fever, chest infections, pneumonia, croup, all before I hit 16. There was never any investigation into why they were so recurring or severe for me.   I don't have any goal with this post, I know my parents were just treating my health in the way that they believe was best, and I try not to let things get to me, but I just feel really let down, and that so many of the things I'm experiencing would be easier to manage, and wouldn't have gotten this bad so early in my life if I knew what I was dealing with and how to manage it earlier on.  How do you all balance feelings of disappointment towards your parents, with the knowledge that they were acting in good faith, just with bad methods?"
28486,1,"The text describes the author's personal experiences and emotions related to their clinical depression, including their struggles, coping mechanisms, and efforts to get better. Therefore, it belongs to class ""1"".","I wrote this in response to a post on the controversial opinion subreddit about people making depression their personality and not trying to get better.  I have clinical depression and I agree that it's not fun or quirky. My depression wasn't treated for about 20 years. I haven't had friends for that long. I never had a romantic relationship, even during childhood. My mother died and people accuse me of all kinds of sick stuff I never did nor do I want to do. Sometimes a sense of humor is necessary to survive. I heard it's an African proverb that you can't laugh and be afraid of something at the same time. I'm taking medication and I'm on therapy; if it wasn't for my dog, I'd probably have died a long time ago. I've probably had worse trauma than the average depressed person, but I know plenty have been through worse and gotten better or been through less and never gotten better. Since my condition is treatable, if I didn't treat it in good faith I'd be SOL and thrown to the wolves. I deal with the perception that I don't want to get better, although that's the main thing I try to do. I put it like this: if this were the Twilight Zone and a healthy and able person agreed to take my problems for my benefits, they'd be a fool. People fail to see beyond themselves. The fact that I'm struggling to keep my head above water with virtually no external responsibilities isn't enviable, but the opposite.   But, I agree to an extent. A character in the film My Dinner with Andre said his life became like a prison where he was both guard and prisoner. The stoic philosophers argued thoughts become habits, which become character, which becomes the rest of your life. My goal is to shed the defense mechanisms that felt necessary to survive childhood, but now feel like fused parts of my personality. The only drugs I do are prescription, caffeine, and a cbd gummy to help me sleep. But that doesn't stop people from thinking that I'm just some drunkard or stoner. I'm about halfway through losing 100 pounds I put on during my first big spell of depression. Sometimes it's a struggle to stay present instead of being stuck yearning or fearing for what life may be or ruminating over what got me here. It's a misconception that chronically depressed people don't try. John Steinbeck wrote that everyone really tries their best, no matter what they tell themselves."
28488,1,"The text belongs to class ""1"" because it contains a self-description of the author's condition and how they feel about it. The author describes their experience of having several disabilities that flare up at random, and expresses anger and resentment towards their body and healthcare professionals. They also mention feeling alone in their experience.","I have several disabilities that flare up seemingly at random. Of course, I had to have a flare going into Christmas Eve. Christmas with my family is very important to me, and I wasn't able to make it due to this terrible body of mine. I've got so much anger and resentment toward my body, and to various healthcare professionals who have failed me over and over for the last three decades. I know plenty of you can relate, and I think I'd just like to feel less alone in my experience.   Happy Holidays, even if you're celebrating from your bed. Cheers."
28491,2,"The text belongs to class ""1"" because it describes the author's personal experience and emotions regarding the treatment of persons with disabilities (PWDs) by Grab drivers. The author shares their frustration and disappointment about the situation, and also expresses their happiness about recently being approved for a PWD discount. The text conveys the author's feelings and thoughts, making it a self-description of their condition and experiences.","I am just really saddened to see these posts and comments by allegedly Grab Drivers about PWDs. :(  May mga nakikita pa ako, shinashare nila buong names nung passengers nila na tinamad daw maglakad. Like kasalanan ba nilang maging PWD? And matagal mag approved si Grab nang PWD status so for sure may verification process naman.   Napapaisip tuloy ako ngayon kung iseselect ko pa yung PWD discount pag magbobook kasi apparently, pinagpyepyestahan nila yung mga PWD riders.   Nakakaiyak. Natuwa ako nung na approved ako recently kasi makakabawas sa gastos pag mag gragrab, mahal kasi nang gamot ko like almost 10k per injection.   What do you think guys? Should we ask a dialouge sa Grab about this issue? Saan kaya tayo magrereach out kasi nakakalungkot. I mean mamatay na nga ako soon, ganito pa makikita ko. :((((((  (These posts are made public so I can share it here)"
28495,1,"The text belongs to class ""1"" as it contains a self-description of the author's condition and experiences, including struggles at work, mood swings, and memory problems. The author also expresses concerns about their job security and potential disqualification for accommodations due to their recent treatment start.","I was recently dx'ed officially with Bipolar II, though had essentially self-diagnosed for around \~9 years prior, and my provider around that time had put me on lamotrigine. I was unmedicated and w/o treatment for a number of years, not truly realizing how much of my behavior and moods were in relation to bipolar until about 2-3 years ago. My last job, which I've been at for 8 years, was not without confrontations and difficulties stemming from my mental illness.  I am now struggling considerably in life and at work, making many mistakes and experiencing a variety of meltdowns, mood swings, brain fog, difficulty focusing, cognitive disorganization, and so on. I've been told I'm using nonsense words like 'haboobity' that I have no recollection of, or find myself forgetting things sometimes even seconds after thinking them. The lamotrigine is helping, but is not magic and has some side-effects and I have more work to do on dosage level, and I am considering that I may not be able to work much longer. Just trying to sort out my meds is proving to take months and after an email received last week, where they revoked any ability to work from home, I think it's only a matter of time before I'm fired due to constant mistakes I'm making.  Does anyone have tips on how to even approach this process? Would me holding a job for 8 years straight effectively disqualify me entirely? Would me re-starting treatment only as of this past year disqualify me? In terms of workplace ADA accommodations, am I able to request those things even if I'm not more 'officially' disabled?"
28496,1,"The text contains a self-description of the author's condition, experiences, and emotions. The author describes their rare genetic disease, pregnancy, and various health issues, as well as their feelings about the care they received during their travel experience.","So impressive. I’m 6 months pregnant and have a rare genetic disease that causes my bones to dislocate, my organs at risk for collapsing, and bursting veins.  I’m having to travel alone rn, and I’m just blown away by how good they are about taking care of you.   I was terrified to do this. My pride was already taking a hit. They got my through security, they got me to my gate, they took me to the store because I hadn’t fed me or the baby.  When my gate changed they keep tabs on who’s in wheelchairs and where and they came and got me and pushed me to the correct gate. Which is great because I have moderate post stroke TBI, epilepsy and my genetic disease plus pregnancy means I’m not just paying attention and I don’t know it I would have caught it.  When they came and brought me to my new gate they asked to pre board me- thank gosh because my body can’t support with my cane the weight of my bags. My shoulder was being to push out of socket.  They said they will wheel me down and my bags a flight attendant will help me with.  Delta is really a gold standard here."
28497,2,"This text belongs to class ""1"" because the author is describing their personal experience and emotions related to their difficulty in obtaining a prescription for a medication they need. They express frustration, humiliation, and a plan to take legal action.","WHY is this a BOX to check before interview (I lie)  when NO ONE will Prescribe Adderal without being treated as a drug addict  Im 51, work in pharmacy business  for christs sake. .5 mg in Florida with this rx from a  Psychiatrist and the retail pharmacy says “ONLY corporate decides”. Humilating whispers trying twice to fill- crying and threw the RX away.  After a drug test, EKG and games I dont use drugs!! Im resigning and  pursuing disability and lawyer. I dont give a f if there is a res flag instead of lies tell us- “ oh ur insurance doesnt cover LIE”. “Shortage” LIE. Im checking the employer ADHD box and getting a lawyer.   Whose with me to take advantage out disability lay suits these games doctors and pharmacists play?  There is no shortage. Its a lie."
28499,1,"The text is a self-description of the author's condition and experiences, as well as how the author feels about them. The author is expressing frustration and annoyance at people's reactions to their physical appearance and pain. The author is also expressing the emotional toll of constantly having to deal with their condition and the lack of empathy from others.","I'm not obviously disabled, but I am developing arthritis, so it's becoming more common for my joints to look obviously paiful (red, puffy, inflamed, looks like it hurts because it does). This, turns out, can sometimes be noticed by others.    I'm pretty open about the whole ""constantly in pain"" thing, but whenever people actually notice that it *looks* fucked they feel the need to point it out. How do I get them to stop? It's getting extremely annoying.     Yes I know my ankle looks like it's dying, it does that, why do you think I'm struggling to walk? You know I have these problems, this isn't new. This isn't comforting. ""That looks painful"" yeah it is! Thanks? Maybe be more sympathetic the next time I can't get out of bed because my ankles, knees, and toes decided that standing was not an option today? Or I can't text you because my fingers are currently going ball mode? Oh you won't? Great, thanks. Why even point it out?    Care to offer anymore insight ol wise one? Are you going to offer help? Oh you aren't thanks great. Oh you are going to keep going on about ""How painful that looks"". Okay great.     I just want to scream at them. YEAH I'M IN PAIN EVERY SECOND OF MY LIFE can we move on now? Can we stop bringing attention to it? I'm doing my best to constantly ignore how much it hurts/push myself through it, so that *you* don't get uncomfortable. Can we stop pointing it out pretty please? At the very least can I have some empathy once you can easily see that I'm Not Having A Good Time? Oh what am I saying, of course you won't. The second it goes back to looking somewhat normal you'll pretend like I've never had a problem in my life. Hells below this is aggravating."
28501,1,"The text describes the author's personal experiences and emotions, including their struggles with an anxiety disorder, living situation, and recent family loss. They express feelings of sadness, fear, and self-doubt, and mention their need for strength to support their family.","Please delete if not allowed. I’m not sure where else to share this, if I should be sharing anywhere really.   For context, I have been diagnosed with an anxiety disorder for 10 years this upcoming January, though have suffered for most of my life I can recall and have had spates of low mood.   Anyways I am in my early 30s and still live with my parents and younger brother; my dad has the same anxiety battles as me and has had depression too, my mum uses drink as a coping mechanism for stress, and both my brothers are autistic with my younger one still at home needing 24/7 support.   This Christmas has been terrible. My aunt passed away from cancer a week ago, so we’re all sad anyways especially my dad who’s sister it was who died, and yesterday my mum drank too much and was asleep most of the day and falling over everywhere. I was scared for her.   I know I’m being so selfish in feeling sorry for myself because our Christmas wasn’t idyllic and peaceful, but I just see it as a sign of the future being bleak. I can’t imagine going on, and it seems life has no point. I have no friends, am uneasy in my career as a personal assistant, expecting to make an unforgivable mistake anytime.   I need to be stronger for my brothers and parents but at the same time I don’t think I’ll be able to cope. I am floored by loosing my aunt even though it was expected.  I can’t see how people cope with discord and stress in their personal and work life and still find the courage and motivation to still keep on. I worry the world has beaten me down (even though I know there’s millions others who have life so much more painful and hard, that I have no right to be so sad and afraid.) Then again I guess it can be argued that I have my own support needs that need met and that it’s ok if I’m finding things (life in general) hard."
28502,1,The text belongs to class 1 because it describes the author's personal experience and emotions when interacting with people on Twitter and Instagram. The author talks about their feelings of hurt and awkwardness when people change their behavior after learning about the author's disability. The author also expresses their thoughts on when and how to disclose their disability to others.,"The title.  I use Twitter a lot and from time to time a guy messages me. We talk for some time and if I like their vibe, we exchange Instagram. But, I feel they change after it. I feel the shift in conversations, so I do not force it anymore and just let it go. But it still hurts. Every time this happens I am hurt the same way. IMO, it is awkward to talk about my disability in the first convo, so I let them have my Instagram to see it. I would be okay to talk about it, but I just can't randomly say: ''Hey, I saw you lost interest, you know my disability is about ... ''. All the conversations are making jokes, etc, it is not serious in the beginning, so it would be awkward to talk about my disability out of nowhere. I feel like we would need to have a more serious talk, so I can say it and talk about it; but the more serious talking stage never comes, because they lose interest before it."
28503,2,"The text belongs to class ""1"" because the author describes their personal situation, including being medically disabled and having a family, as well as their need for a car and financial concerns. They do not ask a question, but instead express a need for advice.",I have a wife and two kids. I haven’t worked in 8 years because I am medically disabled. My car engine seized up 3 months ago and I really can’t go on much longer without a vehicle. I need a vehicle but I don’t want to waste money on something that won’t last. Any advice is very appreciated.
28505,1,"The text belongs to class ""1"" because it describes the author's personal experience and condition, including the challenges they face with cerebral palsy and the pain in their feet. They also express their feelings about the situation and their search for a solution.",Hello! I have cerebral palsy that affects both my legs and I work in the dental field. I wear AFO braces and my feet hurt so bad by the middle of the day. I’m looking for any suggestions. I have tried putting gel inserts in my braces but then my feet don’t line up how they need to. It also doesn’t matter if I buy expensive nursing shoes because I’m standing on the plastic of the braces anyway. I don’t know what to do.
28509,1,"The text is a description of the author's personal experiences and feelings about their condition, making it class ""1"". They express their discomfort and pain related to their appearance and physical limitations, and ponder over a hypothetical choice between healing internal disabilities and changing their appearance.","This is something a lot of people in here may feel as well.   I'm not built for it. I'm not meant to live a life where I'm pointed and stared at all the time. Where people will take pictures of me while I'm walking down the street. Where I'm called slurs and disrespected JUST for the way I look. I'm not meant for this life. I wasnt built to cover my body in every way I can so I look slightly more normal. I wasnt built to hate what I see whenever I look in the mirror. I can feel I was meant to live a life with a healthy body, I don't really know why this happened to me. Maybe other people can handle it but I CAN'T  I was also not built handle all the physical pain that comes with it. I can't handle the fact that cooking dinner is the hardest thing I'll do all day. I can't handle the dread of having to do surgeries I DON'T want to do that won't even give me a better quality of life anyhow. I wasnt built to need to sit down after 10 minutes of walking.   Something I often think of, that's a bit torturous, is I get granted 1 wish, and I either have to choose between healing all of my internal disabilities, but I have to stay the way I look on the outside, or I can choose to look normal but still suffer from the physical pain on the inside. Often I can't choose. How do you even choose between those 2 types of pains?"
28513,2,"The text belongs to class ""1"" because it describes the author's personal experiences and emotions related to their disability and financial situation. The author shares their thoughts about starting a vlog/podcast to address the negative stigma around disability and provide resources and information. The author's depression and need for an outlet are also mentioned, making it a self-description of their condition and experiences.","I’m thinking about creating a Vlog/Podcast starting out about me and my disability. I am fortunate that my disability doesn’t limit me completely from being able to work. However since I am eligible to still work I don’t receive enough money from disability to rent a place and survive. I’ve been looking for work for the past 18 months and have had maybe 3-4 interviews. I understand the US economy is not the greatest right now, but I already lost my home and am living with family. I am at a point in my depression that I need an outlet and I keep thinking about vlogging/podcast.   If it was a hit and had good feedback I would love to invite others with their disabilities to join and share their experiences and anything that they would like to share and contribute to the community. I’m all about removing the negative stigma around disability. My point of view on that is that, there isn’t enough information and resources showing that we are people just like everyone else. That’s my main goal and purpose around wanting to do this.   I’d appreciate any constructive feedback.  Thanks! 😮‍💨🫣😬"
28514,1,"The text belongs to class ""1"" because the author describes their personal condition and the challenges they face due to their disabilities. They also express their emotions and feelings about their situation, including frustration and desperation. The text does not contain a question that is not related to their personal experiences or emotions.","Edit: I live in the US   I have been disabled from birth. I will be disabled for my whole life. I have multiple neurological disabilities. They don't affect my intelligence but they affect pretty much everything else about my life. I need some sort of way to see specialists for my various needs, but they cost money, which I don't have because I can't hold a job without becoming suicidal, because I'm ***fucking disabled***. I don't know what to do. I have been denied multiple times when applying for SSI. I am out of time to wait. I need fucking help. What do I do?"
28516,1,"The text belongs to class ""1"" because it describes the author's personal experiences and emotions related to their disability and how it affects their relationships with friends. The author shares their feelings of happiness for their friends, but also expresses their struggles with mobility and social connections due to their health conditions. They mention unpleasant feelings that arise when friends prioritize fitness and health, and describe instances where they have felt pressured to adopt certain health practices. The author also shares their difficulty in knowing how to respond appropriately in these situations, and asks if anyone else can relate to their experiences.","Let me preface this with: I am happy for them. I am happy that they feel good about themselves. What I'm not happy with is how it has ruined my friendships.  I am a disabled person. I tend to have a mix of disabled and non-disabled friends. I have a mix of connective tissue disease and several autoimmune diseases that limit my mobility.   My issue is every time one of my friends begins a fitness journey it becomes:  1. All they are interested in talking about. (Much like a new relationship-- I get it and I'm happy they are happy but I can't relate.)  2. Something that inevitably distances us because while I can be supportive, I can't relate or participate.  3. While this is very much my own issue and I would never openly express it, it brings up unpleasant feelings in me when they start on about how they only want ""healthy influences"" in their life. (Other ""healthy"" people and sometimes levels of toxic positivity.. ""positive vibes only"" etc.)  4. This is a ""sometimes"" scenario and has only happened a few times, but in these cases I've cut them out completely. When they start pushing their beliefs as to what could ""heal me"" onto me (supplements, exercises, etc.)   This happens often and I'm not sure how to react appropriately when this happens. I am also autistic so I struggle to know how to respond to things on a daily basis anyway.  Can anyone else relate?"
28517,1,"The text belongs to class ""1"" because it contains a self-description of the author's condition, post-op tendon lengthening surgery, and their feelings about it. The author also mentions their experience with physical therapy and their thoughts about their progress compared to others. They express their frustration and gratitude, making it a personal reflection of their experiences and emotions.","Today I had an early morning physical therapy session. I’m about six weeks post-op from tendon lengthening surgery, that was done to reduce spasticity. There was a girl who was probably a few years older than me there. She had some sort of injury, and was complaining about how the PTA wouldn’t let her run yet.   I’d do anything to be able to join the military, let alone be able to run. But instead of saying something I just sat there quietly. It’s not fair. The other week at PT, I was doing my exercises; and an older patient came up to me as he was leaving and said “I hope you get better.” I was tempted to say “the no expiration handicapped placecard and wheelchair in my car beg to differ.” But instead I kept my mouth shut.   I wasn’t supposed to survive to see my first birthday. But here I am as a college freshmen. I’m grateful, but I selfishly wish some people would realize that others have it worse."
28519,1,"The text can be classified as class 1 because it contains a self-description of the author's experiences and emotions related to being disabled. The author expresses their frustration and anger towards banks, disability support workers, and even their own family and friends. They also share their thoughts and feelings about how society perceives and treats the disabled. The text also contains the author's personal opinions and reflections on various topics related to their condition.","Sorry, just needing somewhere to vent.  Things I have been hating about being disabled are experience with banks and some of the bullshit bank cashiers have given me over my employment status. I do wonder why would banks ask about you're employment information to open up a debit card or a savings account? Asking about employment information would be more understandable for loan or credit card applications as a bank would want to know how you intend to repay what you're planning to borrow, but why would they need to know for debit cards and savings account. I've always thought that how a debit card works is that as long as the checkout total is equal to or less than what's on the card, then the money should transfer through no problem.  I also remember times I've suffered similar bullshit from some mean horrible disability support workers  Also I can worry that my parents would like me better if I wasn't disabled. I do wonder what if my brother had a nasty accident causing loss of a limb (praying that won't happen to him), would mum and dad just suddenly start liking him less?  When people whine about the unemployed having a better life and claim to know what the unemployed do all day. If someone really thinks that the unemployed have a better life, then why don't they just quit their job? Plus how would someone know what the unemployed do all day? Do they skive at work and follow them around town?  Having a hidden disability has let to accusations of lying about being disabled or having a health condition, even from my own family and friends, but seriously, what do they think that a person would be hoping to gain from lying about something like that? There were also times when someone questionned why would I be using disabled toilets if I didn't look disabled, but why would the answer to that question be other peoples business?  I can feel in a situation similar to a guy who was complaining that he hated being born in the year 2000 because, does it suck being born in the year 2000? Yes (at least according to the guy who said he hated being born that year). Can he do anything about it? No."
28522,1,"The text belongs to class ""1"" because it describes the author's personal experience and emotions related to their family's behavior and attitudes towards their condition. The author expresses their feelings of frustration, upset, and being overwhelmed by their family's actions and words, and also describes their thoughts about how to respond to the situation.","I have a relative who has taken a sudden interest in my life basically. They send me articles about hypochondria and the power of positive thinking (I am federally disabled with several diagnosed conditions, including a chronic pain disorder) They have been sending a lot of texts like ""whether you think you can or you think you can't, you're right."" Other family are also pushing goals on me that are not things I wish to pursue and talking over me/minimizing my experiences when I try to explain them to service providers.  I'm debating not responding at all. I don't want to make things worse but it's really upsetting me."
28523,1,"The text belongs to class ""1"" because it describes the author's personal experience and emotions regarding their struggle with SSDI. The author shares their frustration, anger, and sympathy towards the system's chaos and negligence, as well as the impact it has on vulnerable people. The author also mentions their own situation, including their disability, their attempts to navigate the system, and their feelings about the situation.","I’m disabled, but have moderately good skills at navigating these complex social service systems, making phone calls, using a computer, filling out forms, whatever. I can manage it.  As a disabled person who has been battling with SSDI for over  two years now, I’m just… my mind is blown at their chaos and negligence.  This is downright criminal to the vulnerable people who need this!!   Someone with less access to computers, or their info, not tech-savvy, with worse issues than I have - etc - it’s almost impossible for me, so it has to be worse for them. Maybe for you.  I submitted a huge packet they needed (too long of a story) - -**twice** over the last 2 years, though errors on their end.   So, I submitted it - again - this last August. I was so careful to comply with everything they needed, and provided many pages/documents. It was perfect.  …They just opened it TODAY, and called me! Today.  My appointment is now on Valentine’s Day. I didn’t miss anything, or make any mistakes with what I turned in; it’s just, apparently, too old now!  I have to re-submit the identical paperwork (living expenses), for January - even though the tedious work I did to collect all that info back in August, was submitted on time, and was all correct.   I wasn’t missing anything. I did it all correctly.   They’re just making me re-submit current info! And all of this is seriously taking YEARS.  Are they just hoping I die, or give up?  Through all the pain and mental illness I’m stuck with, disabled with, I sympathize more for those worse off than I am. I know many people who could not get through this system, and all its mistakes and road blocks.  All they want is for you to fuck off, and give up.   I could write pages here, about how many times I’ve been in there in person, trying to fix this, over these last 2-3 years, and how ridiculously incompetent it’s all been. It would almost be funny if it wasn’t MY LIFE and livelihood on the line.  They’re so crazy!! I’m being punished and severely inconvenienced (it’s not easy for me, without a working computer, gathering all these documents, driving over an hour round trip, etc etc) for really no reason, for a THIRD TIME, because my **highly important packet** just sat unseen for, what - almost 6 months now?   Not asking for advice here, just venting.   Fucks sakes with these people, ya know? AAAHHHHH!!"
28526,1,"The text belongs to class ""1"" because it contains a self-description of the author's condition, how they feel about it, and their experiences with the service dog community. The author shares their personal experiences with having schizophrenia, the use of psychiatric service dogs, and the challenges they faced in the service dog community. They also express their opinions and emotions towards these experiences.","I (30m) have schizophrenia. It’s a struggle sometimes, but with my medication and support it’s very manageable for me. Even if I’m having a bad day I can usually put on a brave face and pretend.   I have had 2 psychiatric service dogs in my life. Both of which were not considered standard breeds. The first was a Newfoundland the second a border collie.  I’ve noticed specifically within the SD community people are so unfriendly. If your dog doesn’t isn’t a standard breed it’s obviously not a “real” SD.   Apparently some people even think I shouldn’t have qualified for a SD. I had a lady in a wheelchair yell at me saying I’m taking a service dog from someone who really needs one.   Then there are people who say some disabilities don’t count. ADD and ADHD are good examples of this.  I just think there is no way of knowing what someone is going through so you shouldn’t judge others. If they considered themselves disabled then so be it.  I just hate how toxic the community can be especially when you ask for advice or have an unpopular opinion."
28529,1,"The text belongs to class ""1"" because it describes the author's personal experiences and emotions related to their disabilities and living situation. They share their struggles with physical and mental disabilities, their frustration with their cousin's lack of understanding, and the emotional stress they are undergoing. They also mention their service animal and financial difficulties, indicating a challenging living situation. However, they do not ask a direct question, so it does not belong to class ""2"".","So I live with my cousin and they just won't accept my disability! I have both mental and physical disabilities. Not very apparent to her! I have even offered her to come to visit with my doctor to understand, she still won't do it. At one point. Point I believe she told my sister I was being lazy... No, I have keratoconos in my left eye that has gotten worse working in IT field, I also have peripheral neuropathy and my feet and hands so they're burning constantly. I'm dealing with a lot of mental issues based on regression from really really bad therapist. I have explained it, she has seen me go through it, and still. I receive a very fixed income that I'm not used to and it's sad for her and emotionally stressful for me. I don't even know what my question is, I'm just so tired. If you guys know of any way to get fixed income, housing, or anything else for me and my service animal I would greatly appreciate the help and insight. I'm using speech to text, I cannot do a lot of editing visually because of my migraines as well. I apologize in advance."
28531,1,"The text describes the author's personal experience with requesting reasonable accommodations under the ADA and FMLA, as well as their concerns and feelings about the situation. Therefore, it belongs to class 1.","I am somewhat savvy on what the ADA says and does not say. I work full time in Wisconsin and in the past requested for 2 reasonable accommodations at work (1) Limit work schedule to 12 hour shifts and no more (we work 8 hour shifts but due to staffing needs can be forced to work up to an additional 8 hours). Working more than 12 hours causes migraine flare ups. (2) No travel beyond a 50 mile radius from current work site as traveling long distances causes migraines.   In the past these 2 accommodations were always approved. I always would submit my reasonable accommodation in late November along with my FMLA paperwork for the next year. It should be noted this is how HR wants it because the limit of OT requires them to take FMLA from me for missed OT and that needs to renew with calendar year FMLA.   Suddenly I got a big stack of paperwork in the mail from HR and they claim now more paperwork is needed for reasonable accommodations including release of information paperwork, fitness for duty paperwork, a list of medical questions that my provider needs to answer paperwork, etc etc. It is a mess.   Under FMLA and especially under ADA guidelines if mandatory overtime and travel can be part of the job at times can an employer terminate someone for merely requesting accommodations? I do not believe they can do so and would say at this point the worst thing that could happen would be either:   (a) the accommodations are denied and I have to figure things out or   (b) I am placed on light duty until I can prove I am ""fit for duty"" and would be forced to use FMLA along with PTO until I can prove I am fit for duty. If FMLA or PTO run out then I could be terminated if I still at that point cannot perform the job duties.   Then again I have read horror stories of people who have submitted for reasonable accommodations being fired and I do not want this to happen to me.   I highly doubt I will be terminated or that my reasonable accommodations will be rejected in part or in full because I have had them both approved in the past when we were shorter staffed than we are now. The argument could maybe have been made years ago that since we were down 30% of staff that they needed people who could work doubles. Now there is not as much OT and not as much long distance travel."
28532,1,"The text belongs to class ""1"" because it contains a self-description of the author's condition (lupus), experiences (working, being out of the sun, switching to a vegetarian diet, working out, having a flare-up, being unemployed), and how the author feels about them (frustrated, stressed, fed up, in pain). The author also mentions their progress in being healthy and how it has been affected by their current situation.","I was diagnosed with lupus at 15, so for the last 4 years ive been out of the sun, switched to 90% vegetarian, and work out almost daily and stretch every night, yet im still not able to work.  Not for lack of trying, my last part time job ended in may, the stress caused me into a flare plus my parents had a baby so even more stressed, now ive been working since november, i was promised a 20 hour work week of 4 hour shifts, in the last month they made me work 6-8 hour days almost every day, and i have to stand my whole shift, so i powered through the month (even when i got sick with rsv and they had me come in, ps i wore 2 masks) and then boom, horrible flare up, ive called out 3 days and they said im on thin ice, but honestly fuck minimum wage jobs, they arent worth my health. But im so fed up with not being able to work, i feel like im never going to move out of my parents house and my dad is disabled too so im expected to at least help clean up and help my siblings but i cant do that when im in too much pain to get out of bed. The few months i was unimployed i was so healthy, and only 1 minor flare that ended in a day, i was prepping meals and exercising all the time and being healthy, now all that progress i made to earn muscle has been slowly going down the drain since i havent had as much time to work out nor the energy. Anyways thanks for coming to my ted talk."
28535,1,"The text belongs to class ""1"" because the author describes their personal experience and emotions around their elopement and the accompanying stress related to their physical condition. They also mention their feelings of not being ""normal"" and wanting to look back on the day with a sense of normalcy.","Hello Friends,    My partner and I are eloping and I have started to have some very sad emotions around photographing our day. I really did not think these feelings would bubble up as much as they did and continue to ruminate.  It has been a lot to process as I can't sleep and have started to form a stress rash on my face.  For context, I had a stroke at 10 months old and as a result have dystonia.  I have uncontrollable muscle spasms and nervous about how I might get comfortable poses.    I had a brief email exchange with my photographer about how we might work together the day of and she started to explain how she doesn't plan poses in advance as she wants organic moments, which I absolutely understand.  Nothing could ever be planned down to the minute.  I plan on having a phone conversation with her experience photographing someone in a wheelchair.  But for my own peace of mind I have started to put together a Pinterest board seeking poses that I might be comfortable with.  I'm finding the irony in this as I am very anti-Pinterest-bride, hence why I am not planning a big wedding.  But it sounds like it's too early to share this with her (Oct elopement), nor am I sure she would be open to it.     I spoke to a married friend of mine who has a prosthetic arm and she put things into perspective for me.  It's hard to explain how much we may overthink the simple joys, because it becomes a different experience from the norm.  But we don't choose these things, they choose us.             I did not consider as a person with a disability that I should have gotten on the phone and asked questions ahead of time given my situation.  It's funny that I often forget I need to make accommodations for myself and others just have the privilege/that sense of normalcy, so when I was planning I was going by the typical bride/groom experience.      In the grand scheme of things this has not been the largest hurdle I've had to overcome.  Insurance,  doctors appointments, and ableism, am I right?  But I want to look back on this day and the photos and feel 'normal' for once.  Has anyone had experience in this area?  Or have advice?"
28536,1,"The text belongs to class ""1"" because it contains a self-description of the author's condition and experiences, as well as their emotions and feelings about them. The author describes their struggle with acquired disability due to spinal issues, their health anxiety, and the guilt they feel for not listening to their body and causing further damage to themselves. They also mention their fear of progression and the difficulty they have in accepting their current situation. Therefore, the text can be classified as class ""1"".","Hi everyone, I have been suffering with the emotional side of acquired disability through spinal issues. I have EDS now diagnosed.  I have really bad health anxiety, and when I first started getting symptoms five years ago I was told by doctors it was psychosomatic. I blanked out that time of my life and continued because it wasn’t disabling yet and then I did some things like wakeboarding and had a few accidents. Overtime, I started to notice progression. I gaslighted myself that it was in my head. I also did some weight lifting with terrible technique I should’ve never done that seriously progressed scoliosis and spinal issues. My health anxiety progressed and I started to do really damaging things to my body to “prevent” progression. It’s hard to go into it, but it made everything worse and I stretched my spinal cord by accident. I saw doctors but never explained the extent of my symptoms from the PTSD of being told it’s all in my head, I was still being told psychosomatic. I am now disabled and progressing and I have finally made an appointment to get imaging from a doctor who is willing to problem solve with me. I’m now diagnosed tethered cord, cervical instability and spinal cord  issues but no money and unsure about surgery.   I am having such a hard time with forgiving myself for the things I did that damaged me more. I feel like my anxiety went into overdrive and I caused myself to get worse. I gaslighted myself and didn’t listen to my body.  At times I’m aware I was gaslit by my family too and doctors. I just need help coping with regret and feeling like I caused my disability. I made it worse.  I live in fear of progression. I repeat my mistakes in my head.  How do I move on and accept where I am? The future scares me when I replay what I did in my past. Does anyone know a good book that will bring perspective? Thank you."
28542,2,"The text belongs to class ""1"" because the author describes their personal condition of having shaky hands due to brain issues and expresses a desire to learn how to apply lipstick without assistance. They also mention past experiences with their girlfriend applying it for them, indicating a personal experience related to the condition. Therefore, the text contains a self-description of the author's condition or experiences, and how the author feels about them.",Hi all.   I have shaky hands due to brain things and I'd love to figure out how to put on lipstick without looking like a clown or a deranged lady in a psychological thriller. Do you have any ways to help combat the shaking? Tools you use to help?   In the past I've had my gf put it on for me but that was for special events and I'd like to learn to do it myself since we don't live together.  Thanks!
28544,2,"The text describes the author's personal experience with chronic dizziness and its impact on their job, as well as their feelings about the situation. They are seeking advice from others who have dealt with similar issues, indicating a first-hand account and emotional involvement.","Hello , I am not sure if this is the correct place to post this . I have been dealing with a chronic dizziness that is unclear and has been diagnosed as many different things preventing me from doing my job . I got sick at my job actually and have been off of work on and off in total for about 4 months and I was able to return to work with an accommodation that would last 3 months . I was only able to work with it . I have been set up with disability through my work and I am currently on FMLA and set to return in January. It was recommended by the disability department in my work that I apply for a workplace accommodation and if that can not be met I have to give up my position and they will help me find one I can work . I work in the health care and my job is very active lots of bending and I’m also a float so I get sent to a lot of very hectic departments . Is there anyone who deals with chronic dizziness and worked an active job prior or now and filled and ADA ? What did you request ? I can’t really figure out how to fill this when sometimes I’m dizzy for no reason all day or sometimes it’s just when I’m bending over often . The best thing for me is to do seated work but that is hard to do in my job ."
28547,1,"The text belongs to class ""1"" because it contains a detailed self-description of the author's condition and experiences, as well as their feelings about them. The author shares their personal experience of being in a car accident, the medical malpractice they faced, their recovery journey, and the recent discovery of a cyst that is causing further issues. The author's emotions, such as fear, frustration, and sadness, are also evident throughout the text.","January 12th 2022 I was in a car accident that left me with a spinal cord injury. The whole thing was extremely traumatic and a lot of things went wrong. In hindsight, there was definitely medical malpractice but I was so out of it and scared I couldn’t identify at the time. I worked really hard to get my life together since then. I have a part time job, I go to college part time, I kind of have a social life, and I’m in therapy.  Six months ago I started having sensation loss. I reached out to my neurologist who said this wasn’t a huge deal, so I ignored it. But it went from a little sensation loss to rapid, permanent sensation loss and then balance issues. Due to a separate issue I ended up getting an MRI on December 15th where they found a cyst compressing my spinal cord.  I was able to get in with my neurosurgeon really quickly and he explained it needs to be removed or it’ll only get bigger and cause more problems, including but not limited to mobility loss. Additionally, he was able to deduce from the type of cyst and the placement, this cyst is a side effect of my spinal cord injury. I go into surgery on January 18th. I feel like my body betrayed me again. I worked so hard to get to a good place only for an injury I had TWO YEARS AGO to pop back up and set me back. I’ve already had such an increase in pain and had to stop doing as much as I was. I’m more dependent right now on my family and I hate it. I just want to be me again."
28550,1,"The text describes the author's personal experience of losing insurance and facing mobility issues, as well as their feelings about discussing these symptoms with their doctor. The post also includes a question, but the primary focus is on the author's condition and emotions.","I lost my insurance in July of this year. It’s been six months since i’ve seen her, and I have a lot of symptoms and believe they will lead to a diagnosis. because it’s been six months, i’ve experimented with different mobility aids and found that a wheelchair has helped me the most.   Before my insurance expired, I was being referred to a cardiologist for heart issues. I love my doctor and I believe she’ll listen to me, but i’m afraid my seemingly sudden onset of symptoms will make her believe i’m malingering.   I’ve always had trouble speaking to her so I usually don’t bring up my symptoms but I’m ready to now. Do you think she’ll be willing to refer me to someone who will help me with mobility?"
28551,2,"The text belongs to class ""1"" because it describes the author's personal experience and feelings in the situation where a woman compared the author's disability to her dog in a stroller. The author's confusion and lack of desire to engage in the conversation are also mentioned, indicating their emotional state.",My prescription at Walgreens wasn't quite ready when I went in to go get it. So I was waiting in the store for them to finish it up. I was in my wheelchair and this woman rolled in with her dog in a stroller.   She decided that it would be a great opportunity to chit chat with me. Apparently being a disabled person is quite similar to her dog riding in a stroller?    I had no idea what to say to this woman. Comparing my dysautonomia to her dog taking a joy ride in a pet stroller. I just laughed awkwardly and said yeah okie dokie. And went back to looking at my phone.   What would you have said to her? I wasn't rude or mean to her. I was just kind of like really? I'm not in mood for this.
28552,2,"The text belongs to class ""1"" because the author is describing their personal experience and feelings about applying for PWD (Persons with Disabilities) and filling out the physician portions of the application. The author expresses concern about their handwriting being messy compared to the doctor's assistant and whether this will raise any red flags. The author is seeking validation and opinions from the community about this situation, indicating that they are emotionally invested in the outcome.","Hi guys I’m currently applying for PWD, without getting into too much detail, my doctors assistant had me fill out some of the physician portions and said it’s fine because it’s all personal questions, I don’t know how to feel about this since my handwriting is likely so messy compared to hers, won’t they see that I filled out some parts and then the doctor/assistant filled out the rest and think it’s a red flag ? I asked more than 10 times are you 100% sure I can fill this part out, she said 100% I do this all the time with all of our patients and then look over it afterwards since it’s mostly personal stuff, what do you guys think about this ? Thanks"
28554,1,"The text belongs to class ""1"" because it contains a self-description of the author's experiences and emotions related to their condition. They share how they feel about being judged for using a cane, being treated unfairly on public transportation, and the stigma around their condition. They also discuss their experiences with autism and ADHD, and the way they are perceived by society. Overall, the text conveys the author's emotions and personal experiences, making it a good fit for class ""1"".","(English isn't my first language sorry if I don't make sense .) I didn't notice anything before I got really sick. Now I get dirty looks because I'm young and use a cane, because I sit more often on public transports, because I tend to look more happy than in pain , I don't always use my cane, because I don't look sick, because I'm way more tired than I should be etc.. I even got yelled at and got a 80 euros fine because I needed to stretch my legs on a train's seat and got told that disabled people shouldn't take public transports, I got treated like a criminal and they even called security to circle my father and I. In class I got into an argument with a teacher because I told them as the term crippled isn't up to date and is offensive/ not a general word. Hate against disabled people is insane and I luckily experienced almost nothing compared to full-time mobility aids users , mentally disabled people etc.. I also have autism and ADHD but thank god I don't get a lot of remarks (maskiiing) , the only issues outside are academics and learning. We either are considered innocent children incapable of taking care of themselves, speaking for themselves or advocate, we're incapable of love , lust , anger or any emotions they can't profit for their sick saviour fantasy, we can't be wrong but we also can't be right. We're hated for existing. I'm so sick and tired to act in pain when I'm not because I'll get treated as a faker and attention seeker. When I am in pain I'm scared to annoy people or make them feel bad for me , I don't deserve pity or hate I deserve empathy and understanding."
28557,1,"The text belongs to class ""1"" because it describes the author's personal experience and feelings about their pain clinic appointment and the use of a mobility aid. The author also shares their medical conditions and the challenges they face in pain clinics, which further supports the classification of this text as class ""1"".",I have a pain clinic appointment on the 4th of Jan. And I want to bring my mobility aid but I'm so nervous they won't approve =( . I want to transition into using it full time and I feel like this is a good step but my anxiety is so bad around it. I have a diagnosis of hEDS and POTS and those a very stigmatized in pain clinics I'm also in the process of either getting a sjogrens + neuropathy diagnosis or a psoriatic arthritis diagnosis.  Advice appreciated
28559,1,"The text belongs to class ""1"" because it describes the author's personal experience and emotions related to having cerebral palsy. The author shares their struggle with shaky hands and feeling embarrassed, as well as questioning whether they should apologize for their struggles. This self-description of the author's condition and feelings indicates that the text belongs to class ""1"".","I have cerebral palsy, and I can walk and do a lot of things, but I have shaky hands, so I often struggle a lot depending on the task, and I feel embarrassed. Should I apologize for my struggles? Let's say I drop something like somebody's change or item or just because I feel slow, sometimes I feel the need to apologize"
28565,1,"The text belongs to class ""1"" because it describes the author's personal experiences and emotions related to their illness. They talk about how they have been treated by others, their own feelings and reactions, and considerations for the future.","Ever since I got sick, I’ve had a lot of people treat me horribly   For a long time I just had brain fog and didn’t see it as clearly and put up w a lot of crap  I dont want to put up with crap anymore but I realized that it seems like something weird / bad has happened with most of my connections  It’s like exhausting to figure out who I can ask a question of or get help from, I’ve mostly relied on myself bc it got so bad  Today I started thinking maybe I should just stop caring how some people treat me and ask them for help / advice anyway… idk haha"
28566,2,The text describes the author's personal experience and feelings about their condition as a blue badge holder. They express difficulty with shopping and the desire to conserve energy by parking in a disabled bay and waiting in the car while their partner shops. This self-description and emotional context indicate class 1.,"I am the blue badge holder. I can drive, but can’t do the shopping. Can I drive my partner to the supermarket, park in a disabled bay and remain in the car while she shops?  Otherwise I have to drop her off, find somewhere else to park, and come back and pick her up when she’s done. Driving is tiring and the less I have to do, the better. It would be much better health wise for me to just park and wait in a disabled bay"
28569,1,"The text contains a self-description of the author's condition as a visually impaired Early Childhood Education teacher, and describes her experiences and emotions related to her workplace situation. She feels discriminated against due to her inability to reorganize and clean her classroom during the student's nap time, and expresses her concerns about being held to higher standards and being treated more critically than her coworkers.","I apologize if this isn't the right place to ask this question. Please let me know. I am a visually impaired Early Childhood Education teacher. For some time, I have been being reprimanded and facing hostility from coworkers and my boss due to my inability to work to reorganize and clean my classroom during the student's nap. The room is darkened so the students can rest at that time and it is literally dangerous for me and the students to be blindly stumbling around in the dark while the kids are spread out across the room on cots. I could hurt them if I fell over them! I clean and organize my room 3 times a day as it is, but my workplace has been increasing hostile about this issue. I am also being held to much higher standards than my other coworkers and treated much more critically which I believe is because most of my coworkers are friends or related by blood and I am an outsider. Is this all discrimination?"
28571,1,"The text belongs to class ""1"" because it contains a self-description of the author's condition, experiences, and emotions. The author describes their feelings of loneliness, isolation, and fear of being trapped in abusive relationships. They also express their disconnection from friends and the motivation to seek new connections. All these experiences and emotions are personal and subjective, making the text a self-description of the author's condition or experiences, and how they feel about them.","18F just tired of life. I like keeping myself busy to distract myself, but intense loneliness and well, physical problems can make that hard.  Got OI, am a dwarf, never really had substantial social relationships in childhood. I got a loving family but they can be pretty ableist.  I don't think anyone has ever seen me for wholly as I am, I have never felt truly connected to anyone. Isolated my whole life, dependent my whole life,  I'm scared no one is gonna love me as a disabled person and a dwarf with my country's stereotypical, closed minded ableist culture. A friend I know just said ""dependancy is appealing"" to him. I see articles of disabled people in abusive relationships. I'm scared most of the people in my future relationships are gonna end up like that guy or my parents, sweet but ignorant, trapping you in an eternal loop of dependency, unaware of their own actions. Or worse.   I'm scared I'll end up finding myself in an abusive relationship, never a happy and healthy one.  I'm so incredibly lonely.  I feel disconnected when talking to friends.  Sometimes I feel people are only with me because they pity me, I am so used to being pitied.  I am losing motivation to keep seeking new connections with people.  Yet I don't wanna give up hope."
28574,1,"The text belongs to class ""1"" because it contains a self-description of the author's condition (PTSD, TBI) and experiences (involvement in combat, feeling like they're not being treated fairly), as well as their emotions (struggling to exist, feeling like they're not being treated fairly, and not wanting their children to see them in a certain way). The author is also expressing their feelings about their experiences, making this a personal reflection rather than a question.",Hi I'm a 100% Disabled combat vet. I was involved in some wild shit overseas. Numerous bombings explosions firefights. Ive had rank taken from me for saving american lives. And they denied my purpleheart. My chain of the command was extremely toxic and it really messed with me mentally. The only time the violence is an issue with me is when I feel like me or my own is in danger and next minute you know I'm John wick ready to go. Currently I'm having a hard time simply existing. I feel as if I'm not being treated fairly and it puts me into this kill mode. I don't every want my baby's to know who their dad really is. For the past 3 years I've been telling my kids that I'm sick and it's starting not to work any more. As of now I have been 3 months with out a therapist and I'm not doing well. My wife suggested telling the kiddos. I just need them to understand that daddy loves them unconditionally and it's hard for me to be like other parents. I spent a lot of time alone because I hate who I am and I don't want them to see me like that. How do I even begun?  Ptsd  Tbi
28575,2,"The text belongs to class ""1"" because the author describes their personal situation and how they are feeling about it. They talk about their experience of being abandoned by their husband after becoming disabled, and their fear of becoming homeless once their house is sold. They do not ask a question, but instead seek information on how to avoid homelessness.","I know there are *first time* assistance grants, etc for disabled folks but I’m looking for specifically refinancing help. Husband abandoned me when I became disabled (told me I was now worthless and he never intended to be with a disabled person but that’s another story). I have SSDI and alimony is yet to be determined but I need to find out what options for trying to stay in my home I have now so I don’t end up homeless once house is ordered sold.   Please keep suggestions to info I asked for, thank you."
28579,1,"The text describes the author's personal condition, experiences, and emotions related to their visual impairment, including frustration, limitations in job opportunities, and feelings of being a burden.","I am 19, and severely visually impaired- and cannot get my license because of it.  All of my life i’ve known i’d never be able to drive, but as I’m getting older, it’s making me more and more frustrated.  I’m lucky to live in an area where i can walk to my work, but fuck man, how am I going to get a better job like this?  I can’t go to cities with high amounts of public transport, it’s so expensive and I have no way of affording moving out of my mom’s house. The public transit around my city is unsafe   I can’t afford to uber everywhere, and I always feel like a bother having to ask my mom and partner to take me places.  How the fuck am i supposed to succeed, or even advance like this???  Ready to be done w this tbh."
28580,1,"The text describes the author's personal condition, experiences, and emotions related to their visual impairment, including frustration, limitations in job opportunities, and feelings of being a burden.","I am 19, and severely visually impaired- and cannot get my license because of it.  All of my life i’ve known i’d never be able to drive, but as I’m getting older, it’s making me more and more frustrated.  I’m lucky to live in an area where i can walk to my work, but fuck man, how am I going to get a better job like this?  I can’t go to cities with high amounts of public transport, it’s so expensive and I have no way of affording moving out of my mom’s house. The public transit around my city is unsafe   I can’t afford to uber everywhere, and I always feel like a bother having to ask my mom and partner to take me places.  How the fuck am i supposed to succeed, or even advance like this???  Ready to be done w this tbh."
28584,1,"The text belongs to class ""1"" because it contains a self-description of the author's experiences and feelings. The author talks about their personal experiences with gendered expectations and how they perceive people treating them differently due to their trans and disabled identity. They express their feelings about not being seen as a ""regular dude"" and how it bothers them.","This might be a weird one but hear me out please. (reading recs / disability theory recs please if this is a real thing written about)  Going outside my house, I use my wheelchair about half the time, depending on accessibility. When I do, I've been noticing more and more that people don't treat me the same they do others, with regard to gendered expectations in particular?   I read as a man to the world, and while my identity is a little more nuanced, I am very comfortable being seen as a man by strangers. I am also visibly Jewish and wear my kippah (yarmulke) everywhere.   However, being trans I have a lot of experience navigating gendered expectations, and since becoming (visibly) disabled I have definitely noticed people seemingly placing me outside of these categories. Men will be less 'bro-y' and more delicate, there's a loss of that camaraderie when talking with me, and women will be more comfortable and 'let their guard down' in a way I haven't seen since I was presenting as a woman years ago. Maybe they don't see me as strong or as capable, and therefore less of a 'threat'? Maybe they just don't see me as a gendered being at all, just disabled. It's really strange.   These are really basic examples, and obviously there's a lot of overlap between other axes, such as people assuming I am gay or straight, younger or older than I am etc, but it's been really getting to me lately. I just want to be a 'regular dude' to these randoms at the cafe and I don't know why it bothers me so much."
28586,1,"The text belongs to class ""1"" because the author describes their personal experience and feelings related to their neurologic disability and the challenges they face at their job. They also express their emotions about the situation, such as feeling upset.","I'd like to figure out how to make this a reasonable request. I have a neurologic disability. I got a job not long ago to try to reassimilate back to normal life following my injury.   Some of my symptoms include neurogenic bladder/bowel, rarely a delay in the movement of my legs, and sometimes an issue with my short term memory. In my job I've had a coworker make comments that I use the bathroom too often for their liking, acting almost offended when I don't remember a stranger, and one time this coworker wanted me to advance forward quickly so they put hands on me to push me forward.   It's so upsetting I've sat down and cried after work night. How do I approach this to ssue?"
28589,1,"The text belongs to class ""1"" because it contains a self-description of the author's experience and feelings. The author shares how they have learned to avoid disclosing their disability online, as it changes how people act around them. They then describe a specific instance where they accidentally revealed their disability and faced negative consequences, including being treated differently and asked inappropriate questions. The author expresses frustration and disappointment with this behavior, indicating their feelings about the situation.","I have learned to avoid telling people online I’m disabled because they change how they act around me if they know. Prime example, this season, I found a group who enjoyed college football. We talked all season. Then, the other day, they asked if I was going to the bowl game my team is in. Then I accidentally slipped and said no, “traveling in my wheelchair that far is difficult over a football game.” They have since started treating me different. Talking to me like I’m fragile and talking down to me and over explaining things in the games (they didn’t do this before). Asking questions you should never ask a disabled person. It’s so annoying. Why can’t people just be normal and realize, me being disabled does not mean I’m fragile, that I need things over explained to me, or that it’s okay to ask personal questions that nobody outside of my immediate family even knows? I told them to knock it off and then they ghosted me. I don’t get it."
28593,1,"The text belongs to class ""1"" as it contains a self-description of the author's condition and experiences, and how the author feels about them. The author describes their struggles with C-PTSD, hereditary mental illnesses, agoraphobia, OCD, depression, anxiety, brain fog, depersonalization/derealization, and the impact of these conditions on their daily life. The author also expresses their concerns about their living situation and their ability to work.","Warning for heavy subjects  I (F20) have severe C-PTSD from my abusive mother. I also have a lot of hereditary mental illnesses that have been worsened from the post-traumatic stress. Everyday is a struggle and I can hardly get out of bed. I've been depending on my father and living with him the past couple of years, but he's an alcoholic that can hardly take care of himself, let alone me.  I feel like I'm being plagued around every corner. I have severe agoraphobia/fear of others and can hardly handle going out in public without having some kind of feeling of deep dread. I'm constantly being drowned in the stress of OCD, depression, anxiety, brain fog, depersonalization/derealization, etc. I'm barely hinged and my sanity is extremely thin. My brain fog was so bad I had to drop out of high school. I'm working on getting a GED but even just doing that has taken me months to work on because getting out of my head is so hard.  I can't depend on my father any longer. His health is volatile between his various heart problems and the damage drinking has done to his body. He was in the ICU last month because withdrawal in rehab almost killed him. If he dies or relapses again and can't work, not only will I be even further emotionally destroyed, but my cat and I will be homeless.  I've never had a job before, and I don't think I could even handle one right now. Is it possible for me to get disability?"
28598,2,"The text belongs to class ""1"" because the author is describing their personal experience and condition, as well as their desire to connect with other individuals with disabilities in NYC. They are expressing their intention to create a social meet-up, which shows their proactive attitude and personal involvement in the matter.",Im from nyc and iam looking to connect with other individuals with disabilities in the area. I want to create a social meet up anyone interested-
28599,1,"The text is a description of the author's personal experience and feelings about their condition and the impact of their ex-wife's actions, which places it in class 1.","This gives some insight into how badly my ex-wife screwed up my brain. When we got married, I was normal. Hell, I was in the military for crying out loud. Then my MS diagnosis came down. And I was still normal. Some dexterity issues, and occasionally I need to walk with a cane. But my condition is progressive, and things got worse. If you can imagine something going wrong below the waist, it happened to me. And she was there for me, to help me get through it, for a while. I guess it got to be too much. She stopped wanting to help, didn’t want to adapt, and eventually left me. So I got into my head that there must be a threshold, when somebody becomes too disabled. I’m stable now, but still pretty rough. And I do get worse, nothing will stop that. But I feel like I’ve already crossed that threshold."
28601,2,"The text describes the author's personal experience and feelings about their job attendance and health issues, including a disability and a sick line from a doctor. The author is expressing concern about the potential consequences of their absences from work.",I am about two months into my job now and i only work the weekends. I was off with a sick line from doctor with a chest infection which had a severe impact on my asthma and wasn't fit to work. I have then stayed off one more day due to my disability which is crohn's disease and i could barely walk and was in a lot of pain and discomfort so i phoned in sick to work. Today I got pulled in to the office and my manager has told me that I am on 31% attendance when it should be under 3% and that i need to get it back in line or else i will have undergo disciplinary action or even fired. I explained to him that i have a disability and he says he needs to get it checked with an other manager as he doesn't know much about my condition. Once i flare up it is almost impossible for me to attend my work. Is this a fair reason to be fired even though I have a disability and also had a sick line. He said if i stay off again in 6 months i will be possibly fired.
28602,1,"The text describes the author's personal experiences and emotions, including their struggles with various health issues, unemployment, and financial difficulties. They also express feelings of depression and hopelessness. Therefore, the text belongs to class ""1"".","I have a dumpster fire of issues. I won't go into details, I'll just list off what I'm dealing with at the end of this rant.   I cannot work. And of course, I don't qualify for disability (not that the disability here in the states even goes anything for those who are married. I have been a sahp since I got pregnant VERY early on with my now husband (that's it's own drama) 2 times in 13 months.   Due to my inability to work, we had to house with my parents (who are emotionally neglectful and were medically neglectful of me) and my husband had to get whatever job he could get for the last 6 years.   I decided to gaslight myself into believing if I just got away from my parents, I'd be able to work and earn a living. So I had a friend help me move in with her in Colorado and get a job (which I did actually get). I worked for almost a year, if it weren't for my amazing team lead, I wouldn't have made it 3 months, but he really helped me keep my attendance points below firing line. I managed to save enough to get my family here during tax season of this spring.  When we all got into our new apartment, my friend bailed on me and left to live in Chicago (she made it sound like she'd be a supportive person in my life, and would help me with finding other folk to call friends).   I've been growing ever so increasingly depressed. I lost my job early November due to physical issues and now I'm unbe to find a job I can do. My husband can't afford to pay our rent without another job but he feels starting a business would be best.   We can't pay rent this month and have no reliable vehicle to get us back to our own state.   I feel so lost and unable to do anything. Idk what to do anymore. I've always felt like life hated me but tried to push past it. I'm 31 and about to be homeless with my two kids all because I can't work. I'm tired of trying. There's no escaping this hell scape that is late stage capitalism as an disabled person.   My laundry list of dumpster fire issues is as follows: Depression. Autism. Dyslexia. Dysgraphia. ADHD. CPTSD. Possible POTS (feinting/seizure type activity has resulted in 2 head injuries within the last 4 years). Scoliosis. Grade 2 spondylolisthesis with DDD causing wedge shaped vertebrae at my L-5. Reverse lordosis in my neck (with multiple slipped vertebrae). Narrowing root canals on the left side of my sacrum. A long ago broken and wrongfully healed coccyx. Joint inflammation and loss of mobility (especially my thumbs). Plantars fasciitis. Both tailors bunions and normal bunions (toes over lap, but are not considered 'severe' enough for any help)."
28604,1,"The text belongs to class ""1"" because it describes the author's personal experiences and feelings about their situation. The author talks about their isolation, their difficulties with socializing, and their recent experiences in physical therapy with other disabled individuals. They also ask for advice on how to socialize in this new environment and express curiosity about other people's disabilities. All of these elements indicate that the text is a description of the author's experiences and emotions.","So, I've never really gotten an opportunity to talk to other disabled people irl, excluding visits to my doctor. Never managed to make a friend there though, I do visit my doctor in another city so I never really meet the same people in consecutive visits.  I've been very isolated my whole life, so I'm pretty bad at socialising. Recently, I've start physical therapy, it's filled with disabled kids and teenagers, our therapists are pretty nice too, I've never really been in such a socially active environment in which I don't feel out of place,  So basically I wanted tips from y'all to socialising with both the kids and therapists alike and what is and isn't appropriate. I'm pretty shy but I find myself wanting to get to know them, while keeping in mind that we WILL be exercising, it's not exactly a party.  How do I find an opportunity to talk to one of them at a time?  Also, I find myself curious about other people's disabilities, how do you think I should go about it?  I'm 18 btw"
28605,2,"The text belongs to class ""1"" because the author describes their personal situation of living in a flat share in El Gothic, Barcelona, and their current inability to access it due to the lack of a lift. The author also expresses their feelings about the situation by using an emoticon. Additionally, the author is looking for a wheelchair-friendly spot on the blue ball, indicating that they are seeking information based on their personal experience and needs.","I am part Catalan soo.. I have a flat share in El Gothic, Barcelona.  That now I cannot access 😑, no lift.  Sooo I am just curious if any one has a spot on this round blue ball they say is a little more wheelchair friendly. ♿"
28606,1,"The text belongs to class ""1"" because it describes the author's personal experience and emotions related to an accident that caused them to lose vision in one eye and changed its color. The author expresses their sadness and feelings of being deeply broken whenever they are reminded of their condition, and they also mention feeling alone in their experience.",When i was 10 years old i had a terrible accident then i got injured and i had injury in my eye but after a some years it’s completely different I can’t see from my one eye and also the color is changed and i cant see this whenever i see I become so sad and feel deeply broken so i can just cry and even cry alone I didn’t tell to someone else about this because I’m a so-called boy…. I even can’t write my feelings
28612,1,"The text belongs to class ""1"" because it contains a self-description of the author's personal experiences and emotions related to their disability and interactions with the Social Security Administration (SSA). The author describes their feelings of stress and anger, as well as their thoughts and opinions about the SSA's policies and procedures. They also discuss their own issues and concerns with the SSA, including the SGA limit, inaccurate wage tracking, and the criteria for disability. Overall, the text conveys the author's perspective and feelings about their own experiences and the SSA's policies.","Alright. I’ve gone from stressed to really fucking angry. On Nov 24th, SSA sent me a letter of working over the SGA several months. Including all of this year. I read this after I came home from Thanksgiving. Before my current job I barely worked 15 hours a week at minimum wage. That was all til May. And then I was let go DUE TO MY DISABILITY. They bought me out for 5 months worth of pay as long as I didn’t make it a bigger issue. They had my employers incorrect and were listed redundantly as if I was working for two companies at once. So I replied with a very formal letter with every stub I’ve had since 2016. My benefits are at risk for this and I am providing as much information I can to correct the record.  So I’m waiting. And then I come back from Xmas vacation today. A letter is there marked Dec 18th. I had 10 days to reply. THE SAME FUCKING ACCUSATIONS without any acknowledgement of my stubs and letters I replied to the first letter with. I confirmed with SSA they received all my stubs and the response I provided. It’s like the basically ignored it. Tuesday I’m calling a lawyer.   I will also be reaching out to my representatives about some of the impractical, inapplicable, rules of the ADA law. I’m tired of thinking that there isn’t anything we can’t do about this.  Just because we receive a benefit that doesn’t mean that benefit doesn’t come with strings attached.   I have issues with the SGA being a flat rate nationally.   I have issues with how they collect our wages because clearly they don’t record them accurately.   I  have issues with how they stay organized and follow up on cases.   I have issues with them losing my paystubs and not accurately tracking my employers despite my due diligence to provide this information.  I have issues that the criteria for disability is decades old and is not taking into consideration anything that may have changed since then.    I think that overpayments should not be considered in certain cases. If an employee is a new hire and is required to go through training mandatory training in order to keep the job that may bring them over the SGA Limit. if you are one dollar over, you are subject to be considered overpaid that means the next month you don’t receive your benefits. Training is temporary. But just because I may make a little more that month? It sure as shit does not mean I don’t need my benefit to live. My benefit is higher than the SGA. So why in the fuck would you take an entire months benefit away from someone? My rent is 2/3 my benefit. Howie’s one supposed to live off that and maintain health? I live in Denver. My docs are here. My therapists are here. If I need a liver transplant (which is my issue), I have to be near the hospital once they have a donor.  But no. No big deal at all. This month? We just won’t pay you so you can’t pay rent. Because in November 2022, you were over the limit by 40 bucks. WHOOPS! Sorry. Go directly to jail. Do not pass go or collect $200.  They assume you’re gonna be OK. they don’t factor in cost-of-living. They don’t factor in our education or background. This is a Band-Aid law, and it was created by George HW Bush, when he and a bunch of representatives were running for reelection. Sure! It passed. But is very flawed and I believe screwing over some of our most sick. decisions are prone to subjectivity nd assumptions when they send us letters that basically state: JUMP! And we have to say How High? with in ten fucking days. So I will be contacting them. if you have any concerns that you like to bring up that you find is unfair, or even in ethical or Impractical or has no rhyme or reason please DM me so I can bring it up as well. These are my frustrations just from what I’ve experienced.   I know everyone here has suffered a ton. It’s very hard to get disability but that doesn’t mean you lose your right as a person. And be subject to government control. in fact because you’re disabled, you should be given more leverage and more leeway and more flexibility because this condition is not your fault and this fucking government better be doing something about it other than intimidating  and threatening a mentally ill person over the holidays that his benefits may be wiped.   I reiterate: THIS IS NOT YOUR FAULT. None of us chose to be here. But if the government is going to provide a safety net for the broken, the il? Don’t treat us like we treated Native Americans. “Here ya go! Here’s a nice plot of land that the Feds have given ya. Aren’t we nice? Enjoy.” Only to be murdered or wiped out later as if we are in the way."
28613,2,"The text belongs to class ""1"" because it describes the author's personal condition and their desire to seek help in order to return to the workforce. The author's mention of having Ehlers Danlos Syndrome and ASD, as well as their intention to learn and become job-ready, are all indicative of their personal experiences and emotions.","If so, could y'all tell me your experiences? I think I'm at the point where I must admit to myself that if I want to go back to the workforce, I need some help. I have Ehlers Danlos Syndrome and ASD. I want to learn and get myself job ready, just for part time too."
28615,1,"The text describes the author's personal experiences and emotions related to their physical condition, including back pain, ADHD, OCD, and addiction, as well as their feelings of anger, sadness, and hopelessness about their situation. Therefore, it belongs to class ""1"".","So I guess this is kind a vent about seeing all that could've been with my life but isn't.   Basically, I never functioned normally in school due to both bad back pain since being a kid (congenital spinal stenosis they didn't discover until weeks ago, am now 22...) and adhd that's still very suspected but undiagnosed due to a very complicated case preventing investigation, and being born without legs resulting in weight issues and inability to make friends in school. No friends IRL since 10 years old (had prosthetics before then but had to stop due to pain). I had to jump off high school due to not just the unending pain making the lessons impossible, but also the depression from undiagnosed ADHD, and I developed OCD. And then I had to take goddamned opioids for the pain which I of course, predictably (given both genetics from my dad, and my other conditions) became addicted to, and quit, 4 times, but had to go back on, due to the fucking pain, and am now tapering off of cause it turns out there are no good options, yay.  Because of course, and this is fun, I can't tolerate 90% of medicines, they don't work on me... cause of fucking course. And on top of this I have pressure in my skull like from brain cancer, but chronic, yay (but not a malignant cause, though it could blind me), and lots of other issues I didn't even mention.   Basically just seeing every happy couple, people achieving what they want professionally, people living healthily, NORMALITY, makes me profoundly angry not at them but just the random chance that more or less decided my life, cause in my position 9/10 people would end up where I am, more or less and it feels hopeless, but also not. I don't believe in free will, as it seems irrational to me to admit that environment and genetics *do* decide one's life, but only, somewhat? But that's the thing, I don't care, who's to say it isn't my fate to basically do the very best I can in every single way? Just wish this 3rd/quarter of my life (hopefully) so far hadn't been such a fucking waste.   I don't cry, due to bullying. I'm basically incapable of it due to turning off emotions when younger due to bullying, but I just cried pretty hard for the first time in 10 years? I'm just sick of being sick, and want a normal life, but that's never gonna happen, I'll just have to hope for and settle for some kind of semi-normality... and I'd need to be very lucky to get there.   I'm sure I don't need to explain this to fellow disabled people but - I don't want pity, I'm just very fucking angry and for the first time in a long time not numb but actually sad, and hey maybe someone can relate to this, who knows?"
28617,1,"This text belongs to class ""1"" because the author describes their personal experience with chronic pain and how it affects their daily life. They also express their concerns and fears about their condition, providing insight into their emotions and feelings.","Upfront, my opinion is that I'm probably not disabled. But the things other people are saying is starting to worry me.  I'm young, 18. I've been experiencing a level of pain that I thought was par for the course with my job (only 13 hours a week, but all standing and walking- retail). It's in my hips, knees, feet, and lower back. I'm often but not always limping, spend so much time in bed and so much time asleep, and sometimes I'll sit in an unsupportive chair or couch and be entirely unable to walk for a while. My boss sent me home the morning after I sat on a bad couch because I was shuffling across the sales floor, leaning heavily on the cash counter.  Two people who were in my life and have mobility issues / chronic pain said stuff to me like ""that's the most 'chronically ill but hasnt realized it yet' thing i've ever heard"" when I'd say things. I brushed it off as them not knowing what a normal baseline for pain was, but if i'm right i don't know how everyone deals with this constant aching. It's not even like it's that unbearably intense most of the time (though, it has been getting stronger), it's just how CONSTANT the pain is.  Sometimes at work I get to push merchandise carts across the store. I get to put all of my weight into my arms and just use my feet to push me. It feels like I'm on every drug at once and only the good parts. I can't tear my eyes off of the walkers when I walk past that section. I had a dream last night where I owned one.  I know you guys can't diagnose me. I have an unrelated appt with my pcp in a week and plan to bring it up.   But how do I know if somethings wrong or if my own brain is just seizing something insignificant and making it out to be more than it is? That's happened in a significant way once before, where I misinterpreted the symptoms of two yet undiagnosed mental disorders and convinced myself I had a VERY different one, complete with ""feeling"" the symptoms I didn't have, and miraculously stopped experiencing once I went the route of my proper diagnoses.  I'm scared I'll go down this route and make things worse for myself. I'm scared to be wrong. And I'm scared to be right. The people I would most want to help me navigate this are recently out of my life with no hopes of reconnecting. I'm really afraid of what all of this means. I don't know where else to turn."
28618,1,"The text belongs to class ""1"" as it contains a self-description of the author's condition, experiences, and feelings about them. The author expresses their struggles with physical and mental disabilities, their dependence on their parents, and their inability to have a career or a family. They also express their feelings of hopelessness, burden, and loneliness.","I’m not sure if this is the place to ask things like this, but I’m overwhelmed and hopeless and not sure what the point is, anymore.   I have no idea what the fuck my life is supposed to be for whatever 50+ years I might have left of it. I’ve got a laundry list of harmonizing disabilities both physical (invisible) and mental, all working together to keep me in pain and miserable, and I’ve long since come to the realization that I’m never going to be able to be independent. I work the most I’m able to, but it’s not enough to support myself, and I’m at capacity just trying to run my own life. I’m so incredibly lucky to have parents who are able to financially support their adult daughter, and I’d never want to take that fact for granted. I think I’m probably *over*-aware of how much of a burden I am, and that’s kinda the issue. I’m going to be a burden on someone for the entire rest of my life.   It wasn’t so bad when I was a young-young adult, because nothing really is expected of you, and all your peers are also just figuring things out, but now all my friends are married, and buying houses, and starting families—and I’m not even sure how I could morally approach dating, knowing I’d be basically subjecting the person to financially, emotionally and sometimes physically supporting me, when I can only offer one of those things in return. I know that’s not all that relationships are, but my health issues are a big part of my life, and that just seems like far too much baggage to put on anyone.   I’m just—stuck. Is there anything to look forward to? This feels like the peak of what my life will be, and while I’m so eternally grateful for what I do have, it seems so… sad.   I have no career goals because I have no career, and won’t be able to have one. I have no health goals because it’s basically just symptom management for the rest of my life. I’m never going to have a family for the aforementioned reason, not wanting kids/potentially not even being able to safely carry them anyway. I feel so useless and left behind by life, while also like I’m overwhelmed by the task of managing my life and health every day. I’m just… so tired. I don’t want to have to fight my body, and brain and the medical system. I’m tired of hitting the same wall over and over while life moves on without me.   My younger sibling just graduated college, moved out of my parent’s house and in with their partner, and though I know I can’t and shouldn’t compare myself and my situation to them, it’s hard not to sometimes. I’m not envious, but it just kinda drives it home for me that I’m going nowhere, ever really.  I can’t talk about this with anyone in my life, because they already do enough for me, and all anyone can say anyway is “don’t compare yourself to others” and “you’re just on a different path”, which might be true, but doesn’t really do much to help me. I’ve been in and out of therapy for over a decade, and I should probably be getting back to that for questions like this, but finding my last therapist took so long, and I ended up having to stop seeing her for reasons I probably should have reported her for. Now I’m in between insurances and the thought of going through the whole process of finding a new one, and getting comfortable with them seems insurmountable, especially with what I went through with the last one.  So I guess, like what the title says, what do I have to look forwards to? What kind of life can I build for myself? Is this just how it’s going to be for the rest of it, other than things hurting *more* as I age? It feels so lonely and hard already. I don’t know. Sorry for the wall of misery, lmao, I know this is kind a wow-is-me pity party. I hope this isn’t the wrong place to post it."
28620,2,"The text belongs to class ""1"" because it describes the author's personal experiences and emotions related to physical therapy and the people involved in it. The author shares their journey of becoming more independent with the help of their physical therapists, Tom and Alice, and how they became the author's best friends. The author also shares their feelings of despair and disappointment when Tom and Alice moved to another city and their mother refused to take them to the new rehabilitation office. The author's emotions and personal experiences are central to the text, making it class ""1"" material.","I (F28) have had quadriplegic cerebral palsy since birth. PT is something I have had since birth, but it wasn't until seven years ago that I started to be more involved in my physical therapy.  It was all thanks to Tom (M now 36), after three or four years his fiancee (F now 28) joined him.  Thanks to them I started walking by tripod crutches. Previously I had only moved around helped by others, and outside the house I used a wheelchair.  At the same time, Alice and Tom became my best friends. I could tell them anything, they were the ones who took me out for sushi or pizza for the first time in my life.  Tom and Alice worked in a physical rehabilitation camp 700 km from my home, but I was there about four times a year because they are such good specialists. In my country (Poland) you go to such camps with your caregivers, especially when, like me, you are not fully independent. My caregiver is my mother (F54  )Unfortunately, in March 2022 A and T said they are changing jobs and moving to another big city. Admittedly, we are now only 300km apart, but their new workplace is a regular day rehabilitation office. I was in despair. However, my mother promised me that we could always go there for a week of rehabilitation and rent a hotel, as there would probably be one close by. She promised that we would go there every month.  In June 2022, Mum said to sign up for rehabilitation there. Unfortunately we did not find a hotel close by, the nearest one from the office is 5 km away. We would have to take two buses. Mum said she was scared and told me to cancel the booking at the last minute. My friends wanted to assist us on the trial bus ride, but she refused.  A week later I heard her say on the phone to a friend,Sofia (F60) that she wouldn't sacrifice so much for me.  In December 2022 my mum told me to sign up again to T and A. Sofia was going to help her look for a hotel. Unfortunately, she did not find anything. The boss of the  PT office offered us a hotel, but it was still too far away for mum. However, Mum  finally agreed to take the bus.  Unfortunately, after talking to another friend (Ella, 54) she said we weren't going because I would be finishing my PT at 6pm, so it would be dark and mum is afraid of criminals. So again I had to cancel the booking.  The friends were understanding, although their boss was furious. She  told me that if I cancelled the booking again I would still have to pay half the price. I never told my mum about this message.  I think I might be a TA because I posted about it on Reddit back then, but as her. I don't know why I did it. Unfortunately people have discovered who I am.  They say I'm blaming the only person who helps me and I'm ungrateful. Also I still have PT in my city and I can go to another camps.  It is true?"
28621,1,"The text belongs to class ""1"" because the author describes their personal experience of being on disability benefits for mental illnesses since 2012, and how they are currently trying to get their disability switched to permanent or at least the 7-year review. They also share their emotions and feelings of stress, anxiety, and loneliness about their situation.","Hello there, my story is that I have been disabled and been receiving social security benefits since 2012. So that's almost 12 years... I'm apparently not permanently disabled though as I found out I am on a 3 year review. Except, my last 3 year review should have been last year. And still haven't received anything about it.    I am looking into figuring out how to get my disability switched to permanent or at least the 7 year review so I can stop stressing and being anxious about that at least,  as well as qualifying for some other stuff that you can get if you're permanently disabled..   Does anyone know of a form or letter I can take to my doctor to start this process? Anyone else in this position? I feel very alone.  Cus of course when I went on disability over a decade ago, I never dreamed that I would still be disabled today and ongoing.  But it is what it is.  More details- I was approved for ssd for mental illnesses after all my life struggling mentally and not knowing the things I go through emotionally and in my head are not normal. It all came to a head in the fall of 2011 when I completely lost it and attempted suicide. And was put into an inpatient hospital for a short time.  When I came out of that, I've continued my appts with my care team ever since. But nothing has magically changed in my head. It's still there, but now I can somewhat manage it. Sort of I guess.. but I still have these episodes of all kinds of mental problems and they are not predictable so I don't work full-time.  I work a part-time min wage job where I have flexibility, thank goodness.  Csn anyone relate and offer advice on what to do to prove permanent disability?"
28624,1,"The text belongs to class ""1"" because it contains a self-description of the author's condition and experiences, as well as how the author feels about them. The author describes having a top 5 sciatica flare, a stomach bug, and fluctuating between extreme constipation and explosive diarrhea. The author also expresses their feelings about the situation, such as being stuck in bed, feeling unlucky, and wanting a new skeleton.","For the first time in literal years, my husband and I have a friend. What's more, this friend drives four hours (one way) to hang out with us. He is fully aware that I am a 'gat-danged cripple' - my term, no hate. Pretty bitchin', right?  But where am I? I am stuck in bed with one of the top 5 sciatica flares without puking, a stomach bug, and fluctuating wildly between extreme constipation and explosive diarrhea because I started yesterday. This is bullshit.   It can't just be one thing. Shit, two things can be manageable. But no. Instead we have this. We're lucky to see each other once a month, and I can't even be here for it. I want a new skeleton. I want to not be sick."