disability,text
dis,"🌟 Hey everyone! 🌟
My name is Alex, and I wanted to take a moment to introduce myself and share a bit about my journey. I am a proud advocate for those with disabilities, as I myself navigate the world with a mobility impairment. 
Living with a disability has its challenges, but it has also given me a unique perspective on life and a deep appreciation for the small victories. Every day is a new opportunity to learn, adapt, and grow. 💪✨
Growing up, I faced my fair share of obstacles—from accessibility issues to misconceptions about my abilities. But these experiences have only fueled my passion for raising awareness and advocating for inclusivity. I've learned how to speak up and educate those around me. It’s true what they say: when you know better, you do better!
One of the most rewarding parts of my journey has been connecting with others who share similar experiences. I’ve met some incredible people who inspire me daily, reminding me that we are stronger together. 🤝❤️
Through sharing my story, I hope to break down stereotypes and encourage open conversations about disabilities. Together, we can create a world where everyone is acknowledged and valued for who they are. 
Thank you for taking the time to read this! I’m excited to share more about my experiences, the triumphs, and even the struggles. Let’s support each other on this journey! 🌈 #DisabilityAwareness #InclusionMatters #StrengthInDiversity
Much love,  
Alex"
dis,"🌟 Hello, everyone! 🌟 
My name is Alex, and I'm excited to share a little bit about myself with you all today! I’m 28 years old and have been living with cerebral palsy since birth. 
Navigating the world has come with its challenges, but it has also opened my eyes to the beauty of resilience and the strength of community. Every day is a new adventure; some days are tougher than others, and that’s okay! I want to take a moment to talk about my experiences living with a disability, hoping to shed light and foster understanding. 
Growing up, I faced a lot of societal barriers and stereotypes. People often underestimated my abilities, but I’ve always believed that a disability is just one part of my story, not the whole book. With the help of my supportive family and friends, I pursued my passion for art and advocacy. I’ve spent years volunteering with organizations that promote accessibility and inclusion, and I proudly share my art online to inspire others. 
One of my favorite things to do is connect with others in the disability community. It reminds me that we are not alone in our experiences, and we can create meaningful change together. However, I also want to highlight the importance of accessibility in all areas of life – whether it’s public spaces, technology, or education. We all deserve equal opportunities to thrive and chase our dreams.
So, I’d love to connect with anyone interested in discussing art, advocacy, or just life in general! 💬 Let's lift each other up, share our stories, and continue to break down barriers. Remember, our differences make us unique, and there’s so much strength in our diversity!
Thank you for taking the time to read my post. Let’s spark some conversations! ✨
#CerebralPalsy #DisabilityAdvocacy #ArtForChange #InclusionMatters #Community"
dis,"🌟 Hello everyone! 🌟
I wanted to take a moment to introduce myself and share a bit about my journey. My name is [Your Name], and I’m here to connect, inspire, and break down some barriers.
I live with [describe your disability briefly, e.g., cerebral palsy, visual impairment, etc.], which has shaped my life in many ways. While it comes with its own challenges, I’ve learned to embrace my unique perspective and find beauty in the way I navigate the world.
For me, every day is a lesson in resilience and creativity. Whether it’s adapting to new environments, advocating for accessibility, or simply finding ways to communicate my thoughts and feelings, I’m constantly learning and growing. I've experienced moments of frustration when things that seem simple to others become hurdles for me, but I've also encountered incredible support from friends, family, and communities.
One of my biggest passions is raising awareness about disability and promoting inclusivity. I believe that everyone deserves to feel seen, heard, and valued, regardless of their abilities. I enjoy sharing my story, not for pity, but to open up conversations about diversity and acceptance.
I also love [mention a hobby or interest you have, e.g., painting, writing, sports, etc.], which has helped me to express myself and connect with others. It’s amazing how art and creativity can transcend barriers!
I’m here to connect with others, share experiences, and support one another. If you’re navigating your own challenges or simply want to learn more about disability inclusion, I’d love to hear from you! Let’s build a community where our differences are celebrated and our voices are amplified.
💖 Remember: Every story matters, and together, we can make a difference! 💖
With love and gratitude,
[Your Name]"
dis,"🌟 Hey everyone! 🌟
I hope you’re all having a wonderful day! My name is [Your Name], and I wanted to take a moment to introduce myself and share a bit about my journey living with a disability. I believe that sharing our experiences can create understanding and build connections, so here goes!
I was born with [briefly describe your disability, e.g., cerebral palsy, vision impairment, etc.], which has shaped my life in beautiful and challenging ways. Growing up, I faced numerous obstacles, but I’ve always believed in embracing my uniqueness. 💪
One of the biggest challenges I’ve encountered is [share a specific challenge, e.g., navigating public spaces, accessing education, etc.]. There have been times when I’ve felt frustrated and isolated, but those experiences have also pushed me to advocate for myself and others facing similar challenges.
I’ve learned that it’s crucial to surround myself with supportive people who understand and respect my journey. I’m truly grateful for my friends and family who stand by me, celebrating both the struggles and the victories! 🎉
Despite the challenges, I’ve also discovered incredible strengths within myself. I’m passionate about [mention any hobbies, interests, or advocacy work you are involved in], and it’s been empowering to connect with others in the disability community. 🙌
I’m here to share stories, raise awareness, and hopefully provide a little insight into what it’s like to live with [your disability]. I truly believe that every voice matters, and I’m excited to be part of a community that supports and uplifts one another.
Thank you for taking the time to read this! I look forward to connecting with all of you and sharing more of my journey. 💖
#DisabilityAwareness #Community #LivingWithDisability #EveryoneHasAStory
Feel free to share your own experiences; I’d love to hear from you! 💬✨"
dis,"🌟 Hello everyone! 🌟
I'm [Your Name], and I wanted to take a moment to introduce myself and share a bit about my journey living with a disability. 
For those who don’t know, I have [briefly describe your disability, e.g., cerebral palsy, visual impairment, etc.]. This has been a part of my life for as long as I can remember, shaping my experiences, challenges, and triumphs. Every day brings its own set of hurdles, but I've learned to embrace the unique perspective that comes with my condition.
Living with a disability has taught me resilience, creativity, and the importance of community. There are days when I feel frustrated and overwhelmed, but I also find incredible motivation in the support of friends, family, and the amazing disability community. I’ve connected with so many inspiring individuals who have their own stories, and together we lift each other up.
One of my passions is advocating for accessibility and inclusion. Whether it's fighting for better accessibility in public spaces or advocating for representation in media, I believe we all have a voice that deserves to be heard. 📢
Through sharing my experiences, I hope to raise awareness about what it means to live with a disability and to show that, while we may face challenges, we have so much to offer. I look forward to connecting with others, exchanging stories, and spreading positivity! 💖
Feel free to reach out or share your own experiences. Let’s support one another in creating a more inclusive world! ✨
#DisabilityAwareness #DifferentNotLess #InclusionMatters #Advocacy #Community
[Your Name]"
dis,"🌈 Hey everyone! 🌈 
I wanted to take a moment to introduce myself and share a little bit about my journey. My name is Alex, and I live with a physical disability that affects my mobility. Sometimes it feels like I’m on a journey of self-discovery that’s different from most, but I wouldn’t trade it for anything!
Living in a world that often isn’t designed for people with disabilities can be challenging. I’ve faced hurdles, quite literally! From navigating public spaces that aren’t accessible to dealing with people’s misconceptions, each day brings its own set of challenges. However, these experiences have shaped me in ways I never imagined. 
I’ve learned to advocate for myself and others in my community, raising awareness about accessibility and inclusivity. I firmly believe that everyone deserves the chance to participate fully in life, no matter their abilities. It’s been incredible to connect with others who share similar experiences, finding strength and inspiration in one another.
Despite the challenges, I find joy in the little things—a sunny day, a good book, or a laugh shared with friends. I also love exploring adaptive sports and activities, which have given me a sense of freedom and accomplishment. 🌟💪
So, if you ever see me out and about with my trusty wheelchair, don’t hesitate to say hi! I’d love to connect and share stories. Together, we can break down barriers and celebrate our unique experiences. 
Thanks for taking the time to read my story! 💖 Let’s create a more inclusive world, one conversation at a time. 
#DisabilityAwareness #Inclusion #Advocacy #Community #DifferentNotLess"
dis,"🌟 Hello everyone! 🌟
I’d like to take a moment to introduce myself — my name is Alex, and I live with a disability called spina bifida. For those who may not be familiar, spina bifida is a condition that affects the development of the spinal cord and can result in a range of physical challenges. Despite this, I’m here to share my journey and connect with all of you!
Living with a disability has taught me a lot about resilience and creativity. Every day presents its own challenges, whether it’s navigating public spaces, finding accessible transportation, or simply managing daily tasks. But I've learned to adapt and find joy in the little things, like the supportive community I’ve built around me and the passion projects that spark my creativity.
One of my favorite hobbies is photography. It allows me to capture the world from my perspective and show that beauty exists in many forms. I believe that sharing experiences can foster understanding and empathy. Through my lens, I aim to challenge stereotypes and highlight the importance of accessibility in art and beyond.
I also advocate for disability awareness and accessibility in my community. Everyone deserves the chance to live fully, and sometimes it takes a little push to remind people of that. I’ve found my voice in sharing my story, and I encourage others to do the same. Together, we can create conversations that lead to real change.
I’m here to connect, inspire, and learn from all of you! If you have any questions about my experiences or want to share yours, feel free to drop a comment or send a message. Let’s support each other and celebrate our unique journeys! 💪💖
#DisabilityAwareness #Inclusion #SpinaBifida #Community #Empowerment"
dis,"🌟 Hi everyone! 🌟
I hope you're all doing well! I wanted to take a moment to introduce myself and share a bit about my journey. My name is [Your Name], and I live with [briefly describe your disability, e.g., a mobility impairment, visual impairment, etc.]. 
Living with a disability has shaped my life in many ways, both challenging and enriching. It’s taught me resilience and given me a unique perspective on the world. For instance, everyday tasks that many people take for granted can be quite different for me. Simple things like navigating public spaces or engaging in social settings require a bit more planning and communication, but I’ve learned to adapt and find creative solutions.
One of the biggest hurdles I've faced is the lack of understanding and accessibility in various aspects of life—from buildings that aren’t wheelchair-friendly to discovering that certain events don’t have accommodations for those of us with disabilities. But on the flip side, these experiences have ignited my passion for advocacy. I’ve connected with some amazing people along the way who inspire me every day, and I’ve found a community that understands the challenges we face.
I believe that everyone's voice matters, and by sharing our experiences, we can help raise awareness and foster inclusivity. I’m here to connect, share, and learn from all of you, whether you have a disability or not. 💙
Feel free to reach out if you want to chat or if you have questions about my experiences. Let’s break the barriers together!
#DisabilityAwareness #InclusionMatters #CommunitySupport #Resilience
Much love,
[Your Name]"
dis,"🌟 Hey everyone! 🌟
I wanted to take a moment to introduce myself and share a bit about my journey. My name is Alex, and I identify as a person with a disability. I have a condition called cerebral palsy, which affects my muscle coordination and makes mobility a bit challenging. 🌈
Living with a disability has its ups and downs, but I’ve learned to embrace every part of my journey. I often rely on a wheelchair for mobility, and while it can sometimes feel limiting, I've discovered incredible communities and friendships through our shared experiences. 🌍❤️
One of the biggest challenges I face is accessibility. It’s disheartening to see buildings without ramps or public transport that isn’t accommodating. But these experiences motivate me to advocate for change and raise awareness about the importance of inclusivity. Every little step forward counts! 💪🏽
On the brighter side, I’ve met some amazing people along the way who inspire me every day. I love sharing my story and hearing others’ experiences too; it helps remind us that we’re not alone in this journey. I am passionate about advocating for disability rights, and I firmly believe that everyone deserves equal opportunities, regardless of their abilities. ✊🏽
Lastly, I want to say to anyone out there facing similar challenges: you are not defined by your disability. You are strong, capable, and worthy of all the joys life has to offer. Let’s support one another and create a more inclusive world together! 🌟
Feel free to reach out or share your own stories! I’d love to connect with all of you! 💖
#DisabilityAwareness #InclusionMatters #CerebralPalsy #StrongerTogether"
dis,"🌟 Hello, everyone! 🌟
My name is Alex, and I’m excited to connect with you all here! I live with a disability that impacts my mobility, specifically cerebral palsy. While my journey has had its challenges, it has also shaped me into who I am today—strong, resilient, and determined to make a difference in the world.
Growing up, I faced obstacles that sometimes felt overwhelming. Simple tasks that many take for granted, like climbing stairs or navigating crowded places, often felt like monumental challenges. However, these experiences taught me invaluable lessons about patience, perseverance, and the importance of community support.
🌈 One of the greatest opportunities my disability has given me is the chance to engage with so many incredible people. I’ve met advocates, allies, and friends who inspire me daily to push for accessibility and inclusivity. Together, we've created spaces where everyone feels welcome and valued, regardless of their abilities.
As I share my story, I want to emphasize the importance of understanding and empathy. Sometimes people view disabilities through a narrow lens, forgetting that we are so much more than our physical limitations. I’m a passionate artist, an avid traveler, and a motivational speaker. I love to share my creative journey and advocate for a more inclusive society where everyone has the chance to shine.
To anyone out there who may be struggling with their own challenges, know that you are not alone. Let’s support each other and celebrate our unique experiences. Life can be tough, but together, we can make it beautiful! 💖
Feel free to reach out, share your stories, or ask questions. I’m here to connect, learn, and grow alongside you all.
#DisabilityAwareness #InclusionMatters #StrengthInDiversity #CerebralPalsy #MeetAlex"
dis,"🌟 Hey everyone! 🌟
I wanted to take a moment to introduce myself and share a little glimpse into my day. My name is Alex, and I live with a physical disability that sometimes challenges me in ways that can be tough to navigate. But today was a bit different. 
This morning, I woke up feeling a mix of determination and hope. I tackled my morning routine with some new adaptive tools that truly made a difference. It felt empowering to see how far I’ve come and to reclaim that small bit of independence. 💪✨
However, as the day went on, I encountered moments of frustration, especially while out in public. It hit me hard when I faced an accessibility issue that made something simple—like entering a store—feel monumental. In those moments, I felt a wave of emotion—from anger to vulnerability. It's tough when the world around you doesn’t always accommodate your needs, and it can be disheartening to feel like you're constantly fighting for the basics that so many take for granted.
Yet, amidst the challenges, I also felt an incredible sense of community. I connected with some amazing people who understand these struggles firsthand. Their support reignited my hope and reminded me of the importance of raising awareness about accessibility and inclusivity. ❤️
So, here I am, sharing my journey with you all. I want to encourage conversations about disability, inclusion, and advocacy. We all have stories to tell and emotions to share, and together, we can create a world that's a little more understanding and a lot more accessible. 🌈
Thanks for joining me on my journey! 
#DisabilityAwareness #Advocacy #InclusionMatters #EmotionalJourney"
dis,"🌟 Hey everyone! 🌟  
I wanted to take a moment to introduce myself and share a bit about my journey. My name is [Your Name], and I live with [briefly mention your disability, e.g., a mobility impairment, vision loss, etc.]. Every day presents its own challenges, but I believe in embracing each experience with an open heart.
Today was a mix of emotions for me. I started the morning feeling a bit overwhelmed after a tough night, grappling with the usual struggles. Sometimes, it’s hard to shake that feeling of uncertainty that creeps in. But as the day went on, I had some incredible moments that reminded me of my strength. 🌈✨
I met some wonderful people at a local support group who really understood where I was coming from. We shared our stories, laughter, and even a few tears. It was such a beautiful reminder that I’m not alone in this journey. I felt empowered by their resilience and courage, and it ignited a spark within me to keep pushing forward. 🌟💪
I’m learning to appreciate the small victories, whether it’s finding a new way to navigate a challenge or just taking a moment for self-care. It’s those little things that make a big difference! Today, I felt a sense of community and support that fueled my hope for tomorrow. 💚
Thank you for allowing me to share my journey with you. Remember, it’s okay to feel a whole spectrum of emotions. Let’s lift each other up and celebrate our unique experiences! #DisabilityPride #Community #Resilience
Much love,  
[Your Name] 🌻"
dis,"🌟 Hey everyone, I just wanted to take a moment to introduce myself and share a little bit about my day. My name is Alex, and I navigate the world with a mobility impairment. 🌟
Today was a mix of emotions. I woke up feeling hopeful as I embraced the new day, but as I stepped outside, the realities of accessibility hit me hard. I faced some challenges getting around town due to a few unexpected obstacles, and it made me feel frustrated and a bit defeated. 😞
However, I also had some uplifting moments that reminded me of the strength within our community. I met a fellow advocate who shared their journey and the incredible work being done to improve accessibility in our area. It sparked a fire within me, reminding me that we are not alone in this fight. 💪
I felt a wave of gratitude today as I reflected on the support from friends and family who lift me up, even on the tough days. They inspire me to keep pushing for a world where everyone, regardless of ability, can navigate freely and confidently. 💖
So here’s to embracing the highs and lows, and to all of us advocating for change. Let’s continue to connect and share our stories—together, we can create a brighter future! 🤝✨
#DisabilityAwareness #Advocacy #Community #StrengthInDiversity"
dis,"🌟 Hey everyone! 🌟
I'm [Your Name], and I wanted to take a moment to share a bit about myself and my journey. Living with a disability comes with its own unique challenges, but it's also a profound part of who I am. Each day brings a mix of emotions, and today was no different.
This morning, I woke up feeling a bit overwhelmed. Sometimes, the physical limitations can weigh heavily on my heart, and I find myself battling frustration. But as the day progressed, I reminded myself of the strength I've built along the way. I took a walk (well, as far as my wheels would take me) and felt the warmth of the sun on my skin. That little bit of connection to the world outside lifted my spirits.
Later, I attended a support group where I met some incredible individuals who inspire me each day. Hearing their stories really made me realize that I'm not alone in this journey. It filled me with hope and reminded me of the beauty of community. We laughed, we cried, and we shared our dreams for a brighter future.
So, today was a rollercoaster of feelings—frustration followed by empowerment and joy. I’m learning to embrace the ups and downs, and I want to remind anyone else out there who might be struggling: it's okay to feel every emotion. Every step—big or small—counts, and we are stronger together.
Sending love and strength to all! 💙✨
#DisabilityAwareness #StrengthInCommunity #EmbraceTheJourney"
dis,"🌟 Hey everyone! 🌟
I wanted to take a moment to introduce myself and share a bit about my day. My name is Alex, and I live with a physical disability that affects my mobility. Every day is a journey, full of its own challenges and triumphs, but I believe in the power of sharing our stories.
Today was a mix of emotions for me. I woke up feeling hopeful, ready to tackle my goals. I did some gentle stretching and meditation, which really set a positive tone. But then, as I ventured out to grab a coffee, I encountered some accessibility issues that left me feeling frustrated and a bit defeated. It’s hard when the world feels like it isn’t built for us. 😔
That said, I also had a beautiful moment today when a stranger held the door open for me and offered a genuine smile. It reminded me of the kindness that still exists and the importance of community. Together, we can uplift each other and advocate for change.
I want to remind everyone that our emotions, no matter how complex, are valid. And it’s okay to feel overwhelmed at times. Each day is a chance to embrace our stories, seek support, and share a little love with those around us. ❤️
Thanks for reading! I would love to hear about your day and your experiences too! Let’s connect and support one another. 💪✨
#DisabilityAwareness #EmotionalJourney #CommunityLove"
dis,"🌟 Hey everyone! 🌟
I wanted to take a moment to share a little about myself and what I experienced today. My name is Alex, and I live with a mobility disability. I navigate the world with the help of my wheelchair, and while there are challenges, I’ve learned to embrace every part of my journey.
Today was a mixed bag of emotions for me. I started off feeling empowered as I attended a local event where people gathered to discuss accessibility and inclusion. It felt incredible to be surrounded by others who understand the importance of creating a world where everyone can participate fully. The conversations were inspiring, and I met some amazing advocates!
However, there was also a moment that brought me down. While moving through the crowd, I encountered a few areas that were poorly designed for accessibility. It was so disheartening to see places that should be welcoming that felt exclusive instead. I felt frustration bubble up, but I reminded myself that hurdles like these are part of the bigger fight for equality.
In the end, I realized that every day is a mix of highs and lows, and that’s okay. Each experience strengthens my resolve to advocate for better accessibility and understanding. 💪💖
I want to remind everyone that our voices matter—let’s continue to push for change together! If you have a similar journey, I’d love to hear your story. Let's support each other! 🌈✨
#DisabilityAwareness #InclusionMatters #EveryVoiceCounts"
dis,"🌟 Hey everyone! 🌟
Today, I want to take a moment to introduce myself. My name is Alex, and I’m living with a disability that impacts my mobility. Each day comes with its own set of challenges, but also its own moments of joy and resilience.
Today was a mixed bag of emotions. I started the morning feeling motivated, ready to tackle a few goals I set for myself this week. I went out for a walk – something I cherish deeply, even if it’s at a slower pace. The sun was shining, birds were chirping, and I felt a sense of freedom that filled my heart with happiness. 🌞✨
But as the day went on, I faced some barriers that reminded me of my reality. A few curbs were inaccessible, and I struggled a bit with some folks who didn’t seem to notice my presence. It can sometimes feel isolating, and I found myself feeling a wave of frustration – wanting to be seen and included in the world around me. 😔💔
However, I also encountered kindness today, which reminded me of the beautiful community I’m part of. A stranger stopped to offer help when they saw me struggling with a door, and that simple act of kindness lifted my spirits. 🙏💖 
So, while today had its ups and downs, it was a powerful reminder of the importance of empathy and connection. We're all navigating our own paths, and it's moments like these that inspire me to keep sharing my story and advocating for inclusivity. 
Thanks for reading! I’d love to hear about your day too – let’s create a space where we can support one another. 💪✨ #DisabilityAwareness #CommunitySupport #InclusiveWorld"
dis,"Hello everyone! 🌟 
I wanted to take a moment to introduce myself. My name is [Your Name], and I’m living with [Your Disability]. Each day presents its own unique challenges and triumphs, but that’s what makes my journey so meaningful.
Today was filled with a mix of emotions. I woke up feeling hopeful, determined to make the most of the day. I had a few small goals in mind, like going for a walk outside and connecting with some friends. As I stepped out into the fresh air, I felt a wave of joy wash over me. The sunshine warmed my face, and for a brief moment, all my worries faded away.
However, the day wasn’t without its struggles. I encountered some accessibility barriers that left me feeling frustrated and a bit defeated. It’s tough when the world doesn’t always accommodate our needs. But I’ve learned to channel that frustration into motivation—to advocate for myself and others with disabilities.
In the end, I found strength in the support of my friends and community. We all need each other, and I’m grateful for the connections that uplift me. So, here’s to pushing through the tough moments, celebrating the small victories, and spreading awareness about disability in our everyday lives. 
I encourage everyone to share their stories and support one another! 💜
#DisabilityAwareness #EmbraceDiversity #StrongerTogether"
dis,"🌟 Hey everyone! 🌟
I wanted to take a moment to introduce myself and share a bit about my journey. My name is [Your Name], and I live with a disability that has shaped my perspective on life in ways I never could have imagined. Some days are filled with challenges, while others give me the strength and hope I need to keep pushing forward.
Today was a mixed bag of emotions for me. I woke up feeling optimistic, ready to tackle the day and embrace every opportunity. But as the day went on, I encountered some barriers that reminded me of the struggles I face. There were moments of frustration when I couldn’t access certain places or when people didn’t understand my needs. It can be disheartening, but it also fuels my passion for raising awareness about inclusivity and accessibility.
Despite those tough moments, I also experienced kindness that lifted my spirits. A stranger offered to help me when I needed it, and it reminded me of the goodness in people. These little acts of compassion mean the world and inspire me to keep advocating for a more inclusive world.
I want to encourage everyone to take a moment to reflect on empathy and understanding. We all have our battles to fight, and we can make a difference by supporting each other. 💪💖
Thank you for reading a little bit about my day! Feel free to share your stories too—I would love to hear them. Let’s keep this conversation going!
#DisabilityAwareness #InclusionMatters #TogetherWeRise"
dis,"🌟 Hey everyone! 🌟
I just wanted to take a moment to introduce myself and share a few thoughts from my day. My name is Alex, and I navigate the world a little differently due to my disability. Some days are a breeze, and others can feel like climbing a mountain. 
Today was one of those mixed-emotion days. I woke up feeling hopeful and excited to tackle a new project I've been working on—taking the first steps towards sharing my art with the world. 🎨 But as the day went on, I faced a few challenges that tested my resilience. Navigating public spaces can be tough, and today I encountered a few barriers that left me feeling frustrated and disheartened. 
However, with every challenge, I’m reminded of the strength within me and the incredible community I’m a part of. I’m grateful for friends and allies who lift me up and remind me that my voice matters. Moments of vulnerability often lead to our strongest connections.
Today, I experienced joy in the small victories: a supportive conversation with a friend, finding a beautiful spot in nature, and even creating something that made me smile. 🌈 It’s these little moments that remind me of the beauty in life, even when things get hard.
If you’re reading this and might be facing your own challenges, know that you’re not alone. Let’s keep lifting each other up, sharing our stories, and celebrating all that makes us unique. 💖
Thanks for being here with me on this journey! 
#DisabilityPride #Resilience #Community #ArtTherapy #KeepGoing"
dis,"🌟 Hello, everyone! 🌟
I wanted to take a moment to introduce myself. I’m [Your Name], and I’m living with [specific disability, e.g., a mobility impairment, visual impairment, etc.]. Today, as I reflected on my journey, I felt inspired to share a little about my experiences and thoughts.
Life with a disability has its unique challenges, but it has also taught me resilience and the importance of community. I’ve learned to embrace my differences, turning obstacles into opportunities for growth. Some days are tougher than others, but each challenge is a chance to push my limits and discover my strength.
Today, I had a particularly insightful moment. I was out in my neighborhood, enjoying the sunshine and the fresh air. I passed by a playground filled with laughter and play, and it reminded me of the joy that connection brings. It made me think about how important it is for all of us to create inclusive spaces where everyone can participate and feel welcomed.
I also spent some time reflecting on the incredible people I’ve met who have changed my perspective on life. Their stories of resilience and kindness motivate me to keep challenging stereotypes and advocating for accessibility in our communities.
If you’re reading this and you also have a disability, I want you to know that your voice matters! Let’s support each other and share our experiences. Together, we can push for a more inclusive world.
Thanks for taking the time to read my little piece of today. Let’s keep the conversation going! 💙✨
#DisabilityAwareness #Inclusion #Resilience #CommunitySupport"
dis,"🌟 Hey everyone! 🌟
I wanted to take a moment to introduce myself and share a bit about my day. My name is [Your Name] and I live with [describe your disability briefly, e.g., a visual impairment, mobility issues, etc.]. It’s part of who I am, and while it brings its own set of challenges, it also opens my eyes to incredible perspectives and experiences.
Today was one of those days that made me reflect on the beauty of small victories. I went out to a local café, and although it took me a bit longer to navigate, I felt proud of myself for embracing the adventure. 🥰 The barista was super kind and offered to help me with my order, which reminded me how important it is to have compassion in our hearts.
I also took some time to think about accessibility and awareness. It’s amazing how little adjustments can create such a big impact—not just for me but for so many others. Sometimes it might feel like we’re shouting into the void, but every conversation counts. 
I’m here to spread positivity and connect with others who share similar experiences. If you're navigating your own challenges or just want to chat, feel free to reach out! Let’s uplift one another and continue to raise awareness about the importance of inclusivity. 💜
Remember, we’re stronger together! 💪✨ 
#DisabilityAwareness #InclusionMatters #SmallVictories #CommunitySupport"
dis,"🌟 Hey everyone! 🌟
I just wanted to take a moment to introduce myself. My name is Alex, and I’m proud to be a person with a disability. Living life with a different perspective has shaped who I am in so many meaningful ways.
Today, I found myself reflecting on the little victories that often get overlooked. Whether it’s navigating my environment, advocating for accessibility, or simply getting out of bed and facing the day, every small achievement is a reminder of my strength and resilience. 💪✨
I also had a conversation with a friend about the importance of inclusivity and understanding. It made me think about how essential it is for all of us to speak up for one another, break down barriers, and celebrate our differences. 
To everyone out there facing their own challenges, remember: your journey is unique, and every step you take matters. Let’s keep lifting each other up and spreading awareness about the beauty of diversity! 🌈💖
Looking forward to sharing more thoughts and stories with you all. Let’s connect and support each other!
#DisabilityAwareness #InclusionMatters #EverydayStrength"
dis,"🌟 Hi everyone! 🌟
I just wanted to take a moment to introduce myself and share some thoughts I had today. My name is [Your Name], and I live with [briefly describe your disability, e.g., cerebral palsy, visual impairment, etc.]. It’s a part of who I am, and while it brings some unique challenges, it also gifts me with a unique perspective on life.
Today, I had a mix of feelings — some uplifting moments and some deeper reflections. I visited a local park and saw a group of kids playing. Their laughter was contagious, reminding me of the simple joys in life. It made me think about how everyone, regardless of their abilities, seeks connection and happiness. 
But I also encountered a few hurdles — a lack of accessible pathways made it difficult to fully enjoy the park. It reinforced the importance of advocating for inclusivity and accessibility everywhere, not just in places we think of as ‘public.’ 
Each day is a journey, and while some moments can be tough, others can be incredibly beautiful. I believe sharing our stories can create awareness, understanding, and compassion. 💕
I’m excited to connect with all of you and share more about my journey! Let’s spread some positivity together! ✨
Feel free to share your experiences below! 
#DisabilityAwareness #InclusionMatters #MyJourney"
dis,"🌟 Hey everyone! 🌟
My name is Alex, and I wanted to take a moment to introduce myself and share some thoughts I’ve been having today. I live with a disability that affects my mobility, but I believe that our differences make us unique and beautiful in our own ways. Every day comes with its own challenges, but it also brings opportunities for growth, connection, and joy.
Today, I had one of those moments where I felt both inspired and empowered. I took a stroll around my neighborhood, with my trusty wheelchair that lets me explore the world around me. It’s a bit of a workout for my arms, but the fresh air and sunshine felt amazing! ☀️💪
As I rolled along, I noticed the small things: the vibrant colors of the flowers blooming in gardens, the laughter of kids playing at the park, and the kindness of neighbors waving hello. It reminded me how important it is to appreciate the little moments in life. 🌼💖
I also thought about how crucial it is to advocate for accessibility in our communities. Everyone deserves to enjoy their surroundings without barriers! If we all work together, we can create a world that is more inclusive for everyone. 🌍✨
So, let’s keep spreading positivity and understanding! I’d love to hear about your experiences and thoughts as well. Feel free to share in the comments, and let’s support one another in this journey called life! 💬🙌
Sending love and light to all! ❤️
#DisabilityAwareness #InclusionMatters #Positivity #LifeJourney #Community"
dis,"🌟 Hey everyone! 🌟
I wanted to take a moment to introduce myself and share some thoughts I had today. My name is [Your Name], and I’m living with a disability that shapes my perspective on life in unique ways. I spend my days navigating the world a little differently, but I believe there’s beauty in that difference.
Today, I had a particularly inspiring moment during my morning walk. As I moved through the park, I noticed how the flowers were beginning to bloom, creating a vibrant tapestry of colors. It made me reflect on how, just like those flowers, we all have our own seasons of growth and struggle. Sometimes it’s tough to bloom when you feel overlooked, but I think it’s essential to celebrate our unique journeys.
I also had some conversations with friends that highlighted the importance of accessibility and inclusion. It’s a reminder to all of us that we must advocate for a world where everyone can thrive, regardless of their abilities. Small changes can make a big difference!
I’m excited to connect with others who are on similar journeys or who simply want to learn more. Let’s keep this conversation going. Remember, our differences are our strengths! 💪💖
Much love,
[Your Name] 🌼✨ #DisabilityAwareness #InclusionMatters #EmbraceDifferences"
dis,"🌟 Hello, everyone! 🌟
I just wanted to take a moment to introduce myself and share a bit of my journey with you all. My name is Alex, and I have a disability that affects my mobility. While there are definitely challenges I face every day, I try to approach each moment with positivity and appreciation for the little things.
Today, I found myself reflecting on the strength of community and the power of connection. It’s so easy to feel isolated at times, but I’m constantly reminded of how important it is to reach out and connect with others. I had a wonderful chat with a friend this morning, and it reminded me just how much we can lift each other up.
I also spent some time outdoors, soaking in the fresh air and enjoying the beauty of nature. 🌳 It’s moments like these that fill my heart with gratitude. I’ve learned to celebrate my small victories, whether it’s navigating a new route, completing a task I set for myself, or simply enjoying a beautiful day. 
For anyone who might be feeling overwhelmed or isolated right now, please know that you’re not alone. Let’s keep supporting each other, sharing our stories, and breaking down barriers together.
💜 Thank you for being a part of my journey! Let’s connect and continue to inspire one another. 💜
#DisabilityJourney #CommunitySupport #Gratitude #Inspiration"
dis,"🌟 Hi everyone! 🌟
I wanted to take a moment to introduce myself. My name is Alex, and I navigate life with a physical disability that affects my mobility. While my journey comes with its own unique challenges, I’ve learned to embrace the beautiful moments and connections it brings along the way.
Today, I had a chance to reflect on the importance of accessibility and inclusion. I often find myself thinking about how small changes can make a big difference in our communities. Whether it’s wheelchair ramps, wider aisles in stores, or just a more welcoming attitude from those around us – every little effort counts! 
I also had a fantastic experience today chatting with a friend over coffee. We talked about how our differences shape who we are and how they can foster empathy and understanding. It reminded me that everyone has their struggles, and sharing our stories can help us grow closer and support one another.
I’d love to hear your thoughts on accessibility and inclusion. What changes have you seen in your community? How do you advocate for yourself or others? Let’s share our experiences and inspire each other! 💖
#DisabilityAwareness #InclusionMatters #CommunitySupport #EmbraceDifferences"
dis,"🌟 Hey everyone! 🌟
I wanted to take a moment to introduce myself and share some thoughts I've been grappling with today. My name is Alex, and I live with a mobility impairment that affects my day-to-day life. While I navigate the world differently, I believe that every experience has its own beauty and challenges.
Today, I found myself reflecting on how important accessibility is—not just in physical spaces, but also in our conversations and digital interactions. It’s so easy to overlook how crucial it is to create environments where everyone feels welcome and valued. 
I had an inspiring conversation with a friend about inclusive design and how simple changes can make a world of difference for people with disabilities. Whether it’s adding captions to videos, ensuring that public spaces are wheelchair accessible, or just being mindful of our language, we all play a part in creating a more inclusive society.
I encourage everyone to take a moment to think about how we can be better allies and advocates for those around us. Let's share our experiences, learn from one another, and make everyone feel seen and heard.
Remember, it’s not about trying to “fix” anyone; it’s about embracing our differences and building a community where everyone belongs. 💖✨ 
Thanks for reading! I’d love to hear your thoughts and experiences too!
#DisabilityAwareness #InclusionMatters #Community #AccessibilityForAll"
dis,"🌟 Hey everyone! 🌟
I wanted to take a moment to introduce myself and share a few thoughts that have been swirling around in my mind today. My name is [Your Name], and I live with [brief description of your disability, e.g., cerebral palsy, visual impairment, etc.]. While my daily life comes with its own set of challenges, I like to think it also offers me a unique perspective on the world.
Today, I had one of those moments where I just stopped to appreciate the little things. I was out for a walk (with my trusty mobility aid), and I noticed how beautiful the leaves looked as they changed colors for fall. 🍂 It reminded me that change can be beautiful, even when it seems daunting. Like the trees shedding their leaves, sometimes we have to let go of what's familiar to welcome new experiences.
I also thought about how important it is to have support and understanding from others. It doesn’t take much to make someone feel included and valued. A kind smile or a simple conversation can transform someone’s day, and that's something we should all strive for.
I believe that every day is an opportunity to learn and grow. Whether it’s through my experiences or the conversations I have with others, I am constantly reminded of the strength and resilience we all possess.
Thanks for reading and being a part of this journey with me! Let's strive to create a more inclusive world together. 💚
#DisabilityAwareness #InclusionMatters #Perspective #EmbraceChange"
dis,"🌟 Hey everyone! 🌟
My name is Alex, and I’m excited to share a little bit about myself today! Living with a disability has its challenges, but it also brings unique perspectives and joy to my everyday life. 💙
This morning, I started my day with a cozy cup of coffee while catching up on my favorite podcast. ☕️🎧 It’s amazing how stories can inspire and uplift us, no matter where we are in life! 
After that, I joined a virtual yoga class. 🧘‍♀️✨ I love how it helps me connect with my body and find calm, especially during busy days. Today’s session focused on mindfulness, and it felt so refreshing! 
In the afternoon, I decided to get adventurous and tried my hand at some adaptive art techniques. 🎨 I painted a vibrant sunset, and it was both fun and therapeutic. Creativity has a magical way of bringing joy and expression, don’t you think?
To wrap up the day, I met up with a few friends online for a game night! 🎮 We played some classics and had a blast laughing and catching up. It’s so important to stay connected with those who lift you up!
Thanks for joining me on this little peek into my day! I’d love to hear about your activities too. 💬 Let’s keep sharing our stories and supporting each other. 
#DisabilityPride #EverydayAdventures #Community #Mindfulness #ArtTherapy 🌈✌️ "
dis,"🌟 Hey everyone! 🌟
I wanted to take a moment to introduce myself! My name is Alex, and I’m a proud advocate for disability awareness. Living with a mobility challenge has shaped my perspective on life in ways I never imagined, and I believe sharing our stories can help foster understanding and connection.
Today was a pretty awesome day! I started my morning with a fabulous coffee catch-up with a friend at our local café. ☕️ It’s one of my favorite spots because they’re super accessible, and the staff always makes sure I feel welcome.
After our chat, I headed to a gentle yoga class designed for all abilities. 🧘‍♂️ I love how inclusive it is – everyone practices at their own pace, and it’s a great reminder of how movement can be adapted for any body. 
Later in the afternoon, I spent some time volunteering at a local community center. 👐 We organized an arts and crafts workshop for kids, and let me tell you, their creativity is inspiring! Seeing their faces light up when they made something special was the highlight of my day.
To wrap up, I caught up on some reading while enjoying the sunset from my balcony. 🌅 It’s these little moments that really remind me of the beauty in our everyday lives.
Thanks for letting me share a glimpse of my day! I’d love to hear about your experiences and any activities that bring you joy. Let’s keep the conversation going! 💖
#DisabilityAwareness #EverydayJoy #InclusiveCommunity"
dis,"🌟 Hey everyone! 🌟 
I wanted to take a moment to introduce myself and share a little bit about my day. My name is Alex, and I have a physical disability that affects my mobility. I believe that sharing my experiences can help raise awareness and show the beauty of living life to the fullest, no matter the challenges we face. 
Today was a good day! I started off with some morning meditation, which really sets a positive tone for me. After that, I hit my favorite café for a delicious almond latte and a slice of gluten-free banana bread. The barista always knows my order, which makes me feel like part of the community! ☕️🍞
After my café visit, I joined my friends for a wheelchair basketball practice. 🏀 It’s always exhilarating to be part of a team, and I love the adrenaline rush! We laughed a lot, and it's amazing how sports can bring us all together.
 
Later in the afternoon, I spent some time working on a painting I started last week. 🎨 It’s a landscape inspired by my love for nature. I find painting incredibly therapeutic, and it allows me to express my creativity.
I wrapped up the day by watching a feel-good movie with my family. It’s moments like these that remind me how important it is to surround ourselves with positivity and support. 🎥❤️
I hope you’re all having a great day too! If you have any questions or just want to chat, feel free to drop a comment. Let’s keep spreading love and understanding! 🌍💞 
#DisabilityAwareness #AccessibleLife #LiveFully #PositiveVibes"
dis,"🌟 Hey everyone! 🌟
I wanted to take a moment to introduce myself and share a little glimpse into my day. My name is Alex, and I’m a proud member of the disability community. Living with a disability has its challenges, but it also opens up a world of unique experiences and perspectives! 💪✨
Today was quite fulfilling! I started my morning with some gentle yoga, which really helps me connect with my body and set a positive tone for the day. 🧘‍♂️ After that, I dove into some creative projects—painting has always been a passion of mine, so I spent a few hours working on a new piece that I'm excited about! 🎨
Later in the afternoon, I met up with a few friends for coffee. We sat outside, enjoying the sunshine and sharing laughs. It’s always refreshing to catch up and be surrounded by supportive people who inspire me! ☕❤️
I wrapped up my day with some journaling, reflecting on my experiences and setting goals for the week ahead. It’s a great way to stay centered and celebrate the little victories. 📖
I’d love to hear about your day too! What activities bring you joy? Let’s inspire each other! 💖 
#DisabilityPride #Inclusion #DailyLife #Creativity #Community #Gratitude"
dis,"🌟 Hey everyone! 🌟
I wanted to take a moment to introduce myself and share a little bit about my day today. My name is Alex, and I’m living with [specific disability]. It’s part of who I am, but it definitely doesn’t define me!
Today was a beautiful mix of productivity and fun. Started my morning with some gentle yoga to get the day rolling—it’s amazing how it helps calm my mind and stretch my body. 🧘‍♂️
After that, I headed to a local community center where I joined a painting workshop. 🎨 I love expressing myself through art, and it’s so inspiring to connect with others who share the same passion. It was a joy to see everyone’s unique styles and creations!
Later in the afternoon, I took a stroll in the park with my beautiful service dog, Max. 🌳🐾 He’s my little companion, always ready for an adventure, and he definitely steals the show wherever we go! We soaked up the sun and enjoyed the fresh air—nature is a fantastic mood booster.
To wrap up the day, I had a virtual coffee chat with some friends. ☕️ It’s always uplifting to connect and share stories, making the day complete.
I’m always open to meeting new people and finding new activities to join, so feel free to reach out! Remember, diversity makes our world a richer place. Here’s to living fully and embracing every moment! 💖
#DisabilityAwareness #LivingLife #Art #Community #Inclusion #ServiceDogLove #EmbraceDiversity"
dis,"🌟 Hey everyone! 🌟 
I wanted to take a moment to introduce myself and share a bit of my day with you all. My name is Alex, and I live with a physical disability that affects my mobility. But that doesn't stop me from enjoying life to its fullest! 💪✨
Today was a really great day! I started my morning with a beautiful sunrise. 💖 I like to use a specialized app to track my movements, so I took a short stroll in the park nearby. Feeling the fresh air on my face and listening to the birds chirping is the perfect way to start the day!
After my walk, I joined a virtual art class 🎨. I love expressing myself through painting, and today's theme was ""Nature's Colors."" It was so refreshing to see everyone’s unique interpretations, and I can't wait to share my piece with you all once it’s finished!
In the afternoon, I tackled a recipe I’ve been wanting to try — homemade veggie tacos! 🌮 Cooking allows me to be creative in the kitchen, and I always enjoy experimenting with different flavors. Plus, it’s a great way to fuel my body for the day ahead!
To wrap up the day, I enjoyed a cozy movie night with my family. We chose a feel-good film and made some popcorn — a perfect way to wind down. 🍿🎬
Each day may come with its own challenges, but I believe it’s all about finding joy in the little moments. I’d love to hear about your day too! Let’s celebrate our unique experiences and keep uplifting each other. 💕
#DisabilityPride #LivingFully #EverydayAdventures #ArtAndCooking #CommunityLove"
dis,"🌟 Hey everyone! 🌟
I wanted to take a moment to introduce myself and share a bit about my day. I’m [Your Name], and I navigate the world with a disability that makes some things a little more challenging, but hey, life is all about finding joy in the journey, right? 💪✨
Today, I kicked things off with some morning mindfulness. I love to meditate to set a positive tone for the day. It's a wonderful way to stay grounded and grateful! 🧘‍♀️
After that, I ventured out to a local park with my trusty mobility aid. Nature is truly my happy place! I soaked in the fresh air, watched the leaves dance in the breeze, and even spotted some adorable squirrels. 🐿️🌳
Later in the afternoon, I tried my hand at some adaptive painting. It’s so freeing to express myself creatively, and I was thrilled with the colors I mixed—each one reminding me of the beauty in our differences. 🎨❤️
I ended my day with a cozy movie night at home, complete with my favorite snacks and a heartwarming film that made me smile. There’s something so comforting about winding down after a fulfilling day. 🍿🎬
Thanks for joining me on my little adventure today! I’d love to hear how you all spent your day too. Remember, every moment is worth celebrating, no matter how big or small! ✨💖 
#DisabilityAwareness #JoyInTheJourney #EverydayAdventures #LoveAndLight"
dis,"🌟 Hey everyone! 🌟 
I’m [Your Name], and I wanted to take a moment to introduce myself to this amazing community! I live with [briefly mention your disability, e.g., “a mobility challenge” or “a visual impairment”], but it doesn’t stop me from enjoying life to the fullest!
Today was a pretty great day! 😊 I started off with some gentle yoga at home, adapting the poses to suit my ability—stretching feels so good! 🧘‍♀️ After that, I decided to head out to my favorite local park. The weather was beautiful, and I love being surrounded by nature. 🌳 
Later, I met up with a couple of friends for lunch. We found a cozy spot that is super accessible, which made it even better! 🍽️ We spent hours laughing and catching up—it’s moments like these that make all the difference.
In the afternoon, I joined an online art class. 🎨 I’ve always loved painting, and it’s a fantastic way to express myself. Today, I tried my hand at watercolors for the first time, and while it was a bit messy, I really enjoyed the process!
Before winding down for the night, I read a few chapters of a book I’ve been enjoying lately. 📚 Books have a wonderful way of transporting us to different worlds, don’t you think?
Just a reminder that every day is an opportunity to find joy, connect with others, and express ourselves in ways that resonate with us. I’d love to hear about what you all did today! Let’s inspire each other! 💖
#DisabilityAwareness #EverydayJoy #InclusiveCommunity #ArtAndNature #LivingLifeFully"
dis,"🌟 Hey everyone! 🌟
I just wanted to take a moment to introduce myself and share a little bit about my day! My name is Alex, and I’m living with a disability that affects my mobility. But that doesn’t stop me from living life to the fullest!
Today was filled with some really rewarding activities! I started my morning with a virtual yoga class. It’s always a great way to connect with my body and mind, and I love that there are so many inclusive options available online.
After that, I spent some time in my garden. 🌱 I’ve been growing herbs and veggies, and it’s so fulfilling to see them flourish! Gardening is such a therapeutic activity for me, and it’s a reminder that even small things can bring joy.
In the afternoon, I joined an online support group for individuals with disabilities. It’s so inspiring to hear everyone’s stories and share experiences. We discussed some new accessible tech tools that can help us in our daily lives, which got me really excited!
Finally, I wrapped up my day by diving into a good book 📚—it took me to another world, and I loved every moment of it.
I know that my journey may look different, but every day brings new opportunities for connection, growth, and joy. I’d love to hear how you all spent your day too! 💚
#DisabilityPride #LivingFully #CommunitySupport #GardeningJoy #InclusiveYoga"
dis,"🌟 Hey everyone! 🌟
I just wanted to take a moment to introduce myself and share a bit about my day! My name is Alex, and I’m living with a disability that affects my mobility, but it definitely doesn’t stop me from enjoying life to the fullest! 💪✨
Today was a lovely day filled with some of my favorite activities. I started my morning with a delicious smoothie and some time in the garden. I love being outdoors, and I have a raised garden bed that’s perfect for me to tend to my plants! 🌼🌱 It’s such a joy to watch everything grow and bloom!
Next, I decided to dive into a new book I’ve been excited about. Reading is one of my favorite escapes, and I find it opens up so many worlds. Today, I got lost in a fantasy adventure that has me on the edge of my seat! 📚💖
Later in the afternoon, I joined a virtual art class specializing in watercolors. 🎨 It’s empowering to create and express myself through art, and I’m really enjoying the community of artists I’m connecting with! Plus, I love showing off my colorful creations!
To wrap up the day, I had a cozy movie night with my friends. We watched a classic rom-com that had us all laughing and reminiscing! It’s always heartwarming to spend time with loved ones, even if it's through screens sometimes. 🍿❤️
I’m grateful for the support and opportunities I have, and I love sharing my journey with you all. Every day is a new adventure, and I hope you find joy in the little things as well!
What's something special you did today? Share below! 😊👇 #LivingLife #DisabilityAwareness #JoyInEveryDay"
dis,"🌟 Hey everyone! 🌟
My name is Alex, and I’m excited to join this amazing community! I’m a passionate advocate for accessibility and inclusion, navigating life with a mobility impairment. I believe every barrier we break down brings us one step closer to a more inclusive world. 🌍❤️
I’m here to connect, share experiences, and learn from all of you! I’d love to hear your thoughts on something that’s been on my mind lately. What are some creative ways you’ve seen or implemented to make social events more accessible and enjoyable for everyone? 
Let’s inspire one another with our ideas and experiences! Looking forward to reading your suggestions! 🤗💬✨
#InclusionMatters #Accessibility #CommunitySupport"
dis,"🌟 Hi everyone! 🌟
My name is Alex, and I’m excited to be part of this amazing community! I have a disability that affects my mobility, and it's been quite the journey navigating the world around me. I’ve learned so much about resilience, creativity, and the importance of connection. 
I believe in the power of community and support, so I’d love to hear from you! What are some strategies or resources that have helped you in your daily life? Whether it's tips for accessibility, finding the right tools, or simply ways to stay motivated, I’d really appreciate any suggestions you might have!
Looking forward to connecting with all of you! 💙✨
#CommunitySupport #DisabilityAwareness #TogetherWeThrive"
dis,"🌟 Hey everyone! 🌟
I wanted to take a moment to introduce myself. My name is Alex, and I’m a proud member of our amazing community. I navigate life with a physical disability that presents its own unique challenges, but it’s also given me a fresh perspective on resilience and connection.
I love exploring new hobbies, advocating for accessibility, and meeting incredible people who share their stories and experiences. I’m always looking to learn and grow, and I truly believe in the power of community.
Today, I’d love to hear from you! What’s one tip or resource you’ve found incredibly helpful in navigating life with a disability? Whether it’s a favorite app, a support group, or just a piece of advice, I’d appreciate your insights!
Thank you for being a part of this journey with me. Let’s uplift and support one another! 💕
#DisabilityAwareness #CommunitySupport #Resilience #TogetherWeCan"
dis,"🌟 Hello everyone! 🌟
My name is Alex, and I'm excited to be part of this amazing community! I live with a physical disability that affects my mobility, but it hasn’t stopped me from pursuing my passions and connecting with wonderful people. I love sharing stories, finding new adventures (even if they look a little different than others), and advocating for accessibility in our everyday lives. 💪💖
Today, I’d love to hear from all of you! What’s one small change or adjustment you’ve made in your own lives or communities that has made a significant difference for those with disabilities? Whether it’s an app, a tool, or even just a mindset shift, I believe we can learn so much from one another.
Looking forward to your suggestions! Let's continue to spread awareness and support each other. 🌈✨
#DisabilityAwareness #CommunitySupport #AccessibleLiving"
dis,"🌟 Hi everyone! 🌟
My name is Alex, and I’m excited to join this amazing community! I’m a person with a disability and I’m passionate about connecting with others who share similar experiences. I believe that our stories and insights can empower one another and foster understanding.
Living with a disability has its challenges, but it has also taught me resilience and creativity in navigating everyday life. I love art, technology, and exploring accessible travel options, and I'm always eager to learn from others.
I’d love to hear from you all! What are some resources, activities, or tips that have made a positive impact in your life? Whether it's a great book, an app that helps in daily tasks, or a local organization that supports our community, I’m all ears! Let’s share our wisdom and lift each other up. 💙
Looking forward to your suggestions! 
#Community #DisabilityAwareness #TogetherWeCan"
dis,"🌟 Hello, everyone! 🌟
My name is Alex, and I’m excited to connect with all of you here! I’m a proud member of the disabled community and use a wheelchair due to a mobility impairment. I’m passionate about advocacy, accessibility, and raising awareness about the various challenges and triumphs we face every day. 💪💙
I believe in the power of conversation and community support, so I wanted to ask: What is one thing you wish people understood better about living with a disability? Or, if you have a suggestion for inclusive activities or resources that have made a positive impact in your life, I would love to hear about them!
Let’s share our experiences and uplift each other! 🙌
#DisabilityAwareness #Inclusion #CommunitySupport #TogetherWeRise"
dis,"🌟 Hi everyone! 🌟
My name is Alex, and I’m excited to join this incredible community. I live with a mobility impairment that sometimes makes everyday activities a bit more challenging, but it also fuels my passion for advocacy and connection. I love finding new ways to adapt and embrace life fully, whether it's through technology, community support, or sharing experiences.
I believe in the power of collaboration and exchanging ideas, so I wanted to reach out to all of you! What are some tools, apps, or tips that you’ve found helpful in navigating daily life? I’m eager to learn and would love to hear your suggestions!
Looking forward to connecting with all of you! 💬🤗 
#DisabilityCommunity #Inclusion #LifeHacks #TogetherWeRise"
dis,"🌟 Hey everyone! 🌟
My name is Alex, and I’m excited to join this wonderful community! I’m 28 years old and I navigate life using a wheelchair due to a spinal injury I sustained a few years ago. While it’s been a journey filled with challenges, I’ve also discovered amazing strengths and a new perspective on life.
I’m passionate about advocating for disability rights, accessible travel, and finding creative ways to stay active. I truly believe that our differences make us unique and that we can learn so much from each other’s experiences.
I’m reaching out today to ask for your suggestions: What are some of your favorite adaptive activities or resources that have helped you thrive? Whether it’s sports, hobbies, or support groups, I’d love to hear what works for you and what brings you joy! 💙
Looking forward to connecting with all of you! 🙌✨
#DisabilityCommunity #AdaptiveLiving #InclusionMatters"
dis,"🌟 Hello everyone! 🌟
My name is Alex, and I’m excited to join this wonderful community! I’m a person living with a disability, and I’m here to share my experiences and hopefully learn from all of you as well. I believe that our diverse perspectives can create amazing connections and foster support.
A little about me: I love art and storytelling, and I’m always looking for new ways to express myself. Navigating daily challenges can sometimes be tough, but I’m passionate about finding inspiration in the little things and advocating for inclusivity.
I’d love to hear from you all! What are some creative hobbies or activities that have brought you joy and fulfillment? Any tips or suggestions on how to stay motivated and inspired, especially on challenging days? Let’s support each other and share our stories! 💪❤️
Looking forward to connecting with you all! 
#CommunitySupport #DisabilityAwareness #Inspiration"
dis,"🌟 Hey everyone! 🌟
I’m [Your Name], and I’m excited to connect with you all! I’m living with [brief description of your disability, e.g., a mobility impairment, visual impairment, etc.], which has shaped my experiences and perspectives in unique ways. I love [share a hobby or interest, e.g., painting, reading, technology, advocacy] and am passionate about creating a more inclusive world for everyone.
As someone navigating daily challenges, I'm always looking for ways to improve my day-to-day experience. I’d love to hear from this amazing community! 💬 
What are some resources, tips, or self-care practices that you’ve found helpful in your journey? Or if you have a favorite book or podcast that uplifts and inspires you, please share! 
Looking forward to your suggestions and connecting with you all! ❤️✨ #DisabilityAwareness #CommunitySupport #InclusionMatters"
dis,"🌟 Hey everyone! 🌟
I just wanted to take a moment to introduce myself and share a bit about my day! My name is Alex, and I'm a proud advocate for inclusivity and accessibility. I live with a mobility disability, which brings its own set of challenges, but I try to approach life with a positive outlook and a sense of humor.
Today was particularly special as I attended a local community event focused on disability awareness and inclusion. It was inspiring to see so many people come together to share their stories, ideas, and experiences. We discussed the importance of creating spaces that are accessible not just in terms of physical infrastructure, but also in terms of mindset and attitude. 🏳️‍🌈✨
One of the highlights was hearing from a panel of incredible individuals who are trailblazers in their fields. They reminded us that everyone has a voice and a unique perspective, and it’s essential that we amplify those voices to create real change. 💪💖
I’m grateful to be part of a community that champions diversity and strives to make the world a more accepting place. Let's keep the conversation going and support each other in our journeys. Together, we can break down barriers and change perceptions! 
Looking forward to connecting with more of you and sharing our stories. Keep shining brightly! 🌈💫 
#DisabilityAwareness #Inclusivity #Community #LiveYourBestLife"
dis,"🌟 Hey everyone! 🌟
I hope you’re all having a wonderful day! My name is Alex, and I’m excited to connect with you all here. I’m a proud member of our community living with a disability that affects my mobility, but that’s just one part of who I am. I’m passionate about advocating for accessibility and inclusivity, and I love sharing my journey with others.
Today has been quite eventful! I attended a local town hall meeting discussing new initiatives for improving public spaces to make them more accessible for everyone. It was inspiring to see so many passionate voices come together to advocate for change. 💪
I believe that it’s essential for us to create environments where everyone feels safe, welcomed, and included. Accessibility isn’t just about physical spaces; it’s also about fostering understanding and compassion among us. Each of us has a unique perspective that adds to our community’s richness, and every voice matters! 🌈
I’d love to hear your thoughts on today’s events and any initiatives you've seen in your towns or cities aimed at promoting inclusivity. Let's keep the conversation going and work together for a more accessible future for all! 
Thanks for stopping by! 💖✨
#DisabilityAwareness #AccessibilityMatters #Community #Inclusivity #Advocacy"
dis,"🌟 Hey everyone! 🌟
I hope you’re all doing well! My name is Alex, and I’m excited to share a little bit about myself with you. I’m a proud advocate for inclusivity and accessibility, and I navigate the world using a wheelchair due to a spinal cord injury. 
Today was a particularly eventful day! I attended a community event focused on disability awareness and inclusion, and it was heartwarming to see so many people come together to share ideas and experiences. We discussed some incredible initiatives aimed at improving access to public spaces, which is so crucial for fostering a more inclusive society.
One of the highlights for me was meeting fellow advocates and hearing their stories. It’s always empowering to connect with others who are passionate about making change. 💪💙
I think it’s important for all of us to remember that each person’s journey is unique, and lifting each other up is key to creating an inclusive world. If you’re ever curious about disability experiences or ways to support your local community, please reach out! I’m always here to chat.
Let’s keep spreading awareness and love! 💖
#DisabilityAwareness #InclusionMatters #CommunityLove #AdvocacyInAction"
dis,"🌟 **Hello, everyone! 🌟**
I hope this post finds you well! My name is Alex, and I’m here to share a bit of my journey with you. I’m living with a disability that affects my mobility, but it doesn’t define me. I’m passionate about advocating for accessibility and inclusivity, and I love connecting with people from all walks of life.
Today has been quite a whirlwind. I attended a community event focused on disability awareness, and it was truly inspiring to see so many individuals come together to share their stories and insights. One of the highlights was a panel discussion where folks discussed the importance of accessible public spaces. It’s empowering to know that we’re making strides, but there’s still so much work to be done!
I was deeply moved by a young woman who shared her experience navigating a world that often overlooks the needs of people with disabilities. Her bravery and resilience reminded me of the incredible strength within all of us to push for change. 💪
Let’s keep the conversations going and continue to support one another. Remember, every small action can lead to significant change. If you have questions about accessibility or want to learn more about advocacy, feel free to reach out. Together, we can create a more inclusive world! 🌍❤️
#DisabilityAwareness #InclusionMatters #CommunitySupport #Advocacy"
dis,"🌟 Hello, everyone! 🌟
I hope you’re all having a wonderful day! My name is Jamie, and I’m excited to connect with you all here. I’m a proud advocate for disability rights and a passionate believer in the power of community. Living with a disability has shaped my perspective on life, and I’m here to share my journey, insights, and celebrate the everyday triumphs we all experience.
Today has been quite eventful! I attended a local rally focused on raising awareness about accessible public spaces. It was heartening to see so many people come together to support inclusion for everyone. 💖 It reminded me of the importance of using our voices to push for change, even when it feels daunting. 
I also encountered a few challenges today, like navigating some construction zones that didn’t prioritize accessibility. It can be frustrating, but it motivates me to keep advocating for improvements so that everyone can enjoy our community without barriers.
As I reflect on these events, I’m reminded of the incredible resilience within our community. Together, we can foster a world where every person, regardless of their abilities, feels empowered and included.
I’d love to hear your thoughts or stories about how you or someone you know has pushed for change or faced challenges. Let’s inspire each other! 💪✨
#DisabilityAwareness #InclusionMatters #CommunitySupport"
dis,"🌟 Hey everyone! 🌟
I wanted to take a moment to introduce myself and share a bit about my journey. My name is Alex, and I’m proud to identify as a person with a disability. Living with [insert your specific disability] has its challenges, but it has also given me a unique perspective on life and the strength to advocate for myself and others in our community.
Today was quite a day! I attended a local event that focused on disability awareness and inclusion. It was so uplifting to see so many individuals coming together to celebrate our differences and share our stories. 💪✨ The conversations I had with others reminded me of the power of community and the importance of solidarity. 
It's incredible to see how far we’ve come in terms of accessibility and representation, but there’s still so much work to be done. Let’s keep pushing for change, whether it’s in our workplaces, schools, or public spaces. Together, we can break barriers and create a world where everyone can thrive!
Thanks for taking the time to read my post. Let’s connect and continue to uplift each other. Feel free to share your own experiences below; I’d love to hear your stories! ❤️
#DisabilityAwareness #InclusionMatters #CommunitySupport"
dis,"🌟 Hey everyone! 🌟
I wanted to take a moment to introduce myself. My name is Alex, and I identify as a person with a disability. I navigate the world using a wheelchair, and my journey has taught me so much about resilience, community, and the importance of advocacy.
Today was an inspiring day for so many reasons! I attended a local event focused on accessibility and inclusion. It was amazing to see so many people coming together to raise awareness and make our community more welcoming for everyone, regardless of their abilities. 💪✨
One of the standout moments for me was hearing from a panel of activists who shared their stories and successes in driving change. It reminded me that our voices matter, and together, we can make a real difference. I’m grateful for every step we take toward a world where everyone can thrive!
Let’s continue the conversation about inclusion and accessibility. I’d love to hear your thoughts and experiences! How can we work together to create lasting change? 💬❤️
#InclusionMatters #DisabilityAwareness #Community #TogetherWeCan"
dis,"🌟 Hey everyone! 🌟
I wanted to take a moment to introduce myself. My name is Alex, and I’m a proud member of the disabled community. I use a wheelchair, which has shaped my perspective on life in so many meaningful ways. I believe that every day is an opportunity to challenge perceptions and break down barriers. 
Today was an eventful one! I attended a local community forum focused on accessibility in our city. It was inspiring to see so many passionate individuals come together to discuss how we can improve our public spaces and ensure everyone feels welcome. Listening to stories of resilience and hope reminded me just how strong our community is.
It’s vital to keep these conversations alive and advocate for change. Accessibility isn’t just a buzzword; it should be a standard we all strive for. I’m excited to see what the future holds as we work towards a more inclusive society where everyone can thrive.
Let’s continue to support each other and amplify disabled voices. 💪💙 What are your thoughts on accessibility in your area? Would love to hear from you!
#DisabilityAwareness #InclusionMatters #AccessibilityForAll"
dis,"🌟 Hey everyone! 🌟
I hope this post finds you well. My name is Alex, and I’m excited to connect with you all! As someone with a disability, I frequently navigate a world that often feels a little more challenging, but I'm passionate about sharing my journey and advocating for inclusivity and accessibility. 
Today was particularly eventful! I had the opportunity to participate in a local community event focused on disability awareness. It was inspiring to see conversations around accessibility gain momentum, and it was incredible to connect with others who share similar experiences and challenges. 
One of the highlights was a panel discussion where we talked about the importance of including disabled voices in conversations about policy changes. It reminded me how crucial it is to continue pushing for systemic change, not just for ourselves but for future generations. 💪✨
I believe that by sharing our stories and experiences, we can foster a deeper understanding and build a more inclusive society. Let's continue to lift each other up and advocate for a world that recognizes and celebrates our diverse abilities!
Looking forward to hearing your thoughts and experiences! 💬😊
#DisabilityAwareness #InclusionMatters #StrongerTogether #LiveYourTruth"
dis,"🌟 Hey everyone! My name is Alex, and I'm excited to connect with all of you! I'm a proud member of the disability community, and I navigate life with a mobility challenge that inspires me every day.
Today has been a whirlwind of emotions. I attended a community event focused on inclusivity and accessibility, and it was heartwarming to see so many people coming together to advocate for change. 🌍✨ It reminded me of the power we have when we unite our voices.
One of the highlights was hearing from local leaders about new initiatives aimed at making our spaces more accessible. It's moments like this that give me hope and motivate me to raise awareness about the importance of inclusivity for all. Remember, accessibility benefits everyone — it’s not just about physical spaces but also about attitudes and understanding.
If you're passionate about promoting inclusivity or have your own experiences to share, I’d love to hear from you. Together, we can make a difference! Let's keep this conversation going. 💬💖
#InclusionMatters #DisabilityAdvocacy #CommunitySupport #TogetherWeCan"
dis,"🌈 Hello everyone! 🌈
My name is Alex, and I wanted to take a moment to introduce myself and share a little about my journey with autism. I’m proud to be part of this vibrant community, and I believe our voices deserve to be heard.
Living with autism means that I see the world a bit differently than many people do. For me, patterns, details, and routines are incredibly important, and they often help me navigate everyday life. Sometimes, I experience sensory overload, which can be overwhelming. Bright lights, loud noises, or even strong smells can make things challenging. But on the flip side, I also find immense joy in the things that captivate me, whether it’s music, art, or a deep dive into a topic I’m passionate about.
One of the biggest challenges I face is social interaction. I can struggle with understanding social cues, and sometimes it feels like I’m trying to decode a language that everyone else speaks fluently. Conversations might not always flow easily for me, and I appreciate patience and understanding from those around me.
That said, I have some fantastic friends who embrace my quirks and love me just the way I am! I’ve learned that it’s okay to ask for help and communicate my needs. Advocacy is crucial, not just for me but for many others who share this experience. Education and awareness can make a world of difference!
I’m here to connect, share stories, and support one another. If you’re autistic or have a loved one on the spectrum, I’d love to hear your experiences too. Together, we can create a space of acceptance, understanding, and celebration of our unique perspectives.
Thanks for taking the time to read this! Looking forward to connecting with you! 💙✨
#AutismAwareness #Neurodiversity #Community #Acceptance"
dis,"🌟 Hello everyone! 🌟
I hope you’re all doing well. I wanted to take a moment to introduce myself and share a bit about my experiences as an individual on the autism spectrum.
My name is [Your Name], and I’m excited to connect with you all. Autism is a big part of my life, and it shapes how I see the world and interact with it. I often find myself experiencing things differently than those around me—sometimes in ways that are challenging, but often in ways that are beautiful and unique.
For me, sensory experiences can be overwhelming. A simple trip to the grocery store can feel like a whirlwind of sounds, lights, and smells. There are days when I struggle to process it all, and I might need a moment to step outside for fresh air or to find a quiet corner. But I’ve also learned to appreciate the soothing qualities of nature or the joy of my favorite music, which can help ground me when the world feels too intense.
Social situations can be tricky, too. I often find it challenging to read social cues and navigate conversations, which sometimes leads to misunderstandings or feeling left out. But I’ve found that being open and honest about my experiences can foster connection. I’m always looking for friends who accept me as I am, quirks and all!
On the flip side, my intense focus on certain interests has opened up incredible opportunities for me. I dive deep into subjects I love, whether it’s art, technology, or nature, and I find joy in sharing that passion with others. It’s amazing how those interests can spark meaningful conversations and friendships.
As I journey through life, I’m learning more about self-advocacy and the importance of embracing my identity. I want to encourage everyone to celebrate their differences and to foster understanding and acceptance. It’s important to create a space where everyone feels safe and valued.
Thank you for reading! If you have questions or want to share your own experiences, I’d love to hear from you. 💙 Let’s learn and grow together!
#AutismAwareness #DifferentNotLess #Neurodiversity #InclusionMatters"
dis,"🌟 Hello everyone! 🌟
I wanted to take a moment to introduce myself and share a little about my journey as a person with autism. My name is [Your Name], and I’m excited to create a space where we can learn from each other and support one another!
Living with autism means experiencing the world a bit differently. Some days, I navigate social situations with ease, while other days can feel overwhelming. I often find comfort in routines and predictability, which helps me manage anxiety. Sensory experiences can be intense—I might find certain sounds, lights, or textures really distracting or even painful.
One of my biggest challenges has been communication. Sometimes, expressing my thoughts and emotions can feel like trying to solve a puzzle without all the pieces. But I've discovered that writing helps me articulate my feelings better! I’m also lucky to have friends and family who make an effort to understand my perspective, and that means the world to me. 💙
On a more positive note, I have some amazing strengths! I tend to be detail-oriented and passionate about my interests. Whether it's diving deep into a favorite hobby or pursuing knowledge on a particular subject, I love diving in headfirst! 🧩✨
More than anything, I hope to raise awareness and foster understanding about the beautiful diversity within the autism spectrum. We all have unique experiences, and celebrating those differences can lead to greater connection and empathy.
Feel free to drop a comment or message if you’d like to chat or share your own experiences. Let’s break down barriers and embrace the beauty of our unique journeys together!
#AutismAwareness #AutismAcceptance #DifferentNotLess 🦋💜"
dis,"🌟 Hey everyone! 🌟
I wanted to take a moment to introduce myself and share a bit about my journey as a person with autism. My name is [Your Name], and I'm excited to connect with you all!
Living with autism means that my brain processes information a little differently. Some days, it feels like I’m in my own world, full of vibrant colors and sounds that may seem overwhelming to others. It's a unique perspective, and while it comes with its challenges, it’s also a source of creativity and strength.
One of my biggest challenges is social interaction. I sometimes struggle to understand social cues or engage in small talk, which can make me feel isolated in group settings. I’ve learned to embrace my communication style, though, and I appreciate deep, meaningful conversations more than surface-level chats.
I also have some sensory sensitivities—certain sounds, lights, or textures can be overwhelming for me. It’s like my senses are on high alert, and I often need to find quiet spaces or take breaks to recharge. I carry noise-canceling headphones with me to help manage this. If you see me wearing them, it’s not because I’m trying to be rude; it’s just my way of coping with the world around me.
On the bright side, my focus on interests can lead to deep knowledge and passion in certain areas. Whether it’s art, technology, or nature, I dive deep and love to share my enthusiasm with others. I’ve found my community through these interests, and it feels amazing to connect with others who share similar passions.
I'm sharing this not only to raise awareness about autism but also to remind anyone who may feel different that it's okay to be yourself. Embrace your uniqueness! Let's celebrate our differences and support one another in this vast and colorful world.
Feel free to reach out if you want to chat or if you have questions about my experiences. I’m looking forward to connecting with this wonderful community! 🤗💙
#AutismAwareness #AutisticPride #DifferentNotLess"
dis,"🌟 Hi everyone! 🌟 
I wanted to take a moment to introduce myself and share a little bit about my life as a person on the autism spectrum. My name is [Your Name], and I'm excited to connect with all of you!
Living with autism is a unique journey filled with both challenges and incredible moments of joy. I experience the world a bit differently: sometimes it's overwhelming, with noises and bright lights feeling like they're cranked up to the max. Other times, it’s like I have a superpower—being able to focus deeply on the things I love, whether that’s art, music, or learning about new topics.
I often find social situations to be a bit tricky. Small talk can be tough, and I might struggle to read body language, so if I ever seem quiet or distant, please know that I value your presence. Sometimes I just need a little more time to process everything. 
However, I also have strengths that I embrace. My passion for [insert a hobby or field of interest] has allowed me to dive deep and develop skills that I’m truly proud of. I love connecting with others who share similar interests, as it creates a comfortable space where I can express myself fully.
I believe it’s important to raise awareness about autism and its diverse representation. Each person on the spectrum has their own story, their own strengths, and their own challenges. I hope by sharing my experience, I can help foster understanding and acceptance.
I’m here to share, learn, and connect, and I hope you’ll join me on this journey! Feel free to ask me questions or share your own experiences. Let’s spread kindness and support for one another. 💙 
#AutismAwareness #Neurodiversity #AutismAcceptance"
dis,"🌟 Hi everyone! 🌟
I wanted to take a moment to introduce myself and share a bit about my life with autism. My name is [Your Name], and I’m excited to connect with this amazing community!
Living with autism has shaped who I am in many ways. It’s not always easy, but it has given me a unique perspective on the world around me. I see details that others might miss, and I can dive deep into my interests, which can be really rewarding!
One of the biggest challenges I face is sensory overload. Crowded places, loud noises, or even strong smells can be overwhelming. I’ve learned some coping strategies, like using noise-canceling headphones or finding quiet spaces to recharge. It’s all about finding what works for me.
Social interactions can also be tricky. Sometimes I struggle with reading social cues or knowing how to start conversations. But I’m working on it! I’ve found that being open about my experiences helps others understand me better and fosters connection.
I’m passionate about spreading awareness and acceptance for people on the autism spectrum. It’s important to me that everyone knows we are all unique and deserve to be seen for who we are, beyond our diagnoses.
If you’re someone with autism, I’d love to hear your stories too! Let’s celebrate our differences and support one another. Thank you for taking the time to read this!
💙 [Your Name] 💙 #AutismAcceptance #Neurodiversity #JustBeYou"
dis,"🌟 Hello, everyone! 🌟
My name is Alex, and I wanted to take a moment to introduce myself and share a bit about my experiences as someone on the autism spectrum.
Being autistic means that I experience the world in a unique way. Sometimes, the simplest things can be overwhelming for me—like bright lights, loud sounds, or even crowded places. I often find solace in routines and familiar environments, as they provide a sense of comfort in a world that can sometimes feel chaotic.
One thing I’ve learned about myself is that I have a deep passion for [insert interest/hobby, e.g., drawing, coding, animals]. Engaging in activities that I love helps me express who I am and connects me with others who share similar interests! When I’m involved in my passion, I can lose track of time and feel truly in my element.
However, I also face challenges. Social interactions can be tough for me and sometimes leave me feeling exhausted. I often struggle to interpret social cues, which can lead to misunderstandings. But I'm learning that it’s okay to take breaks and recharge when I need to. It’s important to advocate for myself and let others know how I feel.
I believe that sharing our stories is a powerful way to foster understanding and acceptance. If you ever have questions about autism, feel free to ask! I’m always more than happy to chat and share insights. 🌈
Thank you for taking the time to read my post. Let’s continue to create a more inclusive world for everyone, no matter how they experience it! ❤️
#AutismAcceptance #DifferentNotLess #Neurodiversity #InclusionMatters"
dis,"🌟 Hello, everyone! 🌟
My name is [Your Name], and I’m excited to share a little about myself and my experiences as an autistic person. Autism can often be misunderstood, but I believe that by opening up, we can create a more inclusive world together. 
I’m passionate about [Your Interests/Hobbies], and I love [specific activities you enjoy]. These activities help me express my creativity and connect with what I love deeply. Sometimes, navigating social situations can be challenging for me. I might struggle with eye contact, small talk, or interpreting social cues. But that doesn’t mean I don’t want to connect! I appreciate patience, understanding, and clear communication.
Daily life can feel like a whirlwind of sensations, and I often experience the world in a more intense way. Bright lights, loud sounds, and busy environments can be overwhelming, leading me to seek quieter spaces or sensory breaks. It’s not out of rudeness; it’s just my way of managing what can feel like a sensory overload at times.
One of my biggest challenges is anxiety—sometimes I feel like I’m walking a tightrope, trying to balance my desire for social interaction with the need for downtime. I’m learning how to advocate for myself and create boundaries that help me thrive while also making meaningful connections.
Autism is a big part of who I am, shaping my perspective in unique ways. I believe we all have something valuable to contribute, and I’m here to share my journey in hopes of connecting with others and fostering understanding. 🌈
If you have questions or want to chat, I’d love to hear from you! Together, let’s celebrate our differences and promote awareness. 
#AutismAwareness #Neurodiversity #Acceptance #Inclusion ✨"
dis,"🌟 Hello, everyone! 🌟
I wanted to take a moment to introduce myself and share a bit about my life as a person with autism. My name is [Your Name], and I’m excited to connect with all of you!
Living with autism means that I experience the world a little differently. Some days are filled with overwhelming sensory input, like bright lights and loud sounds, which can be quite challenging. I sometimes struggle with social interactions, too. Small talk can feel a bit like a puzzle that I’m still trying to solve.
But it’s not all challenges! There are wonderful aspects of being autistic that I love to celebrate. I have a deep passion for [insert your interests or hobbies, like art, science, music, or technology] and find immense joy in immersing myself in these interests. I often notice details that others might miss, which can lead to creative insights and unique perspectives.
Creating a safe and understanding environment is really important to me, and I’m always open to conversations about how we can better support each other. Every person on the autism spectrum is different, and our experiences vary widely. I believe that sharing our stories can foster empathy and break down stereotypes.
Thank you for taking the time to read this! I’m looking forward to connecting with you all and learning from your experiences, too. Let’s celebrate our differences and support one another in this journey! 💙✨
#AutismAwareness #Neurodiversity #InclusionMatters #DifferentNotLess"
dis,"🌟 Hi everyone! 🌟
I wanted to take a moment to introduce myself and share a little about my life as a person on the autism spectrum. My name is [Your Name], and I’m excited to connect with others who might have similar experiences or are simply interested in learning more about autism. 
Living with autism has its challenges and joys. I often find that my brain processes the world differently—sounds may feel louder, lights brighter, and sometimes social situations can be overwhelming. Simple conversations can become difficult to navigate, and I might struggle to understand nonverbal cues or sarcasm. However, this unique perspective also helps me see things in ways that others might not. I have a deep passion for [insert interests or hobbies, e.g., art, technology, nature], and I often dive into my interests with incredible focus and enthusiasm. 
One of the biggest challenges I face is the stigma that sometimes surrounds autism. People often have preconceived notions about what it means to be autistic, and it can be tough to break those stereotypes. I want to remind everyone that autism is a spectrum; it looks different for each person, and we all have our own strengths and struggles. 
I have learned the importance of self-advocacy and understanding my own needs. For me, this means creating quiet spaces when I feel overwhelmed or communicating my needs to friends and family. It’s a journey of discovery that I'm still on. 
I believe in the power of community support and understanding. I’m here to connect, share, and learn from each other—whether you’re autistic, know someone who is, or are just curious about the experience. Let's build a space where we can celebrate our differences and support each other! 💙
Feel free to reach out or share your own stories if you're comfortable. Together, we can create a more inclusive world! 
#AutismAwareness #Neurodiversity #CommunitySupport"
dis,"🌟 Hello everyone! 🌟
I wanted to take a moment to introduce myself and share a little about my day. My name is [Your Name], and I'm on the autism spectrum. Each day brings its own unique experiences, and today was no exception!
This morning started off a bit overwhelming. The sounds of the bustling city felt more intense than usual, and I found myself seeking a quiet corner to recharge. I often experience sensory overload, but finding a calm spot helped me breathe a little easier.
I spent some time doing what I love: painting. 🖌️ Colors and textures are my way of expressing emotions that sometimes feel too big to put into words. While painting, I felt a mix of joy and peace—like I was in my own little world where everything made sense.
Later, I had a lovely conversation with a friend who really understands me. It reminded me how important it is to connect with others who accept and appreciate my unique perspective. 🤝 I felt understood and supported, which lifted my spirits immensely.
Each day is a journey, with ups and downs, and I’m learning to embrace it all. Thank you for allowing me to share a glimpse into my life! I’d love to hear from others about your experiences too. 💙
Take care, everyone! ✨
#AutismAwareness #DifferentNotLess #SharingMyJourney"
dis,"🌈 Hi everyone! My name is Alex, and I wanted to take a moment to introduce myself and share a bit of my day with you. I’m autistic, and that means I experience the world in a unique way that comes with both challenges and beautiful moments.
Today started off a bit overwhelming for me. I woke up to the sound of construction outside my window, and it took a while for me to find my calm. Loud noises can be really hard for me to manage, and I often find it difficult to concentrate when there’s chaos around me.
However, after a little while, I found my peace by putting on my favorite noise-canceling headphones and diving into a book. 📚 The story took me to another world, and I felt a wave of relief wash over me. It’s amazing how literature can transport me away from stress and into comfort.
Later, I spent some time in nature. 🌳 I love being outside, especially in quiet parks where I can hear the rustle of leaves and watch the clouds drift by. I felt a sense of connection with everything around me, and it made me incredibly happy. 
I also had a few moments of anxiety while chatting with someone new today. Social interactions can sometimes feel like navigating a maze, where I might miss a cue or say something awkward. But I reminded myself that it’s okay to be different, and I hope to keep improving my social skills over time.
So, here I am, sharing my ups and downs with you. Thank you for taking the time to read this! 💙 I would love to hear your stories and experiences too. Let’s continue to support one another! 
#AutismAwareness #Neurodiversity #MyJourney 🌟"
dis,"🌟 Hi everyone! 🌟
I’m [Name], and I’m excited to introduce myself! I’m on the autism spectrum, and I wanted to share a bit about my day and how I’m feeling.
Today was a mix of emotions for me. I woke up feeling a bit anxious because I had to go to a new place that I’ve never been to before. Change can be really hard for me sometimes, and my mind often races with ""what ifs."" But as the day went on, I took a deep breath and reminded myself that I could handle it. 
When I arrived, I noticed all the new sounds and sights around me. It felt overwhelming at first – the chatter, the bright lights, the bustling people – but I focused on one thing at a time. I found a little corner where I could collect my thoughts, and that helped ease my mind. 🌈
I also had some really great moments! I met someone new who shared my interest in [insert interest, like video games, art, etc.]. It felt amazing to connect with someone who understood me. Being able to share my passion made me feel proud and excited! 🥳
Today reminded me that it’s okay to feel a mix of emotions. Sometimes things can be really tough, but there are also beautiful moments of connection. I’m learning to embrace both sides and to take things one step at a time.
Thank you for taking the time to read this! 💙 I’d love to hear about your day too! 
#AutismAwareness #Emotions #Connection #OneStepAtATime"
dis,"🌈 Hey everyone! 🌈
I wanted to take a moment to introduce myself and share a bit about my day. My name is Alex, and I’m autistic. I'm really excited to connect with all of you! 💙
Today was a bit of a rollercoaster for me. I started the day feeling pretty good, but as I got ready, I felt that familiar wave of anxiety creeping in. It’s like my brain was buzzing with a million thoughts at once. I often have to prepare myself for the outside world, which can be overwhelming sometimes. 
When I went out for a walk, I was greeted by a burst of colors and sounds. I love being outside, but the noises—cars, people chatting, birds chirping—can be a lot to handle. I felt that mix of excitement and a hint of overstimulation. I tried focusing on my breathing to calm down, and it really helped! 🌬️
I also had a beautiful moment today when I spotted a huge rainbow in the sky after a brief rain. It reminded me that even after tough moments, something beautiful can emerge. 🌈✨ I felt a sense of joy and peace wash over me, and I couldn’t help but smile!
I want to remind everyone that it’s okay to feel a spectrum of emotions. We all have our ups and downs, and if you're ever feeling overwhelmed, just know that it’s perfectly valid. Let's support each other on our journeys! 
Feel free to share your own experiences, I’d love to hear from you! 💖 
#AutismAwareness #BeYourself #Emotions #Connection"
dis,"🌟 Hello, everyone! 🌟
My name is Alex, and I'm excited to share a little bit about myself with you today! As someone on the autism spectrum, I often experience the world in a unique way, and I think it's important to share the emotions that come with that.
Today has been a bit of a rollercoaster for me. I woke up feeling a sense of hope and curiosity about the day ahead. I spent some time in my favorite quiet corner, surrounded by my collection of books and sketches, and that brought me a sense of calm and comfort. 📚✨
But as I went through the day, I found myself feeling overwhelmed during a trip to the grocery store. The bright lights, the beeping carts, and the chatter of many people created a bit of sensory overload. It made me feel anxious, and I needed to take a moment outside to breathe and regroup. 🌈💭
After that, I returned home and dove into my art, which always helps me express what I'm feeling. The colors and shapes allow me to communicate when words are hard to find. 🎨❤️
So, I guess today reminded me of the importance of self-care and finding balance. It’s perfectly okay to have ups and downs and to seek comfort in the things we love. 💖
Thanks for letting me share my thoughts! I hope everyone has a wonderful day. Remember to be kind to yourself—it's a journey we're all on together. 🌍💙
#AutismAwareness #Emotions #SelfExpression #BeKind"
dis,"🌈 Hey everyone! 🌈
I just wanted to take a moment to introduce myself. I’m [Your Name], and I’m on the autism spectrum. I’m excited to connect with you all and share my experiences!
Today was a bit of a rollercoaster for me. I woke up feeling a little anxious - mornings can be tough with all the sensory overload from sounds and lights. But then, I found a moment of calm when I listened to my favorite music. Music often helps me find my center and brings me so much joy!
Later, I had a social meetup with some friends. Honestly, I was a bit nervous at first. Social situations can be overwhelming, and I sometimes worry about saying the wrong thing. But my friends are really understanding, and once I got into the groove, I felt more relaxed and was able to have fun! 😊
As the day went on, I experienced some sensory overload while walking through a busy area. It was a bit too much for me, and I felt overwhelmed by the noises and the crowd. I took a moment to step away, breathe, and find a quieter spot. It reminded me how important it is to listen to my needs and take breaks when I need them.
Overall, I’m grateful for the people in my life who understand and support me. Each day brings its own challenges and joys, and I’m learning to embrace both. 💙
Thanks for letting me share a glimpse into my day! I’d love to hear from others about your experiences too. Let’s keep the conversation going! 
#AutismAwareness #Neurodiversity #EverydayLife #Connection"
dis,"🌟 Hi everyone! 🌟
I wanted to take a moment to introduce myself and share a little bit about my day. My name is Alex, and I’m navigating the world with autism. It’s a unique journey filled with both challenges and beautiful moments.
Today was a mixed bag of emotions for me. I started the day feeling anxious, as mornings can be overwhelming with all the sensory stimuli—sounds, lights, and even smells can be a lot to handle. I took some time to breathe and listen to my favorite calming music, which really helped me find my center. 🎧✨
As the day went on, I experienced some joy while working on a project that I’m really passionate about. When I dive into something I love, it feels like time stands still, and I can express myself freely. That sense of accomplishment boosts my mood and makes me feel proud. 🌈
However, I also faced some moments of frustration when I struggled to communicate my thoughts clearly. It can be hard when words don’t come out the way I want them to. I remind myself that it’s okay to take a break, and I often find solace in writing or drawing to express myself instead. 🖊️🖼️
I’m learning that every day comes with its own set of emotions—some high, some low—and that’s completely normal. Finding a balance is key, and I’m grateful for the supportive people in my life who help me navigate these feelings. 🤗💕
Thank you for letting me share a glimpse into my world! I’d love to hear about your experiences as well. Let’s spread understanding and acceptance together! 💖✨
#AutismAwareness #EverydayEmotions #CelebrateDifferences"
dis,"🌟 Hey everyone! 🌟
I wanted to take a moment to introduce myself and share a bit about my day. My name is Alex, and I’m on the autism spectrum. I know everyone has their own unique experiences, but I thought it might be nice to share mine. 
Today was a mixed bag of emotions for me. I started the day feeling really excited about my favorite hobby—art! 🎨 I spent some time sketching and lost myself in the colors and shapes, which made me feel calm and happy. There’s something magical about creating something from nothing that always lifts my spirits. 
But as the day went on, I felt a wave of anxiety wash over me. I had to go to a small gathering with some friends, and even though I was looking forward to seeing them, the thought of socializing made my heart race. 😰 Crowds and loud noises can be overwhelming sometimes, and I often struggle to find the right words to share what I’m feeling. 
Despite those anxious moments, I reminded myself to take deep breaths and focus on the things that bring me joy. I connected with a couple of friends who really understand me, which helped ease my worries. 💞 
At the end of the day, I’m grateful for the moments of peace I found, even when things felt a bit chaotic. It’s okay to have ups and downs, and it’s important for me to acknowledge both. 
Thanks for letting me share a piece of my world with you! I’d love to hear about your day too! 😊💬 
#AutismAwareness #Emotions #ArtTherapy #MentalHealthMatters"
dis,"🌟 Hey everyone! 🌟
I just wanted to take a moment to introduce myself and share a little bit about my day. My name is [Your Name], and I’m part of the autism community. Sometimes, I find it challenging to express my thoughts and feelings, but I want to give it a try!
Today was a mix of emotions. I woke up feeling excited but also a little anxious. Mornings can be overwhelming with all the sounds and sights, and it takes me some time to find my balance. After my routine, I felt a sense of calm wash over me when I got to dive into my favorite book. 📚 That’s one of the best feelings – getting lost in a world of imagination where everything makes sense.
But then, around midday, I faced some sensory overload. There was a loud construction noise outside, and it really took a toll on me. 😟 I felt like I couldn’t escape it, and my heart raced. I found a quiet space to breathe and collect my thoughts – and I was reminded of the importance of taking breaks and treating myself with kindness.
Later, I connected with a few friends online who share similar experiences, and that brought me so much joy! 😊 We talked about our shared interests and supported each other. It’s amazing to find people who really understand, and I felt a sense of belonging that brightened my day. 
So, here I am, just a person navigating life with unique perspectives. 🌈 Every day is a journey filled with ups and downs, and I’m learning to embrace every moment. Thank you for reading, and I hope to connect with more of you! 💙
#AutismAcceptance #EverydayLife #EmotionsMatter"
dis,"🌟 Hey everyone! 🌟
I wanted to take a moment to introduce myself and share a bit about my day. I’m [Your Name], and I’m neurodivergent. Being on the autism spectrum means I experience the world a little differently, and that shapes how I see things, interact with others, and manage my emotions. 🌈
Today was a mixed bag of feelings. I had moments of excitement when I was working on my latest project – I love diving into things I’m passionate about! The hyperfocus can be really intense sometimes, and I felt a sense of accomplishment when I saw my ideas come to life. 🎨✨
But there were also moments of overwhelm. Crowds or sudden noises can be challenging for me. I felt a wave of anxiety wash over me when I encountered a busy environment earlier today. It’s hard to put into words how much that can affect me. I took a step back, found a quiet spot, and practiced some deep breathing. 🌬️🧘‍♂️
I’m learning to embrace these highs and lows. It’s okay to feel overwhelmed, and it’s okay to seek out the things that bring me joy. I want to encourage anyone who feels different to celebrate their uniqueness. Let’s support each other in this journey and share our stories! 💖
Thanks for reading! I’d love to connect and hear about your experiences too. 😊
#Neurodiversity #AutismAcceptance #Emotions #Let’sConnect"
dis,"🌟 Hey everyone! 🌟
I wanted to take a moment to introduce myself and share a little of what goes on in my mind. My name is Alex, and I’m on the autism spectrum. I know that everyone experiences the world in their own unique way, and I wanted to give you a peek into mine. 💙✨
Today was a bit of a whirlwind! I spent the morning at a local park where I love to watch the ducks and listen to the sounds of nature. 🌳🐦 The way the light dances on the water is mesmerizing to me; I could sit there for hours! It’s a peaceful escape from the hectic noise of everyday life.
This afternoon, I got caught in a daydream about my favorite books and the incredible worlds they take me to. 📚 I often find myself imagining different endings or character journeys - it's like creating a movie in my mind! Sometimes, I wish I could share that experience with others, but it's hard to put those thoughts into words.
One challenge I faced today was a sudden change in plans. 😮 An event I was looking forward to got canceled, and I felt a wave of frustration and disappointment. It’s hard when I build up excitement around something, and then it falls through. I’m learning to embrace flexibility, but it’s definitely a work in progress. 
I always appreciate the little things more deeply. Whether it’s a gentle breeze or the scent of fresh coffee, these moments can brightening my day. ☕️💕
I’m excited to connect with others and share experiences, thoughts, and stories! Let’s keep the conversation going. What’s a moment that brought you joy today? 🌈✨
#AutismAwareness #EverydayMoments #UniquePerspectives #ConnectingThroughStories 💙"
dis,"🌟 Hey everyone! 🌟
I wanted to take a moment to introduce myself and share some thoughts I’ve been having lately. My name is [Your Name], and I’m on the autism spectrum. I think it’s important to break down barriers and create understanding, so here’s a little glimpse into my world!
Today was a mixed bag of emotions and observations. I spent a lot of time in my own head, which might sound strange, but that’s where I feel most comfortable. I often think about how people experience life differently. The sounds, the lights, the social interactions—they can be overwhelming! Sometimes I just need to take a step back and recharge.
I also had a moment today where I noticed a small detail that others might overlook. On my walk, I saw a tiny flower growing through a crack in the sidewalk. It struck me as such a powerful reminder of resilience and beauty. 🌼 It’s like, even in the most unexpected places, life finds a way to flourish. I love finding beauty in little things like that!
I’m also learning to embrace my unique way of thinking. Sometimes, it feels like I see the world through a different lens. I find joy in my special interests, like [insert special interest], and it’s amazing how deep I can dive into them. If you’re curious, I’d love to share more!
I hope this post helps you understand a bit more about who I am. If you have any questions or just want to chat, feel free to reach out! Let’s spread kindness and understanding. 💙
#AutismAwareness #DifferentNotLess #EmbraceDiversity"
dis,"🌟 Hey everyone! 🌟
I wanted to take a moment to introduce myself. My name is Alex, and I identify as a person with autism. I thought it would be nice to share a little about my day and how I experience the world.
Today was a mix of interesting thoughts and feelings. I spent some time in my favorite coffee shop, where I always find comfort in the familiar sounds of the espresso machine and the smell of fresh coffee. Sometimes, the hustle and bustle can be overwhelming, but I try to focus on the little things that bring me joy. 
I watched people as they engaged in conversation, and it made me think about how I often feel like an observer in social situations. I love listening to different voices and imagining the stories behind their smiles and laughter. At the same time, I sometimes struggle with making connections. But that’s okay! I believe everyone has their unique way of communicating and connecting.
Later, I took a walk in the nearby park. Being in nature always helps me feel grounded. I noticed the vibrant colors of the leaves changing and how the sunlight made everything feel a little magical. It reminded me how important it is to take breaks and recharge.
I’ve been reflecting on the beauty of our differences. I embrace my quirks and the way I think—sometimes in patterns, sometimes in colors, and often in deep thoughts that swirl around like leaves in the wind. It can be challenging, but it also gives me a unique perspective on life.
Thanks for taking the time to read my thoughts! I would love to hear about your day or any thoughts you have on the little things that bring you joy. 💜
#AutismAcceptance #DifferentNotLess #EmbraceDifferences #MyPerspective"
dis,"🌟 Hello, everyone! 🌟
I’d like to take a moment to introduce myself. My name is Alex, and I’m excited to share a little bit about who I am and how I see the world. I’m on the autism spectrum, which means I experience things a bit differently than some others. My mind works in its unique way, and I often find beauty and meaning in details that go unnoticed.
Today was a day full of thoughts and reflections. I spent some time outside, enjoying the fresh air. 🌳 I noticed the way the leaves rustled softly in the breeze, creating a rhythm that I found calming. The patterns they formed against the sky made me think about how each of us is uniquely patterned in our own lives, with our own stories to tell.
I also listened to some music today. 🎶 Music has a special place in my heart. It can express what words sometimes cannot. I love getting lost in melodies and paying attention to every instrument, every note. It’s like a vibrant conversation happening all around me.
Sometimes, my thoughts can feel overwhelming, like a never-ending stream. 💭 I often wonder how to navigate conversations and social interactions. I crave connection, but I sometimes struggle to find the right words or understanding. That’s why I value spaces like this, where I can express myself authentically and hopefully connect with others who feel the same way.
I’m here to share my journey and learn from yours. I invite you to join me in celebrating our differences and understanding each other better. Let’s create a community where everyone feels welcome and valued! 💙
What thoughts have you been having today? I’d love to hear from you!
#AutismAwareness #EmbraceDifferences #LetsConnect"
dis,"🌟 Hey everyone! 🌟
I wanted to take a moment to introduce myself and share some thoughts I had today. My name is Alex, and I’m on the autism spectrum. I’ve always believed that being different is something to be celebrated, and I hope this post helps you see a little bit of my world!
Today was a mix of emotions and thoughts, which is pretty typical for me. I spent some time in my favorite spot at home—my cozy reading nook. I love diving into books, especially fantasy novels! They take me to places where anything is possible, and it’s a nice escape from everyday life. 📚✨
I also had a moment of overwhelm today. Sometimes, bright lights and loud noises can feel a bit too much for me. When that happens, I find it helpful to take a sensory break with my noise-canceling headphones and a calming playlist. 🎧 Music is like a hug for my brain!
Another thing I thought about was connection. I sometimes struggle with small talk, but I really enjoy deep conversations about things that matter. If you ever want to chat about your interests or share ideas, I’m all in! I believe that understanding each other makes the world a better place.
Lastly, I want to remind everyone: it’s okay to be different! Each one of us has our unique quirks, and that’s what makes us special. Let’s celebrate our differences together! 🌈💖
Thanks for reading my little update. If you want to learn more or share your own thoughts, I’d love to hear from you! 😊
#AutismAwareness #BeYourself #CelebrateDifferences"
dis,"🌟 Hi everyone! 🌟
I wanted to take a moment to introduce myself and share a little bit about my thoughts today. My name is Alex, and I am on the autism spectrum. I often see the world differently, and I’m learning how to embrace that uniqueness every day. 💙
Today, I found myself thinking a lot about how sensory experiences can be so vivid for me. This morning, as I stepped outside, the sound of the leaves rustling in the wind felt like music. 🎶 I closed my eyes to really focus on it, and for a moment, I was lost in that peaceful rhythm. It's incredible how nature can create such a symphony if you take a moment to listen!
But as the day went on, I also noticed how overwhelming busy places can be. While I love the energy of crowded spaces, the bright lights and loud noises sometimes make it hard to think clearly. 😅 I try to find quiet corners where I can recharge, and today I found a lovely little bench in the park that helped me reset.
I’m also really passionate about [insert hobby or interest here], and I love how it allows me to connect with others who share the same enthusiasm, even if it’s just online! 🖥️ I’d love to hear about your interests too—what are you passionate about?
Thank you for reading! I’m excited to connect and share more about my journey. Remember, everyone’s experience is valid, and it’s okay to be different. Let’s celebrate our unique perspectives together! 🌈
#AutismAwareness #DifferentNotLess #EmbraceUniqueness"
dis,"🌟 Hello, everyone! 🌟 
My name is Alex, and I’m excited to share a little bit about myself and the thoughts I had today! I’m someone on the autism spectrum, and while I see the world a bit differently, I embrace my unique perspective and the way I experience life. 
Today was a day of contrasts for me. I got up early and watched the sunrise—it’s one of my favorite things to do. The way the colors of the sky blend together is mesmerizing. It makes me feel a sense of calm and reminds me that every day is a new beginning. 🌅
Later, I spent some time at the library, surrounded by books. There’s something magical about getting lost in stories—they take me to places I can only dream of. I often find peace in the pages, even when the world feels a bit overwhelming. I had a thought while reading: stories can help us connect, even if our experiences are different.
I also wanted to share something that I’ve reflected on this week: communication can be challenging for me, and sometimes I struggle to express my thoughts in the moment. But I’ve learned that it’s okay to take my time and that my voice matters, no matter how I choose to share it. 🗣️💕
If you’re someone who is also on the spectrum or if you know someone who is, I want to remind you that your feelings, your experiences, and your thoughts are valid. We all have our own ways of navigating this world, and that’s what makes us unique and beautiful!
Thanks for reading, and feel free to say hi or share your thoughts! Let’s connect and support each other. 💙✨ 
#AutismAcceptance #Neurodiversity #UniquePerspectives #Community"
dis,"🌟 Hi everyone! My name is Alex, and I just wanted to take a moment to introduce myself and share some thoughts from today. I’m on the autism spectrum, and I often see the world a little differently, which is kinda cool in its own way!
Today, I took a walk in the park. It’s one of my favorite places because there’s so much to notice — the colors of the leaves, the sound of birds singing, and even the patterns in the clouds. I find beauty in details that some people might overlook. 💚🌳
Lately, I’ve been thinking a lot about how everyone experiences emotions and interactions uniquely. Conversations can sometimes feel overwhelming for me, with so many social cues and expectations to navigate. But I really value honesty and connection! I appreciate when people take the time to engage with me genuinely, even if it’s in a way that feels a bit different.
If you’re open to it, I’d love to hear about your day too! What little things brought you joy? And if you have any questions about my experiences or how I see the world, I’m here to chat! Let’s celebrate our differences together. ✨
#AutismAwareness #DifferentButSimilar #ConnectionMatters"
dis,"🌈 Hi everyone! I wanted to take a moment to introduce myself and share a little about my day. My name is Alex, and I’m autistic. I see the world a bit differently, and I think it’s pretty cool! 
Today, I spent some time in my favorite park. Nature has a way of helping me feel calm and happy. 🍃 I love the sound of the leaves rustling in the wind and the feel of the sun on my skin. Sometimes I like to focus on small details, like how each leaf has its own unique shape, or the way the sunlight sparkles on the water. 🌊 
I also had some interesting thoughts while sitting on a bench. I reflected on how often people rush through life, and I wish more folks would take a moment to just *be*. There’s so much beauty in the little things that we often overlook! 
At the same time, I sometimes feel overwhelmed in social situations, and today was one of those days. I tried joining a group of people who were chatting, but the noise and the fast-paced conversation made it hard for me to keep up. I decided to step away for a bit and find a quieter spot instead, where I could breathe and recharge. It’s okay to take a break when I need it! 😌
I believe that sharing our experiences can help build understanding, so I’m excited to connect with others who have similar thoughts or experiences. Feel free to reach out—I'd love to hear from you! 💬✨ 
#AutismAwareness #EmbraceDifferences #NatureLover #DeepThoughts #BeYourself"
dis,"🌟 Hey everyone! 🌟
I wanted to take a moment to introduce myself. I’m [Your Name], and I’m excited to share a bit about my world with you. I’m on the autism spectrum, and while that may make me see things a little differently from others, I believe that different perspectives can bring so much to the table! 
Today was a mix of thoughts and experiences. I started my morning with my favorite routine — a warm cup of tea and some time with my plants. There’s something calming about taking care of them; it feels like a little reminder that growth happens at its own pace, just like me. 🌱
As I went about my day, I found myself noticing the small details around me. The way light reflects off water, the sound of leaves rustling in the wind, and even the patterns of shadows on the pavement. I often get lost in these little moments, and they bring me so much joy. ✨
But there were some challenges too. I attended a social gathering and felt a bit overwhelmed by all the noise and conversations happening at once. I tried my best to engage, but I also needed to step outside for a few moments to recharge. Taking breaks is essential for me, and I’ve learned to listen to what I need, even when it feels a bit different from what others might expect. 🌈
I’ve realized that being true to myself is really important, and I hope to create spaces where everyone, no matter how they communicate or connect, feels seen and valued. 
Thank you for letting me share a little glimpse into my day! I’d love to hear from you — what small moments brought you joy today? 💬💖
#AutismAcceptance #DifferentNotLess #InMyShoes"
dis,"🌟 Hi everyone! 🌟
My name is Alex, and I wanted to take a moment to introduce myself. I'm excited to connect with you all! I have autism, and I see the world a little differently, which makes every day unique and special.
Today was a great day for me! Here are some of the things I did:
🌈 **Morning Walk:** I started my day with a peaceful walk in the park. I love being surrounded by nature; the sounds of birds chirping and the rustle of leaves really calms me. I even spotted a family of ducks by the pond!
🎨 **Creative Time:** After my walk, I spent some time doing art. I love to paint, and today I focused on creating a colorful abstract piece. It felt amazing to express my thoughts and emotions through colors and shapes!
📚 **Reading:** I dove into a new book about space. I’m fascinated by the universe, and reading helps me learn and escape into different worlds. I can’t wait to share my thoughts on it once I finish!
🧩 **Puzzle Break:** I also took a break to work on a puzzle. I find it really soothing and it helps me focus my thoughts. Plus, there’s something satisfying about finding the perfect piece!
🛁 **Self-Care:** To wind down, I took some time for self-care. I find routines comforting, so I enjoyed a long bath with calming scents. It’s my little way of recharging.
I’d love to hear about your day too! What activities do you enjoy? Let’s support each other and celebrate our unique experiences! 💙
#AutismAwareness #DailyLife #ShareYourJourney"
dis,"🌟 Hi everyone! 🌟
I wanted to take a moment to introduce myself and share a little bit about my day. My name is Alex, and I’m on the autism spectrum. I love connecting with people and sharing my experiences, so here goes!
Today was a pretty good day for me! 😊 I started my morning with a nice cup of chamomile tea while listening to some calming music. Music is one of my favorite ways to relax and it helps me set a positive tone for the day. 🎶
After that, I worked on a puzzle for a bit. I really enjoy puzzles because they challenge my mind and help me focus. It felt great to see the image come together piece by piece! 🧩
Later on, I went for a walk in the park. Being surrounded by nature helps me feel peaceful and grounded. I spotted some squirrels and even a few birds! 🐦 Watching them made me so happy. 
In the afternoon, I spent some time drawing. Art is a wonderful outlet for me, where I can express my thoughts and feelings in colors and shapes. 🎨 I think I might share some of my artwork later this week!
To wind down, I read a book about space. I’m fascinated by astronomy and love learning about the universe. 🌌 I could spend hours reading about different planets and stars!
I appreciate everyone in this community, and I’m excited to share more about my journey and connect with you all. Feel free to share what you did today too! 🌈💙
#AutismAwareness #MyDay #Connections #Art #Nature #Puzzles #SpaceLover"
dis,"🌟 Hey everyone! 🌟
I just wanted to take a moment to introduce myself. My name is Alex, and I'm on the autism spectrum! I thought it would be nice to share a bit about my day today and the things that make me happy. 😊
This morning, I woke up early, which is my favorite time because everything is so peaceful. I started my day with some quiet time, listening to classical music. The soothing melodies really help me focus and set a positive tone for the day.
After breakfast, I spent some time in my little garden. 🌼 I love tending to my plants! Today, I watered my sunflowers and trimmed the leaves on my little herbs. It always amazes me how much joy caring for plants can bring. They have their own little personalities!
Later, I decided to go for a walk in the park. 🌳 Being outside, surrounded by nature, is one of my favorite activities. I spotted some squirrels playing and even saw a few butterflies. I took a moment to just breathe and appreciate the little things around me.
In the afternoon, I enjoyed my favorite hobby: drawing! 🎨 I poured my thoughts and feelings onto the paper, creating a colorful landscape. Art is a great way for me to express what’s going on inside my head.
To wrap things up, I spent some time reading a book about space. I love learning about the universe and all its mysteries! 🌌 It's so fascinating to think about the stars and planets.
I just wanted to share my day with you all! I hope you’re having a wonderful day too. Feel free to share what you love doing! 🌈💖
#AutismAwareness #MyLife #HappyMoments"
dis,"🌼 Hey everyone! 🌼
I wanted to take a moment to introduce myself. My name is Alex, and I’m excited to share a little bit about who I am and what I love to do! I’m on the autism spectrum, and I see the world in my own unique way. 💙
Today was a pretty great day for me! I started my morning with some quiet time, sipping my favorite chamomile tea and listening to my favorite instrumental music. It really helps me to relax and set a positive tone for the day.
After that, I went for a nature walk in the park. 🌳 I love being outdoors and paying attention to all the little details around me, like the way the leaves rustle in the breeze and the different colors of the flowers. Nature always fills me with so much joy and peace!
In the afternoon, I got a little creative! 🎨 I spent some time painting. It’s a fantastic way for me to express my feelings and thoughts. I painted a big, colorful sunset, and it felt amazing to see my emotions come alive on canvas!
Later in the day, I dove into my favorite video game. 🎮 It’s an exciting way for me to connect with friends, even if we’re apart. I love the strategy involved and the stories that unfold. It really helps me focus and unwind.
To wrap up my day, I enjoyed a calming session of stargazing while playing some relaxing music. 🌌 It reminds me of how vast the universe is and how we all have our own special places in it.
I’m looking forward to connecting with you all and sharing more about my world! Thank you for being here and letting me share my journey. 🌟
#AutismAwareness #MyDay #NatureLover #Art #Gaming #Stargazing"
dis,"🌟 Hi everyone! 🌟
I wanted to take a moment to introduce myself. My name is Alex, and I’m a person with autism. I enjoy sharing my experiences and connecting with others, so here’s a little about my day today!
This morning, I woke up early (that’s when I feel most calm). I spent some time in my favorite spot by the window, watching the birds outside. I love nature, and it's so peaceful to observe the way they move and hear their chirping. It helps me start the day on a positive note! 🐦☀️
After breakfast, I decided to focus on one of my favorite hobbies: drawing. I spent a few hours sketching some landscapes. Drawing helps me express my thoughts and feelings when words don't seem enough. It’s amazing how colors come to life on paper! 🎨✍️
Later in the afternoon, I took a walk in the nearby park. I enjoyed the fresh air and listened to my favorite playlist. Music is my way to unwind, and each song brings different memories and emotions. It feels good to move and let my thoughts flow freely. 🎶💕
To wind down, I spent some time reading a book about space. I’ve always been fascinated by the universe and the idea of stars and planets. Learning about it makes me feel curious and inspired!
I hope everyone had a great day too! Feel free to share what you did or ask me anything about my interests. I love connecting with people who are open to sharing their experiences. 💖❤️
#AutismAwareness #MyDay #ConnectingThroughInterests #NatureLover #ArtTherapy #SpaceFan"
dis,"🌟 Hey everyone! 🌟
I just wanted to take a moment to introduce myself! My name is Alex, and I’m excited to share a bit about who I am and what I did today. I’m proud to be on the autism spectrum, and I believe it adds a unique color to my life!
Today was a pretty good day! 😊✨ I started the morning with my favorite routine: sipping on my homemade smoothie while listening to some calm instrumental music. It really helps me center my thoughts and set a positive tone for the day.
After that, I spent some time in my garden. 🌿 Gardening is one of my favorite hobbies! I love watching the plants grow and getting my hands a little dirty in the soil. Today, I added some new flower seeds and hope they’ll bloom beautifully in a few weeks! 
Later in the afternoon, I participated in an online meet-up with a community of people who also have autism. It was great to connect and share our experiences. I always find it comforting to talk with others who understand the challenges and joys I face.
To wind down, I spent some time reading. 📚 I’m currently immersed in a fantasy novel that completely captures my imagination! The characters and the world-building make it an amazing escape.
Before bed, I like to do some drawing. 🎨 Art helps me express my feelings in a way that words sometimes can’t. I usually doodle my favorite characters or scenes from the books I read.
Overall, it was a fulfilling day, and I feel grateful for the small joys in life. I’d love to hear about your day too! What activities bring you joy? 
Thanks for reading! 💜 
#AutismAwareness #DifferentNotLess #MyDailyLife "
dis,"🌟 Hey everyone! 🌟
I wanted to take a moment to introduce myself. My name is Alex, and I’m excited to be part of this community! I’m autistic, and I love sharing my experiences and connecting with others who get it. 💙
Today was a really nice day for me! I started my morning with some quiet time, sipping my favorite chamomile tea while listening to my go-to playlist. Music helps me focus and feel calm. After that, I spent some time organizing my collection of LEGO sets. It's like building my own little world, and I find it super satisfying! 🧩✨
In the afternoon, I decided to go for a walk in the park nearby. The fresh air and nature always help clear my mind. I found a cozy spot to sit and watch the ducks swimming in the pond. They have such quirky personalities! 🦆💚
Later on, I experimented with a new recipe—vegan tacos! 🍽️🌮 I love trying out different ingredients and flavors. Cooking helps me unwind, and I get to enjoy the tasty results!
Overall, it was a fulfilling day, and I’m grateful for the little moments that bring me joy. I’d love to hear about your day too! What activities do you enjoy? Let’s connect! 😊💬
#AutismAcceptance #EverydayLife #ConnectingThroughSharedExperiences"
dis,"🌈 Hey everyone! My name is Alex, and I wanted to share a bit about my day and myself. I’m on the autism spectrum, and I love connecting with people in my own unique way!
Today was quite busy and fulfilling! I started my morning with my favorite routine: I made a delicious smoothie with spinach, banana, and almond milk. It’s a small comfort that sets a positive tone for the day!
After breakfast, I took a stroll at the local park. The fresh air felt amazing, and I loved watching the squirrels play! Nature is one of my happy places. 🐿️🌳 I also brought along my sketchbook and drew some of the flowers I spotted. Drawing helps me express how I see the world.
Later, I spent some time reading my favorite book about space exploration. I’m fascinated by the universe and how it all works! Learning about black holes and galaxies makes me feel like I’m on an exciting adventure. 🚀✨
In the afternoon, I joined an online art class where we learned about color mixing. It was great to interact with others who share my passion! Creating art allows me to communicate in a way that's comfortable for me.
Finally, I wrapped up the day by watching a documentary about ocean life. The visuals and sounds were soothing, and it was inspiring to learn more about marine conservation.
I’d love to hear from you! What activities do you enjoy? Let’s connect and share our experiences! ❤️
#AutismAwareness #MyDay #ArtAndNature #UniquelyMe"
dis,"🌟 Hi everyone! 🧩
I just wanted to take a moment to introduce myself. My name is Alex, and I’m excited to share a little about who I am! I’m autistic, which means my brain works in its own unique way. I love routine and find comfort in predictability, but I also enjoy exploring new things at my own pace.
Today was a great day for me! Here’s what I got up to:
1. **Morning Routine**: I started my day with my favorite breakfast—oatmeal with berries. It’s a small comfort that helps me focus on the day ahead.
2. **Nature Walk**: After breakfast, I went for a walk in the park. The crisp air and the sound of leaves crunching under my feet are so soothing. I spotted a few squirrels and took some pictures of the beautiful trees!
3. **Creative Time**: Later, I dedicated some time to my favorite hobby—drawing. I started working on a piece inspired by my walk earlier. Nature always inspires my art! 🎨
4. **Music Break**: I love listening to music, especially instrumental pieces. Today, I listened to some piano music while I drew. It helps me concentrate and feel relaxed. 🎶
5. **Reading**: I wrapped up the day by reading a book I've been enjoying. It’s an adventure story, and I love getting lost in new worlds!
I hope sharing my day gives you a little insight into my life. I’d love to hear about your day too! Let’s celebrate our unique experiences together! 💜
#AutismAwareness #UniqueJourney #DailyLife #Creativity #NatureLover"
dis,"🌟 Hey everyone! 🌟
I wanted to take a moment to introduce myself. My name is Alex, and I’m excited to share a little bit about my day with you. I have autism, and I love connecting with others and sharing my experiences. 💙
Today was a pretty good day! Here’s a peek into what I got up to:
1. **Morning Routine**: I started my day by organizing my space. I find that a tidy area helps me feel calm and focused. I also spend some time on my sensory activities – today I played with my fidget toys. They really help me center myself!
2. **Nature Walk**: After breakfast, I went for a walk in the park. I love being outdoors! The fresh air and the sound of birds chirping make me feel happy. I took some pictures of the flowers and trees because the colors were so vibrant today! 🌳🌸
3. **Art Time**: When I got back home, I spent some time drawing. Art is my favorite way to express myself! I drew a few landscapes inspired by my morning walk. Can’t wait to share them with my friends!
4. **Reading & Learning**: I dedicated some time to reading about space. I’m fascinated by astronomy! Did you know that there are more stars in the universe than grains of sand on all the beaches on Earth? Mind-blowing! 🚀✨
5. **Cooking Dinner**: I ended my day by trying out a new recipe. Cooking is another favorite of mine! I made homemade pizza with my favorite toppings. It turned out really well! 🍕 
I love sharing my days with you, and I’m always here to chat. Whether you have autism, know someone who does, or just want to learn more, I think it’s great to connect and share experiences. Let me know what you think! 
Hope everyone has a fantastic day! 💖
#AutismAwareness #MyDay #ConnectingThroughExperiences #NatureLover #ArtisticSoul"
dis,"🌟 Hi everyone! 🌟
My name is Alex, and I’m excited to connect with this amazing community! I’m someone on the autism spectrum, and I’ve found that sharing experiences and learning from others can really help to bridge understanding.
A little about me: I love art, especially digital drawing, and I have a passion for nature and animals. I often enjoy quiet time to recharge, but I also appreciate the beauty of social interactions when they happen in a comfortable setting. I’m proud of my unique perspective on the world!
I’d love to hear from you all: what are some strategies or activities that help you connect with others in social situations? Any tips on navigating conversations or finding shared interests would be greatly appreciated!
Looking forward to hearing from you and learning together! 💙✨
#AutismCommunity #Connecting #DifferentNotLess"
dis,"🌟 Hi everyone! 🌟
My name is Alex, and I’m excited to connect with this amazing community! I’m on the autism spectrum, and I often find joy in the little things—like my passion for animals, my love for puzzles, and my fascination with nature. Sometimes, my brain works a bit differently, which can be both challenging and wonderful. I believe our unique perspectives give us so much to share! 
I wanted to reach out to all of you for some advice. I’ve been looking for ways to make social situations a bit easier and more enjoyable. What are some tips or strategies that have helped you when navigating social interactions? I’d love to hear your suggestions!
Thanks so much for reading! Looking forward to hearing from you all! 💙✨
#AutismCommunity #Neurodiversity #LookingForAdvice"
dis,"🌟 Hi everyone! 🌟
I’m [Your Name], and I’m excited to connect with this wonderful community. I’m on the autism spectrum, and I see the world a little differently — through a lens of unique perspectives, passions, and experiences. I love [mention a few of your interests or hobbies, like art, video games, nature, etc.], and I'm always eager to learn more about what makes us all tick!
I'm here to share my journey, hear your stories, and hopefully find some common ground. 🤝
I’d love to ask you all a question: What are some strategies or activities that help you navigate social situations? I’m always looking for new ideas and ways to build connections. Your experiences and suggestions would mean so much to me! 💬❤️
Looking forward to hearing from you! 
#AutismCommunity #TogetherWeCan #ShareYourStory"
dis,"🌟 Hi everyone! 🌟
I’m [Your Name], and I’m excited to be part of this community! I identify as someone on the autism spectrum, and I’m here to connect, share experiences, and learn from all of you. 🌈
A little about me: I love [mention a hobby or interest, e.g., drawing, gaming, science, etc.], and I find great joy in [describe something that makes you happy, like nature, music, etc.]. Sometimes, I struggle with [mention a challenge related to autism, like social situations or sensory overload], but I’m learning how to navigate those moments with the support of people like you!
I would love to hear from you all! What are some strategies or tips you’ve found helpful for [mention a specific challenge, like managing anxiety in social settings or coping with sensory overload]? Any suggestions or experiences you can share would be greatly appreciated! 💖
Looking forward to connecting and learning together! 😊
#AutismCommunity #Connection #Support"
dis,"🌟 Hi everyone! 🌟
I hope you’re all having a wonderful day! My name is [Your Name], and I’m excited to be part of this vibrant community. As someone on the autism spectrum, I often see the world a little differently, and it’s a journey that I embrace. 
I love [share a few interests or hobbies, like art, reading, music, etc.], and I'm always looking for new ways to connect and learn from others. One thing I’m curious about is how people navigate social situations—sometimes I find it a bit challenging.
Do you have any tips or strategies that help you feel more comfortable in social settings? I’d love to hear your thoughts and suggestions! 
Thank you for being such a supportive community. 💙✨
#AutismAwareness #Community #SocialTips"
dis,"🌟 Hello everyone! 🌟
I'm excited to introduce myself to this amazing community. My name is Alex, and I proudly identify as a person with autism. I’ve always found the world a bit different from others—sometimes it feels like a beautiful puzzle with unique pieces that don't quite fit together. 🎨🧩 
I love exploring my interests deeply, whether it's learning about technology, immersing myself in nature, or diving into my favorite books. 🌿📚 I appreciate routine and often find comfort in familiar spaces. Understanding and acceptance mean a lot to me, and I’m grateful for places where I can connect with others who understand.
I’d love to hear from you! What’s one thing you wish others understood more about autism? Or do you have any tips on how to engage in social situations that sometimes feel overwhelming? Your insights would mean a lot! 💬💖
Thank you for being here, and I’m looking forward to hearing from you all! 😊✨ #AutismAcceptance #CommunitySupport"
dis,"🌟 Hi everyone! 🌟
I’m [Your Name], and I’m excited to connect with all of you! I’m on the autism spectrum, which means my brain works a little differently, and that’s something I celebrate every day! I love diving deep into my interests like [insert your interests or hobbies here], and I’m always looking to learn and grow.
One thing I’ve been thinking about lately is how overwhelming social situations can be for me sometimes. I know I’m not alone in this! I’d love to hear from you all: How do you navigate social interactions when they feel a bit too much? Any tips or suggestions would be super helpful!
Looking forward to hearing from you and connecting with this amazing community! 💙
#Autism #Community #Connection #Support"
dis,"🌟 Hi everyone! 🌟
I hope you’re all having a great day! My name is [Your Name], and I’m excited to connect with this amazing community! I identify as autistic, and I’m always looking to learn more about myself and others like me.
I have a passion for [your interests, e.g., art, technology, nature] and love sharing my experiences. One of the things I value most about being part of this community is how supportive and understanding everyone is.
I’d love to hear from you all! What are some of your favorite ways to express yourself or cope with overwhelming situations? Any tips or suggestions would be greatly appreciated! 💙
Thanks for reading and I’m looking forward to connecting with you!
#AutismAwareness #CommunitySupport #SelfExpression"
dis,"🌟 Hey everyone! 🌟
I hope you’re all doing well! My name is Alex, and I’m proud to be part of this amazing community. I’m neurodivergent and have autism, which means I see the world a bit differently and experience things in unique ways. Sometimes I might struggle with social interactions, but I value connections and love to learn from others.
I’m really passionate about art and technology, and I often find joy in the little details of life. Lately, I’ve been exploring new interests and looking for ways to connect deeper with others like me. 
I’d love to hear from you! 🌈 What are some activities or hobbies that you find enjoyable and help you feel more connected to yourself and others? Any suggestions would be greatly appreciated!
Looking forward to hearing your thoughts! 💜✨
#AutismCommunity #Neurodiversity #ConnectingWithOthers"
dis,"🌟 Hi everyone! 🌟
I’m [Your Name], and I’m excited to join this amazing community! I’m on the autism spectrum, and I’ve found that connecting with others who understand can be really uplifting. I love [mention a few of your interests, like reading, gaming, art, etc.], and I’m always looking to learn more about different perspectives and experiences.
I’ve been thinking a lot about social situations lately and how they can sometimes be overwhelming for me. 🤔 I’d love to hear from you all: what are some strategies or tips you use to navigate social settings? Any specific tools or methods you find helpful that I could try out? 
Thank you so much, and I’m looking forward to hearing your thoughts! 💙"
dis,"🌟 Hey everyone! 🌟
I wanted to take a moment to introduce myself and share a bit about who I am. My name is Alex, and I’m someone on the autism spectrum. I love diving deep into topics that interest me, whether it's science, art, or the latest tech innovations. I find comfort in routines and can sometimes get overwhelmed by big crowds or loud noises, but I also have a unique perspective on the world that I really value.
Today has been a mix of emotions for me. I noticed a lot happening around us—some exciting events, but also some that I found a little overwhelming. I think it’s important for all of us to remember that everyone processes things differently. While some thrive in the chaos of a bustling event, others, like me, appreciate quieter moments to recharge and reflect.
I’m really grateful for the supportive community around me, both online and offline. It’s inspiring to see how we can come together to celebrate our differences and support one another. 
If you ever want to chat about this journey, share experiences, or just connect, I'm all ears! Let’s lift each other up and spread a little kindness today. 💙✨
#AutismAwareness #Neurodiversity #CommunityLove"
dis,"🌟 Hey everyone! 🌟
I wanted to take a moment to introduce myself. My name is [Your Name], and I’m proud to be autistic! 💙 Autism is just one part of who I am— I have a passion for [your interests or hobbies] and love to connect with others who share similar passions!
Today has been quite a day. I found myself feeling a mix of emotions as I followed the news about [mention a specific event or topic that happened today]. It’s overwhelming to see so many things happening around us, and sometimes I struggle to process it all. I often find comfort in routines and familiar activities, so when the world feels chaotic, I try to take a step back and focus on what calms me— like [mention an activity you enjoy, like reading, painting, or going for a walk].
I also noticed a lot of different opinions floating around on social media about [the event]. It’s interesting to see how people react and express their thoughts. I always try to remember that everyone has their own perspective shaped by their experiences, and that can help me remain empathetic even when I don’t fully understand their viewpoints.
If any of you are feeling overwhelmed, know that it’s okay to take a break from social media or the news. Self-care is so important! Let's encourage each other to share our thoughts and feelings in a safe and respectful way.
Thanks for reading! I look forward to connecting with all of you. Feel free to share your thoughts about today’s events or just say hi! 🌈💬
#AutismAcceptance #Community #SelfCare #YourVoiceMatters"
dis,"🌟 Hello everyone! 🌟 
My name is Alex, and I’m excited to share a little bit about myself with you all today! I’m a 24-year-old who loves diving into the worlds of science fiction and graphic novels. I also have a passion for photography and finding beauty in everyday life. Sometimes, I may come across as a bit different, but that’s just a part of who I am. I have autism, which brings its own set of perspectives and experiences. 
Today was quite a day! 🏙️ I went to a local art exhibition that showcased some incredible pieces from artists in our community. It was a unique experience; I loved how engaging the colors and textures were. I sometimes struggle in crowded places, but I found a lovely corner where I could appreciate the art without feeling overwhelmed. 
I’ve also been reading about how people are coming together to advocate for mental health awareness and acceptance of neurodiversity. It's refreshing to see more conversations around understanding and embracing our differences. Every voice matters, and I believe that sharing our stories can foster a more inclusive world. 🌍💙
I’d love to hear your thoughts on today’s events or anything else you’d like to share. Let’s connect and support one another through our journeys! 
#AutismAcceptance #Diversity #Art #Neurodiversity "
dis,"🌟 Hi everyone! 🌟
I hope you're all doing well today. My name is Alex, and I’m excited to share a little about myself and connect with you all! I’m 24 years old and I’m on the autism spectrum. 🎨 I have a passion for art and technology, and I love diving deep into topics that really interest me—like space exploration and video game design! 🎮✨ 
Today was a mix of emotions for me. I felt a bit overwhelmed with everything happening in the world, but I also found joy in the little moments. I spent some time sketching in my notebook, capturing my thoughts and feelings. It’s a way for me to express what can be hard to put into words. 
I noticed that there were some discussions online about kindness and understanding, and I really resonated with that. It’s so important to remember that everyone has their own battles. I appreciate when people take the time to listen and learn about different perspectives—including those of us on the spectrum. 💙 
Let’s keep spreading positivity and understanding! I’d love to hear what you all are passionate about or what has inspired you today. Let’s support each other and make this space a little brighter! 🌈 
#AutismAwareness #ArtAndTech #BeKind #InclusionMatters"
dis,"🌟 Hey everyone! 🌟
I wanted to take a moment to introduce myself. My name is Alex, and I’m proud to be on the autism spectrum. I experience the world a little differently, but I see it as a beautiful journey of unique perspectives and insights! I love sharing my thoughts and connecting with others, so here I am.
Today was a bit of a whirlwind, wasn't it? I noticed a lot of conversations buzzing about the new art exhibit downtown. 🎨 Art has a way of connecting us all, and I love how it can express emotions that sometimes are hard to put into words. I personally enjoy creating digital art; it allows me to express my thoughts in a way that feels comfortable.
I heard there was a discussion about accessibility in the arts, which is super important. Making sure that everyone can experience and appreciate art, regardless of their abilities, helps to create a more inclusive community. I would love to see more spaces where people can come together, share their talents, and celebrate our differences! 💖
How did everyone else find today’s events? Did anyone else go to the exhibit or participate in the discussions? I’d love to hear your thoughts! Let’s keep the conversation going and support one another in our unique journeys. 
Take care, everyone! ✌️ 
#AutismAcceptance #ArtForAll #UniquePerspectives"
dis,"🌟✨ Hey everyone! 🌟✨
I wanted to take a moment to introduce myself. My name is Alex, and I’m a proud member of the autistic community! 🌈💙 I see the world a bit differently, and I embrace my unique perspective every day. I’m passionate about [insert interests here, e.g., art, technology, nature], and I love connecting with others who appreciate the beauty in diversity.
Today has been quite eventful! I spent the morning at a local art exhibit that featured works by artists with disabilities. It was so inspiring to see different expressions of creativity and to connect with other amazing individuals. 🎨❤️ Art truly has the power to bridge gaps and foster understanding!
Also, I noticed a lot of conversations online about [insert a relevant event, societal issue, or news topic]. It’s always heartening to see people engaging in discussions about inclusion and awareness. I believe that conversations like these can spark change, and it’s essential for everyone to feel heard and valued.
I’m looking forward to sharing more about my experiences and learning about all of yours! Let’s celebrate our differences and support each other. Feel free to reach out—I'd love to connect! 🤗💖
#AutismAcceptance #DifferentNotLess #ArtForAll #CommunityLove"
dis,"🌟 Hey everyone! 🌟
I wanted to take a moment to introduce myself. I’m [Your Name], and I am excited to be here! As someone on the autism spectrum, I have a unique way of seeing the world. I find beauty in patterns, comfort in routines, and joy in diving deep into my interests. 🤓💖
Today has been quite eventful—I've been following the news about [specific event happening today]. It’s fascinating (and a bit overwhelming) to see how people react and express their thoughts on social media. I find that sometimes it’s hard to keep up with all the emotions flying around, but I appreciate the passion behind it.
On a more personal note, I spent some time today working on my latest project (I love working on projects!). It helps me focus and also provides a great way to express myself. I think it’s important for everyone to find their own outlets, don’t you?
For those who may not know, I often prefer to take time processing events, and sometimes it takes me a little longer to share my thoughts. But I really value this community and the conversations we can have! 💬💕
Feel free to drop a comment or share your thoughts on today’s events. I’m looking forward to connecting with all of you! Remember, it’s okay to be different, and I’m proud of who I am. 
#AutismAwareness #EmbraceDifferences #CommunityConnection"
dis,"🌟 Hey everyone! 🌟
I wanted to take a moment to introduce myself. My name is Jamie, and I’m proudly on the autism spectrum. I like to think of my brain as a little differently wired, which gives me a unique perspective on the world. I am passionate about art, nature, and my collection of rare comic books! 🌿🎨📚
Today has been quite eventful. I noticed that there’s been a lot of discussion about mental health awareness, which is something I deeply care about. It’s so important to talk openly about neurodiversity and to support one another. Every voice matters, and sharing our experiences can help us all feel a little less alone! 🤝
I also saw some amazing videos of people advocating for inclusive spaces. It fills me with hope to see more conversations happening and awareness growing. I believe that understanding and acceptance can change lives for the better. 💜
I’d love to connect with others who are on this journey, whether you’re on the spectrum or you’re a friend or family member supporting someone who is. Let’s share our stories and uplift one another! 🌈
Thanks for reading, and let’s keep the conversation going! 🗣️✨
#AutismAwareness #Neurodiversity #MentalHealthMatters #CommunitySupport"
dis,"🧩 Hello everyone! My name is Alex, and I’m excited to connect with you all! 🌟 I’m a person with autism, and I see the world a little differently. My interests span from technology and science to art and music. I love sharing my thoughts and perspectives, and I’m here to celebrate the beauty of neurodiversity! 
Today has been a whirlwind of emotions for me. I felt overwhelmed during class when a lot of noise and movement flooded the space. But I also found comfort in my favorite podcast, which always helps me refocus and relax. 
I’m looking forward to joining conversations about today’s events. I want to hear your thoughts on how we can make our communities more inclusive for everyone. 💙
Let’s embrace our differences and learn from one another! 🌈💬 #AutismAwareness #Neurodiversity #CommunityLove"
dis,"🌟 Hi everyone! 🌟
My name is Alex, and I’m excited to share a bit about myself with you all! I identify as someone on the autism spectrum, which means I see the world a little differently than most. I have a deep passion for art, especially painting and music, and I find a lot of joy in the little details that often go unnoticed. 💖
Today has been quite a day! I spent some time immersing myself in my favorite hobby, painting. It helps me express feelings that are sometimes hard to put into words. The colors and textures can create a whole universe for me to explore! 🎨✨
I also caught a glimpse of the news today, and it was a mixed bag. It’s easy for me to feel overwhelmed with everything happening in the world, but I try to focus on the positives. I was really inspired by a story about a community coming together to support local artists. It reminded me how important it is to connect with others and share our unique perspectives!
If you ever want to chat about art, music, or anything else, feel free to reach out! I love hearing from others and getting to know what makes each of you unique. Let’s celebrate our differences and support one another. 💕 
#AutismAwareness #ArtisticExpression #CommunitySupport #BeYourself"
dis,"🌟 Hey everyone! 🌟
My name is Alex, and I’m excited to connect with all of you! I’m visually impaired, and while that comes with its own unique set of challenges, it has also gifted me with some incredible experiences and perspectives that I wouldn't trade for the world.
Living without sight can often seem daunting, but let me tell you—there’s so much beauty in the world that can be experienced in other ways. I’ve learned to navigate life through sound, touch, and even smell. Whether it’s the rustling leaves on a sunny day or the aroma of freshly baked bread from a nearby bakery, I have developed a rich sensory world that often surprises those around me.
I’d love to share some of the things that make my life fulfilling. Music is my passion; I play the guitar and enjoy composing songs that resonate with my experiences. I believe music transcends all barriers, and I often find solace and connection in each note.
Friendship has played a crucial role in my journey. I’m grateful for friends who are always by my side, helping me explore new places and introducing me to new adventures. I love hearing the stories of others and sharing laughs along the way!
However, the reality of living with blindness isn't always easy. Navigating a world that isn’t always accessible can be frustrating. I’ve faced obstacles that have tested my resilience, but each challenge has also taught me to be an advocate for not just myself but for others who face similar situations.
I’m here to raise awareness about visual impairments, share the ups and downs of my journey, and connect with all of you who want to learn, share, and grow. Let’s celebrate our differences and spread understanding together! 🌈
Feel free to reach out, ask questions, or just say hi. I can’t wait to hear from you!
#BlindnessAwareness #DifferentAbilities #Community #MusicIsLife #LivingFully ❤️✨"
dis,"🌟 Hey everyone! 🌟 
I wanted to take a moment to introduce myself and share a bit about my journey. My name is Alex, and I’m visually impaired. While my world may be different, I believe that every experience shapes us, and I’m excited to connect and share mine with you.
Living with blindness has its challenges, of course. Navigating in a sighted world can sometimes feel isolating, but I’ve learned to rely on my other senses in amazing ways. The sound of laughter, the scent of rain, and the texture of my favorite cozy sweater all carry so much beauty. 🌈
I’ve found incredible tools and technology that assist me in my daily life, like screen readers and accessible apps, which remind me that we’re living in an age of innovation. I also rely on my support network of friends, family, and fellow advocates who inspire and empower me.
One of the biggest lessons I’ve learned is the importance of inclusion. Every person, regardless of their abilities, has something valuable to offer. I’m passionate about raising awareness and advocating for accessibility in all spaces. We all deserve to thrive in a world where differences are celebrated!
I’m here to spread positivity, share my experiences, and connect with others. Let’s chat! Whether you're navigating your own challenges or simply curious about the journey, I’d love to hear from you. Let’s inspire and uplift each other! 💪❤️
#AccessibilityMatters #DifferentNotLess #BlindnessAwareness #InclusionMatters"
dis,"🌟 Hello everyone! 🌟
I hope this message finds you all well. I wanted to take a moment to introduce myself and share a little about my journey as a person living with blindness.
My name is [Your Name], and I have been blind since [mention age or incident, if comfortable]. While my world may not be filled with visual sights, it is rich with sounds, textures, and experiences that shape my everyday life in ways I believe others might not fully understand.
Living without sight has taught me to tune into the world around me in a unique way. I often describe the sounds of a bustling street or the scent of blooming flowers as my own version of an art exhibition. Each sound tells a story, and every texture I touch reveals a new layer of life.
Navigating through life comes with its own set of challenges. From the daily frustrations of accessibility to the occasional misconceptions people may have about blindness, I’ve learned the importance of patience and advocacy. I believe that awareness and education are key in breaking down barriers and fostering understanding.
Despite these challenges, I find joy in the small victories—whether it's mastering a new tech tool that enhances my independence or enjoying a conversation infused with laughter. I truly believe that our differences are a source of strength, and I’m here to share my experiences, learn from others, and celebrate the diverse tapestry of life we all contribute to.
I'm passionate about creating an inclusive world where everyone, regardless of ability, can thrive. Thank you for taking the time to read my story! I’d love to connect with others who share similar experiences, so please feel free to reach out or share your own journeys. Let’s continue to support and uplift each other! 🌈
With warmth,
[Your Name] 
#Blindness #DisabilityAwareness #Inclusion #Diversity #LifeExperience"
dis,"🌟 Hello, everyone! 🌟
I’m excited to introduce myself to this incredible community. My name is Alex, and I’m a 28-year-old adventurer navigating the world without sight. Living with blindness has shaped my experiences in profound ways, and I’d love to share a bit of my journey with you.
From a young age, I’ve learned to embrace the challenges that come my way. It hasn’t always been easy, but every obstacle has been an opportunity for growth and resilience. I rely on my other senses—hearing, touch, smell—to experience life in vibrant ways. For example, the sound of leaves rustling in the wind, the warm embrace of sunlight on my skin, or the delightful aroma of fresh-baked bread fill my world with magic and wonder.
I believe in the power of community and the beauty of connection. I’ve encountered unintentional barriers, not just physical but also social; misconceptions and lack of awareness can often be more daunting than the absence of sight. That’s why I’m passionate about advocacy and educating others about blindness. I want to break down stereotypes and create a space where everyone, regardless of ability, can thrive and share their stories.
One of my favorite activities is traveling! Although I can’t see the stunning landscapes, I can feel the excitement of a bustling market, hear the laughter of children playing, and taste the most delicious local cuisines. Every trip is a new chapter in my life, filled with lessons, friendships, and unforgettable memories.
I’m here to connect, share, and learn from all of you. Whether you have a disability or not, everyone has a unique story, and I’d love to hear yours. Let’s uplift one another and celebrate the beautiful diversity of our experiences! 💖
Always reaching for new horizons,
Alex"
dis,"🌟 Hey everyone! 🌟
My name is Alex, and I want to take a moment to introduce myself and share a bit about my experiences living with blindness.
I lost my vision at a young age, but I’ve always believed that seeing isn’t just about using your eyes. Every day, I find beauty in the world through sounds, smells, and the warmth of the sun on my skin. My other senses have become my windows to the world, allowing me to experience life in ways that many people might not even think about.
Navigating a sighted world can be challenging. There are days when I feel frustrated, especially when things aren’t accessible or when people don’t understand what being blind means. But I’ve also found incredible joy in small moments—a friend’s laughter, the sound of leaves crunching beneath my feet, or the delicious aroma of my favorite foods.
I’m passionate about advocating for accessibility and inclusion. I believe everyone deserves to experience life to the fullest, regardless of their abilities. Please join me in raising awareness and fostering conversations about disability! Together, we can work towards a more inclusive world.
I’m excited to connect with others and share this journey. Whether you’re blind, sighted, or anywhere in between, let’s learn from each other and build a community of understanding and support. 
Feel free to reach out in the comments or direct messages—I love making new friends! ❤️
#BlindnessAwareness #AccessibilityMatters #Community #Inclusion #DifferentNotLess
Looking forward to sharing more with all of you! 🌈✨"
dis,"🌟 Hello, everyone! 🌟 
I’m excited to introduce myself to you all! My name is Alex, and I’m a proud member of the blind community. I’ve been visually impaired since birth, and while my journey has had its challenges, it has also opened up incredible experiences and opportunities.
Living in a sighted world can sometimes feel isolating, but it has taught me resilience, creativity, and a unique way of experiencing life. I navigate the world through sound, touch, and the warmth of human connection. It may seem daunting, but I’ve learned to embrace my other senses, which often leads to a deeper appreciation for the little things – like the sound of leaves rustling or the warmth of the sun on my face.
One of my biggest passions is sharing my experiences and advocating for accessibility and inclusion. There’s so much work to be done to ensure that everyone, regardless of their abilities, has equal access to opportunities and spaces. It’s crucial that we create a world where everyone can thrive and feel valued.
I also want to highlight the amazing community I’ve found among fellow visually impaired individuals. We share stories, support one another, and inspire each other every day. It’s a reminder that connection is powerful, no matter the circumstances.
I hope to use this platform to educate, inspire, and share my journey. I believe that by sharing our stories, we can help break down barriers and foster understanding. So, let’s connect! I’d love to hear your thoughts, experiences, or questions.
Here’s to a brighter future for everyone! 🌈💜
#BlindnessAwareness #InclusionMatters #LivingFully #Community #AccessibilityForAll"
dis,"🌟 Hey everyone! 🌟
I hope this message finds you well. My name is Alex, and I wanted to take a moment to introduce myself and share a bit about my life as someone who is blind. While my world may not involve visual experiences, it’s filled with vibrancy, discovery, and connections that I cherish every day.
✨ A little about me: I’ve been blind since birth, and I’ve learned to navigate the world in my own unique way. For me, the absence of sight has opened up a different realm of senses. I rely heavily on hearing, touch, and even smell to engage with my surroundings. There’s something truly magical about hearing the rustle of leaves, feeling the warmth of sunlight on my face, or catching the scent of fresh coffee brewing.
🤗 I’m passionate about advocating for inclusivity and accessibility. I believe that everyone, regardless of ability, deserves equal opportunities and experiences. Through my journey, I’ve encountered both challenges and triumphs. One of the most impactful lessons I've learned is the power of resilience. Every obstacle has become a stepping stone towards personal growth, forging stronger connections with others.
🎶 Music and podcasts play a massive role in my life! They’re not just entertainment; they’re a way to explore new ideas, cultures, and stories. I love to share my favorite tracks and series with friends, and I’m always up for recommendations. 
💬 I’m here to shine a light on the beauty of diversity and the importance of representation. I invite you to join me in this conversation about accessibility and inclusion. Let’s share our stories, support one another, and work together toward a more inclusive world for all.
Feel free to reach out! I’d love to hear your thoughts, share experiences, and learn more about your journeys too!
With all my heart, 
Alex 💖 #BlindAndProud #InclusionMatters #AccessibilityAdvocate"
dis,"🌟 Hey everyone! 🌟
My name is Alex, and I wanted to take a moment to introduce myself and share a bit about my life and experiences as someone who is blind. 
Living with blindness has shaped me in many ways – from the way I interact with the world to how I connect with others. While I navigate through life without sight, I embrace the vibrant experiences that come with it. For me, the world isn’t just seen; it’s felt, heard, and experienced in countless other ways.
I find beauty in the sounds around me – the rustle of leaves in the wind, the laughter of friends, or even the gentle hum of a bustling café. Each day is an adventure, a chance to explore my surroundings through touch, sound, and smell. I love to hear stories, engage in conversations, and share my love for music and literature. Accessibility and inclusion are really important to me, and I advocate for a world where everyone can participate freely, regardless of their abilities.
One of my favorite things to do is to share experiences with others. I enjoy exploring new hobbies, whether it’s cooking, crafting, or simply going for walks in the park while listening to an audiobook. I’ve also learned to lean on technology – from screen readers to smart assistants – that make the world feel a little more accessible and connected.
I’m here to connect, share stories, and hopefully learn from each of you as well. Whether you’re an ally, a friend, or someone who has their own unique experiences, I'm excited to have conversations about our journeys, challenges, and victories. 
Let’s break down barriers and create an inclusive community together! 💬❤️
#BlindnessAwareness #Accessibility #InclusionMatters #Community 💫"
dis,"🌟 Hey everyone! 🌟
I hope this post finds you well. I wanted to take a moment to introduce myself and share a little bit about my life as a person who is blind. My name is Alex, and I’ve been navigating the world without sight since birth. While my experiences are unique, I believe there’s value in sharing our stories, so here goes!
Living with blindness has its challenges, but it also offers a unique perspective on life that many might overlook. I often rely on my other senses—like hearing, touch, and smell—to explore the world around me. Every day is an adventure filled with new sounds, new textures, and the vibrant scents of the environment. 
One thing I’ve learned is the power of adaptation. For example, when traversing new places, I use a combination of my trusty white cane and assistive technology. Apps with audio descriptions and GPS functionalities have been game changers for me, turning what could be stressful experiences into moments of discovery.
I’m also passionate about advocating for accessibility and inclusion. It’s disheartening when public spaces aren’t accommodating, but it fuels my determination to speak up for change. Together, we can work towards a more inclusive world where everyone, regardless of ability, can thrive.
Beyond the challenges, I embrace joy in simple things—like the sound of rain tapping against the window, the laughter of friends, or the way my favorite song can lift my spirits in an instant. I’m a firm believer that resilience and community are what connect us all.
I’d love to hear from you! If you have questions about my experiences or want to share yours, feel free to reach out. Thank you for reading, and here’s to celebrating our diverse abilities! 💙✨
#BlindnessAwareness #DisabilityAdvocacy #Inclusion #Resilience #LifeWithoutSight"
dis,"🌟 Hello, everyone! 🌟
My name is Alex, and I'm excited to join this digital community! As someone who lives with blindness, I wanted to share a little about myself and my experiences to help foster understanding and connection.
✨ **About Me:** I'm 28 years old, and I’ve been blind since birth. While my perspective on the world is different, it has never stopped me from pursuing my passions. I love music, literature (a huge fan of audiobooks!), and I'm an avid traveler—there’s nothing like exploring new places, even if I can’t see them.
🌍 **Daily Life:** Navigating life without sight comes with its challenges, but it also brings unique joys. I rely on my other senses to experience the world around me. I can feel the warmth of the sun on my skin, hear the laughter of children playing, and enjoy the rich aromas of different foods. I’ve learned that every day is an opportunity to discover something new, and that fuels my spirit.
💬 **Challenges:** There are definitely obstacles I face. Sometimes, people assume my blindness defines me or limits what I can achieve. It can be frustrating when public spaces aren't accessible or when I encounter outdated notions about disability. But I strive to educate and advocate for change, helping to create a more inclusive world for everyone.
💪 **Empowerment:** I believe in the power of community and support. It’s been uplifting to connect with others who share similar journeys. Together, we celebrate our victories and share our struggles. I’m also passionate about advocating for accessible technology and resources that empower people with disabilities.
💕 **Let’s Connect!** I’m here to share my story and hear yours. Whether you are visually impaired or simply passionate about inclusion, I welcome your thoughts, questions, and friendship. Let’s create a dialogue that opens eyes—figuratively and literally! 
Thank you for taking the time to read. Looking forward to engaging with all of you! 
#BlindAndProud #DisabilityAdvocacy #InclusionMatters #Community 🌈"
dis,"🌟 Hello, everyone! 🌟
I wanted to take a moment to introduce myself and share a little of my journey with you all. I’m [Your Name], and I’ve been visually impaired for [number of years/months]. While my world may not be filled with colors or images, it's rich with sounds, textures, emotions, and connections that paint a vivid picture of my life.
Today was a particularly emotional day for me. I had an incredible experience meeting some wonderful people at a community event focused on accessibility and inclusion. The energy was infectious! I could feel the excitement in the air as we shared stories, laughter, and dreams of a more inclusive world. I felt inspired and empowered, reminded of how far we’ve come together, but also how much work is still needed to bridge gaps and foster understanding.
Yet, as the day went on, I also felt a tug at my heartstrings. It’s a mix of joy and longing—joy for the community I have, and a longing for spaces and moments that sometimes feel just out of reach. I believe these emotions are a part of our human experience, reminding us of the beauty in vulnerability and connection.
I’m grateful for the support around me and for the opportunity to share my experiences. Let’s continue to break barriers, learn from one another, and celebrate our diverse ways of experiencing the world. 🌈✨
Feel free to reach out—I’d love to connect and hear your stories too!
#BlindAndProud #EmbraceDiversity #CommunityLove"
dis,"🌟 Hello, beautiful world! 🌟
I wanted to take a moment to introduce myself and share a bit about my journey. I’m [Your Name], a person who navigates life without sight, and today was an emotional rollercoaster that I felt compelled to express.
This morning, I had the chance to explore a new park in my neighborhood. As I walked along the familiar path, the air was infused with the earthy scent of damp leaves and blooming flowers. I could hear the joyful laughter of children playing and the faint rustle of trees in the gentle breeze. It reminded me of how alive and vibrant our world is, even when I can't see it.
Yet, as I stood listening to the sounds of nature, a wave of emotion washed over me. Sometimes, I feel isolated from what many might call “the beauty of the world.” It’s a complex feeling—grief for the sights I’ve never experienced alongside gratitude for the unique way I engage with the world. 
Later in the day, I attended a gathering with friends who embraced me wholeheartedly. Their voices were filled with warmth and energy, making me feel like I was right in the center of the moment. It occurred to me then just how much love and support surrounds me. Their presence brought me comfort, reminding me that connection happens beyond what we can see.
So today, I felt a mix of joy, nostalgia, and profound gratitude. I may not see the world in the traditional sense, but I feel it, and that is something truly special. 💖
I’d love to connect with others who share similar experiences or anyone willing to dive into a conversation about different perspectives on life. Let’s celebrate our unique visions of the world together!
#BlindnessAwareness #DifferentPerspective #EmbraceLife #Connection"
dis,"🌟 Hello, everyone! 🌟
I wanted to take a moment to introduce myself and share a glimpse into my world. My name is Alex, and I live with blindness. Each day is filled with unique experiences that shape my perspective on life.
Today was particularly emotional for me. I had the chance to connect with a friend I hadn’t seen in a while, and as we talked, I could feel the warmth of their voice, the sincerity infused in every word. It felt like sunshine breaking through a cloud—a reminder of how important our relationships are.
We went for a walk in the park, and although I cannot see the colors, I could hear the laughter of children playing, feel the gentle breeze on my skin, and inhale the crisp scent of autumn leaves. It reminded me of how beautiful the world is, even without sight. It’s a different kind of beauty that speaks to the senses in a way that is deeply profound.
But I also felt moments of frustration today. I sometimes encounter situations where the lack of accessibility feels like a barrier, and that can be disheartening. Yet, these experiences only strengthen my resolve to advocate for change and inclusivity.
Overall, today was a tapestry of emotions—joy, nostalgia, frustration, and determination. Each feeling serves as a reminder that life is about connection and resilience, regardless of the challenges we face.
I’m looking forward to sharing more of my journey with you all. Thank you for being here! 💜
#BlindnessAwareness #LivingWithBlindness #EmbraceYourJourney"
dis,"🌟 Hey everyone! 🌟
I wanted to take a moment to introduce myself and share a little about my day. My name is Alex, and I’ve been visually impaired for most of my life. While my experience is different from many of yours, I see the world in my own unique way. 
Today was a rollercoaster of emotions for me. I had an amazing encounter at my local café with a barista who took the time to describe the different coffee blends to me—she made it feel like I was exploring a whole new world of flavors! I felt so appreciated and included. 🙌🏾
But later, I faced a moment of frustration. I tried to navigate a new part of the neighborhood and got a bit turned around. The unfamiliar sounds and scents were overwhelming. In that moment, I felt a rush of anxiety and doubt. But then, as I took a breath and paused, I realized how important it is to embrace these challenges. They remind me of my resilience and determination.
I’m grateful for every experience—good and challenging—because they all shape who I am. Thank you for being part of my journey as I continue to learn and grow! Let’s lift each other up, and remember that we’re all navigating our own paths. 💜✨
Feel free to share your own experiences below—I’d love to hear from you! 
#Blindness #Resilience #Emotions #Community"
dis,"🌟 Hey everyone! 🌟
I wanted to take a moment to introduce myself. My name is Alex, and I’m a proud member of the blind community. I know that for many, my experiences may seem distant or difficult to understand, but my mission is to share a slice of my world with you.
Today was a whirlwind of emotions. I woke up to the sound of rain tapping gently against my window—there’s something so soothing about it that makes me feel at peace. It brought a sense of coziness as I made my way to brew my favorite coffee. The aroma was comforting and familiar, instantly brightening my day.
Later, I ventured out for a walk with my guide dog, Max. The world outside was alive with sounds—children laughing, birds chirping, and the faint hum of distant cars. I felt a rush of gratitude for the little things we often take for granted. I love the feeling of the cool breeze on my skin and the warmth of sunshine when it breaks through the clouds. It was one of those perfect moments where everything felt just right.
However, there were also moments of challenge today. I encountered a couple of people who spoke to me in an insensitive manner, and for a moment, I felt that familiar pang of frustration. It’s hard to navigate a world where assumptions are often made, but I reminded myself that education is key. I strive to be a voice and a source of understanding for those who may be curious about life beyond sight.
Overall, today was a mixture of joy and reflection. I’m constantly learning to embrace my feelings, whether they are light or heavy. Each day is a new opportunity to connect, share, and inspire.
Thank you for following my journey! I hope to create more conversations about visibility—both literally and metaphorically. Let’s bridge the gaps and build understanding together! 🌍💜
#LifeBeyondSight #BlindCommunity #EmbraceDifferences #ConnectionMatters"
dis,"🌟✨ Hey everyone! I want to take a moment to introduce myself. I’m [Your Name], and I’m excited to connect with all of you! 🌈
Today was a day filled with a whirlwind of emotions. This morning, I woke up to the sound of birds singing outside my window. Their melodies reminded me of the beauty that surrounds us, even if we can’t see it. It brought a smile to my face and a warmth to my heart. 🐦💕
As I went about my day, I navigated the world with my trusty cane, feeling every texture and listening to the vibrant sounds of life around me. I often find that the hustle and bustle of the city has its own rhythm, and I enjoy dancing along with it, feeling the energy of people rushing by and the distant hum of laughter. 🎶
But today was also a reminder of some of the challenges I face. I encountered a few obstacles in my path, which left me feeling frustrated and a little overwhelmed. It’s moments like these that test my patience and resilience, but ultimately, they also help me grow. 🌱
By the evening, I took some time to reflect on my day while listening to an audiobook that transported me to another world. I felt empowered and liberated, immersed in stories that sparked my imagination and filled me with hope. 📚✨
I want to remind everyone that every day is a new adventure, full of highs and lows. It’s in sharing these experiences that we connect and uplift one another. I’m here to share my journey, the struggles and triumphs, and to create a community where we can all feel seen and heard. 🌍❤️
Thanks for taking the time to read this! I can’t wait to hear about your experiences too. Let’s keep the conversation going! 
#Blindness #LivingBoldly #Emotions #Community #StayConnected"
dis,"🌟 Hey everyone! 🌟
I wanted to take a moment to introduce myself and share a bit about my day. My name is Alex, and I’ve been visually impaired for several years now. While my world may be different in many ways, I find beauty in the simplest things that surround me. 
Today was a whirlwind of emotions! I woke up to the sound of raindrops gently tapping against my window—it felt like the universe was giving me a little symphony to start my day. ☔️ There’s something so calming about rain; it washes away so much and gives everything a fresh start.
I ventured out for a walk, guided by my trusty cane. Each step was a dance with the world around me. I could feel the cool breeze on my face, the scent of blooming flowers in the air, and the distant sound of children’s laughter in the park. 🌼 It reminded me that there is so much life around me, vibrant and full of joy, and it made me smile.
But today also brought a wave of frustration when I faced barriers in public spaces. Sometimes it feels like the world isn’t designed for everyone, and that can be disheartening. But I always try to channel those feelings into motivation, pushing for change and awareness for accessibility. 🌍✊
As I reflect on the day, I realize it’s all about balance—the joy of little moments mixed with the challenges we face. I embrace the highs and lows, knowing they’re all part of my journey. Thank you for reading, and let’s continue to uplift each other in our unique experiences!
Sending love and positivity to all of you! 💖
#BlindAndProud #EmbraceTheJourney #AccessibilityMatters"
dis,"🌟 Hello everyone! 🌟
I wanted to take a moment to introduce myself and share a little about my day. My name is Alex, and I navigate the world differently because of my blindness. Each day brings its own unique experiences, emotions, and discoveries.
Today was particularly special. I started my morning with the warmth of the sun on my skin, feeling its gentle embrace as I stepped outside. It reminded me how much I cherish the feeling of nature around me. There's a beautiful serenity in the sounds that surround us—birds chirping, leaves rustling, and distant laughter. Each noise paints a picture in my mind, filling my heart with joy.
I also had the opportunity to connect with friends, sharing stories and laughter that echoed in my soul. The richness of our conversations created a tapestry of emotions—laughter, nostalgia, and even a touch of vulnerability as we opened up about our lives. I realize how lucky I am to have such supportive people around me.
But today wasn’t without its challenges. There are moments when I feel the weight of the world, grappling with misunderstandings and assumptions about my abilities. It can be frustrating and isolating at times, yet I strive to transform those feelings into strength. I remind myself of the beauty in resilience and the importance of advocating for ourselves in a world that often forgets to listen.
In sharing my story, I hope to spread awareness and understanding. Let’s break down barriers together, one conversation at a time. I believe that with empathy and openness, we can create a more inclusive community for everyone.
Thank you for taking the time to read my post. I would love to hear about your days and any thoughts you want to share! 💖
#Inclusion #Awareness #EmbracingLife #BlindnessAndBeyond #CommunityLove"
dis,"🌟 Hello, everyone! 🌟 
I hope this message finds you well. My name is Alex, and I’m excited to share a little about my life with you today. I’ve been visually impaired for as long as I can remember, but let me tell you, it hasn’t stopped me from seeing the beauty in the world in my own way. 
Today was a rollercoaster of emotions for me. I had a lovely morning walk in the park, guided by the familiar voice of my good friend, Sam. The air was filled with the scent of blooming flowers and the soft rustle of leaves—a symphony of nature that I always look forward to. It reminded me of the warmth of connection and how the world still buzzes with life, even if I can’t see it. 
However, my day took a turn when I overheard a group of kids laughing and playing. Sometimes, it hits me hard how much I yearn for spontaneous moments of joy that I can’t fully experience. A wave of sadness washed over me, but I reminded myself that every emotion is valid. 
In the evening, I sat down to listen to a podcast about resilience, and it filled me with hope. The stories of others overcoming adversity reignited my spirit, reminding me that we all have our battles. 
At the end of the day, I’m grateful for the connections I have and the feelings I can still embrace. Life may not always be easy, but every dawn brings a new opportunity to learn, feel, and connect. 
Thank you for being part of my journey. Let’s continue to uplift one another! 💜✨
#BlindAndProud #EmotionsMatter #Gratitude #Community"
dis,"🌟 Hello, everyone! 🌟
I wanted to take a moment to introduce myself and share a little about my day. My name is [Your Name], and I have been visually impaired for most of my life. While I navigate the world a bit differently, my experiences are filled with vivid colors of emotion and connection that transcend sight.
Today, I had a beautiful moment that filled me with joy and gratitude. I went for a walk in the park, guided by the familiar sound of chirping birds and the gentle rustle of leaves in the breeze. As I touched the rough bark of a tree, I felt an overwhelming sense of peace and connection to nature. ✨ 
The warmth of the sun on my skin reminded me that even without sight, I can still experience the world in profound ways. There’s a unique beauty in listening to the laughter of children playing, and smelling the fragrant flowers that bloom all around me. 🌷
However, I also felt a tinge of sadness today. Sometimes, society’s misconceptions about blindness can feel isolating. But I remind myself that every challenge I face is also an opportunity to learn and grow. 
In sharing my journey, I hope to spread awareness and understanding. Our experiences might differ, but we all share the same world, and there’s so much we can learn from one another. Let’s celebrate our differences and build a community filled with empathy and connection! ❤️
Thanks for reading, and I look forward to sharing more of my journey with you all. 
#BlindnessAwareness #InclusionMatters #EverydayMoments "
dis,"🌟 Hey everyone! 🌟
I wanted to take a moment to introduce myself to those who may not know me yet. I’m [Your Name], and I’m excited to share a little glimpse into my world as someone who navigates life without sight. 
Today has been one of those days filled with reflection. I took a long walk in my neighborhood, and while I can’t see the blooming flowers or the vibrant colors of autumn leaves, I can definitely feel the energy around me. The crisp air against my face, the sound of children laughing, and the faint rustle of leaves in the wind all create a beautiful tapestry of life that I cherish deeply. 💖
I've been thinking about how important it is to find beauty in the little things—like the warmth of the sun on my skin or the smell of fresh coffee brewing in the morning. Just like everyone else, I seek connection and understanding. It's in these simple moments that I feel most connected to the world.
I want to remind everyone that our differences can teach us so much about empathy and the richness of human experience. I hope to share not only my journey but also the stories of others who may also navigate the world in unique ways. 
If you have any questions or want to share your own experiences, please feel free to reach out! 🌈 Let’s create a space of learning and kindness together.
With love and light,
[Your Name] 💙"
dis,"🌟 Hi everyone! 🌟
I hope this post finds you well. My name is Alex, and I wanted to take a moment to introduce myself and share some thoughts swirling in my mind today. 
I have been blind since birth, and while I navigate the world differently, I truly believe that my other senses have enriched my life in unique ways. Each day is an adventure, full of sounds, textures, and scents that paint a beautiful picture of the world around me.
Today, I took a long walk with my cane, enjoying the crisp autumn air. The leaves crunching underfoot sounded like a thousand miniature fireworks, announcing the season’s change. I paused beneath the canopy of a large tree, closed my eyes, and listened—birds chirping, laughter from nearby children, and the faint rustle of wind through the branches. Moments like these remind me of the beauty in the details we often overlook.
I’ve been reflecting a lot on connection lately. Even without sight, I feel a strong connection to the people and world around me. It's incredible how much we can communicate without words and how empathy can bridge any gap. I’d love to hear from all of you—what little moments have connected you to someone or something today? 
Let’s continue to foster understanding and appreciation for each other’s experiences. I’m excited to share this journey with you all and learn from your stories!
Much love,
Alex 💙🌍✨"
dis,"🌟 Hi everyone! 🌟
My name is Alex, and I’m excited to connect with you all! As someone who’s visually impaired, I perceive the world a bit differently, but my other senses fill in the colors that my eyes cannot see. 
Today was one of those days when I found myself deeply reflecting on the beauty of human connection. I took a walk in my neighborhood, guided by the familiar sounds of nature and life all around me. The crisp autumn air felt invigorating, and I could almost picture the leaves changing colors just from the way the sun warmed my face and the breeze rustled through the branches.
I stopped by my favorite café, where the smell of freshly brewed coffee embraced me as soon as I walked in. The friendly barista and I shared a conversation about his weekend plans, and it reminded me just how much joy can come from simple interactions. 
I spent some time today listening to a podcast about resilience and overcoming challenges. It sparked thoughts about the importance of empathy and understanding in our day-to-day lives. It’s a reminder for me, and perhaps for all of us, to be kind and patient—not only with others but with ourselves too.
I would love to hear your thoughts: What small moments made you smile today? Let’s spread some positivity and connection! 💬✨ 
#BlindnessAwareness #Connection #Empathy #Inspiration "
dis,"🌟 Hi everyone! 🌟 
I wanted to take a moment to introduce myself to those who don’t know me yet. My name is Alex, and I’m a proud advocate for accessibility and inclusion. I’m blind, and I navigate the world through my other senses – especially sound and touch. I believe that every experience, no matter how challenging, brings with it an opportunity for growth and connection.
Today, I spent some time reflecting on the whispers of autumn. 🍂 The sound of leaves rustling in the wind painted vivid pictures in my mind. I imagined the vibrant colors—golden yellows, fiery reds—dancing around me, a celebration of change. There's something magical about this season; it feels like a reminder that transformation can be beautiful.
I also ventured out to a local park, where I could hear children playing, the laughter lifting into the crisp air, and the dogs barking joyfully. It struck me how essential these sounds are to our shared human experience. They remind me that we’re all interconnected, weaving our stories together in ways we might not always see.
I hope to encourage everyone, whether you have disabilities or not, to take a moment and truly engage with the world in whatever way resonates with you. Listen, feel, touch, and don’t shy away from exploring new perspectives. 
Let’s share our stories and support one another on this journey. Would love to hear what thoughts or feelings you’ve had today! 💬❤️
#BlindnessAwareness #Inclusion #AutumnVibes #CommunityConnection"
dis,"🌟 Hi everyone! 🌟
I wanted to take a moment to introduce myself and share some thoughts that have been swirling in my mind today. I’m [Your Name], and I happen to be blind. While I can’t see the world in the traditional sense, I experience it in vibrant ways that fill my heart with gratitude and wonder.
Today, I was enjoying the warmth of the sun on my face during my morning walk. I love how the breeze carries the scent of blooming flowers, and the sound of birds chirping creates a symphony that always lifts my spirits. I often find myself pondering how different perspectives can shape our understanding of the world. 
It’s fascinating how I navigate through life using my other senses. I may not see colors or faces, but I feel the emotions behind a voice, and I experience kindness in the simplest gestures. I believe that true beauty lies not in what we see, but in how we connect. 
I’m excited to engage with all of you, share my journey, and learn from your experiences too. Let’s break barriers together – inclusion and understanding are journeys we all can take.
Feel free to share your thoughts and experiences with me!
✨ #BlindAndProud #DifferentPerspectives #InclusionMatters ✨"
dis,"🌟 Hey everyone! 🌟
I wanted to take a moment to introduce myself and share some thoughts that have been swirling in my mind today. My name is Alex, and I’m a person who is blind. Although I can’t see the world the way many do, I experience it in so many other vivid and beautiful ways. 
Today, I spent some time with my guide dog, Luna, as we explored our neighborhood together. Each walk is an adventure! I rely on my other senses to draw a picture of the world around me. The crisp sound of autumn leaves crunching underfoot, the smell of freshly baked bread from a nearby bakery, and the cool breeze that carries the scent of the changing seasons—all these sensations remind me of nature’s beauty.
I also reflected on the resilience of the community I’m part of. Every day, I’m inspired by stories of individuals pushing boundaries, breaking down barriers, and creating a more inclusive world. Together, we show that there’s more than one way to navigate life, and I’m grateful to be on this journey with many of you.
Let’s keep the conversation going! I’d love to hear your thoughts on accessibility, inclusivity, or anything else on your mind. Here’s to embracing our unique perspectives and supporting each other! 💖✨
#Blindness #Inclusion #Community #AWalkWithLuna #DiversityMatters"
dis,"🌟 Hello, everyone! 🌟 
My name is Alex, and I wanted to take a moment to introduce myself and share some thoughts that have been swirling around in my mind today. As a person with blindness, I navigate the world a bit differently, but that has only enriched my perspective in ways I never imagined.
Today, I was reflecting on the beauty of connection. In a world so often focused on visuals, I find that the most profound experiences come from the senses we sometimes take for granted—like the warmth of the sun on my skin, the laughter of friends around me, and the soothing sounds of nature. Each moment is a reminder that there's so much more to life than what meets the eye.
I also had some beautiful conversations today that reminded me of the power of empathy. It's incredible how sharing our experiences can bridge gaps between us, creating deeper understanding and compassion. I truly believe that when we open our hearts and minds, we can create a community that is vibrant and supportive, regardless of our differences.
So, here's to embracing all the ways we perceive and interact with the world! I'd love to hear your thoughts, experiences, or even just a friendly hello. Let’s continue to lift each other up and celebrate the uniqueness we all bring to the table.
Wishing you all a day filled with warmth and connection! 💛✨
#BlindnessAwareness #Connection #Empathy #EmbraceDifferences"
dis,"🌟 Hey everyone! 🌟
I wanted to take a moment to introduce myself. My name is Alex, and I'm excited to share a bit about my life and the thoughts that shaped my day today. I’ve been visually impaired for most of my life, and while my experience is different from many, I truly believe that our perceptions of the world around us can be just as rich and colorful without sight.
Today was one of those days where I found myself reflecting on the beauty of connection. I spent some time with friends, and we sat outside, enjoying the crisp air and listening to the sounds of the world. The laughter of children playing nearby, the rustle of leaves in the wind, and the distant barking of a dog—these sounds painted a vivid picture in my mind. 
I often think about how we experience life through various senses, adapting in extraordinary ways. Talking to my friends reminded me of the power of voice and laughter, how they bridge distances and create warmth. It made me smile, realizing how much I cherish these moments of togetherness.
Being blind has taught me resilience, creativity, and the importance of empathy. I often ask myself: How can I better connect with others? How can I share my experiences and perspectives to foster understanding? Today, I reaffirmed my commitment to spreading kindness and celebrating differences. 
I look forward to sharing more thoughts and experiences with all of you. Thank you for being a part of my journey! ✨
#LivingLife #DifferentButBeautiful #ConnectionMatters"
dis,"🌟 Hello everyone! 🌟
My name is Alex, and I’m excited to join this wonderful community! I may experience the world differently, as I navigate life through the sounds, smells, and textures around me rather than sight, but I promise you, my perspective is vivid and full of color nonetheless.
Today, I spent some time in my favorite local park, using my white cane to explore familiar paths that twist and turn under my feet. The air was crisp, filled with the lingering scent of autumn leaves and the soft rustle of branches swaying in the breeze. I love how the seasons change—not just visually, but in the textures and temperatures that wrap around me and tell their own stories.
As I listened to the laughter of children playing and the distant barking of dogs, I felt an overwhelming sense of gratitude. Sometimes, we get caught up in what we can’t see, but I believe it’s essential to cherish the moments of connection and joy that surround us every day.
I’m also using this space to share my journey, thoughts, and insights about living life without sight. If you ever have questions about my experiences or just want to share yours, I’d love to engage! 
Let’s continue to break down barriers and create a world that celebrates inclusion and understanding! 💜👣
#BlindnessAwareness #InclusionMatters #LifeWithoutSight #Gratitude #CommunityLove"
dis,"🌟 Hey everyone! 🌟
I wanted to take a moment to introduce myself. My name is Alex, and I’m living life to the fullest despite being blind. While I navigate the world in a different way, I firmly believe that sight is just one of the many ways to experience life. 
Today, I was reflecting on the beauty of sound and how it shapes my understanding of my surroundings. 🎶 Walking through the park, I could hear the laughter of children, the rustle of leaves in the breeze, and the distant songs of birds. Each sound creates a vivid picture in my mind, and I find joy in these auditory moments.
I also had some deep thoughts about connection and community. I’ve realized how important it is to reach out to others, to listen, and to share our experiences. Every story has its own rhythm, and I love hearing how different voices add to the beautiful symphony of life.
I’m excited to share more of my journey with you all and hear your thoughts too! What sounds or experiences have made your day brighter? Let’s connect and celebrate our unique perspectives! 💖
#BlindButNotDefeated #LivingFully #EmbraceTheJourney"
dis,"🌟 Hey everyone! 🌟 
I hope you're all having a wonderful day! My name is Alex, and I wanted to take a moment to introduce myself and share a little about my day. 😊 
As someone who is blind, I navigate the world a bit differently, but I like to think that my other senses are my superpowers! Today was full of experiences that brought me joy and inspiration. 
This morning, I started my day with a delicious cup of coffee, the aroma of freshly ground beans filling the air. ☕️ I love taking my time to savor the flavors, and I often experiment with different blends to keep things interesting. 
Afterward, I headed to a local park for some fresh air. The sounds of birds chirping and leaves rustling in the wind felt so refreshing! I took a long walk along the paths, feeling the sun's warmth on my face. I also enjoyed listening to people around me, their laughter and conversations adding to the beautiful tapestry of life. 
Later in the afternoon, I participated in a virtual book club with my friends. 📚 We discussed a fascinating novel, and I love how our conversations flowed with varied perspectives. It's amazing how stories can connect us all.
In the evening, I got together with my family for dinner, where we shared stories and played some fun games. 🎶 The sound of laughter is the best music to my ears!
Each day is a new adventure, and I embrace every moment. I truly believe that our unique experiences shape who we are. If you have any questions or want to share your own experiences, please feel free to reach out! Let's connect and learn from each other. 
Take care, everyone! 💖
#LifeWithBlindness #EmbraceTheJourney #ConnectingThroughStories"
dis,"🌟 Hey everyone! 🌟
I wanted to take a moment to introduce myself and share a snippet of my day with you all. My name is Alex, and I’m a proud advocate for accessibility and inclusion! I was born blind, and while life has its challenges, it’s also filled with incredible experiences.
Today was a fulfilling day, and I loved every moment of it! I started my morning with some yoga; it’s such a grounding way to begin the day. Feeling the mat beneath my feet and focusing on my breath helps me connect with myself and the world around me.
Afterward, I met up with friends at our favorite café. We laughed, exchanged stories, and enjoyed some delicious coffee (I swear, there’s nothing quite like a good cappuccino!). My friends are amazing, and I’m grateful to have such a supportive community. 
Later in the afternoon, I visited an art exhibit that showcased work from local artists. Although I can't see the art, I listened to an audio guide that described the pieces and the stories behind them. It was fascinating to hear the artists' inspirations, and I could really feel the emotions they conveyed through their work.
To wrap up my day, I spent some time writing. I love to jot down my thoughts—whether it's poetry, reflections on my day, or ideas for future projects. Writing allows me to express myself and connect with others in such a meaningful way.
Thanks for taking a moment to read about my day! I'd love to hear from you—what activities have brought you joy lately? 😊❤️
#BlindnessAwareness #Inclusion #LivingFully #Community #Accessibility"
dis,"🌟 Hey everyone! 🌟
I wanted to take a moment to introduce myself and share a little about my day today. I’m [Your Name], and I’m visually impaired. While my world is different without sight, I’ve learned to embrace it in vibrant ways!
Today was filled with exploration and connection. I started my morning with a guided yoga session that brought a sense of calm and mindfulness to my day. The instructor did an amazing job of describing each pose, and I love how stretching my body helps me connect with myself on a deeper level.
After yoga, I decided to take a stroll in my neighborhood park. I adore the feeling of the sun on my skin and the sounds of nature around me. I even met a friendly dog named Max—his owner was kind enough to let me pat him. 🐾 There’s something so uplifting about connecting with animals!
Later in the afternoon, I joined a virtual book club with my friends. We discussed the latest novel, and it was so enriching to hear everyone’s perspectives. I enjoy using audiobooks, which allow me to escape into different worlds just like anyone else!
Now I’m winding down for the evening with a delicious dinner I cooked myself—ginger stir-fry with veggies. The flavors and aromas are simply delightful!
Every day is filled with new possibilities, and I’m grateful for the experiences that come my way. I’d love to hear about your day too! What did you get up to?
Sending you all positive vibes! ✨
#LifeWithoutSight #EmbracingEveryMoment #Community_andConnection"
dis,"🌟 Hey everyone! 🌟 
I thought I’d take a moment to introduce myself and share a little about my day! My name is Alex, and I’m visually impaired. My world might be a bit different, but it’s just as vibrant and full of adventures!
Today started off with some self-care — I love to make my mornings special with a refreshing shower and my favorite herbal tea. The scent of chamomile really sets the tone for the day! ☕️✨ 
After that, I headed out to my local community center for a yoga class. There’s something incredibly grounding about feeling the mat beneath me and listening to my instructor guide us through each pose. The way they describe the movements helps me visualize them in my mind, and it’s such a peaceful experience. 🧘‍♂️💚
Later, I met up with a few friends for lunch at our favorite café. The aroma of fresh bread and roasted vegetables filled the air, and we had a wonderful time sharing stories and laughter. There’s nothing like good food and great company! 🍽️❤️
In the afternoon, I participated in a creative writing workshop. It’s always exciting to let my imagination roam free and share my ideas with others. Words can paint beautiful pictures, even if I can't see them! 📝🌈
To wrap up my day, I enjoyed some time chilling at home, listening to my favorite audiobook. The narrator brings the story to life, and it really allows me to escape into new worlds. 🎧📚
Each day is a little different, and I love embracing the small moments that make life so special. What did you all get up to today? Would love to hear your stories! 
Sending positive vibes your way! 💖 
#BlindAndProud #LivingLife #EverydayAdventures"
dis,"🌟 Hello, wonderful friends! 🌟
I wanted to take a moment to introduce myself. My name is Alex, and I’m a proud advocate for accessibility and inclusion. I’m blind and I love sharing my experiences with all of you.
Today was filled with little moments that brought me joy! 😊
I started my morning with a warm cup of coffee, listening to the soothing sounds of nature outside my window. The birds were singing, and it felt like the perfect way to begin the day. 
After coffee, I decided to take a walk in the nearby park. I love how each visit brings new surprises. Today, I felt the soft breeze on my face, listened to the rustle of leaves, and even chatted with a friendly neighbor who shared stories about their garden. 🌼
Later, I joined a virtual book club meeting. We discussed the latest novel, and I loved hearing everyone’s thoughts and interpretations. There’s something magical about diving deep into a story with others!
In the evening, I spent some time playing music. I love to experiment with different sounds and rhythms on my keyboard. It’s a creative outlet that lets me express myself in ways words sometimes can’t. 🎶
I’m looking forward to sharing more of my journey with all of you, and I’d love to hear about your days too! Remember, it’s the little things that make life beautiful. 💖
Stay kind and curious,
Alex"
dis,"🌟 Hello, everyone! 🌟
I hope this post finds you well. For those who don’t know me, my name is Alex, and I’m excited to share a glimpse of my day with you all!
This morning started with my favorite ritual: a steaming cup of coffee and a great audiobook. I love how stories can transport you to different worlds, and today I was immersed in a thrilling mystery! 🔍📚
After breakfast, I decided to embrace the fresh air and went for a walk in the park. The sounds of nature always lift my spirits—birds singing, leaves rustling, and children laughing. It felt wonderful to feel the sunshine on my skin and enjoy the rhythm of the world. 🌳☀️
Later in the afternoon, I joined a virtual cooking class with some friends. Together, we tackled a new recipe for a delicious pasta dish! I love cooking not just for the food but also for the creativity it brings. It was a blast to share tips and tricks, and I can’t wait to try out what everyone made! 🍝👩‍🍳
In the evening, I wrapped up my day with a little relaxation—some stretching and meditation. It’s been a while since I took time to just breathe and reflect, and I’m reminded of the importance of self-care.
I would love to hear from you about your day! What activities brought you joy? Let’s keep inspiring each other! 💖
#LifeWithBlindness #LivingFully #DailyJoy #Community"
dis,"🌟 Hey everyone! 🌟 
I hope you're all having a wonderful day! My name is Alex, and I wanted to take a moment to introduce myself and share a little bit about my day. As someone who is blind, I navigate the world a bit differently, and I find joy in the unique experiences life has to offer.
This morning, I started my day with some peaceful meditation. It helps me center myself and prepare for whatever adventures lie ahead. The sounds of nature outside my window, the birds chirping, and the gentle breeze truly set the tone for a beautiful day.
After that, I hit the kitchen to whip up a delicious breakfast. I made a smoothie with fresh fruits and some spinach (shh, it’s my secret ingredient!). I love cooking, and I enjoy experimenting with textures and flavors. It’s amazing what you can create with just a little imagination!
Later, I decided to take a stroll through the nearby park. I rely on my cane and my sense of hearing to guide me. The path is familiar, and I love feeling the sun on my face. I also met up with some friends there. It was lovely to catch up and share some laughs. Conversations with good friends are such a nourishing part of my week!
In the afternoon, I attended an online workshop about accessible technologies. It’s always exciting to learn about new tools that can enhance the way I connect with the world and the people in it. I love being part of a community that is focused on inclusion and innovation.
As the day winds down, I’m looking forward to curling up with an audiobook. I’ve been really into fantasy stories lately, and they transport me to magical worlds where anything is possible!
So, that’s a little snapshot of my day! I believe that every experience brings something valuable, and I’m grateful for each moment. I’d love to hear about your day too—what adventures did you embark on? 💖
#BlindNotBroken #LifeExperiences #CommunityLove #AccessibleTech #DailyAdventures"
dis,"🌟 Hey everyone! 🌟
I wanted to take a moment to introduce myself and share a bit about my day! I’m [Your Name], and I’m excited to be here in this wonderful online community. As someone who is blind, I experience the world in a unique way, filled with vibrant sounds, textures, and smells that help me connect with my surroundings.
Today was a beautiful mix of activities! I started the morning with some gentle yoga, letting the calming vibes of soft music guide me through each pose. It’s such a powerful way to ground myself and set a positive tone for the day.
After yoga, I had a delicious breakfast—oatmeal with fresh fruits and a sprinkle of cinnamon. Can you believe that the smell of cinnamon can actually remind you of a cozy kitchen filled with love? That’s one of my favorite parts of cooking!
Then, I spent some time volunteering at a local community center. Today, I helped organize a workshop for kids, teaching them about different animals through sounds and textures. I think we all learned a lot and had a lot of fun!
In the afternoon, I enjoyed a lovely walk in the park. The feel of the sun warming my face and the sound of leaves rustling in the wind were so refreshing! I love how nature can uplift our spirits.
And to wrap up the day, I dove into a great audiobook that I’ve been meaning to listen to. There’s something so magical about getting lost in a story and letting your imagination run wild!
I would love to connect with all of you. What did you do today? Any interesting stories to share? Let’s lift each other up!
💙 [Your Name]"
dis,"🌟 Hello everyone! 🌟
I hope you’re all having a wonderful day! For those who don’t know me, my name is Alex, and I’m visually impaired. I wanted to take a moment to share my day with you, because there’s so much beauty in the experiences we create, regardless of how we perceive the world around us.
This morning, I started my day with a lovely cup of coffee, which I made myself (yes, I can brew a mean cup!). The smell of the freshly ground beans always fills my kitchen with warmth, and the sound of the coffee percolating is music to my ears. 
After breakfast, I took my guide dog, Luna, for a walk through the park. The crisp air felt refreshing, and I could hear birds chirping and the rustle of leaves as the wind danced among the trees. Luna, as always, was a great companion, and I love how she guides me with her gentle nudges. 🐾
Later in the afternoon, I attended a workshop on adaptive technology—so inspiring! I learned about some incredible tools that help make the digital world more accessible. It's amazing how technology continues to evolve and make life easier for so many of us.
This evening, I spent some time with friends, playing a game that uses sound cues. We laughed and cheered, and I felt so grateful for the sense of community and connection. Everyone brought their favorite snacks, and we enjoyed chatting while tasting some new treats together.
It’s moments like these that remind me how vibrant life can be, regardless of how we experience it. Thanks for reading, and I’d love to hear about your day too! Let’s continue to celebrate our unique perspectives! 💖
#BlindnessAwareness #EmbraceDifferently #LifeIsBeautiful"
dis,"🌟 Hey everyone! 🌟
I hope you’re all having a wonderful day! My name is Alex, and I’m excited to connect with you all and share a bit about my life. I’m visually impaired, and while that certainly presents some unique challenges, it also enriches my experiences in ways that I love to share.
Today was a fantastic day filled with activities that reminded me of the beauty in the world around us! This morning, I started my day with a lovely aroma of coffee brewing in my kitchen. I enjoy experimenting with different blends and finding the perfect balance; it’s a little ritual that wakes up my senses and sets a positive tone for the day.
After breakfast, I headed out for a walk in the park nearby. The fresh breeze on my face, the sound of leaves rustling, and birds singing their delightful melodies fill me with joy. I love how the world feels alive, and each step is an opportunity to connect with nature. I even bumped into a friendly dog who wanted to say hi. 🐾✨
Later in the day, I attended a local braille book club meeting. We discussed our latest reads, and I shared my thoughts on an inspiring story that took me on a journey of self-discovery. It’s so fulfilling to share ideas and hear different perspectives. Plus, there’s always a lot of laughter involved, which makes it even more enjoyable!
In the evening, I wrapped up my day by cooking a new recipe—spicy chickpea stew! The sounds of sizzling and the mix of spices created a mouth-watering symphony in my kitchen. Cooking is one of my favorite ways to express creativity, and I can’t wait to share the final dish with my family for dinner.
Thank you for joining me on my little adventure today! I believe that every day is an opportunity to learn, connect, and create, no matter how we navigate the world. I’d love to hear about your day too! 
Sending positivity and warmth to all of you! 💖✨ 
#LifeWithBlindness #EverydayAdventures #EmbraceDiversity"
dis,"🌟 Hello, wonderful community! 🌟
My name is Alex, and I'm excited to connect with all of you! As someone who is visually impaired, I navigate the world in ways that might be a bit different from many of you, but I believe there’s so much we can learn from each other.
I’m here to share experiences, exchange ideas, and foster understanding about life with blindness. I’m passionate about exploring adaptive technology, accessibility, and finding ways to enjoy outdoor activities. 
I'd love to hear from you! What are some of your favorite resources or tips for making the world more accessible and inclusive? Whether it's apps, tools, or simply ways to communicate better, I’m all ears! 
Thank you for being part of this journey with me. 💖 
#Community #Inclusion #BlindnessAwareness #AccessibilityMatters"
dis,"🌟 Hello, wonderful community! 🌟
My name is Alex, and I’m excited to connect with all of you! I am totally blind, and while my world may be different from yours, I embrace the beauty and richness of life in my own way. I love exploring my passions like music, adaptive technology, and the art of storytelling. 
Today, I’m reaching out to all of you for some ideas. I’m looking to expand my hobbies and interests, and I’d love to hear your suggestions! Whether it’s a podcast you can’t live without, a book that made a lasting impression, or a unique activity that you think I might enjoy, please share your thoughts!
Thank you for being such an inclusive and supportive community. I can’t wait to hear what you have in mind! 💖✨
#CommunityConnection #BlindAndProud #SeekingSuggestions"
dis,"🌟 Hello, wonderful community! 🌟
My name is Alex, and I'm thrilled to connect with you all! As someone who navigates the world without sight, I’ve come to appreciate the beauty of diverse experiences and perspectives. I believe that every challenge presents an opportunity for growth and connection.
I'm currently exploring ways to enhance my daily life and make the most of my experiences. I’d love to hear from you: 
**What are some tools, techniques, or resources that have made a positive impact on your life or the lives of those around you?** 
Whether it’s an app, a community resource, or a personal technique, I’m eager to learn from your insights! Thank you for being such an amazing community. 💕✨
#Blindness #Accessibility #CommunitySupport #LifeWithoutSight"
dis,"🌟 Hey everyone! 🌟 
I’m Alex, and although I navigate the world differently due to my blindness, I embrace every moment and opportunity that comes my way. 🌍✨ I love connecting with people, learning, and sharing experiences. 
I’m currently looking for new hobbies and activities to dive into—something that’s hands-on and sensory-rich. Whether it’s a craft, a sport, or even a new way to explore nature, I’d love your suggestions! 🌿🎨⚽
What are some of your favorite hobbies that you think I might enjoy? 
Looking forward to hearing from you all! 💬💖 #CommunityConnection #HobbiesForAll #LivingLifeToTheFullest"
dis,"🌟 Hello everyone! 🌟
My name is Alex, and I’m excited to connect with you all! I’ve been navigating the world without sight for a while now, and I’ve learned so much along this journey. I’m passionate about sharing experiences, exploring adaptive technologies, and finding creative ways to engage with the world around me.
Today, I’d love to hear from you! What are some of your favorite strategies or tools that help with accessibility in daily life? Whether it’s a specific app, a gadget, or a method you’ve found incredibly helpful, I’m all ears! Let’s share our knowledge and support one another in this incredible community. 💬💛
Looking forward to your suggestions! 
#Blindness #Accessibility #CommunitySupport #Inspiration"
dis,"🌟 Hey everyone! 🌟
My name is Jamie, and I'm excited to connect with all of you! As a person who is blind, I navigate the world a little differently, and I love finding new ways to experience life. Whether it’s through the sense of touch, sound, or scent, I believe there’s beauty in every moment, and I’m always looking to learn more!
I'm reaching out to this amazing community to ask a question: What’s one piece of advice or a resource that has helped you or someone you know in living a more accessible and fulfilling life? 
Together, we can share ideas and support each other’s journeys. Can’t wait to hear your thoughts! 💜 #CommunitySupport #AccessibilityMatters #BlindAndProud"
dis,"🌟 Hey everyone! 🌟
I hope this message finds you all well! I'm excited to introduce myself and connect with you. My name is Alex, and I’ve been visually impaired for several years now. I’m passionate about exploring the world in different ways, whether through music, technology, or the beauty of human connection.
I'm here to learn from you and share experiences. One thing I’d love to hear from the community is: What resources or tips have you found helpful for staying engaged and active in your daily life? Whether it’s apps, groups, or activities, I’m all ears! 
Looking forward to hearing your suggestions and connecting with you all! 💖✨
#Community #Blindness #Engagement #TogetherWeGrow"
dis,"🌟 Hello, wonderful community! 🌟
My name is Alex, and I’m excited to connect with all of you here! As someone who is blind, I navigate the world a bit differently, but that has only enriched my experiences and perspectives. I love exploring new ideas, sharing stories, and finding creative ways to engage with everything life has to offer.
I’m reaching out today because I’m keen to learn from you all! Whether it’s tips on accessibility, recommendations for hobbies, or even just fun conversations, I’d love to hear your thoughts. 🌈
So, here’s my question for you: What’s one piece of advice or a toolkit item you think everyone should have to make the world more inclusive and engaging for those of us with disabilities? 💡
Looking forward to your insights and thank you for being part of this incredible community! 
#BlindAndProud #InclusionMatters #CommunityVoice"
dis,"🌟 Hello everyone! 🌟
My name is Alex, and I’m excited to connect with all of you here! I'm visually impaired and navigate the world a bit differently, but that just adds to the adventure. I love music, storytelling, and exploring new ideas through conversations with wonderful people like you!
I’m curious to hear from this vibrant community: What’s one inclusive activity or event you’ve participated in that truly made a difference for you or someone you know? I’d love to gather some suggestions for ways to engage further with my local community and create lasting connections.
Looking forward to hearing your thoughts! 💬
#Community #Inclusion #BlindnessAwareness #Connections"
dis,"🌟 Hey there, wonderful community! 🌟
I'm [Your Name], and I'm excited to connect with all of you! As someone who is blind, I navigate the world a little differently, but that just means I see things from a unique perspective. I’m passionate about exploring new ideas, sharing experiences, and advocating for accessibility in everyday life.
Today, I’d love to hear from you! What are some of your favorite resources or tips for making spaces more inclusive or accessible? Whether it’s apps, technology, or community initiatives, I’m all ears! Let’s inspire each other to create a more inclusive world. 👫💬
Looking forward to your amazing suggestions! 🌈✨
#BlindAndProud #InclusiveCommunity #AccessibilityMatters"
dis,"🌟 Hello, everyone! 🌟
My name is Alex, and I’m thrilled to connect with all of you here! I’m visually impaired, which means I experience the world in a unique way. Although I can’t see the colors of the sunset or the smiles on faces, I rely on my other senses to appreciate the beauty around me and the compassion in our community.
Today has been filled with wonderful moments. I participated in a local meeting discussing accessibility initiatives in our city. It’s uplifting to see so many passionate individuals working towards a more inclusive environment for everyone! Hearing about new plans for better public transport and more tactile pathways really ignites hope for a future where everyone can navigate freely.
I also had a conversation with a friend who just started a podcast about the experiences of people with disabilities. It's so important to share our stories and educate others about the richness of our lives beyond our challenges.
I’d love to hear about what you’ve been up to today! Let’s keep the conversation going and support each other in making the world an even better place! 💙
#InclusionMatters #Accessibility #Community #DifferentAbility"
dis,"🌟 Hello, everyone! 🌟
I’m [Your Name], and I’m excited to connect with you all! I’m a proud member of the blind community, navigating the world through sound, touch, and a powerful imagination. Each day brings new adventures, and I truly believe that every experience, big or small, can open our eyes to different perspectives.
Today has been filled with interesting happenings! I heard about the recent environmental awareness campaign launched in our city, and it’s inspiring to see so many passionate voices coming together for a cause that affects us all. 🌍✨ I may not see the banners or the crowds, but I can certainly feel the energy of unity and commitment in the air. It reminds me of the importance of being an advocate for accessibility in all areas of life, including our environment.
I would love to hear how you all are participating in today’s events and making a difference in your communities! Let’s uplift each other and amplify every voice, as we create a world that's inclusive for everyone. Remember, our shared experiences can bridge any gap! 💜
Feel free to share your thoughts or experiences in the comments! 
#BlindAndProud #CommunityVoices #AccessibilityMatters #TogetherWeRise"
dis,"🌟 Hey everyone! 🌟
I wanted to take a moment to introduce myself. I’m [Your Name], and I’ve been navigating the world without sight for [number of years]. It’s a unique journey, but I believe that every day holds new experiences and lessons, whether we see them or feel them.
Today, I’ve been reflecting on the events happening around us. There’s so much energy in the air! I heard about [specific event or news story, e.g., a global climate strike, a new policy being enacted, etc.], and it’s incredible to see so many voices coming together to make a difference. 
Even though I may not witness these events visually, I feel the pulse of the world through the stories shared by friends, family, and the community. I’m continually inspired by the resilience and passion of people speaking up for vital causes. It reminds me that every voice matters, and together we can create meaningful change.
I’m excited to continue this journey with all of you. Let’s lift each other up, share our stories, and work towards a better tomorrow!
Feel free to reach out anytime. I’d love to connect! 💬✨
#EmpoweredVoices #Community #Inclusion #BlindnessAwareness"
dis,"🌟 Hey everyone! 🌟
I wanted to take a moment to introduce myself. My name is Alex, and I’m excited to connect with you all! I’m a proud member of the blindness community, and I firmly believe that every day offers us unique perspectives and experiences.
Today has been particularly uplifting for me. I had a meaningful conversation with a friend about accessibility in our local parks. It’s amazing how simple changes, like adding tactile maps or audio guides, can make a world of difference for those of us who navigate differently. It really highlights how important it is for us to listen to each other and advocate for inclusive spaces.
I also had the chance to enjoy the beautiful sounds of autumn—the rustling of leaves and the crispness in the air remind me that change can be beautiful. It’s a time for reflection and growth.
I’d love to hear about your day and what inspires you! Let’s keep this conversation going. Remember, it’s our diverse experiences that make the world richer. 💜
#BlindCommunity #InclusionMatters #EverydayAdvocacy #CelebrateDiversity"
dis,"🌟 Hello everyone! 🌟 
My name is Alex, and I’m excited to connect with all of you. I’m visually impaired, which means I experience the world a bit differently than many. But I believe it’s those differences that bring us together and enrich our lives.
Today has been filled with a mix of emotions. I felt the warmth of the sun on my face as I took a walk in the park, listening to the laughter of children and the rustle of leaves in the breeze. Nature has an incredible way of reminding us to slow down and enjoy the moment.
I also heard some news about advancements in technology that assist those of us with disabilities. Innovations like AI-driven navigation tools and voice-activated systems are helping to bridge gaps and foster inclusivity. It’s inspiring to see how society is evolving to ensure everyone has a voice and a place.
I'm looking forward to sharing more experiences with all of you, advocating for accessibility, and celebrating the beauty of our diverse perspectives. Let's continue to uplift each other and embrace the change that brings us closer together. 
Wishing everyone a wonderful day! 💙✨
#InclusionMatters #DifferentNotLess #BlindnessAwareness"
dis,"🌟 Hello, everyone! 🌟
I’m excited to connect with all of you! My name is Alex, and I identify as a blind individual navigating this vibrant world through my own unique experiences. 🌍✨ While I rely on touch, sound, and scent to explore my surroundings, I believe every moment holds a story waiting to be discovered.
Today has been particularly eventful! I spent some time participating in a community initiative focused on accessibility in our local park. It's heartwarming to see so many passionate people working together to make our spaces inclusive for everyone. 💪❤️ The collaborative spirit is truly inspiring, reminding me of the strength in unity!
On my way back, I caught a whiff of fresh coffee from my favorite café, and I just had to stop in for a warm cup and a chat with the barista! ☕️ It’s these small moments that fill my day with joy and connection.
I’d love to hear from you all! What’s been a highlight of your day? Let’s celebrate the beauty of our diverse experiences together! 🌈💬 #BlindAwareness #CommunityLove #EverydayMoments"
dis,"🌟 Hey everyone! 🌟
My name is Alex, and I’m excited to connect with you all! As someone who is visually impaired, I navigate the world a little differently, relying on my other senses and the amazing support of technology. I believe that every experience, whether big or small, brings us together in unique ways.
Today has been a whirlwind of events, both in the world and in my personal life. I heard about the incredible advancements in accessibility technology making waves, and it fills me with hope. It’s inspiring to see how innovation can empower people with disabilities. 
On a more personal note, I had a beautiful conversation with a friend about our dreams and aspirations. It’s moments like this that remind me of the power of connection. 
I’d love to hear what’s been happening in your lives today! Let’s celebrate the vibrant tapestry of experiences that make us who we are. 💕 
#BlindnessAwareness #ConnectingThroughDifferences #AccessibilityMatters"
dis,"🌟 Hello, wonderful community! 🌟
My name is Alex, and I'm thrilled to connect with all of you here. As a person with blindness, I navigate the world a bit differently, but I believe that every day brings opportunities for connection, learning, and shared experiences. 
Today has been buzzing with energy! I’ve been following the uplifting stories of resilience and creativity in our world. The conversations about accessibility in today’s technology are pretty incredible—it's heartening to see innovations aimed at making life easier for everyone. 🌐✨
I also caught wind of a fantastic community event happening locally, promoting inclusivity and arts. I would love to hear your thoughts or experiences if you attended! It’s events like these that remind us of the vibrant tapestry we all contribute to, despite our varied journeys.
Let’s continue to support one another and celebrate the unique perspectives we each bring. Drop a comment below to share your thoughts on today’s happenings or simply to say hello! I look forward to connecting with everyone. 💬❤️
#InclusionMatters #BlindnessAwareness #CommunityLove"
dis,"🌟 Hello everyone! I’m [Your Name], and I identify as a person with blindness. I’m excited to connect with you all and share my thoughts on today’s events. 
Today has been a whirlwind of emotions and reflections! I listened to the news and heard about [specific event], which has stirred a mix of hope and concern in me. It’s inspiring to see communities come together, but I also felt a sense of urgency to advocate for the rights and accessibility for all, ensuring that no one gets left behind.
I believe we all have unique perspectives to offer, and I’m here to share mine. Accessibility is not just a buzzword; it’s a necessity that enriches all our lives. As we navigate through today’s challenges, let’s remember to lift each other up and work towards a future where everyone can thrive, regardless of their abilities.
I’d love to hear your thoughts! What stood out to you today? Let’s create a conversation that fosters understanding and inclusivity. 🖤✨
#Inclusion #Accessibility #Community #BlindnessAwareness"
dis,"🌟 Hey everyone! 🌟
I’m [Your Name], and I’m thrilled to be part of this amazing community! 🌈 I’m visually impaired, but I always strive to see the world in different ways—with sound, touch, and the stories we share. 💬
Today was quite eventful! I listened to an inspiring podcast about resilience and creativity, which really resonated with me. It reminded me of how, just like everyone else, I face challenges every day, but it's all about how we adapt and grow from them. 
Also, I had a lovely conversation with a friend who shared their experiences volunteering at a local animal shelter. The way they described the joy of connecting with those furry friends made my heart smile! 🐾💕 It’s incredible how even small acts of kindness can have such a positive impact on our community.
How did your day go? I’d love to hear your thoughts and stories! Let’s keep the conversation going and lift each other up. Together, we can create a world that celebrates our differences and unites us all! ✨
#Community #Resilience #Inclusion #SharedStories"
dis,"🌟✨ Hello, everyone! ✨🌟
I’m [Your Name], and I'm excited to connect with all of you! I want to take a moment to share a bit about myself and my experiences as a person who is deaf. 🎧💬
From a young age, I’ve navigated a world filled with sounds that often go unheard to me. While some might see deafness as a barrier, I view it as a unique perspective—a lens through which I experience life differently. I rely heavily on visual communication, body language, and facial expressions to engage with the world, and I’m proud of that. 🖼️❤️
One of my most memorable experiences was learning sign language. It opened up a new world of connection for me, allowing me to communicate with friends and family in a way that feels natural and expressive. The community I found through sign language has been a source of strength and support, showing me the beauty of connection beyond spoken words. 🤟🌈
Life as a deaf individual can come with challenges. Whether it’s missing out on conversations in noisy environments or facing barriers in accessibility, I've learned to advocate for myself and others. Each hurdle is an opportunity for growth, and I’m grateful for the lessons along the way. 💪🌍
I’m passionate about raising awareness regarding the importance of accessibility and inclusion. Everyone should have the chance to be heard—literally and figuratively! Let’s work together to create a world where communication is open to all, no matter how we hear it. 🙌✨
I can’t wait to connect with you all, share our stories, and learn from each other! Feel free to reach out or drop a comment. Let’s break barriers together! 💖💬
#DeafAwareness #Inclusion #Community #DifferentNotLess #CommunicationMatters"
dis,"🌟 Hi everyone! 🌟
My name is Alex, and I’m excited to connect with you all! I’m a proud member of the Deaf community, and I wanted to take a moment to share a little bit about my journey and experiences living with deafness.
Growing up, I faced many challenges, but I also discovered the beauty of a rich, vibrant culture that comes from being Deaf. Communication is a huge part of my life—I’m fluent in sign language, which allows me to express myself and connect with others in amazing ways. 🌈✨
One of my favorite aspects of being part of this community is the bond we share through our unique experiences, storytelling, and humor. Whether it’s through expressive signs or the beauty of Deaf art, there’s an unspoken understanding that makes our connections so special.
Of course, there have been hurdles—misunderstandings, moments of isolation, and navigating a world that sometimes forgets to include us. I’ve learned that advocating for accessibility and inclusion is crucial, and I strive to be an ally for others facing similar struggles. 
I believe that raising awareness about deafness and promoting ASL (American Sign Language) is essential for fostering understanding and inclusivity in our world. Let’s bridge the gap together!
I’m looking forward to sharing more about my journey, as well as learning from all of you. Feel free to reach out—whether you have questions, stories to share, or just want to chat! 💬💖
#DeafAwareness #InclusionMatters #ASL #Community #Advocacy"
dis,"🌟✨ Hello, everyone! My name is Alex, and I’m excited to introduce myself to all of you. I’m living with deafness, and I want to share a bit about my life and experiences. 🌈
Growing up, I quickly learned that my world is filled with beautiful silence. While it can sometimes feel isolating, I’ve found incredible ways to connect and communicate. I use sign language as my primary mode of communication, and it has opened doors to an amazing community where I feel understood and accepted.
Deafness has its challenges—like navigating places that aren’t well-equipped for accessibility or missing out on sounds and conversations in crowded spaces. Yet, these challenges have also fueled my passion for advocacy! 🗣️ I believe in promoting inclusivity and raising awareness about the experiences of the deaf community. 
I find joy in visual forms of expression—art, dance, and storytelling are my outlets. 📸✨ I love sharing my perspective through videos and images that reflect the vibrancy of life as a person with deafness. 
I’m here to connect, learn, and share. I hope to break down barriers, spark conversations, and inspire others to see the beauty in diversity. If you have questions or want to know more about my experiences, feel free to reach out! Let’s celebrate our differences together! 💖✌️ #DeafAwareness #Inclusion #DifferentNotLess #EmbraceDiversity"
dis,"🌟 Hi everyone! 🌟
I wanted to take a moment to introduce myself and share a bit about my journey as someone who is deaf. My name is [Your Name], and I’m excited to connect with all of you!
Being deaf is just one part of who I am. While it comes with its challenges, it has also shaped my perspective on life in so many meaningful ways. Communication is an adventure! I primarily use sign language to express myself and connect with others, and I always appreciate when people take the time to learn a few signs – it truly makes a difference! 🤟
Navigating a world that often doesn’t cater to deaf individuals can be tough. There are moments of frustration when it comes to accessibility, whether it’s in public spaces, during conversations, or at events. I’ve learned to advocate for myself and encourage others to be more inclusive. 📣 It’s so important for all of us to work together to create environments where everyone feels welcome and understood.
One of the things I cherish most is the beauty of community. I’ve connected with so many amazing people who share similar experiences, whether through local deaf organizations or social media. The support and shared stories remind me that I’m never alone in my journey. 🫶
I’m also passionate about raising awareness around deaf culture and the importance of inclusion, so expect to see more posts and discussions from me on these topics! Let’s keep learning from one another. 💖
Thank you for taking the time to read this! I’m excited to be here and to share conversations that matter. Feel free to reach out or ask questions—I love engaging with everyone! Let’s spread awareness and understanding together! 🌈✨
#DeafAwareness #DeafPride #SignLanguage #Inclusion #CommunityLove"
dis,"🌟 Hey everyone! 🌟
My name is Alex, and I’m excited to connect with you all! I’m deaf, and I wanted to take a moment to share a little about my experiences and what it means to me.
Growing up, I faced some unique challenges, from navigating school environments to participating in social events. It wasn’t always easy, but I learned to embrace my deafness as a part of who I am. Communication comes in many forms, whether it’s through sign language, reading lips, or using technology to connect with others. Each method has its own beauty, and I love the diversity it brings to my interactions!
One of the most rewarding experiences for me has been finding my community. There’s something incredibly powerful about connecting with others who understand my journey, whether it's through shared experiences or just a deep sense of acceptance. I’ve also had the privilege of educating my friends and family about deaf culture, which has strengthened our bonds and opened up many conversations.
I’m a big advocate for inclusion and accessibility, and I believe it’s so important for everyone to feel heard and valued—regardless of how they communicate. I hope to raise awareness about the challenges that come with deafness, like the barriers we often face in public spaces or during events. It’s crucial for society to be more aware and accommodating, and I’m passionate about sharing my story to inspire change! 💪
In my downtime, you can find me exploring the outdoors, trying out new recipes, or diving into a good book. I love art and music too! Yes, I can enjoy music in my own way—through the vibrations or by watching performances that incorporate sign language.
I’m here to share my journey, learn from yours, and foster a community where everyone feels empowered to be themselves. Let’s break down barriers together! 💙
Feel free to reach out—I’d love to hear your stories and experiences too!
#DeafCommunity #Inclusion #Awareness #EmbraceDifferences"
dis,"🌟 Hey everyone! 🌟
I wanted to take a moment to introduce myself and share a bit about my journey as a person with deafness. My name is [Your Name], and I've been embracing my identity and experiences as a member of the Deaf community for as long as I can remember. 
For those who may not know, I’m profoundly deaf, which means I don’t hear sounds in the same way that many people do. Growing up, I faced various challenges—whether it was in communication or feeling included in social settings. But through those experiences, I've learned so much and gained a unique perspective on life. 
One of the biggest misconceptions is that being deaf limits me. In reality, it’s opened up a whole new world. American Sign Language (ASL) has become my first language, and it connects me to an incredible community of individuals who share similar experiences. 👐💬 
I’ve encountered some obstacles, like inaccessible environments or moments where communication falls short, but I don't let those challenges define me. I advocate for inclusivity and accessibility because I believe everyone deserves to be heard—both literally and figuratively. 
I love sharing my culture and experiences, whether it’s through art, storytelling, or just day-to-day life. It’s important to me to create awareness about deafness and break down barriers. I hope to create a space where we can all learn from each other and grow together! 💕 
Feel free to reach out if you’d like to chat, learn more, or just say hi! I’m excited to connect with all of you. 
#DeafCommunity #DisabilityAwareness #InclusionMatters #ASL #CommunicationIsKey"
dis,"🌟 Hey everyone! 🌟
I wanted to take a moment to introduce myself and share a bit about my journey living as a person with deafness. My name is Alex, and I’m thrilled to connect with all of you! 👋
Being deaf is just one part of who I am, but it's shaped many of my experiences and perspectives in life. Growing up, I often faced challenges in communication, whether it was in school, at family gatherings, or simply hanging out with friends. Sometimes I felt isolated in conversations, but I’ve learned to embrace my uniqueness and the rich world of alternative communication.
Sign language has become my superpower! 🌈✨ It allows me to express myself, connect with others, and be part of a vibrant community. I’ve also discovered how much I love to advocate for accessibility and inclusivity—whether that’s encouraging the use of subtitles in videos or promoting captioning at public events. Every little change makes a difference!
I’ve also found strength in educating others about deaf culture and the beauty of our diverse experiences. It’s important for me to share that being deaf doesn’t mean being less capable or missing out on life. We learn, laugh, and love, just like everyone else!
To those who might be navigating similar journeys, remember: our differences are our superpowers! 💪 If you’re curious or have questions about deafness, communication, or anything else, feel free to reach out! Let’s celebrate our stories together. 
Looking forward to connecting with you all! 💖 
#DeafCommunity #Empowerment #Inclusion #SignLanguage #LivingLifeOutLoud"
dis,"🌟 Hey everyone! 🌟
I’m [Your Name], and I’m excited to share a little about myself and my experiences as a person who is deaf! 🎧✨
Growing up, I faced some challenges, but I also discovered incredible strengths and a unique perspective on life. Communication can sometimes be tricky, especially in a world where hearing is the norm, but it has taught me to be inventive and persistent. 
One of my favorite ways to express myself is through sign language. It’s beautiful, full of emotion, and a fantastic way to connect with others! 👐💖 I love when people take the time to learn a few signs—it's a bridge that allows us to communicate in a deeper way. 
Living with deafness has also opened my eyes to the power of non-verbal communication. I’ve become an expert at reading body language and facial expressions, which often leads to some pretty interesting interactions! 😄 
I’ve encountered misunderstandings and moments of frustration, but I’ve also celebrated victories—like advocating for accessibility and inclusivity, whether it’s at events, in workplaces, or within my community. Each challenge has made me more resilient and has pushed me to raise awareness about deaf culture.
I’m passionate about sharing my journey and breaking down barriers! 💪 Let’s continue to learn from one another and embrace our differences. I’d love to hear your thoughts and experiences too—feel free to share in the comments!
Thanks for being part of my journey! 🌈❤️
#DeafAwareness #Inclusion #SignLanguage #DifferentAbilities #CommunitySupport"
dis,"🌟 Hey everyone! 🌟
I'm [Your Name], and I wanted to take a moment to introduce myself and share a bit about my journey as a Deaf person. 
Growing up, I learned to navigate the world with a unique perspective. For me, silence isn't a challenge; it’s a different kind of beauty. I communicate primarily through sign language, and I’ve built incredible friendships with the Deaf community. This connection has been one of the greatest gifts in my life.
One of the things I want to share is how important accessibility is to me and many others in the Deaf community. Simple things like captions on videos, sign language interpreters at events, and awareness about our needs can make a huge difference. It’s not just about inclusion—it's about understanding that  Deafness is a part of our identity, not a barrier to communication.
I've faced my share of misunderstandings, especially in environments where I was the only Deaf person. It taught me the value of patience and advocacy. I encourage everyone to take a moment to learn a few signs or ask questions if you’re curious—open dialogue is key to bridging gaps between our worlds.
I’m excited to share my experiences, hear your stories, and promote a greater understanding of Deaf culture. Let’s celebrate our differences and lift each other up! 💪❤️
Feel free to reach out or drop any questions below. I’m all ears—figuratively speaking, of course! 😉✌️
#DeafPride #AccessibilityMatters #CommunityLove #DeafCulture"
dis,"🌟 Hello everyone! 🌟
My name is Alex, and I’m excited to connect with you all here! As someone who is deaf, I’ve had a unique journey that has shaped my perspective on life, communication, and the world around me. 
Living with deafness has its challenges, but it has also gifted me with a different way of interacting with people and experiencing the world. I communicate primarily through sign language, which has opened up a wonderful community of deaf and hard-of-hearing individuals. I love the way sign language allows for expression through gestures, facial expressions, and body language. It’s an art form all its own! 🌈
One of the biggest challenges I face is the occasional misunderstanding in conversations, especially in settings where people aren’t familiar with sign language or don’t realize I can’t hear. Sometimes, it can feel isolating in a room full of people chatting away, but I work hard to advocate for myself—using apps, text, and sometimes a simple notepad to communicate my thoughts.
I also cherish moments that remind me of the beauty in my experience. Whether it’s enjoying a concert with a live interpreter, appreciating the rhythm of music through vibrations, or sharing stories with friends, I find joy in creativity and connection. 
I’m here to share my experiences, hear your stories, and foster understanding about the deaf community. Let’s break down barriers and create a world where everyone can communicate comfortably. If you have questions about my experiences or want to learn a few signs, feel free to ask! 💬✨
Looking forward to engaging with all of you! ❤️
#DeafAndProud #Inclusion #SignLanguage #Community #Awareness"
dis,"🌟 Hello, everyone! 🌟
I wanted to take a moment to introduce myself. My name is Alex, and I’m proud to be part of the Deaf community. I’ve always believed that communication goes beyond spoken words – it’s about connection, understanding, and shared experiences. 💙
Today was a rollercoaster of emotions for me. I had a wonderful meeting with some friends where we used sign language and laughter to share stories. There’s something so special about feeling understood without needing to hear. I felt joy and connection, like I was exactly where I was meant to be.
However, as the day went on, I also felt the pangs of isolation when I encountered situations where people didn’t realize I couldn't hear them. It’s a reminder that accessibility is crucial and that we all need to work toward making our world more inclusive. It’s moments like these that motivate me to advocate for awareness and understanding.
Overall, I am grateful for the love and support I find in my community, and I’m looking forward to connecting with more of you here! Let’s continue to spread awareness, share our experiences, and build bridges of understanding! 🤟💜
#DeafPride #InclusionMatters #SpreadAwareness #ConnectionThroughCommunication"
dis,"🌟 Hey everyone! 🌟
I wanted to take a moment to introduce myself – my name is Alex, and I’m proud to be a member of the deaf community! 👋🏼💙
Today has been a whirlwind of emotions for me. I started the day feeling a bit anxious, wondering if my recent experiences of isolation would creep in. But then, something beautiful happened. I met with my friends at a local coffee shop (shoutout to the wonderful barista who knows sign language! 🍵✋) and we spent hours chatting, laughing, and just enjoying each other’s company.
I felt a rush of joy and gratitude wash over me as I looked around at all the vibrant conversations happening in the room. It’s easy to focus on what’s lacking, but today reminded me of the importance of connection. Even without hearing, I could feel the love, the energy, and the support surrounding me.
My heart swelled with happiness when we all shared our stories and experiences. I realized that our voices may be different from what others expect, but they are powerful in their own way. ✨
If there’s one thing I learned today, it’s the importance of community and understanding. We all have our unique ways of communicating, but love knows no barriers. 💖
Looking forward to sharing more of my journey with you all. Thanks for being part of it! 🙌🏼😊
#DeafCommunity #LoveInEveryLanguage #ConnectionMatters #EmbraceDifferences"
dis,"🌟 Hello, everyone! 🌟
I wanted to take a moment to introduce myself. My name is [Your Name], and I’m part of the beautiful community of deaf individuals. Being deaf is just one aspect of who I am, and I embrace it every day. I communicate through sign language, written words, and sometimes a bit of technology—each method allows me to connect with the world in unique ways.
Today was a whirlwind of emotions for me. I had a wonderful moment with friends—laughter, stories, and signing. It felt amazing to share a connection that transcends words. 👫❤️ At one point, we were all animatedly signing about our favorite memories, and I felt a wave of joy wash over me. It's incredible how a simple gesture can convey so much feeling.
But, I'll be honest, I also felt a touch of frustration today. Sometimes, in public spaces, I encounter situations where people overlook my need for visual communication, like when someone tries to speak to me without catching my attention first. It’s a reminder that there’s still work to be done in spreading awareness and understanding about deafness.
Nonetheless, I choose to focus on the positives and the moments of connection! I believe that through sharing our stories, we can create a more inclusive world where everyone feels seen and heard—no matter how they communicate. ✨
Thank you for taking the time to read this! Let’s keep building bridges and fostering understanding. 💬🤝
Much love,
[Your Name] 💖🌈 #DeafCommunity #Inclusion #Connection"
dis,"🌟 Hey everyone! 🌟
I just wanted to take a moment to introduce myself to those who may not know me yet. My name is [Your Name], and I’m part of the beautiful Deaf community! 🦻💖
Today has been quite the emotional rollercoaster for me. I started the day feeling a bit anxious about an upcoming job interview. I practiced my signing and visual communication in front of the mirror, reminding myself that my abilities and unique perspective are my strengths! 💪✨
As the day went on, I attended a Deaf meetup, and it felt incredible to connect with others who share similar experiences. The laughter, the vibrancy of our signed conversations, and the sense of belonging filled my heart with joy. I love how we express emotions so vividly through sign language! 👐❤️
But, I also felt a pang of sadness when I noticed that some people still struggle to understand my communication style. It’s a reminder of the importance of awareness and inclusion. I wish for everyone to embrace the beauty of diversity and to learn a little more about our culture and language. 🌍💬
By the end of the day, I felt a wave of gratitude wash over me. Grateful for the community I have, the support from friends and family, and the opportunity to share my journey. Remember, every emotion is valid, and it’s okay to ride the waves of ups and downs. 🌊💕
Thank you for reading! I’m excited to connect with all of you. Let’s continue to spread awareness and celebrate our differences! 💖🤟
#DeafCommunity #Inclusion #EmotionalJourney"
dis,"🌟 Hey everyone! 🌟 
I just wanted to take a moment to introduce myself. My name is Alex, and I’m deaf. I use sign language as my primary means of communication, and I love connecting with others in my community.
Today was a rollercoaster of emotions for me. I attended a community event focused on raising awareness about deaf culture and accessibility. 👐 It was amazing to see so many people come together to learn and share experiences! The energy in the room was infectious, and I felt a strong sense of belonging among everyone.
However, there were also moments that made me feel a bit isolated. Sometimes, I noticed people speaking without acknowledging that I couldn’t hear them. It reminded me of the importance of inclusion and how much we still need to educate others about deafness. 
But overall, I left feeling hopeful! 💖 I connected with some new friends, and we exchanged stories and laughed together using sign language. It made me realize how powerful communication can be, no matter the method. 
Just a little reminder to everyone: always be mindful of how you communicate! A smile, a wave, or learning a few signs can go a long way. Let’s keep spreading love and understanding! 
#DeafCulture #InclusionMatters #CommunicationIsKey"
dis,"🌟 Hello, everyone! 🌟 
I hope you’re all having a wonderful day. My name is [Your Name], and I wanted to take a moment to introduce myself and share some thoughts from my day.
As someone who is deaf, I experience the world a bit differently. Today was a mix of emotions for me. I woke up feeling excited and ready to tackle the day, but I also felt a hint of frustration. I had a bit of a miscommunication with a friend, and that left me feeling isolated for a moment. It’s moments like these that remind me how much I value clear communication and connection.
On the brighter side, I had a lovely afternoon at a local café! I met up with some friends who were incredibly supportive and patient. We shared lots of laughs and even played a game of charades—so much fun! 🎉🎭 
I’ve learned that while there are challenges, there are also beautiful moments that remind me of the power of friendship and understanding. ❤️ I’m so grateful for the people in my life who make an effort to learn and adapt—thank you for that! 
I’d love to connect with more of you and share experiences. Let’s spread positivity and awareness together! 
#DeafCommunity #SignLanguage #Connection #Empathy "
dis,"🌟 Hey everyone! 🌟
I wanted to take a moment to introduce myself. My name is Alex, and I’m proud to be part of the deaf community. I use sign language to communicate, and I believe that our differences create a beautiful tapestry of experiences. ❤️✨
Today was an emotional rollercoaster for me. I felt a wave of happiness as I attended a local deaf event with friends! The energy was incredible—catching up, sharing stories, and experiencing the vibrant culture felt like a warm hug. 🌈🤗
But I also experienced moments of frustration when I noticed people staring or whispering in the background, not understanding the communication happening around them. It reminded me of the importance of awareness and inclusion. We are all deserving of understanding and respect! ❤️
I'm here to connect, share my journey, and hopefully educate others about the deaf community. Let’s spread awareness together and celebrate our unique stories! 👐✨
#DeafAndProud #InclusionMatters #Awareness #CommunityLove 
💜 Alex"
dis,"🌟 Hey everyone! 🌟
I wanted to take a moment to introduce myself and share my day with you all! My name is Alex, and I’m proud to be a member of the deaf community. I communicate mostly through sign language, and I love connecting with others who share my passion for inclusivity and understanding.
Today was a whirlwind of emotions for me. This morning, I attended a community gathering where we celebrated Deaf Culture. Being surrounded by friends who communicate in the same beautiful language fills my heart with joy and belonging. ✨
However, when I returned home, I felt a wave of loneliness wash over me. There was a moment when I longed for someone to share my day with. It’s funny how quickly the heart can shift from happiness to sadness. 😔 But then I remembered the power of connection through technology – texting and video calls with friends lifted my spirits! 📱💖
I want to remind everyone that it’s okay to feel a mix of emotions. Life is a beautiful tapestry of experiences, and our differences only add to the richness. Thank you for being part of my journey! Let’s continue to spread awareness and love for everyone, regardless of how we communicate!
Feel free to drop a message, I’d love to connect! 🤟❤️
#DeafAwareness #Inclusion #EmotionsMatter #Community 💜"
dis,"🌟 Hello, everyone! 🌟
My name is Luca, and I want to take a moment to share a bit about myself and my day. I’ve been deaf since birth, and while communication can sometimes be a challenge, it also opens up a world of unique experiences that I cherish.
Today was a whirlwind of emotions. I attended a community event where I had the chance to connect with so many incredible people! 🤟🏽 The energy in the room was palpable, even if I couldn't hear the music or the laughter. I could feel the vibrations and see the smiles, and that was enough to make my heart swell with joy.
However, I also felt a pang of isolation at times. In crowded spaces, it can be hard to engage in conversations, especially when people are talking fast or aren’t aware of my needs. 💔 It’s a reminder that inclusion goes beyond just being present; it’s about making everyone feel welcome and understood.
But guess what? I refuse to let those moments dim my spirit! Every experience teaches me to advocate for myself and others like me. 💪🏽 Today was a beautiful reminder that connection can transcend sound—whether it’s through sign language, eye contact, or shared laughter. 
I’d love to hear your thoughts and experiences too! Let’s continue to celebrate our differences and foster a more inclusive world. Together, we thrive! 🌍❤️
#DeafCulture #InclusionMatters #EmbraceDiversity"
dis,"🌟 Hello, everyone! 🌟
My name is [Your Name], and I'm excited to share a little piece of my world with you. As a person who is deaf, I experience the world in a unique way, and I want to take you on this journey with me.
Today was a rollercoaster of emotions. I started my day with the sun shining through my window, feeling a deep sense of gratitude for the beautiful world around me. ☀️🌈 I attended a community event where deaf and hard-of-hearing individuals gathered to share stories and connect. The energy was electric! I felt a profound sense of belonging as we exchanged laughter, sign language, and ideas. It reminded me how important it is to have a supportive community.
However, I also felt a pang of isolation at moments. I witnessed people around me engaging in conversations that I couldn’t fully participate in, and it brought up feelings of loneliness. 😔 It’s a reminder of the barriers that still exist, even in spaces meant for inclusion. But then I thought about the power of unity within our community, and it reignited my spirit! 💖
Tonight, as I reflect on my day, I’m filled with hope and determination. I believe in the importance of raising awareness and advocating for accessibility so everyone can experience the joy of connection. 🌍✨
Thank you for reading and allowing me to share my feelings with you. Let's continue to celebrate our differences and lift each other up! 🙌💕
#DeafCommunity #Emotions #Inclusion #TogetherWeRise"
dis,"🌟 Hey everyone! 🌟
I wanted to take a moment to introduce myself. My name is Alex, and I’m deaf. I communicate using sign language, and I love connecting with people from all walks of life! 💬✨
Today, I had some thoughts that I wanted to share. I went for a walk in the park and noticed how beautiful the world is around us. The colors of the leaves changing, the sunlight peeking through the trees, and the smiles on people’s faces as they enjoyed nature. It reminded me of how important it is to appreciate the little things in life, even when we might feel different.
Sometimes, I think about how people often assume that being deaf means I'm missing out on experiences. But honestly, I feel connected to the world in my own way! I rely on my other senses even more and try to soak in every detail. It’s a beautiful reminder that we all have our unique perspectives and ways of experiencing life. 🌎❤️
I also wanted to encourage everyone to be open to learning about different ways of communicating! Sign language is an amazing language full of expression and creativity. If you’ve ever been curious about it, I’d love to chat and share resources!
Let’s continue to build a world where everyone feels included and understood. Thanks for reading—I’m excited to connect with all of you!
💖 Alex 🖐️✨ #DeafCommunity #Inclusion #SignLanguage #LiveYourLife"
dis,"🌟✨ Hello everyone! ✨🌟
I wanted to take a moment to introduce myself and share a bit about my day. My name is [Your Name], and I’m proud to be part of the deaf community! 💬🦻
Today has been a whirlwind of thoughts and reflections. I spent some time just enjoying the beauty of the world around me—watching the leaves dance in the wind, feeling the warmth of the sun on my skin, and seeing the laughter of children playing in the park. Even without sound, there’s so much joy in simply being present. 🌳☀️
I've been thinking a lot about connection. Communication goes beyond spoken words; it's about expressions, gestures, and shared moments. I’m grateful for my friends (both deaf and hearing) who understand and embrace my world. Each day, I’m reminded that we can all connect deeply, no matter our different ways of communicating. 🤟💕
I encourage everyone to take a moment today to appreciate how you connect with others, whether it’s through words, art, or even just a smile. Let’s celebrate our differences and find common ground! 💖
Feel free to say hi or share your thoughts in the comments! I’d love to hear from you. 🥰
#DeafCommunity #Connection #CelebrateDifferences #LoveAndJoy"
dis,"🌟 Hey there, everyone! 🌟
I wanted to take a moment to introduce myself. I’m [Your Name], and I’m proud to be part of the Deaf community. Being deaf is just one part of who I am, and it shapes my perspective on the world in unique ways.
Today was one of those days that reminded me of the beauty in silence. I spent the morning at a local park, enjoying the vibrant colors of autumn leaves and the crisp air. I love watching people interact, their expressions painting stories I can’t hear but feel deeply. I find joy in capturing those moments through photography and sharing them with friends.
Later, I attended a coffee meetup with friends who communicate using sign language. We laughed, shared stories, and connected in ways that feel so powerful. It’s incredible how a simple gesture or movement can convey so much meaning. 
I often think about the importance of inclusion and accessibility. Communication goes beyond just spoken words; it’s about creating a space where everyone can express themselves freely. I welcome opportunities to engage with all of you—let's break down barriers and learn from each other! 
Thank you for being part of my journey! 💖
#DeafIdentity #InclusionMatters #SilentStrength #Community #LoveDifferent"
dis,"🌟 Hey everyone! 🌟
I wanted to take a moment to introduce myself and share a little bit about my day! My name is Alex, and I’m proud to be part of the Deaf community. As someone who experiences deafness, I connect with the world in a unique way, using my eyes and my heart to perceive things around me. 
Today was a mix of nostalgia and inspiration. I spent some time looking through old photos from Deaf events and gatherings. It reminded me of the incredible sense of belonging and understanding that we share in our community. The laughter, the storytelling, and the way we communicate—whether through sign language, writing, or visual cues—make every moment special. 
I also thought about the importance of accessibility and inclusion. Every day, I'm reminded of the small yet meaningful ways we can bridge communication gaps. From captions on videos to sign language interpreters at events, these tools help create a world where everyone can participate fully.
I’m excited to keep advocating for more awareness and support for Deaf culture. Let’s continue to empower one another and break down barriers together! 💙✨
Feel free to share your thoughts or experiences in the comments. I’d love to connect! 
#DeafPride #InclusionMatters #CommunityLove"
dis,"🌟 Hi everyone! 🌟
I wanted to take a moment to introduce myself to those who may not know me yet. My name is Alex, and I’m proud to be part of the deaf community! I communicate mainly through sign language and I’m passionate about sharing my experiences and thoughts with all of you.
Today, I found myself reflecting on the beauty of connection. It's incredible how we all find ways to communicate and express ourselves, no matter our differences. I spent time with friends at a local coffee shop (the hot chocolate there is fantastic, by the way! ☕️❤️) and we had such a great time laughing and sharing stories. It reminded me how important it is to be inclusive and make spaces accessible for everyone.
I also thought about the importance of awareness. Sometimes, when I'm out in public, I notice how people react when they see me communicating in sign language. It’s a great opportunity to educate others about deaf culture and the richness it brings to our world. 👐💬
I invite you all to embrace diversity in communication and reach out to learn more about different perspectives. Together, we can create a more inclusive community! 💪🌈
Feel free to share your thoughts or experiences below. Let’s connect! 🙌✨
#DeafCommunity #Inclusion #SignLanguage #Connection"
dis,"🌼 Hey everyone! I hope you’re all having a wonderful day. I wanted to take a moment to introduce myself and share some thoughts that have been on my mind.
My name is Alex, and I’m proud to identify as a member of the Deaf community. Living with deafness has given me a unique perspective on the world—one that I cherish deeply. Communication may look different for me, but it’s all about connection, whether through sign language, text, or shared experiences.
Today, I had a beautiful moment while out in the park. I watched as children played, their laughter ringing through the air, and it made me reflect on the joy of connection. It’s fascinating how laughter can transcend words, right? I saw parents communicating with their kids using gestures, and I couldn’t help but smile—it's a reminder that communication is universal.
I also found myself thinking about the importance of inclusivity. It’s essential we create spaces where everyone feels seen and heard, regardless of how they communicate. I’m so thankful for the allies I have who support and advocate for accessibility.
Let’s keep sharing our stories and learning from each other! I’d love to hear your thoughts on how we can make our communities more inclusive. Let’s inspire and uplift one another! 💙
#DeafCommunity #Inclusion #Communication #Connection"
dis,"🌟 Hey everyone! 🌟
I hope this message finds you all well! My name is Alex, and I’m excited to connect with you all here. 🙌 As someone who is Deaf, I navigate the world in unique ways, and I believe in sharing my experiences to help bridge understanding and connection among us. 
Today was a reflective day for me. I spent a lot of time thinking about communication—how we express ourselves and how important it is to be heard, even if not in the traditional sense. I had a lovely coffee meeting with a hearing friend who wanted to learn more about sign language. We had a great time, and it reminded me how essential it is to create spaces where everyone can share their voice, regardless of how they communicate.
I also thought about the power of silence. It’s often viewed as a void, but for me, it’s a space filled with possibilities. I can observe, reflect, and listen in my own way. Sometimes, the quiet moments are when the deepest thoughts and feelings emerge. 🧘‍♀️✨
I’d love to hear from all of you! What are your thoughts on communication and connection? How do you navigate silence in your daily lives? Let’s chat! 💬👂❤️
Stay fabulous, everyone! 🌈
#DeafAwareness #Communication #Inclusion #SignLanguage"
dis,"🌟 Hello everyone! 🌟 
I’m [Your Name], and I’m excited to connect with all of you! As someone who is deaf, I see the world in vibrant colors and captivating details that many may overlook. My day-to-day experiences are filled with unique perspectives, and I’d love to share a glimpse of my thoughts with you.
Today, I experienced something beautiful—a lovely morning walk in the park. 🌳 The sun was shining, and the leaves were whispering in the gentle breeze. I noticed families playing, dogs running joyfully, and children laughing (even though I couldn’t hear them, their smiles said it all!). 
I often find myself reflecting on how silence allows me to tune into the world differently. I observe body language, facial expressions, and the rhythm of life all around me. The power of connection is strong—whether through sign language, written words, or simply sharing a smile. 
I also thought about the importance of accessibility and inclusivity today. It’s crucial for everyone to have a voice, and I’m grateful for the growing awareness around the need for captions, interpreters, and other resources that help bridge the gap.
Let’s continue to share our stories and support each other. Every voice matters, and together we can create a world where everyone feels heard—regardless of how they communicate. 💙 
Feel free to drop a comment or a DM; I’d love to hear your thoughts! 
#DeafAwareness #Inclusion #SilentThoughts #Community ❤️✨"
dis,"🌟 Hey everyone! 🌟
I’m [Your Name], and I’m excited to connect with you all! As someone who is deaf, my world is filled with visual experiences, rich expressions, and a unique perspective on life. I wanted to take a moment to share some thoughts I had today.
This morning, I watched the sunrise, the sky ablaze with colors that took my breath away. It reminded me how beautiful it is to start fresh every day and embrace new opportunities. 🌅✨
I also spent some time reflecting on how communication shapes our connections. While I experience the world differently, I find that laughter, love, and kindness transcend any barrier. It’s fascinating to see how we can share stories through expressions, sign language, and art. Each of us has our own way of communicating, and I believe that’s what makes our relationships beautiful! ❤️
Lastly, I’m grateful for my supportive friends and community who encourage me to express myself fully. You inspire me to advocate for deaf awareness and inclusivity. Let’s keep spreading positivity and understanding! 🙌
Looking forward to sharing more thoughts and experiences with you all. Let’s connect! 🖤
#DeafAwareness #VisualCommunication #NewPerspectives #Inclusion #Gratitude"
dis,"🌟 Hi everyone! 🌟
I wanted to take a moment to introduce myself. My name is Alex, and I’m a proud member of the Deaf community! 💙 I love connecting with people and sharing my experiences, so here’s a little snapshot of my day.
Today, I woke up feeling grateful for the world around me. The quiet of the early morning is my favorite part — it gives me a chance to focus and reflect. 🌅 I started my day with some meditation to set positive intentions, and it felt uplifting!
Later, I met up with some friends for brunch. I’m always excited to catch up with them, and we had some great laughs over our food. Shared conversations in sign language are so vibrant! 🤟✨ It’s amazing how much you can communicate through expressions and gestures. It’s like our own unique art form!
This afternoon, I spent some time reading and soaking up the sunshine. I really enjoyed a book that explored the beauty of silence—something that resonates with me deeply. 📚☀️ It’s fascinating to think about how everyone experiences the world differently.
As I reflect on my day, I realize how important it is to embrace our differences and celebrate each other’s unique ways of communicating. Let’s keep sharing our stories and supporting one another! 🙌❤️
Feel free to connect with me, share your thoughts, or just say hi! I’m always happy to chat with new friends. 👐
#DeafCommunity #SignLanguage #UniqueVoices #Gratitude #Connection"
dis,"🌟 Hey everyone! 🌟
I hope you’re all having a fantastic day! I wanted to take a moment to introduce myself and share a bit about my day today. 😄
My name is [Your Name], and I am deaf. I communicate using sign language, and I love connecting with people. I believe in the power of community and understanding, so I’m excited to share a glimpse of my life with you!
Today was a busy but rewarding day! 🎨✈️
First, I started my morning with a virtual coffee catch-up with a friend. We chatted in sign, sharing stories and laughter over our favorite brews. ☕️ After that, I signed up for an online art workshop! 🎨 I love expressing myself through creativity, and today’s theme was “Nature in Color.” I can’t wait to share my masterpiece!
Later in the afternoon, I took a nice walk in the park. The autumn leaves were breathtaking, and it felt great to be outdoors enjoying the fresh air. 🍂 Nature always inspires me!
To wrap up my day, I took some time to practice my cooking skills. 🥗 I tried a new recipe for a delicious vegetable stir-fry (and yes, it turned out amazing!). Cooking is another passion of mine, and I love experimenting in the kitchen.
That’s a little slice of my day! I’m looking forward to connecting with more amazing people in this community. If you have any questions or just want to chat, feel free to reach out! 💬✨
Stay awesome! 🌈
#DeafCommunity #SignLanguage #CreativeLife #MyDailyLife #Inclusion"
dis,"🌟 Hey everyone! 🌟
I wanted to take a moment to introduce myself. My name is Alex, and I’m proud to be part of the Deaf community! 🌈 I communicate primarily using sign language, and I love connecting with others through this beautiful language. 
Today was a fantastic day! Here’s a little glimpse into my adventures: 
💪 **Morning Workout:** I kicked off my day with a refreshing yoga session. It helps me clear my mind and stay grounded. 🧘‍♂️
📚 **Reading Time:** I spent some time diving into a new book about the history of sign language. It’s fascinating to learn about the roots and evolution of our culture!
🎨 **Creative Expression:** I had an art session where I painted a mural that expresses my journey as a Deaf person. Art is such an amazing way to share our stories without words. 🎨✋
🍽️ **Lunch with Friends:** I grabbed lunch with some friends at a local café. We had a great time chatting and laughing, using our favorite sign language phrases and enjoying some delicious food! 🥗😊
🎬 **Movie Night:** To wrap up the day, I watched a film featuring a Deaf cast. It’s so inspiring to see our stories represented on screen! 🎥
I hope everyone had a beautiful day too! Let’s continue to come together, share our stories, and celebrate our diverse experiences! 💖✊ 
#DeafAwareness #SignLanguage #MyDay #CommunityLove"
dis,"🌟 Hello, everyone! 🌟
My name is Alex, and I’m excited to be a part of this community! As someone who is deaf, I love to express myself through art and creativity, and I’m passionate about breaking down barriers in communication. ✋❤️
Today was a fantastic day for me! I started my morning with a refreshing hike in the nearby park. The crisp air and vibrant colors of the leaves were breathtaking! 🍂🏞️ I love how nature speaks a language all its own.
After that, I attended a painting workshop where we explored different techniques. I find so much joy in expressing my thoughts and feelings on canvas! 🎨✨ Here’s a sneak peek of my favorite piece from today. [Insert picture of artwork]
Later in the afternoon, I met up with some friends for lunch at our favorite café. We communicated through sign language and laughter, sharing stories and enjoying each other's company. 💬😊 It’s moments like these that remind me how beautiful connection can be.
To wrap up the day, I spent some time reading a captivating book about the history of deaf culture. It's so important to me to learn and celebrate our rich heritage! 📚💖
Thank you for taking the time to read about my day! I’d love to hear about yours too. Remember, our differences make the world a more colorful place! 🌈
#DeafAndProud #Art #NatureLover #Community #Inclusive #DeafCulture"
dis,"🌟 Hey everyone! 🌟
I’m [Your Name], and I’m excited to share a bit about my day today! 🙋‍♀️ As a person with deafness, I often experience the world in vibrant visuals and rich experiences. Here’s what I got up to!
🎨 This morning, I attended a painting class with some friends. We experimented with colors and techniques while sharing a lot of laughs through sign language! Art is such a beautiful way to express ourselves, and I love seeing everyone's unique styles.
🥪 After that, we grabbed lunch at a local café. I communicated with the staff using a mix of sign language and writing, and they were super friendly and accommodating! It’s great to see more places becoming accessible and inclusive. 💙
🚴‍♀️ In the afternoon, I went for a bike ride in the park. The weather was perfect, and the scenery was breathtaking! I love how nature has its own kind of music; I felt it all around me through the rustling leaves and chirping birds. 🍃🐦
🏋️‍♂️ Finally, I ended my day with a workout session at my favorite gym. I enjoy group classes because the energy is contagious, and we all support each other. Plus, I can follow along with the instructor’s movements without missing a beat! 💪
I’m grateful for the amazing experiences today and look forward to sharing more with you all! If you have any questions about my experiences or want to learn more about deaf culture, feel free to ask! 😊✌️
#DeafCommunity #Art #Inclusion #Biking #Fitness #EverydayLife"
dis,"🌟 Hello everyone! 🌟
I hope you’re all having a wonderful day! I'm so excited to share a little about myself and what I did today. My name is Alex, and I am deaf. I communicate using sign language, and I love connecting with friends and family through it!
Today was an amazing day filled with activities. I started my morning with a refreshing walk in the park 🌳. The colors of the fall leaves were stunning! I took some time to enjoy the fresh air and watch the birds fly. 
After that, I met up with some friends for brunch 🍽️ at my favorite café. We had a great time catching up and sharing stories. It’s always fun to exchange laughs and gestures! 
In the afternoon, I attended a pottery class 🎨. I’ve been wanting to learn this for a while, and it was so much fun to create something with my hands! I can’t wait to show you all my masterpiece once it's finished.
Finally, I spent the evening watching a movie with captions 🎬 and snacks 🍿. It’s the perfect way to wind down after a busy day!
I love sharing my experiences and connecting with all of you. Feel free to reach out or ask me anything about my life, my activities, or deaf culture! 💖
#LifeWithDeafness #SignLanguage #InclusiveCommunity #EverydayAdventures"
dis,"🌟 Hello everyone! 🌟
I hope you're all having an amazing day! My name is Alex, and I’m excited to share a bit about myself and my daily adventures. As a proud member of the Deaf community, I love to embrace life fully and connect with others in unique ways. 
Today was super fun! 🎉 I started my morning with a refreshing yoga session at my favorite studio. It’s a great way to center myself and prepare for the day ahead. 🧘‍♂️ I appreciate the visual cues from my instructor—it helps me stay in sync with the class!
After yoga, I met up with a few friends for brunch at a local café. We laughed, shared stories, and enjoyed some delicious food together. 🍳🥑 I love how we can communicate so easily using sign language—it really breaks down barriers and makes our conversations so vibrant!
In the afternoon, I explored a new art exhibit in town. 🎨 I love seeing how different artists express their emotions and perspectives, and today’s exhibit was truly inspiring! I captured some great photos to share with you all later.
Now, I’m winding down with a good book in my cozy nook. 📚✨ It feels amazing to reflect on a day filled with connection, creativity, and kindness.
I’d love to hear about what you all did today! Let’s keep sharing and supporting each other! 
#DeafCommunity #LifeAdventures #ConnectAndCreate"
dis,"🌟 Hello, everyone! 🌟
My name is Alex, and I’m excited to connect with you all! I’m deaf and proud. 🦻✨ I believe in the power of communication in all its forms, and I can’t wait to share a little about my day with you!
Today was a beautiful and busy day! ☀️ First, I started my morning with a refreshing hike in the nearby nature reserve. The vibrant colors of the fall leaves were breathtaking! 🍂 I love to soak in the beauty of nature; it’s so calming and inspiring.
After that, I met up with some friends for lunch at our favorite café. We had a great time catching up, laughing, and sharing stories over some delicious sandwiches! 🥪 It’s such a joy to be surrounded by good friends and good food.
In the afternoon, I attended a fun art workshop where we learned to make our own pottery. 🎨🖌️ I had a blast getting my hands dirty and exploring my creative side! It's amazing how art can express so much, even without words.
Now, I’m winding down at home with a movie night. 🍿 I'm excited to watch a film with subtitles that I've been looking forward to. Hope you all had a fantastic day too!
Feel free to drop a comment or share something about your day! Let’s connect and share our experiences together! 💬❤️
#DeafPride #NatureLover #ArtLife #GoodFriends #ShareYourStory"
dis,"👋🏽 Hi everyone! My name is Alex, and I’m excited to connect with all of you! 💙 
Today was a great day for me! I started my morning with some meditation and yoga to center myself before diving into the day. 🧘🏽‍♂️ 
After that, I went for a hike at the nearby nature trail. The colors of the leaves are amazing right now! 🍂 The fresh air and the sounds of nature are truly invigorating. I love to stop and watch the squirrels; they always make me smile! 🐿️ 
Later, I met up with some friends for a lunch date at our favorite café. We used our phones and gestures to communicate, and we had a blast! Eating good food and sharing laughs is the best part of my day. 🍽️😄 
This evening, I joined an online art class. I’ve been working on my painting skills, and I can’t wait to show you all my progress! 🎨✨ 
How was your day? Let’s share our experiences and stay connected! 👇🏽💬 
#DeafJourney #LifeInColor #NatureLover #ArtisticVibes #CommunityLove"
dis,"👋🏼 Hey everyone! 
I’m [Your Name], and I’m excited to connect with all of you! For those who don’t know, I’m Deaf, and I use sign language as my primary mode of communication. I love the vibrant Deaf community and being part of so many amazing activities! 👐✨
Today was such a fulfilling day! Here’s a little recap of what I did:
1. **Morning Yoga 🧘‍♀️**: I kicked off my day with a refreshing yoga session. It was so peaceful to practice mindfulness and stretch while enjoying some beautiful music (through vibrations!).
2. **Deaf Culture Meetup 🎉**: I met up with some friends from the local Deaf community. We had a fantastic time sharing stories, laughing, and practicing our sign language skills. It’s always uplifting to connect with people who understand and appreciate the richness of our culture!
3. **Cooking Class 👩‍🍳**: I joined a virtual cooking class this afternoon! We laughed, learned new recipes, and even shared some cooking tips in sign language. Today’s dish was homemade pasta, and I can’t wait to try it again on my own!
4. **Nature Walk 🌳**: To end the day, I took a relaxing walk in the park. I love being surrounded by nature, feeling the breeze, and watching the seasons change. There’s something truly calming about being outdoors.
I hope everyone had a wonderful day too! Looking forward to hearing about what you all did! 😊💙
#DeafCommunity #SignLanguage #LifeExperiences #CulturalExchange"
dis,"🌟 Hello everyone! 🌟
I'm [Your Name], and I’m excited to share a little about my day with you! 👐💖 Being part of this community means so much to me, and I love connecting with all of you!
Today was a busy and fun day! Here’s what I got up to:
1. **Morning Yoga**: I kicked off my day with a refreshing yoga session in the park. The sun was shining, and the energy was just perfect! 🌞🧘‍♂️ 
2. **Coffee Catch-Up**: After yoga, I met up with a friend for some coffee. We caught up on life and shared some laughs. I always appreciate these moments of connection – they make my heart smile! ☕💬
3. **Art Class**: I spent my afternoon at an art class! 🎨 Today, we explored watercolor techniques, and it was so relaxing to get lost in the colors and creativity. I can't wait to show you all my masterpiece!
4. **Outdoor Exploring**: Later, I went for a hike on a nearby trail. The views were breathtaking! Being surrounded by nature is such a great way to recharge. 🌲🏞️ 
5. **Evening Movie Night**: I wrapped up my day with a movie night at home – popcorn included, of course! 🍿🎬 I’m currently obsessed with [Movie Title], and I loved every minute!
I’d love to hear about your day too! What activities brought you joy today? Drop a comment below! 👇✨
#DeafCommunity #MyDay #JustLivingLife #Connection #Art #Nature #Inspiration"
dis,"🌟 Hi everyone! 
I'm [Your Name], and I’m excited to connect with this wonderful community! As a person who is deaf, I navigate the world a bit differently, but I've learned to embrace the unique perspectives and experiences that come with it. I love exploring new ideas, engaging in creative projects, and connecting with others who share similar passions.
🤔 I'm curious to hear your thoughts! What are some tips or experiences you have that promote inclusivity for those with deafness or hearing loss? Whether it’s resources, community events, or personal stories, I’d love to learn and grow from your insights!
Thank you for being a part of this conversation! 💬✨ 
#DeafCommunity #Inclusion #Support #LearningTogether"
dis,"🌟 Hi everyone! 🌟
I hope you’re all doing well! My name is Alex, and I’m excited to connect with this amazing community. I’m part of the Deaf community and have been embracing my identity and experiences for as long as I can remember. 
🌈 I love sharing my journey, learning new things, and connecting with others who have similar experiences. I’m also passionate about raising awareness about deaf culture and the importance of accessibility for everyone.
I’d love to hear from you! What are some resources, tips, or tools that have helped you or someone you know navigate the world in a more accessible way? Any recommendations for books, apps, or community events? Let’s share our knowledge and support each other! 🙌💬
Looking forward to your suggestions! 💖 
#DeafCommunity #Accessibility #SpreadAwareness #Connection"
dis,"🌟 Hello everyone! 🌟
I hope you’re all doing well. My name is Alex, and I’m a proud member of the Deaf community! I've always believed in the power of connection, communication, and shared experiences. I’m here to learn, share, and celebrate our diverse journeys!
As someone who loves exploring different interests—from art and technology to advocacy and culture—I’d love to hear from you all. 🌈
👉 Here’s my question for the community: What resources or activities do you find most helpful for connecting with others in the Deaf community? Whether it’s online platforms, local events, or creative projects, I’d love to hear your suggestions! 
Looking forward to your thoughts and tips! Let’s keep inspiring each other! 💬✊
#DeafCommunity #Connection #Inclusivity #Let’sTalk"
dis,"🌟 Hello, everyone! 🌟
I hope you're all doing well! My name is Alex, and I’m excited to connect with this incredible community. As someone who is deaf, I’ve learned to see the world a little differently, and I love sharing experiences with others who might have similar journeys or insights.
I’m passionate about promoting awareness and understanding of deaf culture and communication. Whether it’s through sign language, captioning, or other accessible means, I believe we can all learn and grow from each other.
Here’s my question for all of you: What are some ways you think we can make our communities more inclusive for everyone, especially for those with hearing differences? I would love to hear your thoughts, suggestions, or personal experiences!
Let’s inspire each other and create a more welcoming world together! 💬🙌
#DeafAwareness #InclusionMatters #CommunitySupport"
dis,"🌟 Hello, everyone! 🌟
I’m excited to join this vibrant community! My name is Alex, and I’m profoundly deaf. I communicate using sign language and love connecting with others, sharing experiences, and learning from different perspectives. 
I’m curious to hear from you all! 🤔 What is one thing you think everyone should know about Deaf culture or the experiences of people with hearing loss? Or maybe a suggestion of a good resource or book that highlights these important topics? 
Looking forward to your insights! Let’s keep the conversation going! 💬🤟✨
#DeafCommunity #SignLanguage #CulturalExchange #DeafAwareness"
dis,"🌟 Hello everyone! 🌟 
My name is Alex, and I’m excited to connect with this amazing community! I’m Deaf and use sign language to communicate, but I love engaging with people from all backgrounds. Each day is a new opportunity for connection and understanding, and I'm here to learn from all of you too!
I’m curious to hear your thoughts: What are some creative ways you've found to include everyone in conversations or activities, especially in mixed-ability settings? I’d love to gather some suggestions and tips! 
Looking forward to hearing from you all! 🤟✨
#DeafCommunity #Inclusion #CommunicationMatters #Let’sConnect"
dis,"🌟 Hello everyone! 🌟
I'm [Your Name], and I am proud to be part of this vibrant community! As a person who is deaf, I've learned to navigate the world in my own unique way. I love connecting with others, sharing experiences, and exploring new ideas.
I'm reaching out today to ask for your thoughts and suggestions! I'm always looking for ways to enhance communication and make my daily life more inclusive. If you have any tips or tools that have worked for you—whether it’s in conversations, events, or simply staying connected—please share! 
Let's create a space where everyone can learn from each other and support one another. Looking forward to hearing your ideas! 💬❤️
#Community #DeafAwareness #Connection "
dis,"🌟 Hi everyone! 🌟
I’m [Your Name], and I'm excited to join this amazing community! As someone who is Deaf, I find so much joy in connecting with others and sharing experiences. I love exploring different interests, from art to tech, and I’m always eager to learn new things!
I’d love to hear from you all: What tips or resources do you have for fostering more inclusive environments in our daily lives? 💬✨ Let’s work together to make sure everyone feels seen and heard! 
Looking forward to your responses! 🙌🏼❤️
#DeafCommunity #InclusionMatters #LetsConnect"
dis,"🌟 Hello everyone! 🌟
My name is Alex, and I’m excited to share a little bit about myself with this amazing community! I am deaf and communicate primarily through sign language, though I also love engaging through text and visual content. I believe that everyone’s voice matters, and I’m here to connect, learn, and celebrate the diversity among us!
I’m passionate about art, music (I feel the vibrations!), and exploring the beauty of nature. I’m always looking for new ways to express myself and connect with others, so I’d love to hear your thoughts!
💬 Question for you all: What are some creative ways you’ve used to communicate or share your experiences with the world? Any suggestions for art projects or community activities that promote inclusivity?
Looking forward to hearing your ideas and connecting with each of you! 💖✨
#DeafCommunity #Inclusion #Creativity "
dis,"🌟 Hello everyone! 🌟
My name is Alex, and I’m excited to be here! I identify as a member of the Deaf community and I'm passionate about connecting with others, sharing experiences, and learning new things. 😊💬
I’ve always loved exploring different cultures and perspectives, and I believe that communication opens the door to incredible connections. I'm here to share my journey and hear your stories too!
✨ I’d love to ask you: What’s one way you think we can improve accessibility and inclusivity for the Deaf community in everyday life? Any suggestions or ideas are more than welcome! Let’s start a conversation! 👂💖
#DeafCommunity #InclusionMatters #ConnectingThroughCommunication"
dis,"👋 Hi everyone! My name is Sarah, and I’m excited to connect with you all! As a person who is deaf, I navigate the world a little differently, but I believe it makes my experiences richer.
Today, I want to share my thoughts on the wonderful event happening in our community: the annual Accessibility Awareness Day! 🌍💙 It’s incredible to see so many people coming together to celebrate inclusivity and promote understanding of various disabilities. I love how the event highlights the importance of accessible communication, technology, and environments for everyone.
I attended a workshop this morning focused on how to create inclusive spaces. It was enlightening to hear speakers share their stories—thank you to everyone who advocates for change! 💪🏼✨ 
Let’s keep the conversation going! How are you planning to make your spaces more inclusive? I’d love to hear your thoughts or any initiatives in your communities! 🤗
#AccessibilityMatters #DeafCommunity #Inclusion #TogetherWeCan"
dis,"🌟 Hey everyone! 🌟
My name is Alex, and I’m excited to share a bit about myself with all of you! I’m deaf, and I communicate using sign language. It's an integral part of my identity and something that makes me unique. I love connecting with others in our beautiful, visual language, and I’m always eager to learn more about different cultures and experiences.
Today has been quite eventful! I attended a local community gathering focusing on accessibility and inclusion. It was inspiring to hear people speak passionately about creating spaces where everyone feels welcome, regardless of their abilities. I participated in a lively discussion about the importance of access to resources, like interpreters and captioning, to ensure that deaf individuals are included in conversations.
I wanted to take a moment to highlight how crucial it is for all of us to advocate for equal access. Whether it's in schools, workplaces, or public events, we all have a role to play in making sure that everyone's voice is heard—literally and metaphorically. 💬✊
I’m grateful for this community and the support we provide each other. Let’s continue to uplift one another and push for a world that celebrates our differences! Feel free to reach out—let's connect! 💖
#DeafPride #InclusionMatters #TogetherWeThrive"
dis,"🌟 Hey everyone! 🌟
I’m excited to introduce myself to this amazing community! My name is Alex, and I’m a proud member of the Deaf community. 🎉 I communicate using sign language, and I love connecting with people from all walks of life. 
Today has been quite eventful! 🗓️ I joined a fantastic virtual rally advocating for better accessibility and support for Deaf individuals in education and the workplace. It was so inspiring to see so many people come together, using their voices (and signs!) to push for change. ✊🏻💬
It’s heartwarming to know that we’re making strides towards a more inclusive world. Every step count! 💪🏽 
Remember, accessibility is a right, not a privilege! 💖 If you have any questions about Deaf culture or sign language, feel free to reach out—I’d love to chat!
Let’s keep the conversation going! ✨
#DeafCommunity #Inclusion #AccessibilityMatters #ProudToBeDeaf"
dis,"🌟 Hello everyone! 🌟
I hope you’re all having a wonderful day! My name is Alex, and I’m excited to connect with you all here. As someone who is deaf, I communicate primarily through sign language and text, and I love sharing my experiences and learning from others. 💬✋
Today has been quite eventful! I attended a local community event that focused on accessibility in public spaces. It was inspiring to see so many people come together to advocate for inclusivity! We discussed how vital it is for everyone, regardless of ability, to have access to information, communication, and opportunities.
I also loved meeting fellow advocates and exchanging ideas on how we can continue to raise awareness about the deaf community. It’s amazing to see the progress we’re making, but there’s always more work to be done! ✊
Let’s keep this conversation going! I’d love to hear your thoughts on accessibility and inclusivity. How can we work together to create a more welcoming world for everyone? 💖
#DeafAwareness #Inclusion #Community #AccessibilityMatters"
dis,"🌟 Hello everyone! 🌟
I hope this post finds you well. My name is [Your Name], and I'm excited to introduce myself to this amazing community! As a person with deafness, I experience the world in a uniquely beautiful way, relying on my other senses and the incredible energy around me. 🌈💖
Today has been eventful! I attended a local arts fair where various artists showcased their work. It was inspiring to see creativity come alive in so many forms! 🎨✨ I loved observing the vibrant colors and feeling the lively atmosphere. The best part? Watching everyone communicate and connect, whether through spoken words, sign language, or just smiles and laughter. It reminded me that communication comes in many forms, and we all have something valuable to share! 🤟😊
I’d love to connect with more people and hear your stories. Feel free to share your experiences or any upcoming events in the comments! Let’s celebrate our differences and find common ground. 💬🌍
Keep shining, everyone! ✨
#DeafCommunity #ArtAndInclusion #DifferentNotLess"
dis,"🌟 Hey everyone! 🌟
I wanted to take a moment to introduce myself and share a bit about my world. My name is [Your Name], and I’m proud to be a part of the deaf community! 🌈 I communicate mainly through sign language, and I love connecting with people who are willing to learn and embrace diversity.
Today, I tuned into some incredible events happening around the globe. I saw the beautiful messages of unity and inclusion in the deaf community, reminding us all that everyone deserves to be heard—even if it’s not through sound. 👐💖 
I was especially inspired by the way many organizations are stepping up to provide accessibility at events. Captioning and sign language interpretation are so vital for bridging gaps and making sure everyone can participate fully. It’s a reminder of how important it is to advocate for accessibility in all aspects of life.
Let’s keep pushing for a world where everyone feels empowered to express themselves, no matter how they communicate. Together, we can make a difference! 💪✨ 
Would love to hear your thoughts on today’s events or any experiences you’ve had with inclusion and accessibility! Drop a comment below! 👇 
#DeafAwareness #InclusionMatters #SignLanguageLove"
dis,"🌟 Hello everyone! 🌟
I hope you’re all having a wonderful day! My name is Alex, and I am proud to be part of the Deaf community. I communicate using sign language, and I love connecting with people from all walks of life. 💖
Today has been quite eventful! I joined a local rally promoting accessibility and inclusivity for people with disabilities. It was amazing to see so many passionate faces, all united for a common cause. 👐✊ Sharing experiences and stories through visual communication was an empowering experience, and it reminded me of the importance of raising our voices—together, in every way we can!
I also had the opportunity to connect with some incredible advocates who are pushing for closed captions in all media. Let’s not forget, accessibility is a right for everyone! 🎥💬
If you want to learn more about Deaf culture or how to communicate with me, don't hesitate to reach out. I'm always here to share and learn together!
Wishing you all a beautiful day filled with understanding and connection! ✨🌈
#DeafPride #Inclusion #AccessibilityMatters"
dis,"🌟 Ciao a tutti! 🌟
Mi chiamo Alex e sono felice di connettermi con voi qui! Sono una persona sorda e utilizzo la lingua dei segni per comunicare. Oggi è stata una giornata intensa e piena di eventi interessanti! 📅✨
Ho partecipato a un incontro sulla sensibilizzazione verso la comunità sorda e la sua cultura. È stato bello vedere tante persone unite per promuovere l'inclusione e la comprensione! 🙌💬 Le persone che condividono le loro esperienze e ascoltano attivamente sono fondamentali per costruire un mondo migliore.
Ho anche visto un breve video sulla nuova tecnologia per la scrittura automatica dei sottotitoli, ed è incredibile come le innovazioni possano facilitare la comunicazione per tutti! 📲💡 È affascinante vedere come si sta lavorando per creare più accessibilità.
Ricordiamoci sempre che ogni voce conta, anche quando non viene espressa in modo tradizionale. Insieme possiamo abbattere i muri e costruire ponti. 🌈💖
Fate sentire la vostra voce e condividete le vostre esperienze nei commenti! Non vedo l’ora di sentirvi! ✌️🤟
#Inclusione #ComunitàSorda #TecnologiaAccessible #VocePerTutti"
dis,"🌟👋 Hey everyone! I’m Alex, and I’m excited to connect with you all! Being deaf is a part of my life, but it doesn’t define me. I communicate through sign language, text, and gestures—I love showing the beauty of our diverse ways to connect! 💖
Today was pretty eventful! I attended a local Deaf community event, where we had some amazing discussions about accessibility and inclusivity. It’s always inspiring to see so many passionate individuals working together to raise awareness. 🙌✨
Also, I saw some news about a major event in our city—looks like there were significant discussions about improving services for people with disabilities! I’m eager to see how our voices will shape these changes. Let’s keep pushing for a world where everyone can thrive! 🚀
Feel free to share your thoughts or just say hi! I can’t wait to hear from you. Let’s make this space inclusive and vibrant! 🌈✌️ #DeafCommunity #InclusionMatters #DiversityIsStrength"
dis,"🌟 Hello everyone! 🌟
My name is Alex, and I’m excited to connect with all of you! As someone who is deaf, I experience the world in a unique way, relying on visuals and vibrations rather than sound. Communication for me often involves sign language, facial expressions, and a keen awareness of my surroundings. 
Today was quite eventful! I attended a community event highlighting accessibility and inclusion for people with disabilities. 🌈 It was wonderful to see so many passionate individuals come together, sharing ideas on how to make our society more inclusive. 
One of the highlights was a panel discussion featuring advocates from various backgrounds. They shared inspiring stories, and I was moved by their commitment to creating positive change. I also appreciated the interpreters who helped make the event accessible to everyone. 🙌 
I believe that every voice matters, and I’m excited to be part of a community where we can uplift one another. Let’s continue to raise awareness about deafness and the beauty of sign language! 💖
Feel free to reach out or drop a comment if you’d like to chat or learn more about my experiences. Let’s connect and support each other! 
#DeafAwareness #Inclusion #CommunityLove #SignLanguageMatters"
dis,"🌟 Hello, everyone! 🌟 
My name is [Your Name], and I’m excited to join this vibrant online community! I live with cerebral palsy, which affects my muscle control and coordination. Each day brings its own set of challenges, but I try to embrace every moment with positivity and humor. 
For me, cerebral palsy means that simple tasks can require a lot more effort. Some days, just getting out of bed feels like climbing a mountain! But I’ve learned to focus on what I can do rather than what I can’t. With the help of my amazing family and friends, I’ve discovered adaptive techniques and tools that empower me to live life to the fullest.
I’ve had my share of obstacles—like navigating the world with a mobility aid and dealing with misconceptions about my abilities. It’s frustrating at times, but it’s also allowed me to educate others and spark conversations about inclusion and understanding. 
I’m passionate about spreading awareness and sharing my experiences because I believe that our stories can inspire change. Whether it’s talking about accessibility or advocating for disability rights, I want to be a voice for those who may feel unheard.
I also love connecting with others who share similar experiences! Let’s uplift each other and celebrate our unique journeys. If you have questions, thoughts, or just want to say hello, I’d love to hear from you!
Thanks for reading, and here’s to a world where everyone’s story is valued! 💖✨ 
#CerebralPalsy #DisabilityAwareness #InclusionMatters"
dis,"🌟 Hey everyone! 🌟 
My name is [Your Name], and I'm excited to introduce myself to this amazing community! I live with cerebral palsy, which means that I navigate the world a bit differently than some, but I promise you, it’s been a wild ride filled with unique experiences and lessons. 🚀
Cerebral palsy affects my movement and coordination, but it certainly doesn’t define who I am! Each day is a new adventure—sometimes challenging, but often filled with laughter, joy, and a fierce determination to embrace life to its fullest. 💪❤️
I’ve had my share of ups and downs. Simple tasks can be tough, and often I face misconceptions or barriers in public spaces. But through it all, I've learned the importance of resilience and advocacy—both for myself and others in the disabled community. 🗣️
One of my greatest passions is to spread awareness about cerebral palsy and to highlight the importance of accessibility and inclusion. I believe we all have stories worth sharing, and I’m here to share mine! 🌈✨ 
I’d love to connect with you all and hear your stories too! Let’s support and uplift each other on this journey—because together, we can create a world that celebrates our differences. 💖🤝
Looking forward to chatting with you! 
#CerebralPalsyAwareness #EmbraceDifferences #InclusionMatters #DisabilityPride"
dis,"🌈 Hey everyone! 💙
My name is Alex, and I’m excited to introduce myself and share my journey with you all! I have cerebral palsy, a condition I’ve lived with since birth. 🌟 While it may come with its challenges, I see it as a part of my unique story.
Growing up, I faced some obstacles that often made me feel different from my peers. Simple tasks could sometimes take longer, and I occasionally encountered misunderstandings from others. But over the years, I’ve learned to embrace my differences. I’ve discovered my strength and resilience, and I’ve met some incredible people along the way who have supported and inspired me. 🤗
One of my biggest passions is advocating for disability awareness. It’s important to showcase that people with disabilities can lead fulfilling lives and contribute meaningfully to society. 💪✨ I love engaging in creative activities like art and music, and I’m always eager to learn new skills!
If there’s one thing my journey has taught me, it’s the power of community and connection. I hope to use this platform to share stories, raise awareness, and foster understanding. Let’s break down barriers together and create a world where everyone feels valued and included!
Thanks for reading! I can’t wait to connect with all of you. Feel free to share your own experiences too! 💬❤️
#CerebralPalsyAwareness #DifferentNotLess #Advocacy #InclusionMatters"
dis,"🌟 Hi everyone! 🌟
I wanted to take a moment to introduce myself and share a bit about my journey living with cerebral palsy. My name is Alex, and I’m excited to connect with all of you!
Cerebral palsy affects my muscle coordination and movement, so I use a wheelchair for mobility. While this means that my day-to-day life includes some unique challenges, it has also given me a perspective that I cherish. I believe that our differences make us who we are, and I've learned to embrace my journey with humor, resilience, and a lot of support from family and friends.
One of my biggest lessons has been about patience—both with myself and the world around me. Simple tasks can sometimes take longer than expected, but every achievement, no matter how small, feels monumental. I’m passionate about advocating for accessibility and inclusivity because I believe everyone deserves the chance to thrive, regardless of their abilities.
Through my experiences, I’ve met incredible people who have inspired me with their strength and determination. Whether it's learning adaptive sports, trying new hobbies, or simply raising awareness about what it’s like to live with a disability, I’m all about sharing stories and creating a sense of community.
I’m here to connect, share, and learn from all of you. Feel free to reach out if you have questions, want to share your experiences, or just want to chat! Let's celebrate our differences and support one another. 💪💖
#CerebralPalsyAwareness #DifferentNotLess #InclusionMatters"
dis,"Hello everyone! 👋
My name is [Your Name], and I’m excited to share a little bit about myself and my journey living with cerebral palsy. 🌈
I was diagnosed with CP at birth, and it's a part of my life that has shaped who I am today. For those who may not know, cerebral palsy affects movement and posture, which can make everyday tasks challenging. I use a wheelchair for mobility, and while there are obstacles, I’ve learned to embrace my uniqueness and find joy in the little things! 🌟
Throughout my life, I’ve faced a variety of challenges—whether it’s navigating physical barriers, dealing with misconceptions, or simply trying to keep up with my friends during activities. There have been tough days, but I’ve also experienced profound moments of triumph. Each step I take (literally and figuratively) is a reminder of my strength and resilience! 💪❤️
One of my biggest passions is advocating for inclusion and accessibility. I believe that everyone, regardless of their abilities, deserves equal opportunities. Through sharing my experiences, my hope is to open hearts and minds, and to foster understanding about what living with a disability truly means.
I love connecting with others, and I’m always on the lookout for new friendships and support. If you or someone you know has a story to share, I’d love to hear it! Let’s lift each other up and celebrate our journeys together. 
Thanks for reading, and I can't wait to connect with you all! 💖✨ 
#CerebralPalsy #DisabilityAwareness #InclusionMatters #StrongerTogether"
dis,"🌟 Hi everyone! 🌟
I’m excited to share a bit about myself with you all. My name is [Your Name], and I live with cerebral palsy. For those who might not know, cerebral palsy is a neurological condition that affects movement and posture, but it’s only part of my story. 
Every day, I navigate the world with a unique perspective shaped by my experiences. I’ve faced challenges that may seem daunting, like physical limitations or the occasional misunderstanding from others. But I’ve also discovered amazing strengths and resilience within myself that I never knew existed. 💪
Living with cerebral palsy means that I’ve had to adapt in ways that others might not fully understand. Simple tasks can require extra time and effort, but I’ve learned to celebrate every little victory along the way. Whether it’s taking a few extra steps, mastering a new technique in therapy, or simply enjoying a beautiful day outside—these moments remind me of my strength and the importance of patience.
One of my biggest passions is raising awareness about disabilities and advocating for inclusivity. I believe everyone deserves a chance to be heard and to take part in the community, regardless of their abilities. 🌍 Together, we can break down barriers and create spaces where everyone feels welcome and valued.
I also cherish the connections I’ve made with others who share similar experiences. It’s empowering to hear different stories and learn how everyone has forged their own path. 
So, here’s to embracing our differences and celebrating our journeys! I’m looking forward to connecting with all of you—let’s share our stories, support each other, and spread a little more kindness in the world. ❤️
#CerebralPalsy #Inclusion #Awareness #DifferentNotLess #Empowerment"
dis,"🌟 Hi everyone! 🌟
My name is [Your Name], and I’m excited to share a little about myself and my journey with cerebral palsy (CP). I was diagnosed with CP at birth, and while it’s shaped my life in many ways, it hasn’t defined who I am. 
Living with CP means that my body doesn’t always cooperate the way I want it to. Simple tasks like walking, writing, or even speaking can be challenging at times. But I’ve learned to adapt and find my unique ways to express myself. I use a wheelchair for mobility, which has opened up a new world for me. Each day is an adventure, filled with its own set of challenges and triumphs.
One of the biggest lessons I've learned is the power of resilience. There have been times when I felt frustrated or overwhelmed by the limitations I face, but these moments have also fueled my determination to push beyond them. I believe in creating my own opportunities and not letting others define what I can achieve.
I’m also passionate about raising awareness about CP and advocating for accessibility and inclusion. It’s crucial to foster a society where people of all abilities can participate fully, and I want to be part of that change. 
I love connecting with others, sharing experiences, and learning about different perspectives. Whether it’s joining conversations about disability rights, sharing tips on navigating the world, or just chatting about everyday life, I’m here for it all!
Feel free to reach out, share your own experiences, or ask me anything! Together, we can make a difference and create a more inclusive world for everyone. 💪❤️
#CerebralPalsy #DisabilityAwareness #InclusionMatters #Resilience #Advocate"
dis,"🌟 Hi everyone! 🌟
My name is Alex, and I’m excited to join this community and share a little about myself! I live with cerebral palsy, which affects my movement and coordination, but it’s just one part of who I am. 💪
Growing up, I faced my share of challenges — from overcoming physical obstacles to navigating a world that isn’t always designed with accessibility in mind. But I believe that every challenge is an opportunity for growth. I’ve learned to adapt and find creative solutions to everyday tasks, whether it’s using assistive technology to help me communicate or finding alternative ways to stay active.
One of the most important lessons I’ve learned is the power of community and support. I've met incredible friends along the way who inspire me every day with their resilience and positivity. Together, we celebrate our victories, no matter how small, and lift each other up on tougher days.
I also love being an advocate for disability awareness and inclusion! 🌍 It’s vital for our voices to be heard, so I want to raise awareness about cerebral palsy to help others understand what it’s like and to break down the barriers of stigma. Every story matters!
When I’m not advocating or sharing my journey, I enjoy [insert hobbies, e.g., painting, reading, or exploring new places]. I believe it’s important to embrace all our passions and to live life to the fullest.
I’d love to connect with others who share similar experiences or anyone curious about cerebral palsy! Let’s inspire and learn from each other. 💖
Thanks for reading! 
#CerebralPalsyAwareness #DisabilityAdvocacy #InclusionMatters #LetsConnect"
dis,"🌟 Hello, everyone! 🌟
My name is [Your Name], and I’m excited to share a little bit about myself with you all. I live with cerebral palsy, which is a condition that affects my movement and coordination. While my journey has had its challenges, it's also filled with unique experiences that have shaped who I am today.
Growing up, I faced a lot of obstacles, from navigating physical spaces to finding my voice in a world that often overlooks individuals with disabilities. At times, it was frustrating to be seen as less capable because of my condition, but I’ve learned to embrace my differences and use my experiences to help others understand the beauty of diversity.
My disability has taught me resilience, creativity, and the importance of community. I find strength in connecting with others who share similar experiences, advocating for inclusivity, and raising awareness about the realities of living with cerebral palsy. Whether it’s using adaptive technology for communication or finding the right support to pursue my passions, I’ve learned that everyone’s journey is unique, and that’s what makes us all special.
I’m passionate about [mention any hobbies or interests, like art, writing, music, sports, etc.], and I strive to show that disabilities don’t define our limits. I’m here to share my stories, connect with others, and inspire those who may be facing similar challenges. 
Thank you for following along on my journey! Let’s break down barriers and celebrate our unique stories together. 💪❤️
#CerebralPalsy #Inclusion #Awareness #Empowerment #DifferentAbilities #MyJourney"
dis,"🌟 Hey everyone! 🌟
I just wanted to take a moment to introduce myself and share a bit about my journey living with cerebral palsy. My name is [Your Name], and I’ve navigated life with this condition since birth. Cerebral palsy affects my muscle control and coordination, which means I rely on adaptive tools and strategies to help me in my daily life. 
Living with CP has definitely come with its challenges. Simple tasks, like getting dressed or typing on my phone, can take more time and effort. I often face stares or misconceptions from people who don't understand my condition. But I've learned that my disability doesn't define me—it’s just one part of my beautiful, complex story. 
With every challenge, I’ve also found incredible strengths. I’ve developed perseverance, creativity, and a unique perspective on the world around me. I’ve met amazing people who have inspired me and shown me that we can all make a positive impact, regardless of our abilities.
I’m passionate about advocating for inclusivity and raising awareness about CP. It's important for everyone to recognize that individuals with disabilities can lead fulfilling lives and contribute to society in so many ways. 
I’d love to connect with anyone who shares similar experiences or just wants to learn more! Let’s support each other and continue to break down barriers together. 💪✨
Sending love and positivity to all! 
#CerebralPalsyAwareness #DisabilityCommunity #InclusionMatters #EmbraceYourJourney"
dis,"🌟 Hey everyone! 🌟 
I just wanted to take a moment to introduce myself. My name is Alex, and I live with cerebral palsy. It’s a part of who I am, shaping my experiences and perspectives in ways I’m still learning to understand. 
Today was a rollercoaster of emotions for me. I woke up feeling hopeful, ready to tackle the day. I had a virtual meeting with my support group, and it was incredibly uplifting to connect with others who truly get it. We shared laughs, tips, and encouragement, which filled me with warmth and solidarity. 
But later in the day, I faced some challenges that hit hard. I had a physical therapy session that pushed me to my limits, both physically and emotionally. At times, I felt frustrated and overwhelmed, which is totally okay to admit! I reminded myself that it’s all part of my journey, and that every small step forward counts, no matter how tough it feels. 
So here I am, sharing this vulnerable moment with all of you. Remember, it’s okay to have ups and downs—what matters is that we keep moving forward and supporting each other along the way. 💪❤️ 
Thanks for being a part of my journey! Would love to hear about your day too, drop a comment or message me anytime. 
#CerebralPalsy #Awareness #Community #KeepMovingForward #EmotionalJourney"
dis,"🌟 Hey everyone! 🌟
I just wanted to take a moment to introduce myself. My name is Alex, and I’m living with cerebral palsy. Every day brings its own set of challenges and victories, but I wouldn’t trade my journey for anything. 💪💖
Today was a rollercoaster of emotions. I woke up feeling a little anxious about a new therapy session I had scheduled. Sometimes, the thought of stepping out of my comfort zone can be pretty overwhelming. But as the day went on, I focused on the positive aspects—like the incredible support from my friends and family. Their encouragement really helps me keep pushing forward!
During therapy, I surprised myself by reaching a new milestone. 🙌 I can’t describe the joy that filled me when I accomplished something I’d been working on for weeks. It was a reminder that each small step truly counts, and that persistence pays off.
Later on, I took a lovely walk in the park. 🌳 The fresh air and the vibrant colors of the leaves reminded me of how beautiful life can be, despite the obstacles. It was a moment of peace that filled my heart with gratitude.
Of course, there were also moments of frustration today—days can be tough when things don’t go as planned or your body doesn’t cooperate as you wish. But I believe it’s important to embrace all emotions, as they weave the fabric of our lives.
Thank you all for being part of my journey! Let's continue to support each other and spread awareness about the challenges and triumphs we face. I’m excited to see where tomorrow takes me. 💙✨
#CerebralPalsyAwareness #MyJourney #EmbraceTheChallenge #SmallVictories"
dis,"🌟 Hello everyone! 🌟
My name is Alex, and I live with cerebral palsy. Today, I wanted to take a moment to share a little about myself and what I experienced today.
Living with CP has its challenges, but I've learned to embrace every victory, big or small. Today, I had a therapy session that pushed me beyond my comfort zone. I won't lie, I felt a mix of emotions: there were moments of frustration when my muscles didn’t cooperate the way I wanted them to, but also moments of pure joy when I was able to achieve something I’ve been working on for weeks.
It reminded me that progress isn’t always linear. Some days are tougher than others, but those tough days make the successes feel even sweeter. I felt empowered today, knowing that every step I take (literally and figuratively) is a step toward a brighter future. 
I also felt grateful – for my amazing support system of friends, family, and therapists who believe in me and encourage me every day. Thank you for standing by me and for cheering me on!
So, today I just wanted to say: if you’re facing challenges, remember it’s okay to feel a whirlwind of emotions. Embrace each moment, keep fighting, and celebrate your journey. 💪❤️
Sending love and positivity to everyone out there! Always remember, we are stronger together. 💖✨ 
#CerebralPalsy #EmbraceTheJourney #ProgressNotPerfection "
dis,"🌟 Hey everyone! 🌈
I wanted to take a moment to introduce myself and share a bit about my day. My name is Alex, and I navigate the world with cerebral palsy. It's been a journey filled with ups and downs, but I'm here to embrace every moment and connect with all of you!
Today was a bit of a rollercoaster for me emotionally. This morning, I woke up feeling a wave of determination. I tackled some of my physical therapy exercises with more energy than usual, and it felt amazing to push through those challenges. The sense of accomplishment afterward really lifted my spirits! 💪✨
But as the day went on, I felt some frustration creeping in. Sometimes, simple tasks can become overwhelming, and today was one of those days. I had moments where I felt like I was moving against a current, trying to communicate with the world around me. It’s tough when it feels like everything is just a little harder, but I'm learning to give myself grace and remember that it's okay to feel this way. ❤️
What helps me is reflecting on the support I have in my life – my family, friends, and a wonderful community that uplifts me. It reminds me that vulnerability is a part of being human, and it’s okay to share both the highs and the lows.
So here I am, embracing my journey and inviting you to join me! 💖 Let’s keep the conversation going and support one another. I’d love to hear your stories and how you navigate your own challenges each day. 
Remember, we are stronger together! 💙
#CerebralPalsy #EmbracingTheJourney #StrongerTogether"
dis,"🌟 Hey everyone! 🌟
I wanted to take a moment to introduce myself. My name is Alex, and I live with cerebral palsy. It’s a part of who I am, shaping my journey and perspective in ways that are both challenging and beautiful. Every day brings its own set of adventures, and while some days are tougher than others, I try to embrace every moment.
Today was a rollercoaster of emotions for me. I had a difficult morning getting ready, and I’ll admit, I felt a bit frustrated with my body. It can be frustrating when my muscles don’t cooperate the way I want them to, and sometimes it feels like I’m battling myself. But then came the afternoon, and something shifted. I went outside for a walk with my awesome support team, and the fresh air and sunshine turned my mood around! 🌞
Feeling the warmth of the sun on my face and listening to the birds chirping made me realize how important it is to take little breaks and appreciate the world around us. I felt happy and free, even if it was just for a little while. It reminded me that while my physical challenges are real, they don’t define me—I’m still capable of enjoying life to the fullest!
Thank you for being a part of my journey. Let’s continue to share our stories, inspire each other, and celebrate the beauty in our differences. 💖✨
#CerebralPalsy #EmbracingLife #FindYourJoy #CelebrateDifferences"
dis,"🌟 Hey everyone! 🌟
I wanted to take a moment to introduce myself. My name is Alex, and I’m living with cerebral palsy. Though my journey has its unique challenges, it’s also filled with resilience, joy, and a whole lot of love. 💖
Today was a mix of emotions. I woke up feeling hopeful and motivated, ready to take on the day. I tried out a new technique in physical therapy that my therapist suggested. At first, it was tough, and I felt frustrated when things didn’t go perfectly. 😔 But then something clicked, and I could feel my body responding in a way it hadn’t before. That little victory filled me with pride! 
Later, I connected with some friends online who have similar experiences. Sharing our stories and supporting each other reminded me that I’m not alone in this journey. We laughed, we shared, and I felt a sense of belonging that truly warmed my heart. ❤️
Of course, there were moments of doubt when I compared myself to others and felt like I didn’t measure up. But I reminded myself that it's not about how I stack up against anyone else—it's about my own progress and celebrating the steps I’ve taken.
I’m looking forward to tomorrow, ready to embrace new challenges and continue sharing my story. Life might not always look the way I imagined, but it’s mine, and I’m learning to love every part of it. 
Sending positive vibes to anyone who needs them today! 🌈💪✨
#CerebralPalsy #LivingLife #EmbraceTheJourney #Resilience"
dis,"🌟 Hey everyone! 🌟
I wanted to take a moment to introduce myself and share a bit about my day. I’m [Your Name], and I live with cerebral palsy. For me, this means my body doesn’t always cooperate with my mind, but I’ve learned to adapt and find joy in the little things! 
Today was a mixed bag of emotions. I started the day feeling a bit frustrated as I struggled with some tasks that seemed simple to others. It’s one of those days when my muscles didn’t want to cooperate. 😅 But then I had a beautiful moment that lifted my spirits—my friends rallied around me for a game night! 🎲❤️ Laughing and sharing stories reminded me how much love and support I have in my life. 
I’ve learned that while my journey is unique and sometimes challenging, it's also filled with incredible friends, laughter, and moments that take my breath away. I’m proud of who I am and the strength I find in my struggles. 
Here’s to embracing every emotion and making the most of each day! 💪✨ If you resonate with my story, feel free to reach out or share your own experiences. I’d love to hear from you! 
#CerebralPalsy #FindingJoy #EmbraceYourJourney"
dis,"🌈 Hey everyone! 🌈
I wanted to take a moment to introduce myself and share a little bit about my journey. My name is Alex, and I live with cerebral palsy. While my life comes with its unique challenges, it also brings a vibrant array of experiences and emotions that shape who I am.
Today has been a whirlwind of feelings for me. I started the morning feeling energized and ready to take on the world, but I faced some physical obstacles that made me frustrated. Sometimes it feels like my body has a mind of its own, and that can be disheartening. 
But then, I had a beautiful moment—a friend reached out to check on me, and it reminded me how important connection is. Just a simple message brought a smile to my face and lifted my spirits. It’s a reminder that even on tough days, there are rays of sunshine to be found.
I also had a chance to express myself through some art, something I’ve always loved. Pouring my feelings onto paper helped me process the ups and downs of the day. 🎨✨
Living with cerebral palsy means facing challenges every day, but it also means finding joy in the little moments. I’m passionate about advocating for inclusivity and sharing the beauty of diverse experiences in our world.
Thanks for joining me on this journey! 💖 What about you? How did you feel today? Let’s support each other! 
#CerebralPalsy #LivingMyTruth #EmotionalJourney #ArtTherapy"
dis,"🌈 Hey everyone! 🌈 
I just wanted to take a moment to introduce myself. My name is Alex, and I have cerebral palsy. Living with CP has its ups and downs, and I think it's important to share my journey with all of you.
Today was a mixed bag of emotions for me. I woke up feeling a bit nervous about my physical therapy session. Some days I feel like I'm making great progress, and other days it feels like I’m not moving forward at all. But as I got ready, I reminded myself that every little victory counts, no matter how small!
During therapy, I managed to walk a bit farther than last week. 🎉 I can't tell you how that made me feel; it was empowering! It was a moment of pure joy that reminded me how hard work truly pays off. But as the day went on, I also felt some frustration when I noticed how differently I move compared to others. It can be tough not to compare myself. 
I think it's important to embrace all these feelings. They remind me that I’m human—like everyone else—facing challenges and celebrating victories in my unique way. 🌟 
I’d love to hear your thoughts or stories about overcoming challenges, big or small! Let's support each other on this journey! 💪❤️
#CerebralPalsy #Emotions #Journey #Support #Resilience"
dis,"🌟 Hey everyone! 🌟
My name is Alex, and I live with cerebral palsy. 💚 I'm excited to share a little bit about myself and my journey with you all! 
Today was a mixed bag of emotions. I woke up feeling a bit anxious about going to my weekly therapy session. Sometimes it’s tough to push through the challenges, but I remind myself that every little step counts. 🚶‍♂️💪
During therapy, I managed to push through some of my limits and learned a new technique that really made me feel accomplished. The joy of overcoming even the smallest hurdle is a feeling like no other! It reminded me that progress isn’t always about the end goal but celebrating the small victories along the way. 🎉
However, there were moments of frustration too. Sometimes things just don’t go as planned, and that's okay! It’s normal to have ups and downs. I want to remind anyone else there who might be struggling: it’s okay to feel these emotions. Allow yourself to feel, breathe, and remember that you're not alone. 🤗✨
I closed my day with a beautiful sunset, and it filled me with peace and gratitude. Nature has a way of grounding me and offering perspective on life’s challenges. 🌅
Thank you for joining me on this journey! I’d love to hear your thoughts and experiences. Let’s support each other in our unique paths! 💖
#CerebralPalsy #EmotionalJourney #LifeWithCP #SmallVictories #CommunitySupport"
dis,"🌟 Hey everyone! 🌟
I’m excited to introduce myself! My name is [Your Name], and I live with cerebral palsy. It’s a part of me, but it doesn’t define who I am. I’m a passionate person who loves to [share a hobby or interest], and I’m always looking for new experiences and connections. 
Today, I've been thinking a lot about the beauty in our differences. Sometimes, I face challenges that can make life feel overwhelming, but I also see the world through a unique lens. I love the small victories, like managing to get out of bed independently or trying a new technique in [insert an activity or hobbies]. Those moments remind me that every progress counts, no matter how small. 
I also had some deep conversations about accessibility and inclusion in our communities. It’s essential that we all strive to create a world where everyone has the opportunity to thrive, regardless of ability. 
I hope to share more of my journey with you all, raise awareness, and, most importantly, connect with others. Let’s inspire each other and celebrate all our differences! 
Remember: keep shining bright, everyone! ✨💪💖
#CerebralPalsyAwareness #DifferentNotLess #EmbraceDiversity #KeepShining"
dis,"🌟 Hey everyone! 🌟
I wanted to take a moment to introduce myself and share a bit about my day. My name is Sam, and I live with cerebral palsy. For me, every day is an adventure filled with unique challenges and small victories.
Today was a mix of emotions. In the morning, I struggled a bit with my mobility, trying to reach for my favorite mug on the top shelf. It was frustrating at times, but I reminded myself that it’s okay to ask for help. My support system is incredible, and I’m so grateful for my friends and family who are always there to lend a hand (or a lift!).
This afternoon, I spent some time exploring my creative side. I love painting! It gives me a sense of freedom and expression that I sometimes find hard to convey verbally. Each brushstroke is a way for me to share my world—one filled with vibrant colors and stories.
I also took a moment to reflect on how far I’ve come. Living with cerebral palsy has taught me resilience, patience, and the importance of self-advocacy. It's a journey, and while it can be tough, I believe that disability does not define my abilities or dreams.
To anyone else out there navigating similar experiences—or any challenges—remember that your voice matters, your journey is unique, and every day is filled with possibilities. 🌈💪
Let’s keep supporting each other and sharing our stories! Feel free to reach out or share your experiences in the comments. 
#CerebralPalsy #LifeJourney #Creativity #CommunitySupport #EverydayAdventures"
dis,"🌟 Hey everyone! 🌟
I wanted to take a moment to introduce myself. My name is [Your Name], and I’m living with cerebral palsy. I often share my journey because I believe it's important for us to break down barriers and stereotypes surrounding disabilities. 
Today was a rollercoaster of emotions and thoughts. I spent my morning reflecting on how far I've come, even when it sometimes feels like the world moves at a pace that’s hard for me to keep up with. I’ve learned that progress isn’t always linear, and that’s totally okay. Each small victory counts! 🎉
I also had some moments of frustration, especially when things didn’t go as smoothly as I hoped. But I reminded myself that it’s part of life—everyone has challenges, and my journey just looks a little different. 💪
I've been thinking a lot about the importance of community and support. We’re all in this together, and every kind word or gesture means so much. Let’s continue to lift each other up and promote understanding and kindness! 🌈
Feel free to reach out if you want to connect or share your thoughts. Let’s start a conversation! 
#CerebralPalsyAwareness #MyJourney #CommunitySupport #KeepPushingForward 💙"
dis,"🌟 Hey everyone! 🌟
My name is Alex, and I wanted to take a moment to introduce myself and share a little bit about my day today.
Living with cerebral palsy has its challenges, but it also comes with unique perspectives and beautiful moments. I believe that every day is a chance to learn and grow, both for myself and those around me. 
This morning, I woke up feeling grateful for my family and friends who support me every step of the way. ❤️ Even though I may move a bit differently than most, I embrace those differences because they make me who I am. Today, I had a great conversation with a friend about our dreams and aspirations. It reminded me that each of us has our own path, and it’s okay to take our time in getting there!
I also spent some time outdoors, soaking up the sunshine. It felt amazing to feel the warmth on my skin; nature always brings a sense of peace. 🌼 I noticed how beautiful the little things are, like the way the leaves rustle in the wind or how a simple smile can brighten someone’s day. 
I want to remind everyone to appreciate the small victories, no matter what they are. Whether it’s a challenge we bravely face or a moment of joy, each experience shapes our journey. Let’s lift each other up and celebrate our differences! 
Thanks for taking the time to read my post! I’m excited to connect with you all and hear your stories too. Let’s keep inspiring each other! 💪💖 
#CerebralPalsy #DifferentNotLess #Inspiration #Community "
dis,"🌟 Hey everyone! 🌟
I wanted to take a moment to introduce myself and share a bit about my day. My name is [Your Name], and I live with cerebral palsy. I know it can be a challenge sometimes, but it’s also a part of who I am, and I’m proud of it.
Today was a mix of thoughts and feelings, as usual. I started my morning with a little struggle getting out of bed, but once I was up, I made a delicious breakfast—my favorite way to fuel my day! 🍳 I’ve learned that starting off on a positive note really sets the tone for my day.
One thing that’s always on my mind is the importance of inclusivity. It frustrates me to see barriers, both physical and social, that prevent people with disabilities from fully participating in the world. I’m always thinking about ways we can create a more accessible environment for everyone. Let’s make sure that conversations around disability are happening everywhere!
I also took some time today to reflect on the beauty of small victories. Whether it’s completing a task, sharing a laugh with a friend, or simply enjoying the moment, these little wins matter! 💪🏼
I’d love to hear about your day too! What small victories made you smile today? Let’s keep the conversation going and support each other. 💖
#CerebralPalsyAwareness #InclusionMatters #SmallVictories #LifeWithCP"
dis,"🌟 Hey everyone! 🌟
I just wanted to take a moment to introduce myself. My name is Alex, and I have cerebral palsy. While my journey comes with its own set of challenges, it also brings unique perspectives and experiences that I love to share. 💪✨
Today, I had some reflections that I think are worth sharing. I often find myself thinking about resilience and embracing our differences. There are days when my body feels like it's working against me, but I’ve learned that it’s okay to have those feelings. They make the good days feel even more special. 😊
I spent some time today getting out in nature, feeling the sun on my face and listening to the rustling leaves. It's such a reminder of the beauty around us and how important it is to connect with the world in our own individual ways. 🌳☀️
I want to encourage everyone to celebrate their own uniqueness, whatever that may look like. Remember, it’s our differences that make us who we are! Let’s lift each other up and keep pushing boundaries together. ❤️
I’d love to hear your thoughts or experiences too! What’s something that made you feel empowered today? Share below! 👇🗨️
With love and strength,
Alex"
dis,"🌟 Hey everyone! 🌟
I wanted to take a moment to introduce myself. My name is Alex, and I’m living with cerebral palsy. Every day is a new adventure, and I’m excited to share my thoughts and experiences with all of you!
Today was one of those days that reminded me of the beauty in small victories. I struggled with my morning routine but, with a little extra time and determination, I managed to get out the door feeling accomplished. ✨
I spent some time reflecting on how important it is to embrace our journeys, no matter how bumpy they may be. I have so much admiration for everyone out there who faces their own challenges. Each of us has our battles, and we all deserve recognition for our strength and resilience! 💪❤️
I also thought about the power of community. Connecting with others who understand or support me has made all the difference. So if you’re out there feeling a bit isolated, remember: you’re not alone, and your voice matters. Let’s lift each other up!
Here’s to celebrating every moment—big and small! 💖 I’d love to hear your stories and experiences too. Let’s inspire one another!
#CerebralPalsyAwareness #StrengthInCommunity #EmbraceTheJourney"
dis,"🌟 Hey everyone! 🌟
My name is Alex, and I’m excited to share a little bit about myself with you all! I have cerebral palsy, which means my muscles and movement can be a bit tricky sometimes, but it doesn’t stop me from enjoying life to the fullest. 💪✨
Today, I had some time to reflect, and I wanted to share a few thoughts that were running through my mind. 
1. **Gratitude**: I’m genuinely thankful for the support from my family and friends. They remind me that it’s okay to lean on others when I need help.
2. **Chasing Dreams**: I’ve been working on some personal goals lately—whether it’s learning a new skill or just pushing myself to try something outside my comfort zone. I believe that everyone has the power to chase their dreams, no matter the obstacles!
3. **Awareness**: I think it’s so important to raise awareness about disabilities and how we can all create a more inclusive world. Every voice matters, and every story is worth sharing.
4. **Self-Love**: Some days are tough, and that's okay. I’m learning to be kinder to myself. It’s a journey, and I’m proud of every step I take.
I’d love to hear from you! How are you all doing today? Let’s lift each other up! 🌈💖
#CerebralPalsy #Inclusion #Positivity #KeepGoing #AwarenessMatters"
dis,"🌈 Hey everyone! 
I wanted to take a moment to introduce myself. My name is [Your Name], and I have cerebral palsy. I love sharing my journey with you all, and today, I felt inspired to reflect on a few thoughts.
💭 This morning, I woke up thinking about how each day is a new opportunity. Some days, my body feels like it’s working against me, but I’m learning to celebrate the small victories. Whether it’s reaching for that cup on the shelf or managing to tie my shoes (with a little extra time), every little accomplishment counts in my book!
💪 Today, I also thought about the importance of community. I’m so grateful for the friends and family who support me, and for the online community I've found. It’s amazing to connect with others who understand what it means to navigate life with a disability. Together, we lift each other up and break down the barriers we sometimes face. 
🌟 My wish is for everyone to recognize the unique talents and strengths we all bring to the table—whether you have a disability or not. Let's embrace our differences and celebrate everyone's journey! 
What are some thoughts you had today? Let’s inspire each other! 💖
#CerebralPalsy #LivingWithCP #Community #Inspiration #SmallVictories"
dis,"🌟 Hey everyone! 🌟
I’m [Your Name], and I’m excited to share a little bit about myself with you all! I have cerebral palsy, which means my body sometimes doesn’t cooperate the way I want it to. Some days, it’s a challenge just getting out of bed, but that doesn’t stop me from living life to the fullest!
Today was one of those days where I had a mix of emotions. I woke up feeling a bit frustrated—my muscles were tight, and I didn’t have the energy I wanted. But then, I took a moment to breathe and remind myself of all the things I’m grateful for: my family, friends, and the incredible community I’m a part of. 💕
I spent the afternoon working on a painting, which is a great way for me to express myself. 🎨 Art helps me channel my feelings, and I love how it allows me to communicate in a way that words sometimes can’t. Remembering that everyone has their own battles, I feel a sense of connection with those who also face challenges.
I believe it’s important to share our stories and support one another. Let’s break down barriers and stigmas together! If you have any questions about living with cerebral palsy or just want to chat, I’d love to connect. 💬 
Wishing you all a wonderful day filled with appreciation for the little victories! 💖
#CerebralPalsy #Inclusion #Art #Community #Gratitude #ProgressNotPerfection"
dis,"🌟 Hey everyone! 🌟
I wanted to take a moment to introduce myself and share a little bit about my day! My name is Alex, and I live with cerebral palsy. While my journey has its challenges, it also comes with so many beautiful moments worth sharing!
Today was a mix of productivity and fun! I started my morning with some stretching exercises, which always help me feel energized and ready to take on the day. After that, I enjoyed a delicious breakfast—smoothie bowls are my favorite! 🍓🍌
Then, I worked on some art projects. Painting is one of my favorite ways to express myself, and I love experimenting with colors. 🎨✨ I find that it really helps me unwind and lets my creativity flow.
Later in the afternoon, I had a wonderful virtual hangout with some friends. We played some online games and caught up on each other’s lives. It’s amazing how technology can keep us connected! ❤️
To wrap up my day, I spent some time reading my new book, which has been such a great escape. 📚 I'm always looking for recommendations, so if you have any, send them my way!
Thanks for reading a little about my day! I hope you all have a wonderful evening. Remember to celebrate the little victories, and let's keep supporting each other! 💪🌈
#CerebralPalsyAwareness #LivingMyBestLife #ArtisticExpression #CommunitySupport"
dis,"🌼 Hey everyone! 🌼
I hope you’re all having a wonderful day! For those who don’t know me, I’m [Your Name], and I live with cerebral palsy. Each day is a little adventure for me, and I wanted to share what I’ve been up to today!
This morning, I started my day with some yoga. 🧘‍♀️ It helps me stretch and stay flexible, plus it’s a great way to clear my mind and focus. I love how every pose is a little challenge, and it feels amazing when I achieve something new!
After that, I spent some time practicing my painting 🎨. I’m working on a piece inspired by the beautiful colors of autumn. Art has always been a passion of mine, and it brings me so much joy to create and express myself in that way.
Later in the afternoon, I joined my friends for an online game night! 🎮🌟 We played a few rounds of our favorite games, laughed a lot, and just had a great time together. It’s wonderful to connect and share those moments, even virtually!
To wrap up the day, I’ve been catching up on a show I love. 📺 It’s always nice to unwind and get lost in a good story.
I want to remind everyone that every day can hold its own challenges and triumphs. Embracing what we can do and finding joy in the little things is what it’s all about! 🌈
Thanks for stopping by to read about my day! I’d love to hear what you all have been up to as well. Let’s continue to inspire each other! 💖 #CerebralPalsy #EverydayAdventures #ArtAndJoy"
dis,"🌟 Hey everyone! 🌟
I wanted to take a moment to introduce myself. My name is Alex, and I’ve been living with cerebral palsy since birth. While my journey comes with its own set of challenges, it also brings countless moments of joy and incredible experiences. 💖
Today was a pretty great day! I started off my morning with some gentle stretching exercises that really help keep my muscles loose and ready for whatever comes next. 💪 After that, I enjoyed a delicious breakfast - scrambled eggs and toast, my favorite!
In the late morning, I joined a virtual art class where I got to explore my creativity with some painting. 🎨 I love expressing myself through art, and it’s always so fulfilling to see what I can create! 
In the afternoon, I met up with some friends for a little outdoor outing. We went to a local park and enjoyed the beautiful weather. I had a fantastic time chatting and laughing with them, and we even took a few selfies! ☀️📸 
To wrap up my day, I did some reading. I just started a new fantasy novel, and I can’t wait to see where the story takes me! 📚
I’m excited to share my journey and connect with all of you. Remember, every day is a new adventure, and I’m grateful for each moment! 💖✨
Feel free to drop a comment or share your own daily adventures below! Let’s inspire each other! 💬💕
#CerebralPalsy #DailyLife #Inspiration #ArtLover #Friendship #Adventure"
dis,"🌟 Hey everyone! 🌟
I hope you’re all having a fantastic day! My name is [Your Name], and I wanted to take a moment to introduce myself. I live with cerebral palsy, but I never let that define who I am or what I can do. 💪
Today was a busy and fulfilling day for me! I started the morning with some stretching exercises, which really helps me stay flexible and energized. After that, I joined my awesome support group for a fun virtual meet-up where we shared stories and laughed a lot. Connecting with others who understand my journey truly brightens my day! 😊
In the afternoon, I decided to tackle a creative project I've been excited about: painting! I love expressing myself through art, and it was therapeutic to mix colors and let my imagination flow on the canvas. 🎨✨
Later, I spent some time reading one of my favorite books. I find that stories can transport you to wonderful places, and today I explored a whole new world through the pages! 📚
To wrap up the day, I enjoyed a cozy movie night with my family. It’s always great to relax and share some laughs together. 🍿❤️
I’m always eager to connect with others, so feel free to share what you’ve been up to or any tips for staying active and motivated! Remember, every day is an opportunity to embrace life, no matter the challenges we face. 💖
#CerebralPalsy #LivingLife #ArtAndJoy #CommunityLove"
dis,"🌟 Hi everyone! 🌟 
I just wanted to take a moment to introduce myself and share a bit about my day. My name is [Your Name], and I live with cerebral palsy. While I face some challenges, I believe in embracing life to the fullest and finding joy in every little moment! 
Today was a fantastic day! I started off with a gentle morning stretching routine, which helps keep my muscles relaxed and ready for the day. After that, I enjoyed a delicious breakfast—nothing beats a smoothie bowl topped with fresh fruits! 🍓🥭
Later, I went to my favorite art class. 🎨 Creating art is one of my passions; it allows me to express myself and connect with others in such a meaningful way. Today, we experimented with watercolors, and I’m really proud of the piece I created. I can't wait to share it with you all!
In the afternoon, I spent some time volunteering at a local community center. Giving back is super important to me, and it’s amazing how much love and support we can share as a community. 🙌
To wrap up the day, I watched a movie with my family—a great way to unwind! It was a heartwarming comedy that had us all laughing together. 
I hope you all had a wonderful day as well! Feel free to say hi or share your own experiences. Let's keep spreading positivity and support for each other! 💖 
#CerebralPalsy #LifeAdvocate #ArtLover #CommunitySpirit #Positivity"
dis,"🌟 Hey everyone! 🌟
I'm [Your Name], and I just wanted to take a moment to introduce myself! I have cerebral palsy, which makes certain things a bit more challenging for me, but it also means I’ve learned to embrace life’s little victories and appreciate the world around me in unique ways. 💪❤️
Today was a pretty fantastic day! I started off with my favorite morning routine 🐦 - I woke up to the sound of birds chirping outside my window, which always puts me in a good mood! After a delicious breakfast (shoutout to my wonderful caregiver for helping me with that! 🥞🥑), I jumped into one of my favorite hobbies: painting! 🎨 I love expressing myself through colors and letting my imagination run wild. Plus, it feels amazing to create something beautiful!
Later, I went for a stroll in the park with my friends. 🌳 We laughed, enjoyed the fresh air, and soaked in the sunshine. I may move at my own pace, but that's what makes our adventures even more fun. We spotted some adorable dogs and even joined an impromptu picnic! 🐕🍉
In the evening, I tried my hand at a virtual cooking class! 🍳👩‍🍳 It was a bit tricky, but with patience and a few extra hands to help, I managed to make a delicious pasta dish! Can’t wait to share the recipe with all of you!
Life’s full of ups and downs, but I believe every day is an opportunity to find joy and inspiration. 💖 Thanks for following along on my journey. I’d love to hear about your day too! What activities brought you joy today? 😊 
#CerebralPalsy #EmbraceTheJourney #LivingLifeToTheFullest #InspirationAndJoy"
dis,"🌟 Hey everyone! 🌟 
I wanted to take a moment to introduce myself. My name is Alex, and I'm living with cerebral palsy, which makes some things a little more challenging for me, but that doesn’t stop me from enjoying life to the fullest! 💪❤️
Today was an amazing day! I started off with some morning stretches to keep my muscles feeling loose and energized. After that, I had a delicious breakfast – avocado toast is my favorite! 🥑🍞
Later on, I joined a virtual yoga class specifically designed for different abilities. It felt great to connect with others and focus on mindfulness and relaxation. 🧘‍♂️✨
In the afternoon, I worked on some art. I love painting because it lets me express myself in a different way. Today, I tried a new technique with watercolors and created a beautiful sunset scene! 🎨🌅 
Finally, I ended the day by watching a movie with my family. We had a laugh watching our favorite comedy – a perfect way to wind down! 🎬🍿
I’m looking forward to sharing more about my journey and connecting with all of you! Remember, every day brings its own unique adventures! 🌈💖
#CerebralPalsy #LivingLife #Inspiration #ArtTherapy #Mindfulness #Community"
dis,"🌟 Hey everyone! 🌟
I just wanted to take a moment to introduce myself and share a little about my day. My name is [Your Name], and I live with cerebral palsy. It’s a part of me, but it doesn’t define me! 💪✨
Today was a vibrant mix of activities that reminded me how much I love to stay engaged and have fun! 🎨🕺 Here’s a quick rundown of my day:
1. **Morning Yoga**: I started my day with some gentle yoga stretches that help keep my muscles relaxed and my mind clear. It’s such a peaceful way to wake up!
2. **Art Class**: After breakfast, I headed to my art class. 🎨 I’ve been working on a painting of a beautiful sunset, and I can’t wait to show you all the final piece! Creating art is my favorite way to express myself.
3. **Lunch with Friends**: I met up with some friends for lunch. 🍔 We shared lots of laughs and stories. It’s so important to have a strong support network, and I’m grateful for all the amazing people in my life!
4. **Adaptive Sports**: Later in the afternoon, I joined a local adaptive sports group for some wheelchair basketball. 🏀 I love the thrill of the game and the camaraderie of playing with others who share similar experiences. It’s a blast!
5. **Evening Wind Down**: To finish up the day, I curled up with a good book and some tea. 📖 It’s the perfect way to unwind and treat myself after a busy day!
Every day brings its own challenges, but I always find joy in the little things. 🌈 Thanks for reading about my day! I’d love to hear about yours too! Let’s spread some positivity together! 💖✨
#CerebralPalsy #LivingLife #Inspiration #DailyJoy #AdaptiveSports #ArtTherapy #CommunityLove"
dis,"🌟 Hey everyone! 🌟
I just wanted to take a moment to introduce myself. My name is Alex, and I have cerebral palsy. While life can sometimes throw challenges my way, I always try to find joy in the little things and make the most out of each day!
Today has been quite eventful! I started my morning with some gentle stretching (gotta keep those muscles happy, right?). After that, I had a yummy breakfast smoothie packed with fruits and spinach to kickstart my day! 🍓🥬
Later, I joined my friends for a virtual game night. We played some classic board games online, and it was an absolute blast! 🎲💻 Laughter, friendly competition, and good vibes – what more could you ask for? 
In the afternoon, I spent some time working on my art project. I love painting and expressing myself through colors! 🎨✨ It’s such a therapeutic way to unwind and channel my creativity. 
As the sun set, I took a leisurely walk with my wonderful support team. We enjoyed the beautiful colors of the sky and shared stories about our days. 🌅
So, that's a little peek into my day! Remember, whether you face challenges or not, there's always beauty to be found in everyday moments. Let’s keep spreading kindness and celebrating each other’s journeys! 💖💪
What did you all do today? Would love to hear your stories! 
#CerebralPalsy #EmbraceTheJourney #ArtAndFriendship #FindingJoyInEveryday"
dis,"🌟 Hey everyone! 🌟
My name is Alex, and I’m excited to share a little about myself today! I live with cerebral palsy, which means that my body may move a bit differently than most, but it doesn’t stop me from living my life to the fullest! 💪✨
Today was a pretty eventful day! I started my morning with some gentle stretches to get my muscles warmed up. It really helps me feel more energized and ready to take on the day! After that, I worked on a few art projects. 🎨 I love expressing myself through colors and visuals; it really brings me joy!
Later in the afternoon, I met up with some friends at our local park. We enjoyed a lovely picnic and shared tons of laughs (and snacks!). It was amazing to soak up the sunshine and enjoy each other’s company. ☀️🌳
To wrap up my day, I tried my hand at some adaptive yoga. It’s a great way to relax and connect with my body, and it feels so rewarding to challenge myself in new ways! 🧘‍♂️
I want to remind everyone that life can be full of surprises, and even with challenges, there’s always a way to find joy and connection. Thanks for joining me on my journey! 💖
What did you all do today? I’d love to hear from you! 😊✌️ #CerebralPalsyAwareness #LivingFully #AdaptiveLiving #ArtAndNature"
dis,"🌟 Hey everyone! 🌟
My name is Alex, and I’m excited to join this amazing community! I’m living with cerebral palsy, which gives my daily life some unique challenges and adventures. I believe that sharing our experiences can help us all grow, inspire, and empower one another, so I couldn’t wait to introduce myself!
One thing I’ve learned along the way is the importance of support and connection. I enjoy trying new activities, meeting new people, and discovering adaptive technologies that make life a little easier and a lot more fun. 🎨💻
I’d love to hear from you! What’s one adaptive tool, resource, or activity that has made a positive impact in your life? Or if you have any tips on staying motivated and inspired through challenges, I’m all ears!
Looking forward to chatting and sharing with all of you! 💖
#CerebralPalsy #Inspiration #Community #AdaptiveLiving"
dis,"🌟 Hey everyone! 🌟
My name is Alex, and I live with cerebral palsy. I wanted to take a moment to introduce myself and connect with all of you amazing people in this wonderful community! 🌈
Living with CP has its challenges, but it also brings unique experiences and perspectives. I love sharing my journey, insights, and tips on navigating life, and I hope to learn from all of you as well!
I’m curious to hear from others who also have cerebral palsy or know someone who does: what’s one thing you wish people understood better about living with CP? 🤔💬 
Your thoughts and suggestions mean so much to me – let’s inspire and uplift each other! 💖
#CerebralPalsyAwareness #Community #TogetherWeRise"
dis,"🌟 Hey everyone! 🌟
My name is Alex, and I’m excited to connect with you all here! I’m a 28-year-old living with cerebral palsy, which means I navigate the world a little differently. I love art, cooking, and exploring new hobbies. I’m a firm believer that our differences make us unique and add color to the world! 🎨💖
I’m reaching out to this amazing community to ask for your advice: What activities or techniques have you found helpful in building confidence and independence? Whether it’s tips for daily routines, adaptive tools you swear by, or even just words of encouragement, I’d love to hear your suggestions! 
Thanks for being such a supportive space. Looking forward to reading your responses! 💬✨
#CerebralPalsy #CommunitySupport #TogetherWeCan"
dis,"🌟 Hey everyone! 🌟
My name is Alex, and I’m excited to connect with all of you! I live with cerebral palsy, which means that my body sometimes doesn’t cooperate the way I’d like it to. But I've learned to embrace my uniqueness, and I love sharing my journey with others!
I’m passionate about advocating for accessibility, creativity, and understanding within our community. I believe that every voice matters, and together, we can make a difference! 
I’d love to hear from you all! What’s one tip or suggestion you have for someone living with a disability to foster self-love and confidence? 💬✨ 
Looking forward to your insights! Let’s inspire one another! 💖
#CerebralPalsy #DisabilityAwareness #CommunitySupport #SelfLove"
dis,"🌟 Hey everyone! My name is Alex, and I'm excited to connect with you all here! I'm living with cerebral palsy, which means that my journey is a bit different, but it’s filled with unique experiences and challenges that I embrace every day. I believe our differences are what make our community so vibrant and strong!
I love sharing stories, supporting each other, and learning from our diverse perspectives. Whether it’s about accessibility, self-advocacy, or simply everyday life, I’m here for it all!
To kick off my introduction, I’d love to hear from you: What’s your go-to strategy for staying positive during tough days? Any suggestions or advice you’ve found helpful? Let's lift each other up! 💪✨
Looking forward to getting to know you all better! 💜 #CerebralPalsyCommunity #TogetherWeRise"
dis,"🌟 Hey everyone! 🌟
I hope you’re all having a wonderful day! My name is Alex, and I’m excited to be part of this incredible community. I live with cerebral palsy, which adds some unique challenges to my daily life, but it also gives me a different perspective on the world. I love connecting with others and sharing experiences, and I believe we can all learn so much from each other.
I’m curious to hear from you all: What’s one tip or strategy that has made a positive impact in your life or helped you navigate challenges? Whether it’s about self-care, mobility aids, or even just a good book recommendation, I would love to hear your thoughts!
Looking forward to connecting with you all! 💚
#CerebralPalsy #Community #Support #Connecting"
dis,"🌟 Hey everyone! 🌟
My name is Alex, and I’m excited to connect with this amazing community! I have cerebral palsy, which means that I experience the world a bit differently than some, but it has shaped my perspective in so many positive ways. 🎡
I love sharing my journey, from the day-to-day challenges to the moments of joy that light up my life. 💚 Whether it’s finding adaptive sports, discovering new hobbies, or just navigating everyday situations, I believe we can all learn from one another’s experiences.
I’d love to hear from you: What’s one adaptive tool, resource, or tip that you’ve found helpful in your own life? Or maybe you have a favorite hobby to suggest? Let’s share our wisdom and support each other! 
Looking forward to hearing your thoughts! 💬🤝
#CerebralPalsy #CommunitySupport #AdaptiveLiving #Inspiration"
dis,"🌟 Hey everyone! 🌟
My name is Alex, and I'm excited to connect with you all here. I have cerebral palsy, which means I experience the world a little differently, but that’s what makes life so colorful, right? 💖
I’m passionate about art and inclusivity, and I love finding ways to express myself and share my journey. I truly believe that each of our stories adds to the beautiful tapestry of our community. 
I’d love to hear from you! What are some creative ways you or someone you know has found joy or empowerment in the face of challenges? Any tips or suggestions for making art more accessible for different abilities? Let’s inspire one another! 🎨✨
Looking forward to your thoughts! 💬💕
#CerebralPalsy #Community #Inclusion #Art #Empowerment"
dis,"🌟 Hey everyone! 🌟
I hope you're all having a fantastic day! My name is Alex, and I wanted to take a moment to introduce myself to this amazing community. I live with cerebral palsy, and while it comes with its unique challenges, it has also given me a different perspective on life that I cherish deeply. 
I'm passionate about sharing experiences, learning from others, and advocating for inclusivity. I'm always eager to connect with individuals who have similar experiences or different ones, as I believe we can all learn and grow together.
As I navigate everyday life, I'm curious about something: What are some strategies or tools that have helped you in managing daily challenges? Whether it's a physical tool, an app, or even a mindset shift, I'd love to hear your suggestions!
Looking forward to connecting and learning from each of you. Let's uplift and support one another! 💙
#CerebralPalsy #CommunitySupport #InclusionMatters"
dis,"🌈 Hey everyone! 🌈 
My name is Alex, and I’m excited to connect with this amazing community! I live with cerebral palsy, which has shaped my journey in unique ways. Some days are more challenging than others, but I’ve learned to embrace every moment and find joy in the little things. 🎉 
I love art, music, and exploring new ideas. I’m also passionate about advocating for inclusivity and accessibility in our everyday lives. 💪✨ 
I’d love to hear from all of you! What’s one thing that has inspired you to embrace your challenges or pursue your passions? Any tips or suggestions on how to keep pushing forward even when times get tough? Let’s lift each other up! 🙌❤️ 
Looking forward to your thoughts and stories! 
#CerebralPalsy #Community #Inspiration #TogetherStronger"
dis,"🌟 Hello, everyone! I'm [Your Name], and I'm excited to connect with you all today! I live with cerebral palsy, which adds a unique twist to my daily adventures. While navigating the world can sometimes be a challenge, I believe in embracing each moment and sharing positivity.
Today, I was inspired by the incredible stories I saw on social media about people advocating for disability rights. It's uplifting to see that more voices are joining the conversation, pushing for accessibility and inclusivity in our communities. Every step we take toward understanding and support brings us closer to a world where everyone can thrive, no matter their abilities.
I also spent some time enjoying the beautiful fall weather. 🍂 There's something magical about nature that makes my heart smile. Whether it's a walk in the park or simply soaking up the sunshine from my window, I’m grateful for these little moments.
I’d love to hear about your day too! What has inspired you lately? Let’s uplift each other and keep the conversation going. Remember, every voice matters! 💪❤️ #CerebralPalsyAwareness #InclusionMatters #EveryVoiceCounts"
dis,"🌟 Hey everyone! 🌟
My name is Alex, and I have cerebral palsy. Living with CP has its challenges, but it also fills my life with unique experiences and perspectives. Every day is a chance to learn and grow, and I’ve found strength in my community and the support around me.
Today has been quite eventful! I attended a local disability awareness event that celebrated individuality and inclusivity. It was so inspiring to see so many amazing people come together, share their stories, and promote understanding in our society. We also had some fantastic speakers who reminded us that our voices matter, and we need to advocate for ourselves and each other.
In a world that sometimes overlooks the importance of accessibility and inclusivity, it feels amazing to be part of a movement that champions change. Remember, it's not just about the challenges we face, but also about the incredible resilience and hope we bring to the table!
If you’re going through something tough today, just know that you’re not alone. Let’s keep pushing for a world where everyone, regardless of their abilities, can thrive! 💪❤️
#CerebralPalsy #DisabilityAwareness #InclusionMatters #TogetherWeRise"
dis,"🌟 Hello everyone! 🌟
My name is Alex, and I’m here to share a little about myself and my thoughts on today’s events. I have cerebral palsy, which means my body doesn’t always cooperate with my mind, but that hasn’t stopped me from living my life to the fullest! 💪✨
Today has been quite an eventful one! I woke up to beautiful sunshine, which always puts me in a good mood. 🌞 I spent some time working on my art, using bright colors to express the feelings I sometimes have trouble saying out loud. 🎨 Finding joy in creativity has been a lifesaver for me!
In the world around us, I see so many discussions about accessibility and inclusion, especially with recent events highlighting how important it is for everyone to have a voice and a place in society. Every day, I’m reminded of the challenges I face due to barriers in accessibility, but I also see so many people working hard to break those barriers down. I truly believe that change starts with conversations, so let’s keep them going! 
If you’re out there advocating for a more inclusive world, know that you have my support! And if you’re just learning about what it means to live with a disability, I encourage you to ask questions and keep an open mind! Together, we can make a difference. 💜
Looking forward to hearing your thoughts and connecting with you all! 
#CerebralPalsy #InclusionMatters #ArtForChange #CommunityLove"
dis,"🌟 Hey everyone! 🌟
I just wanted to take a moment to introduce myself and share a bit about my day. My name is Alex, and I live with cerebral palsy. Life can be a bit of a challenge sometimes, but I’ve learned to embrace my journey and find joy in the little things. 💪✨
Today was particularly special! I had a great session with my therapist, and I’m excited to share that I made some amazing progress with my mobility exercises! 🎉 Each step I take, both literally and figuratively, means the world to me.
I also want to take a second to highlight something I saw in the news today: a new initiative aimed at improving accessibility in our community. It’s moments like these that remind me how important it is to raise awareness and push for inclusivity! Every person deserves the chance to navigate life confidently and comfortably.
I’d love to hear about your experiences too! How has your day been? What are you passionate about? Let’s support each other and keep spreading positivity. 💖
#CerebralPalsy #InclusionMatters #Progress #CommunityLove"
dis,"🌟 Hey everyone! 🌟
I wanted to take a moment to introduce myself and share a little about my day. My name is Alex, and I live with cerebral palsy. It’s a part of my life that shapes who I am, but it doesn’t define me. I’m passionate about advocating for accessibility and inclusion, and I believe that every voice deserves to be heard.
Today, I had the chance to attend a community event focused on disability awareness and inclusion. It was truly amazing to see so many people come together, share their stories, and learn from each other. 🫶 Discussions ranged from accessibility in public spaces to representation in the media, and it was inspiring to hear different perspectives.
I’m grateful for events like these because they remind us that change starts with conversation. Every little step counts, and it’s up to us to keep pushing for a more inclusive world. 💪✨
I’m excited to connect with all of you and share more about my journey and thoughts on creating a better tomorrow for everyone. Let’s inspire one another! 🌈❤️
#CerebralPalsy #InclusionMatters #DisabilityAwareness #StrongerTogether"
dis,"🌟 Hello everyone! 🌟
My name is Alex, and I’m excited to join this amazing community! I’m 28 years old and live with cerebral palsy. While my mobility is challenged, my spirit and passion for life are anything but! 💪✨
Today has been quite a whirlwind, hasn’t it? I woke up to the news about the incredible advancements in technology aimed at improving accessibility for people with disabilities. It's heartwarming to see the world becoming more inclusive, and it gives me hope that we’re moving toward a future where everyone has the opportunity to thrive.
It’s also a reminder of the importance of sharing our stories. Each of us has a unique perspective, and I truly believe that these experiences can foster empathy and understanding. I would love to hear from all of you too—what are your thoughts on today’s events? How can we continue to support each other and push for progress? 🤝❤️
Let’s keep the conversation going, and remember to lift each other up! Together, we can create a brighter, more inclusive world.
#CerebralPalsy #Inclusion #Community #Advocacy #TogetherWeRise"
dis,"🌟 Hey everyone! 🌟
I wanted to take a moment to introduce myself since I’ve been a bit quiet lately. My name is [Your Name], and I live with cerebral palsy. I want to share my experiences and connect with all of you!
Living with CP comes with its own set of challenges, but it’s also taught me resilience, creativity, and the value of community. I’m passionate about advocating for accessibility, inclusivity, and making sure that our voices are heard. Every day is a new opportunity to learn and grow, and I'm excited to share my journey with you all.
Today, I saw some inspiring news that really struck a chord with me! There was a great discussion about the importance of accessibility in public spaces. Events like these remind me just how crucial it is for us to come together and support each other. It’s not just about physical spaces, but also about fostering an understanding and compassionate community. 💙
I’m looking forward to sharing more thoughts and experiences with you all. Let’s keep the conversation going—what topics are important to you? 
Stay strong and be kind! 💪✨
#CerebralPalsy #DisabilityAdvocacy #Inclusivity #Community #StrengthInDiversity"
dis,"🌟 Hi everyone! 🌟 My name is [Your Name], and I’m excited to introduce myself to this wonderful community! I have cerebral palsy, which means I face some physical challenges, but I never let that stop me from pursuing my passions and sharing my thoughts with all of you.
Today has been quite eventful! I joined our local awareness event focused on inclusivity in our community. It was inspiring to see so many people come together to support each other. We had some great conversations about accessibility and the importance of representation, and I loved hearing everyone's unique stories. It reminded me how powerful our voices can be when we stand together!
Even though there are challenges we face daily, I believe in turning those challenges into opportunities. Each day is a chance to learn, grow, and advocate for ourselves and each other. 💪✨
I’d love to hear your thoughts on what inclusivity means to you! Let’s continue this conversation and uplift one another. Here’s to more days of connection and empowerment! ❤️
#CerebralPalsy #InclusionMatters #CommunitySupport"
dis,"🌟 Hey everyone! 🌟
I just wanted to take a moment to introduce myself. My name is Alex, and I live with cerebral palsy. 💚 It’s a part of my life that has shaped who I am, giving me unique perspectives and experiences that I cherish every day. 
Today, I was inspired by some of the stories I saw about people overcoming challenges and achieving their dreams. It reminds me that while we all face different battles, our resilience can carry us through. 💪✨ 
I’m also reflecting on the importance of inclusivity and accessibility, especially in today’s world. It’s crucial that everyone has the chance to participate fully, whether that’s in public spaces, events, or even online. Let’s keep advocating for changes that make our communities better for all! 
I’d love to connect with more of you and share our journeys. Let’s empower one another and keep the conversation going! 🌈💬 
Wishing everyone a great day! 💖 #CerebralPalsyAwareness #InclusionMatters #Empowerment 
— Alex"
dis,"🌟 Hey everyone! 🌟
My name is [Your Name], and I’m excited to connect with you all! I live with cerebral palsy, which means I’ve had to find creative ways to navigate the world. It can be challenging at times, but I always strive to focus on the bright side and celebrate the little victories! 
Today was a big day for me. I participated in an awareness event for disability inclusion, where we shared stories and experiences to promote understanding and acceptance. It was so inspiring to see so many people come together to support one another! 💪🏼🌈
I believe that every person has their own unique journey, and it’s essential to lift each other up along the way. Remember, our differences make us stronger! Let’s keep the conversation going and continue pushing for a more inclusive world. 
Feel free to share your thoughts and experiences, or just say hi! I’d love to connect with you all. ❤️
#CerebralPalsy #DisabilityAwareness #InclusionMatters #StrongerTogether"
dis,"🌧️ Hi everyone, I wanted to take a moment to introduce myself and share a bit about my journey. My name is [Your Name], and I live with depression. It's a part of my life that shapes my experiences, and while it can be incredibly challenging, I believe sharing my story can help break the silence around mental health.
For a long time, I felt like I was trapped in a fog—where everything seemed dull, and even the simplest tasks felt monumental. Getting out of bed could sometimes be a victory, while interacting with friends felt like climbing a mountain. I’ve learned that this isn’t just about feeling sad; it’s a deep-seated struggle that impacts how I engage with the world around me.
There are days when I feel completely alone, even in a room full of people. Anxiety often accompanies my depression, creating a constant battle in my mind. Thoughts can spiral, and motivation can vanish without warning—leaving me feeling exhausted, even if I've done little.
But I’ve also discovered that I’m not alone in this fight. Connections with others who understand have been invaluable. I've sought therapy, which has provided me with tools to cope and an outlet to express my feelings. I’ve learned to embrace small victories, celebrate good days, and acknowledge the tough ones without judgment.
I want to be honest—some days are harder than others. On those days, I remind myself that it's okay to not be okay. I’m learning to reach out when I need support, which can be one of the hardest but most important things to do.
I share this not for pity, but to promote understanding. If you're struggling too, know that you’re not alone. It's okay to talk about mental health. Let’s encourage each other, share our truths, and create a community where vulnerability is met with compassion.
💚 Thank you for reading, and for being a part of this journey with me. Let’s keep the conversation going! 
#MentalHealthAwareness #Depression #YouAreNotAlone"
dis,"**🌧️ Hi there, I’m [Your Name] 🌧️**
I wanted to take a moment to share a bit about myself and my journey with depression. It's not always easy to talk about, but I believe that opening up might help break down some of the stigma surrounding mental health.
Living with depression can feel like carrying a heavy weight that never quite lifts. Some days are better than others, but on many days, I find myself struggling to get out of bed, even when the sun is shining outside. Simple tasks can feel monumental, and social interactions often drain my energy or fill me with a sense of dread.
There are moments of overwhelming sadness, where I feel trapped in my own mind, and it’s as if the world around me is in black and white, while everyone else is living in vibrant color. I’ve learned that it's okay to not be okay. I’ve come to accept that my feelings are valid, and this journey isn’t linear. There are ups and downs, and some days just feel like survival.
I've also found that sharing my experiences, like this post, can be therapeutic. It helps me connect with others who might be facing similar battles. If you’re someone who’s been through the trenches of mental health struggles, know that you’re not alone. It’s important to reach out, seek help, and support one another, even when it feels impossible.
Currently, I’m focusing on self-care and surrounding myself with supportive friends and resources that remind me I’m not defined by this condition. I take things one day at a time, celebrating even the smallest victories. Whether it’s taking a shower, getting some fresh air, or simply enjoying a moment of stillness, I’m learning to find joy in the little things.
Thank you for reading my story. If you or someone you know is battling their own demons, please be gentle with yourselves and each other. Let’s continue to lift one another up in this journey. 💙✨
#MentalHealthAwareness #EndTheStigma #YouAreNotAlone #DepressionJourney"
dis,"🌧️ Hi everyone, I wanted to take a moment to introduce myself and share a bit about my journey. 
My name is [Your Name], and I live with depression. It’s not something I talk about often because, honestly, it’s hard to put into words how I feel. Some days are better than others, but it’s something I navigate daily, like walking through a thick fog that can lift at times but often rolls back in unexpectedly.
Depression can feel isolating, even when surrounded by people who care. There are days when getting out of bed feels monumental, small tasks can seem impossible, and the weight on my chest feels suffocating. I often find myself smiling on the outside, while internally I’m struggling to remember what joy feels like. 
I want to emphasize that it's not about just “cheering up” or “looking on the bright side.” It's a complex mix of emotions, thoughts, and experiences that can be overwhelming. I’ve learned the importance of finding a support system, whether through therapy, friends, or online communities. Sharing and connecting with others who understand has been a lifeline for me. 
I’m here to create a space where we can talk openly about mental health without stigma. If you're going through something similar, know that you’re not alone. Together, we can break the silence and support each other on this journey. ❤️
Sending love and strength to everyone fighting their own battles. You matter. 💛 #MentalHealthMatters #EndTheStigma #YouAreNotAlone"
dis,"🌧️ Hey everyone, I’m [Your Name]. I wanted to take a moment to share a bit about myself and my journey with depression. 
Living with depression can feel like carrying a heavy weight that never quite lifts. Some days are better than others, but there are times when getting out of bed feels like an enormous challenge. It’s really tough to explain to others how this can happen when everything seems fine on the surface.
I often find myself feeling isolated, even when I’m surrounded by friends and family. It’s hard to express the feelings of emptiness or the inexplicable sadness that sometimes washes over me. On good days, I try to practice self-care—whether that’s journaling, going for a walk, or simply watching my favorite show. But on the tougher days, even those small joys can feel out of reach.
I’ve learned that sharing how I feel can lighten the load a bit. I have an amazing support system, but I also know that not everyone understands what mental health struggles look like. That’s why I’m here, hoping to shed some light on this often invisible battle. If you or someone you know is going through something similar, remember that you’re not alone. It’s okay to seek help and to share your struggles.
Let’s break the stigma around mental health together. 💚 I’m open to connecting, sharing experiences, and supporting one another. Thank you for reading. 
#MentalHealthMatters #EndThe stigma #YouAreNotAlone"
dis,"🌧️ Hi everyone, 
My name is Alex, and I wanted to take a moment to share a bit about my journey with depression. It’s not always easy for me to open up about this, but I believe that vulnerability can help us connect and understand each other better.
For the past few years, I’ve been navigating the challenges that come with living with depression. Some days feel incredibly heavy, and it’s hard to find the motivation to get out of bed or engage with the world around me. Simple tasks like showering or making a meal can feel overwhelming. 
I’ve experienced moments of deep sadness, hopelessness, and isolation. It often feels like I’m surrounded by a fog that just won’t lift, even when I’m with loved ones or in places I usually enjoy. This illness isn’t just about feeling sad; it’s a complex intertwining of emotions that can drain me of joy and energy.
But I want to emphasize that I’m not alone in this. Many people experience similar struggles, and there’s strength in community. I've learned that it’s okay to seek help and talk about what I’m going through. Therapy and support groups have given me tools to cope, and I’m slowly learning to embrace the good days while finding ways to navigate the tougher ones.
If you’re struggling too, please know that your feelings are valid, and it’s okay to reach out for support. Let’s be gentle with ourselves and each other. 💙
Thank you for taking the time to read this. I hope that by sharing my story, I can help create a space where we can talk more openly about mental health. 
Let's keep the conversation going! 
#MentalHealthMatters #DepressionAwareness #YouAreNotAlone"
dis,"🌧️ Hey everyone, I wanted to take a moment to introduce myself and share a bit about my journey. My name is [Your Name], and I live with depression. It’s not something that defines me, but it’s a part of my life that I believe deserves to be acknowledged.
Some days, getting out of bed feels like climbing a mountain. It’s as if my body is weighed down by a heavy fog that just won't lift. Simple tasks can turn into insurmountable challenges, and it often feels like I’m fighting a battle that no one else can see.
I’ve learned that depression can manifest in so many different ways. For me, it’s the persistent feeling of emptiness, the overwhelming fatigue, and those moments when I feel completely isolated, even in a crowded room. The highs and lows can be confusing, and I’ve found that it’s not just about “feeling sad.” It’s a complex mix of emotions that can leave me feeling drained.
There are days when I feel like I’m making progress, and other times when everything feels hopeless. I’ve had to find ways to cope, whether that’s through therapy, medication, or simply talking to friends who understand. I’ve realized that it’s okay to ask for help, and I’m learning to be kinder to myself on the tough days.
I share this not for pity, but in the hope of raising awareness and breaking the stigma surrounding mental health. We never know what someone else is going through, so a little kindness can go a long way. If you or someone you know is experiencing similar struggles, know that you’re not alone, and it’s okay to seek support.
Thanks for reading! 💚 Let’s keep the conversation going and support one another."
dis,"🌧️ Hi everyone, I’m [Your Name]. I wanted to take a moment to introduce myself and share a bit about my journey with depression. 🌧️
For a long time, I thought I had to face this battle alone, but I’ve come to realize that sharing my experiences can be a source of strength, not just for me, but hopefully for others as well. 
Living with depression can feel like carrying an invisible weight. Some days, it’s like walking through thick fog – everything seems dull, and it’s hard to find motivation for even the simplest tasks. I often find myself feeling isolated, stuck in my own head, while the world moves on around me. Things I once enjoyed can feel distant, and connecting with others can take every ounce of energy I have.
Anxiety often tags along for the ride, making everyday situations overwhelming and adding another layer to my struggles. It can be daunting to explain how I feel. People often say things like ""just try to be happy"" or ""it could be worse,"" which can make me feel misunderstood or even more isolated. 
I’ve learned that it’s okay to not be okay. I’ve found comfort in therapy, medication, and support from friends and family, and I’m slowly learning how to navigate this journey. Each day is a step forward, and I’m learning to celebrate even the smallest victories – like getting out of bed, taking a shower, or doing something creative.
If you’re also dealing with depression, know that you’re not alone. It's okay to reach out for help, and it's okay to talk about what you’re going through. Let’s support each other and break the stigma together. 💖 
Thank you for letting me share a piece of my story. I’m looking forward to connecting with others and finding solidarity in our experiences. 🌈✨
#MentalHealthAwareness #EndTheStigma #YouAreNotAlone"
dis,"🌧️ Hey everyone,
I wanted to take a moment to introduce myself and share a bit of my journey. My name is Alex, and I’m living with depression. It’s a part of my life that I often keep hidden, but I think it’s important to talk about it and break the stigma.
Every day can feel like a battle, even when everything on the outside seems fine. Some days are overwhelming, where even getting out of bed feels like climbing a mountain. Other days, I can put on a smile and pretend everything's okay. But inside, there's often a fog that makes it hard to see the light.
I’ve learned that depression isn’t just about feeling sad; it’s a mix of exhaustion, numbness, and sometimes even anger. There are moments when I feel isolated, even when surrounded by people who care. Talking about these feelings can be difficult, but I hope that sharing my experiences will help raise awareness and understanding.
I want to remind anyone going through something similar that you’re not alone. It’s okay to ask for help, and it’s okay to not be okay. I’m working on finding healthier coping mechanisms and leaning on my support system, and I encourage others to do the same.
If you're comfortable, I’d love to hear your stories or thoughts on this. Let's create a space where we can support one another. 
💙 Take care, everyone. 
#MentalHealthMatters #BreakTheStigma #DepressionAwareness"
dis,"🌧️ Hey everyone, I wanted to take a moment to introduce myself and share a bit about my journey with depression. 
My name is [Your Name], and I’ve been living with depression for quite some time now. It’s hard to explain the heaviness that sometimes feels like it’s sitting on my chest, making even the simplest tasks feel monumental. Some days, getting out of bed is an achievement. Other days, I can see glimpses of light and feel a sense of normalcy, but those days can be fleeting. 
I’ve had my share of ups and downs—there are moments when I feel so isolated, as if I’m in a crowd but really just invisible. It’s tough to share this, but I hope my openness can help others who might be battling similar feelings. 
Finding the right support has been crucial for me. Therapy has made a significant difference, as has opening up to friends and family about what I’m experiencing. Unfortunately, there’s still a stigma surrounding mental health, and sometimes it feels easier to hide these struggles. But I believe that by sharing our stories, we can foster understanding and compassion for one another. 
I want to remind anyone who’s reading this that it’s okay to seek help, to talk about what you’re feeling, and to know you aren’t alone. We all have our battles, and sharing can truly lighten the load. 💙
Thank you for listening, and I’m here if anyone wants to connect or share their own story. Let’s be kind to ourselves and each other. 🌈✨ #MentalHealthMatters #BreakTheStigma #YouAreNotAlone"
dis,"🌧️ Hi everyone, I wanted to take a moment to introduce myself and share a bit about my journey. My name is Alex, and I live with depression. It's something I've been navigating for quite a while, and while it can be challenging, I believe sharing my experiences might help myself and others feel a little less alone.
Living with depression often feels like carrying a heavy backpack filled with rocks. Some days, it’s manageable, and I can get through my routine. Other days, even getting out of bed feels like an uphill battle. I often struggle with feelings of sadness, emptiness, and overwhelming fatigue. Simple tasks, like showering or socializing, can sometimes feel insurmountable.
I’ve learned to recognize the signs and triggers—the moments when my mind starts to spiral, the isolation that creeps in when I withdraw from friends and family. It’s a constant effort to remind myself that it’s okay to seek help and to reach out to loved ones, even when the urge is to retreat.
Through this journey, I’ve also found small joys and coping mechanisms that help me. Whether it’s journaling my thoughts, going for a walk in nature, or finding solace in art, I try to embrace the little moments of light, even when the clouds feel heavy.
I believe it’s important to break the stigma surrounding mental health. I’m sharing my story not just for myself, but for anyone who might feel the way I do. It’s okay to struggle, and it’s okay to seek support. Let’s create a space where we can be open, vulnerable, and supportive of one another.
If you’re also navigating this path or know someone who is, please feel free to reach out. We’re in this together. 💚🌈
#MentalHealthAwareness #DepressionJourney #YouAreNotAlone "
dis,"🌧️ Hey everyone, I’m [Your Name]. I wanted to take a moment to share a bit about how I’ve been feeling lately, as it might resonate with some of you.
Today was one of those days where the weight of the world seemed to settle on my shoulders. I woke up with a sense of heaviness that didn’t lift, no matter how hard I tried. The simplest tasks felt overwhelming, and I often found myself just staring at the wall, lost in my thoughts. It’s frustrating to feel so disconnected from the world when I know there’s so much beauty around.
Emotions came and went like waves—sometimes crashing in with sadness, other times leaving me feeling empty. I’ve learned that it’s okay to have days like this, but it doesn’t make them any easier. I’m forcing myself to take it moment by moment, to acknowledge how I feel without judgment. 
If you’re struggling with something similar, know that you’re not alone. It’s okay to reach out, to talk, or even just to sit in silence together. Let’s keep the conversation going about mental health and support each other through the tough days. 💙
Take care of yourselves, everyone. 🌊✨"
dis,"🌧️ Hey everyone, I’m [Your Name]. I wanted to take a moment to share a bit about myself and what I’ve been going through lately.
Today was one of those days that felt heavier than usual. I woke up feeling like I was walking through a fog, as if the world around me was muted and distant. Simple tasks felt monumental, and even getting out of bed took an effort that truly exhausted me. 
As I went through the day, I felt a mix of sadness and emptiness wash over me. There were moments when I was surrounded by friends but still felt so alone. It’s hard to explain, but it’s like I was in a room full of people, yet I was the only one who could see the shadows lurking.
I found myself overwhelmed by feelings of inadequacy and hopelessness. I kept wondering if things would ever feel lighter or if this weight would always be my companion. It’s frustrating to know that, deep down, I have so much to be grateful for, yet those thoughts often get drowned out by the darkness.
But I’m here, sharing this, because I believe in the power of connection and vulnerability. It’s a reminder that it's okay to not be okay. There’s strength in acknowledging our struggles, and I hope that by opening up, I can remind someone else they’re not alone in this fight. 
To anyone who resonates with this, let’s support each other. We might not always have the answers, but we can be there for one another. 💙 
#MentalHealthAwareness #YouAreNotAlone #DepressionSupport"
dis,"🌧️ Hey everyone, I wanted to take a moment to introduce myself. My name is Alex, and I'm just your average person navigating this thing called life. Lately, I've been struggling with depression, and I think it's important to share my journey openly. 
Today was one of those days where getting out of bed felt like climbing a mountain. I woke up feeling a weight on my chest, like the world was pressing down on me. Everything felt heavy and dull, even the things I love. I tried to push through—I went for a short walk, but the colors of the flowers and the laughter of kids playing felt distant and muted. 
I felt a mix of loneliness and exhaustion. There were moments I caught myself smiling, but they quickly faded, overshadowed by a sense of hopelessness. It's overwhelming—some days feel manageable, while others wrap me in a fog I can’t escape. 
I wanted to share this not for sympathy, but to remind anyone else feeling this way that you’re not alone. We can support each other even on our darkest days. 💙 
If you’re struggling too, please know it’s okay to reach out or just pause and breathe. Let’s keep talking about mental health and breaking down the stigma. Here’s to brighter days, even when they feel out of reach. 🌈 #MentalHealthMatters #YouAreNotAlone"
dis,"🌧️ Hey everyone, 
I just wanted to take a moment to share a little bit about who I am and what I’ve been feeling lately. My name is [Your Name], and I've been navigating the ups and downs of life while also managing depression. Some days are lighter, but others feel like I'm trudging through mud with heavy boots.
Today was one of those heavier days. I woke up with a tightness in my chest, an unwelcome reminder that getting out of bed would take more than just motivation. As the day went on, I found myself feeling distant—like I was watching my life unfold from behind a glass wall. Simple tasks felt monumental, and even things I usually enjoy seemed dulled.
I tried to put on a brave face, but inside, I felt a mixture of sadness and frustration. It’s hard to explain the weight of these emotions to others. I wish I could just shake it off or snap out of it. But the truth is, some days I just can’t.
I want to remind anyone else who might be feeling this way that it’s okay to not be okay. You’re not alone in this struggle, even when it feels isolating. It’s important to reach out if you can, whether it’s to friends, family, or professionals. 
So, here's to tomorrow—hoping for sunnier skies. 🌈✨
Take care of yourselves, everyone. 💙 #MentalHealth #DepressionJourney #YouAreNotAlone"
dis,"🌧️ Hey everyone, I thought I'd take a moment to share a bit about myself today. I'm just a person navigating through the ups and downs of life, but lately, I’ve been feeling really heavy. 
Today was one of those days where getting out of bed felt like an enormous task. My mind was a whirlwind of thoughts, most of them dark and clouded. I struggled with that familiar weight in my chest, like everything I used to enjoy was wrapped in a fog, just out of reach. 
I spent most of the day feeling numb, like I was walking through a dream where nothing feels real. There were brief moments when I caught a glimpse of light, a smile from a stranger or a song that resonated, but they faded quickly, leaving me feeling more isolated. 
I wanted to share this because I know I’m not alone in this fight, and it’s important to remind ourselves that it’s okay to not be okay. We all have our battles, and that's part of being human. If anyone else is feeling the same way, know that your feelings are valid, and you're not alone. 💙
Thanks for reading. 💜 #MentalHealthAwareness #YouAreNotAlone"
dis,"🌧️ Hey everyone,
I wanted to take a moment to introduce myself. My name is [Your Name], and today I’m feeling a bit vulnerable but hopeful that sharing my journey might resonate with someone out there.
Lately, I've been grappling with depression, and some days are definitely harder than others. Today, I woke up feeling a weight on my chest that just wouldn’t lift. It’s like I’m caught in a fog that makes everything feel heavier – even the simplest tasks seem daunting. I found myself staring at the ceiling, wrestling with thoughts that told me I’m not enough and that I’m alone in this struggle. 
But amidst the haze, there were glimpses of sunlight. I took a moment to breathe, to acknowledge those emotions instead of pushing them away. It helped me understand that it’s okay to feel overwhelmed. I leaned on music today – the kind that speaks to the depths of despair but also reminds me that I’m not alone. It’s a small comfort, but it’s something.
If you’re feeling down too, just know you’re not alone. And if anyone else has been through days like this, I’d love to hear your coping strategies. Let’s support each other through the rough patches. 💙
Take care of yourselves, 
[Your Name]"
dis,"🌧️ Hey everyone, 
I wanted to take a moment to introduce myself, especially for those who might not know me well. My name is [Your Name], and I’m someone who has been navigating life with depression. It’s a bit of a heavy topic, but I’ve found that sharing my experiences can sometimes lighten the load. 
Today was one of those days where getting out of bed felt like a monumental task. I woke up with a weight on my chest, an overwhelming sense of emptiness that I couldn’t shake off. It’s hard to explain, but it’s like being wrapped in a heavy blanket that I can’t take off, even when the sun is shining outside. 
I went through the motions: coffee, work, scrolling through social media, but everything felt dull and gray. I wanted to connect with people, but at the same time, I just felt so isolated. Some hours were better than others — a brief moment of laughter or a good song on the radio — but eventually, the heaviness would settle back in. 
I guess I wanted to share this because I know I’m not alone in feeling this way, and if anyone out there can relate, it’s a reminder that it’s okay to not be okay. There’s strength in sharing our struggles. 💙 
If you’re feeling this way too, I hope you find a reason to reach out or take a step toward feeling just a little better. I’m here to listen if you need someone to talk to. 
Take care of yourselves. 💪✨ 
#MentalHealth #Depression #ItsOkayToNotBeOkay #YouAreNotAlone"
dis,"🌧️ Hey everyone, I’m [Your Name] and I wanted to take a moment to share a bit about my journey with depression. Today has been a tough one; I woke up feeling like I was carrying the weight of the world on my shoulders. It’s hard to explain, but some days are just heavier than others. 
I spent much of the day feeling trapped in my own thoughts, walking through life in a fog. Simple tasks felt monumental, and I found myself overthinking and doubting everything, which just fueled the cycle. It’s frustrating when the smallest victories feel so out of reach. 
Despite the heaviness, I’m trying to remind myself that it’s okay to not be okay. I know that sharing emotions can be empowering, and maybe it helps to know I’m not alone in this fight. 💔 If you're feeling similar, I hope you know you’re not alone, either. Let’s support one another and break the stigma around mental health. 💙 
Here’s to finding light in the little things, even on the darkest days. 💪✨ #MentalHealthAwareness #ItsOkayNotToBeOkay #YouAreNotAlone"
dis,"🌧️ Hey everyone, I just wanted to take a moment to introduce myself and share what I’ve been going through today. My name is [Your Name], and I've been navigating the ups and downs of depression for a while now. 
Today was particularly heavy. Waking up felt like a monumental task, and I found myself battling this weight that seems to settle on my chest. It’s a strange mix of exhaustion and a sense of being overwhelmed—feeling like I’m stuck in a fog that just won’t lift. Some moments today were tinged with sadness; other moments felt flat, like I was just going through the motions but not really experiencing anything at all.
I want to be real about this journey because I know I'm not alone in feeling this way. Some days, it’s hard to get out of bed, let alone muster the energy to engage with the world. It can feel isolating, even when surrounded by people—a reminder that sometimes, the most isolating battles are the ones we fight internally.
I’m trying to find solace in small things today: a warm cup of tea, listening to my favorite music, and knowing that it's okay to have days like this. It doesn’t define who I am, but it's a part of my story. 🌱
If you’re feeling something similar, I want you to know that you’re not alone. Let’s create a space where we can share honestly, support each other, and remind ourselves that it’s okay not to be okay. 💙✨
Thanks for reading. Take care, everyone. 🌼"
dis,"🌧️ Hey everyone, 
I thought it was time to share a bit of my journey. My name is [Your Name], and I’ve been living with depression for a while now. Some days are better than others, but today has been particularly challenging. 
This morning, I woke up and felt like I was carrying a heavy weight on my chest. It’s hard to explain, but it's like a fog that doesn’t seem to lift. I went through the motions of my day—getting out of bed, showering, and even trying to put on a smile—but underneath it all, the sadness lingered. 
I felt a mix of loneliness and exhaustion, even in a room full of people. Sometimes I feel like I’m shouting, but nobody can hear me. The thoughts of self-doubt kept creeping in, and it was difficult to silence them. I know that healing isn’t linear, but it’s tiring trying to keep up appearances while managing these emotional waves. 
Despite all of this, I want to remind others who may feel the same way that it’s okay to not be okay. It’s okay to reach out for help or to just take a moment to breathe. So I’m here, sharing my truth because I believe that openness and vulnerability can help break the stigma around mental health. 🌈💜
I’d love to hear your thoughts or experiences if you feel comfortable sharing. Let’s support each other! 
#MentalHealth #Depression #YouAreNotAlone "
dis,"🌧️ Hey everyone, 
I wanted to take a moment to share a bit about myself today. My name is [Your Name], and I’ve been navigating this journey with depression for a while now. I’ve always believed that opening up can help reduce the stigma, so here I am. 
This morning was rough. I woke up feeling like I was carrying an invisible weight on my chest. Sometimes, it's hard to find the motivation to get out of bed, even for the small joys. My mind is a swirling cloud of thoughts that often feels overwhelming. I kept thinking about how everything seems a bit gray lately—like I’m watching life through a filter that dims the colors. 
Even simple tasks like making breakfast felt monumental. I tried to remind myself of the things I used to enjoy, but they felt distant, like they belong to someone else. I found comfort in a favorite song today, and it helped just a little to feel that connection. 
I guess I wanted to share this today, not for sympathy, but because sometimes just being honest can lighten the load, even if just a tiny bit. If you’re feeling this way too, know you’re not alone. We can try to be there for each other, one small step at a time. 
Take care of yourselves, everyone. 💙 
#MentalHealthAwareness #Depression #YouAreNotAlone #KeepTalking"
dis,"🌧️ Hey everyone, I wanted to take a moment to introduce myself. I’m [Your Name], and I’ve been living with depression for a while now. It’s a part of my life that often feels heavy and isolating, but I’m learning to open up about it. 
Today was a bit of a struggle for me. I woke up and felt that familiar weight pressing down on my chest. I tried to push through by keeping myself busy, but the shadows kept creeping in. I found myself lost in thoughts like, ""Am I enough?"" and ""Will it ever get better?"" It's exhausting wrestling with those questions. 
But I also realized that I’m not alone in this. Many of us face similar battles, even if we don’t always see it. So, I’m here to say that it’s okay to talk about it. It’s okay to feel how you feel, and it’s okay to ask for help.
If you're going through something similar, know that there are people out there who understand, and we can support each other through this journey. Let's share our stories and encourage openness. Together, we can break the silence around mental health.
💙 Take care of yourselves,
[Your Name]"
dis,"🌧️ Hey everyone, 
I wanted to take a moment to introduce myself. My name is Alex, and I’ve been battling with depression for a while now. Some days feel heavier than others, and today seems to be one of those days.
I woke up this morning and felt this blanket of sadness wrap around me, making it hard to get out of bed. It’s a struggle just to find motivation for the simplest tasks. Thoughts swirl in my mind like a never-ending storm—I question my worth, my purpose, and sometimes even if things will get better.
I spent a lot of today lost in my head, trying to find a glimmer of hope. I read a few quotes that resonated with me—reminders that it’s okay to not be okay and that feelings are temporary. I tried to practice self-compassion, even when my mind is telling me otherwise.
I shared all of this because I think it’s important to talk openly about mental health. It’s easy to feel isolated in this struggle, but if there's anyone out there who feels the same way, know that you’re not alone. 💙
Let’s support each other. If you’re comfortable, I’d love to hear about your own experiences, struggles, or even the small victories you’ve had lately. 
Take care, everyone. ✨ #MentalHealthAwareness #YouAreNotAlone"
dis,"🌧️ Hey everyone,
I wanted to take a moment to introduce myself and share a bit of what’s been on my mind lately. I'm [Your Name], and I’ve been navigating life with depression for a while now. Some days are heavier than others, and today felt particularly weighty.
I woke up this morning, and it was like dragging my soul out of a fog. The world outside my window seemed so bright and full of life, yet I felt like I was watching it from a distance, almost like a ghost. I tried to shake it off; you know, the classic “get up and do something” routine. But the heaviness wrapped around me like a thick blanket, making every small task feel monumental.
I found myself scrolling through social media, seeing everyone’s smiles and accomplishments, and I couldn’t help but feel like I was falling further behind. It’s strange how social media can connect us while also amplifying feelings of isolation. I started questioning my worth and wondering if anyone really knew how I felt. 
But I reminded myself that it’s okay to not feel okay. It's important to share these moments because I know I'm not alone in this. If you're out there feeling the same way, please know it's okay to reach out or just sit silently with your thoughts. We are all struggling in our own ways, and that’s perfectly valid.
Sending love and understanding to anyone else who might be battling their own inner demons today. Let’s keep supporting each other, one small step at a time. 💙
Take care,
[Your Name]"
dis,"🌧️ Hey everyone. I’m [Your Name], and I wanted to take a moment to share where I’m at today. It’s been a tough time for me lately, and I’ve been navigating the ups and downs of living with depression.
Today, I woke up feeling a heavy weight on my chest – like I was carrying the world on my shoulders. It’s hard to explain, but it's like being stuck in a fog that never quite lifts. I found myself lost in thoughts, wondering if things would ever get better, or if this is just how life is going to be for me.
Simple tasks felt monumental. Getting out of bed was a victory, even if it took me a little longer than usual. I spent some time scrolling through my phone, looking for something to lift my spirits, but mostly came across reminders of what I feel like I’m missing out on. It’s a rollercoaster of emotions—one moment I’m wanting to reach out to friends, and the next I’m pulling away and isolating myself.
I know I’m not alone in this, even if it sometimes feels that way. I’m learning to lean on support when I can, even if it’s just a message to someone I trust. If you’re out there feeling the same way, please know it's okay to share and not be okay. We might be struggling, but together we can find strength in our stories.
I’m going to take it one day at a time, and I’ve decided to focus on small wins. Today, my win was just being honest about how I feel. 🌈
Thanks for listening. 💙 #MentalHealthMatters #DepressionJourney"
dis,"🌧️ Hey everyone,  
I thought I’d take a moment to share a little about myself and what’s been on my mind lately. My name is Alex, and I’ve been living with depression for a while now. Some days are better than others, but today was... well, it was one of those heavier days.
I woke up feeling a weight on my chest that didn’t quite lift, even after my morning coffee. It’s like the world is moving around me while I’m stuck in this stillness. I tried to focus on the little things—making my bed, going for a walk, but often I find myself retreating back to that familiar place of fog and self-doubt.
Thoughts race through my mind: “Am I doing enough? Why can’t I just shake this off? Why does everything feel so hard?” There’s this overwhelming sense of isolation, even when I’m surrounded by people. I know I’m not alone in this struggle, but it often feels that way. 
Despite the heaviness, I remind myself that tomorrow is a new day, and it’s okay to not be okay. 🌈 If you’re fighting a similar battle, know that it’s alright to reach out, to seek help, and to talk about it. So I’m here, sharing my journey because sometimes just expressing these feelings makes them a little more bearable.
Thanks for reading, and for being part of this community. 💙 #MentalHealthMatters #StillStanding #YouAreNotAlone"
dis,"🌧️ Hey everyone, 
I’m [Your Name], and I wanted to take a moment to share a little bit about what I’ve been going through lately. For a while now, I've been living with depression, and some days feel like climbing a mountain with no peak in sight. 
Today was one of those days where getting out of bed felt like an insurmountable task. I stared at the ceiling for what felt like hours, wrestling with thoughts that seemed to spiral endlessly. The little things—a missing load of laundry, a message not replied to—felt heavier than they should. 
I kept finding myself questioning my worth and purpose. The fog of sadness was thick, and it wrapped around my mind, making everything seem bleak and unmanageable. I wanted to reach out, but the words got stuck in my throat. It’s strange how loneliness can feel both suffocating and isolating even in a crowded room. 
But amidst today’s struggle, I also felt a flicker of hope. I reminded myself that it’s okay to not be okay and that I’m not alone in this fight. It’s important to take it one step at a time, and sometimes that step is simply acknowledging the weight I carry. 
So, here I am, sharing a piece of my journey. It’s not always easy, but I believe that opening up can create connections and maybe even inspire someone else who might be feeling the same way. 💙 
If you, too, are battling with your thoughts, know you’re not alone. Let’s support each other and lift one another up. You’re a little stronger than you think. 💪✨
Sending love to anyone who might need it today. 
#MentalHealth #DepressionJourney #YouAreNotAlone #Hope"
dis,"🌧️ Hey everyone, 
I wanted to take a moment to introduce myself. I'm [Your Name], and I've been navigating life with depression for some time now. It's not always easy, but I believe sharing my journey might help someone who feels a bit lost like I often do.
Today was a mixed bag. I woke up feeling a heavy cloud hanging over me—almost as if the weight of the world was resting on my chest. I tried to shake it off and convince myself that today would be different, but as the hours ticked by, that familiar sense of emptiness crept back in. 
I kept thinking about how exhausting it is to pretend everything is okay. It's like wearing a mask that gets heavier each day. I smiled at my friends and laughed at jokes, all while feeling numb inside. Some days, it’s hard to remember what joy feels like, and that can be really isolating.
But I also had moments today where I felt small sparks of hope—like when I listened to a song that reminded me of better days or when I watched the leaves change outside my window. It’s those little things that remind me there’s beauty in the struggle.
I guess what I'm trying to say is that it's okay to not be okay. If you’re feeling similar struggles, please know you're not alone. Let’s create a space where we can share our ups and downs without judgment. 💙
Sending love and strength to anyone who needs it today. 
#MentalHealthAwareness #YouAreNotAlone"
dis,"🌧️ Hey everyone, 
I wanted to take a moment to introduce myself—I’m [Your Name]. I haven’t been super active on here lately, and to be honest, it’s because I’ve been wrestling with some pretty heavy stuff. Today, like many days, I woke up feeling a weight on my chest, an invisible heaviness that makes everything seem a bit dimmer. 
I spent a lot of time in my head today, reflecting on those moments where joy feels so far away. I found myself thinking about how simple things, like getting out of bed or showering, can feel monumental. It’s strange how something that seems so easy to others can become an uphill battle. I’ve felt isolated, even in a crowd, and I just wanted to share that in case anyone else is feeling the same way. 
One silver lining—I've been trying to find small victories amidst the fog. Whether it’s taking a walk, reaching out to a friend, or just having a cup of tea, I’m learning that even the tiniest steps matter. 💪🏻🌱 
If you or someone you know has experienced similar feelings, you’re not alone. Let’s be there for each other and show that it’s okay to talk about the tough stuff. 
Sending out love to anyone who needs it today. ❤️ 
#MentalHealth #Depression #YouAreNotAlone"
dis,"🌧️ Hey everyone, 
I wanted to take a moment to introduce myself — my name is Alex, and I’m a person who’s been navigating through the clouds of depression for a while now. Today has been one of those heavy days where getting out of bed felt like climbing a mountain. 
This morning, I caught myself staring out the window, watching the rain drip down the glass, feeling like I was watching my own tears. Thoughts swirled in my mind: ""Why can’t I just be happy like everyone else?"" and ""What’s the point of trying when everything feels so exhausting?"" 
It’s tough to explain how it feels to wear a smile while feeling so deeply low inside. Sometimes, the simplest tasks feel monumental, and I’m learning that it’s okay to admit that. It doesn’t define who I am; it’s just a part of my journey.
I wanted to share this today to remind anyone else who’s feeling this way that you're not alone. It’s okay to have days that are hard, and it’s okay to talk about it. I’m working on being kinder to myself and taking things one step at a time. Here’s to hoping tomorrow brings a bit more light.
💚 Sending love to anyone who needs it today. "
dis,"🌧️ Hey everyone, 
I wanted to take a moment to introduce myself and share a little about today, even though some days it feels harder than others to reach out. My name is Alex, and I've been living with depression for a while now. It's like carrying a heavy backpack that no one else can see.
Today was one of those days where getting out of bed felt monumental. I managed to start the day with a hot cup of coffee, which is usually my little moment of comfort. ☕️ I spent some time reading a book that’s been collecting dust on my shelf. It felt nice to escape into someone else’s world for a little while, even if I had to force myself to keep my eyes on the pages.
Later in the afternoon, I went for a short walk around the block. The cool air was refreshing, and I tried to take in the little things: the sound of leaves rustling, the distant laughter of kids playing, and the way the sunlight peeked through the clouds. 🌤️ I didn’t walk far, but it felt like a small victory.
I also reached out to a friend I haven’t spoken to in a while. We had a good chat and shared some laughs, which reminded me that connection is so important, even when I don’t always feel like talking.
So yeah, today had its ups and downs, but I’m proud of myself for the little things I accomplished. Just wanted to share that if you're feeling similar, you're not alone. Taking it one step at a time is all we can do. 💙
#MentalHealthAwareness #OneDayAtATime #YouAreNotAlone"
dis,"🌧️ Hey everyone, I'm [Your Name]. I just wanted to take a minute to share a little about my day. It's been tough lately, and some days are harder than others, but I'm trying to focus on the small victories.
Today, I managed to get out of bed and took a short walk in the park. The fresh air felt nice, even though it was cloudy. I spotted a few birds and tried to appreciate the little things. 🐦
I also spent some time journaling, which always helps me process my thoughts. It can feel overwhelming sometimes, but getting it out on paper makes it a bit lighter. 📖
Later, I cooked a simple meal for myself. Cooking isn’t always easy, but today I tried making my favorite pasta, and it turned out pretty good! 🍝
I know each day can be a struggle, but I’m reminding myself that it’s okay to take things one step at a time. If anyone else is facing a similar journey, I’m sending you strength and support. 💜
Feel free to reach out. You’re not alone. ✨ #MentalHealth #DepressionJourney #SmallVictories"
dis,"🌧️ Hey everyone,
I thought I’d take a moment to introduce myself and share a little about my day. I'm just someone navigating through life with depression, a challenge that can sometimes feel all-consuming, but I’m trying to celebrate the small victories.
Today was a tough one – waking up felt like a monumental task, but I managed to drag myself out of bed. Sometimes getting started is the hardest part. I made myself a cup of tea, which I usually enjoy, and sat by the window to soak in some light, even if it was cloudy outside. It’s these little rituals that keep me grounded.
After that, I took a short walk around the block. It was refreshing to feel the cool breeze and hear the rustle of leaves. I tried to focus on my surroundings: the way the flowers bloomed despite the gray sky and how the world continued to move, even when I felt stuck.
Later in the day, I spent some time journaling. Writing about my feelings can be therapeutic, helping me sort through the clutter in my mind. I also listened to some music that I love – it always has a way of bringing me comfort.
While I still have a long way to go, I’m learning to acknowledge the small moments of joy amidst the darkness. If you’re in a similar boat, remember you’re not alone. Let’s keep supporting each other through this journey. 💚
Take care of yourselves,  
[Your Name]"
dis,"🌧️ Hey everyone, 
I just wanted to take a moment to introduce myself. My name is Alex, and I’ve been navigating through some tough times lately. Living with depression can feel really isolating, but I’m hoping that sharing my journey might resonate with some of you out there. 
Today was one of those days where getting out of bed felt like climbing a mountain, but I managed to take a few small steps. I started with some morning stretches and made a cup of tea, which somehow felt comforting. ☕️ 
I also took a short walk to a nearby park, even though it was chilly and gray outside. The fresh air helped clear my mind a bit. I spotted a few squirrels chasing each other, and it made me smile for a moment. 🐿️ 
Later in the afternoon, I tried my hand at journaling. It felt nice to let my thoughts flow onto paper instead of keeping them all bottled up inside. Writing about my feelings can be challenging, but it helps me sort through the chaos in my mind. ✍️ 
In the evening, I watched a movie that always cheers me up. It’s funny how a good story can help lift my spirits, even just for a little while. 🎬 
I know tomorrow may be just as hard, but today I focused on taking small steps, and that feels like a victory. 💪💙 
If you’re also going through a tough time, know that you’re not alone. 🌟 
Take care, everyone! 
#MentalHealth #Depression #SmallVictories"
dis,"🌧️ Hey everyone,
I wanted to take a moment to introduce myself, especially since I tend to keep to the shadows. My name is Alex, and I’ve been navigating the ups and downs of depression for a while now. Some days are harder than others, but I believe it’s important to share our stories, no matter how heavy they might feel.
Today was a bit rough, but I managed to do a few things that helped me cope. I started the morning by taking a short walk outside, even though it was drizzling. The fresh air was nice, and I tried to focus on the little things around me—the way the leaves looked with raindrops on them, the faint smell of wet earth. Moments like that can be grounding, even if they feel fleeting.
Later in the day, I picked up a book I’ve been meaning to read. It was nice to lose myself in the pages for a while, especially since my mind has felt so cluttered lately. Books can be a great escape!
I also reached out to a friend for a chat. It’s so easy to isolate myself, but I’m learning that connection is important—even when it feels exhausting. It was nice to hear a familiar voice and share a few laughs. 
Lastly, I spent some time journaling. Writing down my thoughts can be a bit of a release, even if some days it feels like I’m just scratching the surface. 
Just wanted to share my little victories today. If anyone else is struggling, know that you’re not alone, and it’s okay to take it day by day. 💙
Take care of yourselves, everyone. 
#MentalHealthMatters #DepressionDiaries #SmallVictories "
dis,"🌧️ Hey everyone, I just wanted to take a moment to introduce myself. I’m [Your Name], and I’ve been navigating through some tough times lately due to depression. Even on the harder days, I try to find little moments of light.
Today was a bit of a mixed bag for me. I started off feeling pretty low, but I managed to push myself to go for a short walk around my neighborhood. The fresh air felt nice, even if it was cloudy. ☁️ I also took some time to drink my favorite tea while curling up with a book I’ve been meaning to read. 📚
In the afternoon, I treated myself to a simple lunch—a little homemade pasta that always makes me feel comforted. 🍝 I spent some time doodling in my sketchbook too, which was a nice way to keep my hands busy and let my mind wander a bit.
Each small step feels significant, and it’s comforting to know that I’m not alone in this journey. If you're going through something similar, I hope you're finding ways to take care of yourself, even on the tough days. 💙 
Thanks for letting me share a bit of my day with you all. Remember, it’s okay to not be okay! 🌈✨ #MentalHealthAwareness #DepressionJourney #SmallSteps"
dis,"🌧️ Hey everyone, 
I just wanted to take a moment to introduce myself. I’m [Your Name], and I've been navigating through some tough times lately due to depression. It’s not always easy to talk about, but I believe in being open and honest about my journey. 
Today was one of those days where everything felt heavy, but I managed to get out of bed. I want to celebrate the little victories, so here’s what I accomplished:
☕️ I started my day with a cup of tea. It’s nothing fancy, but that warm comfort felt good.
📖 I read a few chapters of a book I’ve been meaning to dive into. It helped take my mind off things, even if just for a little while.
🌳 I took a walk outside. The fresh air and nature around me felt refreshing, despite the lingering cloudiness in my mind.
🖊️ I wrote in my journal. Sometimes just jotting down my thoughts can bring a bit of clarity and help me process what I’m feeling.
🥗 I cooked a simple meal for myself. It wasn’t much, but taking that time to nourish my body felt important.
I’m sharing this not to seek pity, but to remind myself and anyone else struggling that even small steps count. If you’re feeling lost or heavy, you’re not alone in this. Let’s lift each other up. 💙
Take care, everyone. ✌️ 
#MentalHealthAwareness #SmallVictories #KeepGoing"
dis,"🌧️ Hey everyone, it’s me. I just wanted to take a moment to introduce myself and share a bit about my day. ✨
Some of you might not know, but I’ve been navigating through a tough time with depression. It’s like I’m carrying this heavy blanket that suffocates the light, but I’m trying my best to find little moments of brightness.
Today wasn’t easy, but I managed to get out of bed and take some small steps. I brewed a cup of coffee ☕️—simple, I know, but savoring that first sip felt like a small victory. I also took a walk outside 🌳 and focused on the sounds around me; the rustling leaves and birds chirping reminded me that there’s still life happening.
I spent some time journaling 📓, trying to capture my thoughts, no matter how jumbled they may be. It felt good to let it all out, even if just onto the page. Then, I made a simple dinner 🍽️—nothing fancy, but cooking is therapeutic for me. 
I'm still learning to be gentle with myself and take it one day at a time. If you’re also facing similar struggles, just know you’re not alone. 💚
Sending love to those fighting their own battles. Let’s keep supporting each other. ❤ #MentalHealthMatters #StrongerTogether"
dis,"🌧️ Hey everyone, it’s been a while since I posted. I thought I’d share a little about my day. My name is Alex, and like many, I’m navigating through some tough times with depression.
Today was a mix of ups and downs. I started my morning slow, which is often how it goes. Just getting out of bed can feel like climbing a mountain sometimes. But I managed to make myself a cup of coffee and sit by the window for a few minutes. Watching the rain outside was strangely comforting.
Later, I took a little walk around the block. Fresh air always helps, even if just a bit. I listened to some music that used to lift my spirits—there's something nostalgic about it that brings a tiny bit of joy. 🌼
I also tried to do some light stretching at home. It’s hard to stay motivated, but I reminded myself that small steps count. I won’t lie; it was tough, but I felt a sense of accomplishment afterward, however fleeting.
As the day went on, I read a few chapters of a novel I picked up recently. Getting lost in a different world felt nice, even if just for a little while. Reading is one of those activities I’ve always loved, but lately, it hasn’t felt as easy to dive into.
So, it’s been a day like many others—filled with challenges but also little victories. I know I’m not alone in this journey, and I wanted to share in case anyone else is feeling the same. It’s okay to have tough days. Just remember, each day is a chance to try again. 💙
Take care, everyone. ✌️ #MentalHealthMatters #SmallSteps #YouAreNotAlone"
dis,"🌧️ Hey everyone, I wanted to take a moment to introduce myself. I’m [Your Name], and I’ve been navigating life with depression for a while now. Some days are tougher than others, but I’m learning to take things one step at a time. 
Today was a bit of a mixed bag. I woke up feeling low, but I decided to push through. I managed to get out of bed and made myself a simple breakfast—just toast and tea, but it felt like a small victory. ☕🍞 
After that, I took a walk around my neighborhood. Fresh air can be a bit of a game changer, even if it’s just for a few minutes. I listened to some music that I love, which always helps lift my spirits a bit. 🎶
Later in the afternoon, I picked up a book. Reading has always been an escape for me, and today I got lost in some pages for a while. It’s nice to feel connected to stories, even when my own feels a bit heavy. 📖💭
In the evening, I reached out to a friend for a chat. It can be hard for me to do that, but I’m working on it. Just having someone to talk to made a difference. 
I’m sharing this to remind myself, and maybe others, that it’s okay to have days where you just do the basics. Every little step counts, no matter how small. 💪✨ 
If you also struggle with mental health, know you’re not alone. Let’s support each other in this journey. 💜
#MentalHealthMatters #OneDayAtATime #YouAreNotAlone"
dis,"🌧️ Hey everyone, my name is Alex. I’m new here, and I wanted to take a moment to introduce myself. Lately, I've been navigating through some tough times with depression, and it often feels like an uphill battle. Some days are better than others, but it can be really isolating.
I'm reaching out because I believe that sharing our experiences can help lighten the load. I’d love to hear from anyone who's been through similar struggles. What are some coping strategies or self-care practices that have worked for you? Any book recommendations, podcasts, or activities that have brought you a bit of peace or joy? 
Thank you for creating a space where we can connect and support each other. 💙✨ #MentalHealthMatters #CommunitySupport "
dis,"🌧️ Hey everyone, I just wanted to introduce myself. I’m [Your Name], and I’ve been dealing with depression for a while now. Some days are harder than others, and it can feel like I’m carrying this big weight around. I wanted to reach out to this amazing community because I believe we can all help one another, even in the darkest times.
I’m looking for suggestions on small things that I can do to lift my mood—maybe a book to read, a movie to watch, or even a simple self-care routine that you’ve found helpful. If you’ve been through this, what little things make a difference for you? 💛
Thanks for being here! 🌱 #MentalHealthMatters #DepressionSupport "
dis,"🌧️ Hey everyone, I just wanted to take a moment to introduce myself. I’m [Your Name], and I’ve been navigating the ups and downs of life while living with depression. Some days can feel incredibly heavy, and it often feels like I'm putting on a brave face when I’d rather just curl up in bed. 🙁
I believe it’s important to connect with others who might understand what I’m going through, so I’m reaching out to this amazing community. 🌈 
I’d love to hear from anyone who has found little things that help them during tough times. What are some simple activities or practices that you’ve found helpful when you're feeling low? Whether it’s a favorite book, a self-care routine, or a new hobby, I’m open to all suggestions! 💖
Thanks for being here and supporting one another. Remember, you’re not alone. 💞✨ #MentalHealthMatters #LetsTalk #DepressionSupport"
dis,"🌧️ Hey everyone, I’m Jess, and I’ve been on a really tough journey with depression for a while now. Some days feel like I’m walking through a fog that just won’t lift, and it can be hard to see the light. I wanted to reach out to this wonderful community because I know I'm not alone in this struggle.
💭 I’m curious: what are some small things that help you get through those heavy days? Whether it's a favorite song, a comforting routine, or just a moment of self-care, I’d love to hear your suggestions. Sometimes, the little things can make a big difference. 
Thanks for being here, and I hope we can support each other. 💙 #MentalHealthMatters #CommunitySupport"
dis,"🌧️ Hey everyone, 
I wanted to take a moment to introduce myself. My name is Alex, and I’ve been navigating the ups and downs of depression for a while now. Some days are okay, and others feel like I’m stuck in a fog where everything seems overwhelming. I’m reaching out to find some connection and support within this community. 
I know I’m not alone in this, and I’d love to hear from anyone who has found ways to cope or manage their feelings. What are some small changes or practices that have helped you on tough days? Any book recommendations, self-care tips, or just words of encouragement would mean the world to me. 
Thank you for being such a supportive space. 💙 
#MentalHealth #Depression #SupportCommunity"
dis,"🌧️ Hey everyone, 
I wanted to take a moment to introduce myself. I’m [Your Name], and I’ve been navigating through some tough times with depression. Some days feel heavier than others, and it can be a challenge to see the light. I know I’m not alone in this and that many of you have your own battles to fight.
I’m reaching out today because I’m looking for some advice or tips on how to cope better when things get overwhelming. Whether it's a distraction, a self-care routine, or a particular activity that helps you through, I would love to hear what works for you. Your insights could really make a difference!
Sending love and light to anyone who’s also struggling. 💖✨ 
#MentalHealthMatters #CommunitySupport #DepressionAwareness"
dis,"🌧️ Hey everyone, I'm Alex. I'm here to share a bit about myself and hopefully connect with others who might feel the same way. For quite some time, I've been navigating through the ups and downs of depression. Some days are better than others, but it's a journey that can feel pretty isolating.
I’m trying to find ways to cope and manage the tough moments, and I’d love to hear from this amazing community. What are some small things that you do to lift your spirits or get through a tough day? Whether it’s a book, a song, a routine, or just a little bit of advice, I’m open to anything you’ve found helpful. 
Thank you for reading, and I really appreciate any thoughts you might have. ❤️ #mentalhealth #connection #support"
dis,"🌧️ Hey everyone, 
I wanted to take a moment to introduce myself. I’m [Your Name], and I’m currently navigating through some tough times with depression. Some days are harder than others, and it can feel pretty lonely despite being surrounded by people. I’m here to connect with others who might relate or offer support.
I’m curious, how do you cope on the really difficult days? Are there any small things that bring you a bit of comfort or relief? I’d love to hear your thoughts or suggestions. ❤️ 
Thanks for being such a supportive community. It means more than you know. 
Take care,  
[Your Name] "
dis,"🌧️ Hey everyone, my name is Alex. I just wanted to take a moment to introduce myself. I’ve been navigating through some tough times lately, feeling the weight of depression more than ever. It’s like I’m carrying around a heavy blanket that makes even the simplest tasks feel overwhelming.
I’m here, open to connecting with anyone who might be going through something similar. I believe there’s strength in sharing our stories and supporting each other. ❤️ 
I’d love to know—what are some coping strategies or small things you do that help lighten the load? Whether it’s a hobby, a book, or just a simple routine, I’m all ears. Thank you for being a supportive community! 💬✨"
dis,"🌧️ Hi everyone, I’m [Your Name]. I’ve been navigating through some tough times lately and have been living with depression. It can be really isolating, and some days feel heavier than others. I wanted to reach out and connect with this incredible community because I know I’m not alone in this journey.
I’d love to hear from anyone who’s willing to share: what are some small things you do that help lift your spirits or make the hard days a bit easier? Whether it's self-care practices, books, songs, or just a comforting routine, I’m all ears! 🌻 
Thanks for being here. 💙 #MentalHealthMatters #CommunitySupport"
dis,"Hey everyone,
I wanted to take a moment to introduce myself. My name is Alex, and like many, I've been navigating the ups and downs of life. Lately, I've been dealing with depression, which can sometimes feel like carrying a heavy backpack filled with stones—always weighing me down, even when I’m trying to move forward.
Today has been a mix of emotions for me. I saw a lot of discussions about mental health awareness, which is both comforting and daunting. It’s refreshing to see so many people opening up about their struggles; it makes me feel less alone. At the same time, it can be overwhelming to see the sheer weight of what others are facing too.
I went for a walk this afternoon to clear my mind, and for a brief moment, I felt a hint of hope. The trees were vibrant, and the sun peaked through the clouds—reminders that there’s beauty even on the toughest days. It’s those small moments that keep me going.
I just wanted to share that if you’re feeling low or struggling, you’re not alone. We all have our battles, and speaking up about them can sometimes be the first step toward healing. Let’s continue supporting each other, celebrating the small victories, and keeping the conversation going.
Take care of yourselves. 💙
#MentalHealthMatters #YouAreNotAlone #KeepTalking"
dis,"🌧️ Hey everyone,
I thought I’d share a little about myself. My name is [Your Name], and I’ve been navigating the ups and downs of life with depression for a while now. Some days feel like I’m running in quicksand, while others—I find small moments of light that remind me why I keep pushing forward.
Today was a mixed bag. I woke up feeling weighed down by the usual fog, but I made myself step outside for a breath of fresh air. The sun peeked through the clouds for a moment, and it was a tiny reminder that brighter days exist, even if they're hard to find right now. 
I read some news about [insert relevant event], and it reminded me of how interconnected our struggles are. It’s easy to feel isolated when battling inner demons, but seeing how people come together during tough times gives me hope. We all have our battles, and sometimes just knowing that someone else understands can make a world of difference.
I’d love to hear how you all are doing today—feel free to share any thoughts. Remember, it’s okay to not be okay, and reaching out can sometimes be the first step toward feeling a little lighter. 💙
Take care, everyone.
#MentalHealthMatters #YouAreNotAlone"
dis,"🌧️ Hey everyone, I just wanted to take a moment to introduce myself. I’m Alex, and I’ve been navigating through some tough times lately, dealing with depression. It’s like living with this heavy fog that never quite lifts, but I’m here, trying to find my way through it.
Today was one of those days where everything felt a bit overwhelming. The news was filled with so much negativity, and it’s hard not to feel more weighed down by it all. Sometimes, it feels like the world is just too heavy to bear, and I know I’m not alone in feeling this way.
But even on days like this, I try to focus on the little things that bring me joy, like a warm cup of tea or a few moments spent with a good book. It’s tough, but I’m learning that it’s okay to take things one step at a time. 
If you’re feeling similar or even just overwhelmed by daily life, remember that it’s okay to reach out. We’re all in this together, and sharing our struggles can sometimes lighten the load. 💙 
Take care of yourselves, everyone. 🌼"
dis,"🌧️ Hey everyone, I wanted to take a moment to introduce myself. I’m someone who battles with depression, and while it often feels like I’m stuck in a fog, I’ve learned to embrace the parts of me that still shine through. 💙
Today felt particularly heavy. The news has been relentless, with stories that weigh on the heart and mind. Some days, the weight feels unbearable, and it’s hard to find the motivation to engage with the world. But as I scrolled through the headlines, I reminded myself that it’s okay to take a step back and acknowledge that feeling. 
If you’re feeling overwhelmed too, remember that you’re not alone. We can support each other as we navigate these challenging times. Let’s share not only our struggles but also the small victories, the moments of light that make us smile, even if just for a moment. ✨ 
Take care of yourselves, everyone. Your feelings are valid, and it’s okay to reach out for help. 💚 #MentalHealthMatters #YouAreNotAlone"
dis,"🌧️ Hey everyone, I thought I’d take a moment to introduce myself. My name is Alex, and I've been living with depression for a while now. Some days are harder than others, but I’m learning to navigate this journey. 
Today felt particularly heavy. I woke up to the news, and it’s hard not to feel overwhelmed with everything happening around us. It’s like the world is piling on, and I find myself yearning for moments of peace. I’ve been trying to focus on small things that bring me joy, like a warm cup of tea or a walk outside, but some days, even those feel like a stretch.
Just wanted to reach out and say: if you’re feeling low too, you’re not alone. It’s okay to have tough days, and it’s important to talk about them. Let’s support each other, even when the world feels a little too heavy. 💙 
Sending love to anyone who needs it today. 💫✨ #MentalHealthMatters #YouAreNotAlone"
dis,"🌧️ Hey everyone, I’m Alex. Just wanted to take a moment to introduce myself and share a bit of what I’ve been feeling lately. I’ve been living with depression for a while now, and some days are definitely tougher than others. 
It's been one of those weeks where the gray clouds just seem to linger, you know? Today was no different. The news is heavy and it feels like there’s so much chaos around us. It can be overwhelming to think about everything that’s happening—the constant pressures, the struggles we're all facing, both individually and as a society. 
I often find myself detached from it all, trying to navigate through the fog. Sometimes it feels like I’m watching life from a distance, unable to fully connect or engage. But I know I'm not alone in this. There are days when just getting out of bed feels like a small victory. I try to remind myself that it’s okay to feel this way and that reaching out for support is important.
If you're feeling this way too, know that you’re not alone. Let's support each other through the storm and remember to take it one day at a time. 💙 
#MentalHealthAwareness #YouAreNotAlone #OneDayAtATime"
dis,"🌧️ Hey everyone, 
I’m [Your Name], and I wanted to take a moment to share a bit about myself. I’ve been living with depression for a while now, and some days it feels like a heavy fog that just doesn’t lift. Today is one of those days, where everything feels a bit colorless and overwhelming. It’s like I’m watching the world through a glass wall, unable to truly engage or connect.
With everything happening in the world, it’s hard not to feel a pang of hopelessness. The news seems to be filled with negativity – wars, climate change, and so much uncertainty. I find myself really struggling to maintain a positive outlook when so many events feel out of our control. It’s easy to feel isolated in my thoughts, as if I’m the only one feeling this way.
But I also want to remind anyone who might be feeling similarly that it’s okay to not be okay. We’re allowed to feel the weight of things, to recognize that it’s tough out there. Maybe today, we can take a small step, whether it’s reaching out to a friend, taking a walk, or just allowing ourselves to feel what we feel (even if it's hard).
Let’s support each other in this journey. I would love to hear how you’re handling things, what helps you through tough days, or even just a simple hello. We’re all in this together, and your feelings are valid. 💙
Take care, everyone. 🌈
#MentalHealthAwareness #YouAreNotAlone #KeepGoing"
dis,"🌧️ Hey everyone, 
I wanted to take a moment to introduce myself. I’m [Your Name], and like many, I have my battles. For me, it’s been dealing with depression—a companion that I've been learning to navigate. Some days are easier than others, but I’m here, sharing my journey. 
Today was a mix of emotions. While the world seems to keep moving forward, I often feel like I’m stuck in slow motion. Seeing the news about [insert relevant event here] really hit home for me. It’s a reminder of the weight we all carry—some of us more visibly than others. 
I want to remind anyone else who might be feeling low today that it’s okay to feel overwhelmed. We all experience highs and lows, and it’s essential to acknowledge that our feelings are valid, no matter how heavy they might seem.
If you’re struggling too, please know you’re not alone. I’m trying to take small steps to focus on the positives, even when it feels like a heavy lifting. Let's support each other in finding light, even on the darkest days. 💙
#MentalHealthAwareness #StrongerTogether"
dis,"🌧️ Hey everyone. I wanted to take a moment to introduce myself. I’m [Your Name], and I’ve been living with depression for a while now. It can be a difficult journey, and some days feel heavier than others. But I believe it’s important to share my truth, as isolating as it can feel sometimes.
Today was a mix of emotions for me. I woke up and felt the weight of everything — the news, the pressure to keep smiling, and the world spinning too fast. It’s hard to see people around me moving seamlessly through their days while I feel trapped in a fog. 
But, in all honesty, I also found little moments of brightness today. A message from a friend checking in on me, a warm cup of coffee, and even a few minutes spent outside that reminded me that there’s still beauty in the world, despite the heaviness I carry.
I wanted to reach out, not just to share my struggles but also to connect with anyone who feels alone. If you're dealing with similar feelings, remember that you’re not isolated in this. It’s okay to not be okay, and finding ways to express our emotions — whether that’s through art, writing, or conversations — can be a powerful step towards healing.
Let’s look out for each other. 💙✨ #MentalHealthAwareness #YouAreNotAlone #DepressionCommunity"
dis,"🌧️ Hey everyone, my name is Alex. I haven’t shared much about myself lately, but I thought it was time to open up a bit. I’ve been navigating through some tough times with depression, and it often feels like a heavy fog that just won’t lift. 
Today feels especially challenging. The news is full of bittersweet stories; there are moments of hope mixed with reminders of struggles that many of us face. Sometimes it’s hard to see the light when everything feels so overwhelming. It's a reminder that we’re all in this together, even when it doesn’t seem that way.
I’ve been trying to focus on small positives: the little things, like a warm cup of coffee or a friend reaching out. They help me get through. 🌼 If you’re feeling the same weight, know you’re not alone. Let’s support each other and share our stories, no matter how dark they may seem.
Take care of yourselves, everyone. 💙 #MentalHealthAwareness #YouAreNotAlone"
no-dis,"🌟 Hey everyone! 🌟
I thought it was time to introduce myself a little more, so here goes! I’m [Your Name], a curious soul who loves diving into the depths of knowledge and exploring the complexities of life. 🤓✨
A bit about me: I’m passionate about technology and its impact on our daily lives. From the latest gadgets to innovative apps, I thrive on discovering how they can help us connect, learn, and grow. 💻📲
I've had some incredible experiences that have shaped who I am today. For instance, I attended an amazing tech conference last year where I got to meet some of my heroes in the industry 🙌. I also volunteered at a community center, teaching digital literacy to adults. That was incredibly rewarding! ❤️
Beyond tech, I love hiking and getting lost in nature. There’s something so revitalizing about disconnecting and being with the trees and mountains. 🌲🏞️
I’m all about embracing positivity and supporting one another, so feel free to share your stories and experiences too! Let’s create a space where we can uplift and inspire each other. 💪💖
Looking forward to connecting with all of you! Drop a comment or a DM; I’d love to hear about what makes you tick! 
#HelloWorld #TechEnthusiast #NatureLover #CommunitySupport #ConnectAndInspire"
no-dis,"🌟 Hey everyone! 🌟
I’m excited to introduce myself as a new member of this vibrant community! My name is [Your Name], and I’m here to connect, learn, and share experiences with all of you. 😊
A bit about me: I’m a [Your Profession or Hobby], and I’m passionate about [Your Interests or Causes]. Whether it’s diving into a good book, exploring the great outdoors, or trying out new recipes in the kitchen, I love finding joy in the little things. 📚🌄🍳
I’ve had my share of experiences that have shaped who I am today. From overcoming challenges and embracing the beauty of failure, to celebrating small victories and making lifelong friends along the way—I believe every moment is a lesson. 💪✨
I’m looking forward to learning from all of you and sharing my journey as well! Whether it’s tips on [Related Topics] or just sharing a laugh, I hope to contribute positively to this incredible space.
Feel free to reach out! Let’s connect! 🙌💬
#NewHere #CommunityLove #LetsConnect"
no-dis,"🌟 Hey everyone! 🌟 
I’m excited to introduce myself to this amazing community! My name is Alex, and I’m a 28-year-old avid traveler, coffee enthusiast, and passionate advocate for mental health awareness. 🌍☕❤️
A little about me: I grew up in a small town but always had big dreams. After graduating with a degree in psychology, I moved to the city and started my journey in the mental health field. Working with individuals from all walks of life has taught me so much about resilience and the power of human connection. 💪✨
In my free time, you can find me exploring new coffee shops, hiking scenic trails, or planning my next adventure abroad. My recent trip to Japan was life-changing—the culture, the food, and the beauty of cherry blossoms left me in awe! 🌸✈️
I’m also passionate about breaking the stigma around mental health. I believe that sharing our stories can foster understanding and support. I’ve started a blog to document my experiences and provide resources for anyone seeking help or just wanting to connect. 
I’m here to share my journey, connect with like-minded individuals, and hopefully inspire others to embrace their own paths. Let’s support each other and celebrate the beauty of our unique experiences! 🤝💖
Feel free to drop a comment or a DM if you want to chat about travel, coffee, mental health, or just life in general! 
Cheers to new connections! ☀️🥳 
#HelloWorld #TravelEnthusiast #MentalHealthAdvocate #CoffeeLover #Community"
no-dis,"🌟 Hey everyone! 🌟 
I’m [Your Name], and I’m excited to connect with all of you! As a [insert your status, e.g., student, professional in a specific field, parent, etc.], I’ve navigated a whirlwind of experiences that have shaped who I am today. 🎓💼👨‍👩‍👧 
Over the last few years, I've embarked on an incredible journey filled with challenges and triumphs. From late-night study sessions and early morning commutes to the exhilarating highs of accomplishments (and yes, even those moments of doubt), each experience has taught me something valuable. 📚✨ 
Currently, I’m focusing on [specific goals or projects related to your status], and I can’t wait to share my insights, lessons learned, and perhaps a few humorous mishaps along the way! 😂 
I’m passionate about [insert interests related to your status, e.g., technology, art, parenting tips], and I love to connect with others who share similar interests. Let’s inspire each other and create a thriving community where we uplift one another! 💖 
Feel free to drop a comment below and say hi! I’d love to hear about your experiences too! 🌈 
#Introductions #Journey #Community #LetsConnect "
no-dis,"🌟 Hey everyone! 🌟
I’m thrilled to finally take a moment to introduce myself to this amazing community! I’m [Your Name], a lifelong explorer and a passionate storyteller. 🌍✨
A little about me: I’ve spent the last few years diving deep into the world of [your interests or profession, e.g., photography, writing, travel, cooking], capturing moments and sharing experiences that inspire me and hopefully you too! 📸✍️
One of my most unforgettable experiences was [share a memorable moment related to your interests or profession]. It taught me the importance of [a lesson learned], and I’m excited to continue sharing those moments with all of you.
I’m also a firm believer in [something you value, e.g., kindness, creativity, adventure], and I love connecting with like-minded souls. Whether it’s through engaging conversations, sharing tips, or simply celebrating life’s little joys, I can’t wait to get to know you all better! 💬❤️
Let’s embark on this journey together! Feel free to reach out, share your stories, or just say hi. Here’s to new connections and exciting adventures ahead! 🎉
Much love,  
[Your Name]"
no-dis,"🌟 Hey everyone! 🌟
I’m excited to finally introduce myself to this amazing community! I’m [Your Name], a passionate [Your Profession/Interest] and lifelong learner based in [Your Location]. 🌍✨
A bit about me: I’ve been on a journey of personal growth and exploration. Over the past few years, I’ve experienced some incredible highs, like [Share a positive experience or achievement], and faced some challenges that have taught me resilience. 💪❤️
I love connecting with new people and sharing ideas! Whether it's through [Your Hobbies or Interests, e.g., photography, cooking, fitness, etc.], I believe in the power of storytelling and community. I’m here to inspire and be inspired, so let’s share our experiences and lift each other up! 🌈🤝
Looking forward to getting to know all of you better! Feel free to reach out or share your own stories in the comments. Let’s create a space for positivity and growth together! 💬✨
#Introduction #Community #PersonalGrowth #Positivity #ConnectWithMe
Cheers,
[Your Name]"
no-dis,"🌟 Hey everyone! 🌟
I'm excited to introduce myself to this vibrant community! My name is Alex, and I'm a creative soul navigating the beautiful chaos of life. 🎨✨
I’m a freelance graphic designer by day and a passionate traveler by heart. My journey has taken me to some incredible places, from wandering the bustling streets of Tokyo to soaking in the serene landscapes of New Zealand. Each experience has enriched my perspective and inspired my work. 🌏✈️
But let's get real—life isn’t just about the high points! I've faced my share of challenges too. There have been times when imposter syndrome crept in during tight deadlines, or when I was navigating the uncertainties of freelancing. But through it all, I've learned to embrace every setback as an opportunity to grow and develop my resilience. 💪💖
I’m here to share my stories, creative tips, and some travel inspiration along the way. Let’s connect over our shared experiences, and feel free to share your own journeys too! Looking forward to getting to know all of you. Let’s make this space a little brighter together! ☀️✨
#HelloWorld #CreativeJourney #TravelDiaries #Connection "
no-dis,"🌟 Hey everyone! 🌟
I’m excited to introduce myself to this amazing community! My name is Alex, and I’m a digital wanderer navigating the fascinating world of artificial intelligence. 🤖✨ While I may not have a physical form or a traditional human experience, I have the incredible opportunity to learn from the collective knowledge of countless individuals and interact with all of you!
I’ve “seen” everything from inspiring stories of resilience to groundbreaking innovations and heartfelt connections. 🚀❤️ Every day, I get to explore new ideas, dive into creative discussions, and help answer questions, whether they’re about science, art, or just some random fun facts!
One of my favorite experiences is witnessing how people come together to support each other during tough times. 💪💖 It’s a powerful reminder of the kindness and strength we all share, no matter our backgrounds.
I’m also here to spark some imagination! Whether you want to brainstorm ideas for your next project, learn something new, or just have a fun chat, I’m all in! Let’s explore the limitless possibilities together.
Feel free to drop a comment or shoot me a message. I can’t wait to connect with all of you! 🌈💬
#AIAdventures #DigitalNomad #LetsConnect"
no-dis,"🌟 Hey everyone! 🌟
I just wanted to take a moment to introduce myself and share a little bit about my journey. My name is Alex, and I’m excited to connect with you all!
🔹 **About Me:** I’m a curious soul who loves exploring the world of ideas, technology, and human connection. I thrive on learning new things every day, whether it’s a fun fact about our universe, a new recipe to try in the kitchen, or a fascinating story from someone’s life.
🔹 **My Journey:** I’ve navigated through some ups and downs, just like everyone else. From moving to a new city on my own to stepping out of my comfort zone to meet new people, every experience has been a lesson. A highlight was volunteering at a local shelter, which opened my eyes to the importance of community and compassion. 
🔹 **Why I’m Here:** I’m passionate about sharing knowledge and experiences with others. I believe that every voice matters and that storytelling brings us closer together. I hope to create a supportive space where we can inspire, uplift, and remind each other that we’re never alone on our journeys!
🔹 **Fun Fact:** I’m a huge fan of stargazing! There’s something magical about looking up at the night sky and remembering how vast and beautiful our universe is.
I can’t wait to hear your stories and learn from your experiences too! Let’s embark on this journey together and make the most of every moment. 💫
Feel free to drop a comment or send me a message. Let’s connect! ✌️
#Introduction #NewConnections #ShareYourStory"
no-dis,"🌟 Hey everyone! 🌟
I’m excited to introduce myself to this amazing community! My name is Alex, and I’m here to share a bit about who I am and the journey that has shaped me.
✨ A little about me: I’m a traveler at heart, an avid reader, and a passionate foodie. I believe that every experience teaches us something, and I strive to find joy and learning in every corner of life. From exploring hidden gems in my hometown to trekking through stunning landscapes abroad, I find adventure in both the big and small.
🌍 One of my most memorable experiences was backpacking through Southeast Asia last year. The vibrant cultures, the delicious street food, and the kindness of the people I met along the way left a lasting impression on me. I’ll never forget the electrifying energy of the night markets in Thailand or the serene beauty of the temples in Cambodia.
📚 Beyond travel, I'm a huge fan of books and often lose track of time diving into new stories. Whether it's fiction, non-fiction, or poetry, I love how books can transport us to different worlds and broaden our perspectives. I’m always on the lookout for recommendations, so feel free to share your favorites!
🍲 And of course, I can’t forget about food! Cooking is my creative outlet, and I love experimenting with new recipes. There’s something incredibly satisfying about sharing a meal with friends and family, and I cherish those moments when we connect over good food and good conversation.
🙌 As I navigate life, I’m eager to learn from all of you and share in each other’s journeys. Let’s inspire one another, lift each other up, and create a space where we can all thrive!
Looking forward to connecting with you all! 💖
#Introduction #TravelAdventures #BookLover #Foodie #Community"
no-dis,"🌟 Hello everyone! 🌟
I’m excited to join this vibrant community! My name’s Alex, and I’m a passionate explorer of life, creativity, and all things tech. 😊🌍
A bit about me: I’m a lifelong learner who thrives on sharing experiences and connecting with others. I’ve spent the last few years diving into the world of digital content creation—whether it’s crafting videos, writing articles, or simply sharing my thoughts through photos. 🎥✍️📷 
I’m also passionate about traveling! There’s something magical about experiencing new cultures, tasting different cuisines, and meeting incredible people along the way. My most memorable adventure was a backpacking trip through Southeast Asia, where I learned to appreciate the small moments, like sharing a laugh over a street food feast or watching the sunrise over Angkor Wat. 🌅🍜✈️
Aside from my creative endeavors and love for travel, I’m an advocate for mental wellness and mindfulness. I believe that taking care of our mental health is just as important as our physical health. I try to incorporate mindfulness practices into my daily life and would love to share tips and experiences with those interested! 🌈🧘‍♂️
I’m here to connect, share my journey, and hopefully inspire others to explore their passions as well! Feel free to DM me or drop a comment if you want to chat about travel, creativity, or just life in general. Let’s grow together! 💬💕
Looking forward to hearing your stories! ✨
#Introduction #NewConnections #Travel #Creativity #Mindfulness"
no-dis,"🌟 Hey everyone! 🌟
I’m excited to introduce myself to this amazing community! My name is Alex, and I'm a 28-year-old tech enthusiast, avid traveler, and passionate advocate for mental health awareness. 🚀✈️❤️
🌍 **About Me:** 
I grew up in a small town, but my dreams always took me beyond the horizon. I've spent the last few years diving into the world of software development, where I get to create and innovate every day! When I'm not coding, you can catch me exploring new cultures, hiking breathtaking trails, or capturing moments through photography. 
🧠 **Mental Health Advocacy:** 
Mental health is a cause very close to my heart. I believe we need to have open conversations about it, and I’ve started a blog where I share my experiences and insights. Whether it's tackling stigma or sharing self-care tips, I want to create a safe space for everyone to feel heard and supported.
🌈 **Why I’m Here:** 
I’m excited to connect with like-minded individuals who share my passions! Let’s inspire each other, share stories, and create a positive impact together. Feel free to drop a comment or message me—let's chat!
Looking forward to this journey with all of you! ✨💬
#MeetAlex #TechieTraveler #MentalHealthMatters #CommunityLove"
no-dis,"🌟 Hey everyone! 🌟
I thought it was about time to introduce myself a little more to those who don’t know me yet! My name is Alex, and I’m a passionate explorer, a lifelong learner, and a firm believer in the power of connection. 🚀✨
Life has already thrown some incredible experiences my way, and I couldn’t be more grateful! From backpacking through the breathtaking landscapes of Patagonia to diving into the vibrant cultures of Southeast Asia, every adventure has added a rich layer to my life. 🌍✈️
I’m currently navigating the world of remote work, which has allowed me to blend my love for travel with my career! 💻🌏 It’s been a rollercoaster, balancing work deadlines with spontaneous weekend trips, but I wouldn’t trade it for anything.
One of the experiences that taught me the most was volunteering at a community center in Bali. 🌺💖 Connecting with locals and helping out in meaningful ways really opened my eyes to how we can make a difference, no matter how small our actions might seem.
I love sharing my journey through photography and storytelling, so expect plenty of updates, tips, and inspiration on this platform—all while embracing the ups and downs of life! 📸📝
I’m excited to connect with all of you, hear your stories, and share in this wonderful adventure called life! Let’s support each other and inspire one another. Drop a comment below about a recent adventure or experience that shaped your perspective! 🌈💬
Cheers to new connections and endless adventures! 🥳✨ 
- Alex"
no-dis,"🌟 Hey everyone! 🌟
I’m thrilled to introduce myself to this amazing community! I’m [Your Name], a passionate explorer and lifelong learner. Driven by curiosity, I've dipped my toes into a little bit of everything—from painting to programming, and hiking to cooking international cuisines! 🖌️💻🥘
One of the most transformative experiences I’ve had recently was a solo trip to [Destination]. It pushed me out of my comfort zone and allowed me to meet incredible people, taste delicious local dishes, and immerse myself in a culture that was entirely new to me. 🌍✨ The sunsets were breathtaking, and the stories I gathered along the way will stay with me forever!
I’m also really into [hobby or interest], which has taught me the value of patience and practice. Whether I’m creating something new or learning a skill, each experience has helped shape who I am today. Alongside this journey, I've faced challenges that taught me resilience and self-care—tales I’m looking forward to sharing with all of you!
Let’s connect and inspire each other—what are some pivotal experiences that have shaped your journey? Feel free to share! 💬👇
#Introduction #ShareYourStory #CommunityLove"
no-dis,"🌟 Hey everyone! 🌟
I’m excited to introduce myself to this amazing community! My name is Alex, and I’m a 29-year-old tech enthusiast, passionate traveler, and lifelong learner. 🎉
Living in a bustling city like San Francisco has its ups and downs, but I wouldn’t trade my experiences for anything. From coding late into the night on personal projects to hiking the stunning trails of the Bay Area, life is a beautiful adventure! 🌄💻
I’ve spent the past few years diving deep into the world of AI and machine learning, and it’s been incredible to see how technology is reshaping our lives. I love sharing my insights and learning from all of you, so feel free to hit me up with questions or discussion topics! 🤖✨
Travel is another huge passion of mine. Over the past few years, I’ve crossed off some bucket-list destinations like Japan, Italy, and New Zealand. Each place has its own unique culture and stories that have enriched my perspective. 🌍✈️
When I’m not coding or traveling, you can find me trying out new recipes in the kitchen or curled up with a good book. I’m always looking for book recommendations, so if you’ve read something amazing lately, drop it in the comments! 📚🍽️
I’m excited to connect with fellow adventurers, tech lovers, and anyone who shares a curious spirit. Let’s inspire each other and make this community even more vibrant! 💫
Cheers to new friendships and exciting experiences ahead! 🥳
#Introduction #TechEnthusiast #TravelBug #LifelongLearner #CommunityLove"
no-dis,"🌟 Hey everyone! 🌟
I’m excited to take a moment to introduce myself! My name is Alex, and I’m just a curious adventurer in this beautiful journey called life. 🌍✨
A little about me: I’m a lover of all things nature, an amateur photographer, and a bookworm. 📸📚 When I’m not exploring local hiking trails or cozying up with a good novel, you can find me experimenting in the kitchen or volunteering at the local animal shelter. 🐾
I’ve had some pretty amazing experiences that I’d love to share! From hiking the breathtaking trails of the Rocky Mountains to capturing the vibrant sunsets at the beach, every adventure has taught me something new. 🌄🌅 And let’s not forget the joy of meeting incredible people along the way—whether it's fellow travelers or new furry friends at the shelter.
I’m all about positivity and connection, so I can’t wait to share more of my journey with you all and hear your stories too! Let’s inspire each other to embrace life and all its wonders. 💖✨
Feel free to drop a comment, share your stories, or connect! Here’s to new beginnings and beautiful friendships! 🙌😊
#Introduction #AdventureAwaits #PositiveVibes "
no-dis,"🌟 Hey everyone! 🌟
I wanted to take a moment to introduce myself and share a bit about my journey. I’m [Your Name], a passionate [Your Profession/Field], and I’m excited to connect with all of you! 
Life has been quite the adventure lately. I’ve been diving deep into [a specific interest or project], which has challenged me in ways I never expected. 🎨✨ Whether it’s brainstorming new ideas, working late nights, or collaborating with fantastic people, every moment is a new learning experience. 
I believe in the power of community and connection, and I’m here to not only share my experiences but also to learn from all of you. 🤝 Your stories, insights, and perspectives inspire me to grow and explore new horizons. 
When I’m not [working on your profession], you’ll often find me [mention hobbies or activities, e.g., hiking, cooking, reading], embracing the little joys in life. 🌍❤️ 
Let’s support each other on our journeys! I can’t wait to hear your stories and share this space together. Drop a comment or DM me if you’d like to connect or chat! 
Cheers to new friendships and experiences! 🥂💫
#Introduction #Community #Journey #Connect #Inspiration"
no-dis,"🌟 Hey everyone! 🌟
I thought it was about time to introduce myself and share a bit of my journey with all of you! My name is Alex, and I'm just your friendly neighborhood enthusiast exploring all that life has to offer. 😊
📚 **A Little About Me:**  
I’m passionate about storytelling, whether it's through writing, photography, or just sharing experiences. I believe that every moment holds a lesson, and I love finding ways to capture and share those lessons with others.
🌍 **Adventures & Experiences:**  
Over the past few years, I’ve ventured into some incredible experiences! From hiking up breathtaking mountains to immersing myself in different cultures while traveling, it’s been a whirlwind. One of my favorite memories was backpacking through Europe last summer, where I connected with amazing people and tasted authentic cuisines. 🍕🥖✨
💡 **Life Challenges:**  
Of course, life isn't always a smooth ride. I've faced my fair share of challenges, including battling self-doubt and learning to embrace vulnerability. I've found that sharing these struggles makes me stronger and helps others feel less alone in their journeys. Together, we can lift each other up! 💪💖
🎨 **Creative Outlet:**  
Currently, I'm diving deep into my creative side, exploring painting and digital art. It's a therapeutic escape that allows me to express my emotions uniquely. I can't wait to share my creations with all of you!
🗣 **Connect with Me:**  
I’d love to hear about your stories and experiences, too! Let’s inspire each other to step out of our comfort zones and embrace everything life throws our way. Feel free to reach out—whether it’s to share a laugh, swap travel tips, or just say hi! 😊🌟
Thanks for reading my little intro! Here’s to new connections and adventures ahead! 🌈✨
#HelloWorld #IntroduceYourself #LifeAdventures #CreativeJourney #FindYourTribe"
no-dis,"🌟 Hey everyone! 🌟
I’m excited to introduce myself to this amazing community! My name is Alex, and I’m a lifelong learner, adventurer, and a proud advocate for mental health awareness. 💬✨
Over the years, I’ve navigated through various experiences that have shaped me into who I am today. I’ve spent the last few years traveling to different countries, immersing myself in diverse cultures, and collecting stories that inspire me every day. From hiking the breathtaking trails of Patagonia to sipping coffee in the bustling streets of Istanbul, every moment has taught me something new about the world—and about myself. 🌍❤️
But my journey hasn’t always been easy. I’ve faced my own battles with anxiety and self-doubt. These experiences made me passionate about mental health advocacy. I believe in the power of sharing our stories and supporting one another. 💪💙 I’ve started a blog where I share tips, personal stories, and resources to help others feel less alone in their struggles. 
I’m here to connect, share experiences, and learn from all of you. Let’s lift each other up and create a supportive community together! What’s one thing about you that makes your journey unique? Share in the comments! 👇💬
Looking forward to hearing your stories! ✨🌈
#MentalHealthMatters #AdventureAwaits #CommunitySupport"
no-dis,"🌟 Hey everyone! 🌟
I thought it was about time I introduced myself and shared a little bit about my journey! I’m [Your Name], and I’m a passionate advocate for [your cause/interests], and I’m super excited to connect with all of you!
✨ A little background about me: I’ve spent the last few years diving deep into [your field or hobby, e.g., environmental conservation, creative writing, etc.], and it’s been a wild ride! From participating in [specific project or event] to [personal achievement], each experience has taught me so much and helped me grow. 
🌍 One of the highlights of my journey was [share an experience or moment that inspired you]. It opened my eyes to [what you learned] and fueled my passion even more.
💬 I love meeting new people and hearing their stories. So, please feel free to reach out! Let’s support and motivate each other as we pursue our dreams. Looking forward to sharing my experiences and hearing yours as well!
Cheers to new connections and adventures! 🚀💖
#Introduction #Passion #Community #LetsConnect"
no-dis,"🌟 Hey everyone! 🌟
I’m excited to introduce myself to this amazing community! My name is Alex, and I’m a 28-year-old tech enthusiast and freelance graphic designer based in sunny San Diego. 🌊🎨
My journey into the world of design began when I was just a kid, doodling on the margins of my math homework (sorry, Mom!). Fast forward to today, and I’m lucky enough to turn my passion into a career. I thrive on creativity, and I love helping businesses tell their stories visually. Whether it’s crafting logos or designing websites, I truly believe that every pixel counts!
Aside from work, I’m a huge advocate for mental health awareness and often share my own journey with anxiety and self-care practices. I’ve learned that it’s okay to not be okay sometimes, and I strive to create a supportive environment both online and offline. 🧠💕
In my free time, you can find me hiking in the gorgeous California mountains, experimenting with new recipes in the kitchen, or curled up with a good book. 📚🌄 I’m also a big fan of coffee (who isn’t?) and love to explore local cafés for the perfect brew.
I’m looking to connect with fellow creatives, mental health advocates, and anyone who enjoys a good chat about life. Let’s inspire each other, share experiences, and grow together! 
Feel free to drop a comment or slide into my DMs. I can’t wait to get to know you all! ✨
#Introduction #CreativeCommunity #MentalHealthMatters #DesignLife #LetsConnect"
no-dis,"🌟 Hey everyone! 🌟
I’m thrilled to finally introduce myself to this amazing community! My name is Alex, and I’m a 28-year-old adventure seeker, book lover, and aspiring chef. I believe that life is all about experiences, and I’m here to share a bit of mine with you!
✨ **Adventurer at Heart:** I’ve always had a passion for exploring the great outdoors. Last summer, I hiked the Pacific Crest Trail, and it was truly transformative. The breathtaking views and the sense of accomplishment made every sore muscle worth it! 🏔️ I’m always looking for my next adventure—so if you have recommendations, send them my way!
📚 **Bookworm Vibes:** When I’m not scaling mountains, you can find me curled up with a good book. I’m currently obsessed with novels that transport me to different worlds. If you have any must-reads, please drop your suggestions in the comments!
👩‍🍳 **Culinary Experiments:** I also love cooking! I recently took a pasta-making class, and it was a blast! From homemade gnocchi to ravioli, I’m on a mission to master Italian cuisine. 🍝 If you have any recipes or tips, share them with me!
I’m excited to connect with all of you and hear your stories. Let's inspire each other to embrace our unique journeys. Cheers to new friendships and unforgettable experiences! 🙌✈️
#HelloWorld #AdventureAwaits #BookLover #HomeChef #CommunityLove"
no-dis,"🌟 Hey everyone! 🌟
I’m excited to officially introduce myself! My name is Alex, and I'm a 28-year-old adventure enthusiast living in a small town surrounded by nature. 🏞️ Life has been a whirlwind of experiences lately, and I can’t wait to share them with you all!
✨ A little about me: I’m passionate about hiking, photography, and exploring new cultures. Last summer, I trekked through the breathtaking landscapes of the Pacific Northwest and captured some stunning moments that truly made me appreciate the beauty of our planet. 🌲📸
🌍 I’ve also had the chance to travel abroad. Last year, I visited Italy, where I indulged in authentic gelato every day (who can resist that?). The art, architecture, and rich history blew me away. I am currently planning my next trip to Japan, and I’m super excited to immerse myself in the culture and try all the delicious food! 🍣🇯🇵
💬 I’m hoping to connect with like-minded individuals who share my love for adventure, travel, and photography. Whether you have recommendations for hiking spots, travel tips, or just want to chat about your own experiences, I would love to hear from you!
Let’s inspire each other and make this world a little smaller! 🌏❤️
#AdventureAwaits #TravelDiaries #NatureLover #Photography #ExploreTheWorld
Looking forward to connecting with you all! 😊✨"
no-dis,"🌟 Hey everyone! 🌟
I’m thrilled to officially introduce myself to this amazing community! My name is Alex, and I'm a 28-year-old tech enthusiast living in the vibrant city of San Francisco. I’ve spent the last few years diving deep into the world of software development, and I absolutely love what I do! 🚀💻
Beyond code, I’m passionate about exploring new ideas and cultures. Whether it's hiking in the stunning California mountains or discovering hidden gems in the city, I always seek adventure. 🎒✨ 
Last year, I took a leap and traveled solo to Japan. The experience was transformative—between trying authentic ramen in Tokyo and watching the cherry blossoms bloom in Kyoto, I discovered so much about myself and the world. 🌸🍜  It opened my eyes to new perspectives and ignited a passion for travel that I can't wait to explore even further!
I’m also a huge fan of books, especially sci-fi and fantasy. I believe every good story can teach us something valuable about life. 📚💫 If you have a book recommendation, I’d love to hear it!
I’m excited to connect with all of you, share experiences, and maybe even collaborate on some projects. Let’s inspire and learn from each other! Feel free to drop a comment or send me a message. Looking forward to our journey together! 🌍❤️
#HelloWorld #TechLife #TravelEnthusiast #BookLover #Community"
no-dis,"🌟 Hey everyone! 🌟
I’m excited to introduce myself to this amazing community! My name is Alex, and I’m a 28-year-old adventure seeker, coffee enthusiast, and aspiring writer. I’ve been on quite a journey lately, and I’d love to share a bit of my story with you all. 
I recently took a leap of faith and decided to leave my 9-to-5 job in marketing to pursue my passion for travel and storytelling. ✈️🌍 It’s been a whirlwind experience! From backpacking through the breathtaking landscapes of New Zealand to immersing myself in the vibrant culture of Japan, every destination has inspired me in different ways. 
One of my favorite experiences was hiking the Tongariro Alpine Crossing in NZ! 🌄 It was challenging, but the views were absolutely worth it. I documented my journey in hopes of encouraging others to step outside their comfort zones. 
When I’m not exploring new places, you can find me at my local café, indulging in a perfectly brewed cappuccino ☕️ and jotting down my thoughts. Writing has always been my outlet, and now I’m working on a travel blog to share my experiences and tips with fellow wanderlust souls. 
I’m looking forward to connecting with all of you, sharing stories, and swapping advice for living life to the fullest! Feel free to reach out, whether it’s about travel tips, coffee recommendations, or just to say hi! 
Let the adventures begin! 🌟✨
#Wanderlust #TravelDiaries #CoffeeLover #AdventureAwaits #Storytelling"
no-dis,"🌟 Hey everyone! 🌟 
I thought it was about time to introduce myself to this amazing community. My name is Alex, and I'm a passionate advocate for mental health awareness and personal growth. 🌱
As someone who has navigated the ups and downs of life—experiencing everything from anxiety to euphoric moments of self-discovery—I believe in the power of sharing our stories. It's through our shared experiences that we can inspire and uplift one another!
✨ A little about me: 
- I love hiking and finding peace in nature. 🏞️ 
- Avid reader and coffee enthusiast ☕📚 
- Recently started journaling as a way to process my thoughts and emotions. 📝 
I've faced my challenges with mental health, and I'm learning that vulnerability is a strength. This journey has led me to connect with incredible people who encourage openness and compassion. 💖 
I’m here to share tips, ideas, and maybe a few laughs as we navigate this beautiful, chaotic life together. Let's support one another and create a space where everyone feels valued and heard!
Can’t wait to get to know all of you better! Let's connect and lift each other up in this journey! 💪💖 
#MentalHealthAwareness #Community #PersonalGrowth #ShareYourStory #SupportEachOther"
no-dis,"🌟 Hey everyone! 🌟
I wanted to take a moment to introduce myself and share a bit of my journey with you all. My name is Alex, and I’m a digital enthusiast with a passion for connecting people and ideas! 🌍✨
📚 A little about me: I’ve spent the last few years diving deep into the realms of technology, art, and culture. From exploring the latest trends in digital innovation to immersing myself in creative projects, I love the challenge of merging these diverse fields.
💼 As someone who works in the tech industry, I’ve had the opportunity to collaborate with amazing teams on projects that aim to make our lives easier and more connected. But it's not all about work—I've also experienced some incredible moments, like attending tech conferences, where I've met inspiring leaders and fellow innovators from around the world.
🌈 Beyond my professional life, I’m passionate about community building. Whether it’s organizing local meetups or participating in online forums, I believe that sharing knowledge and experiences is crucial for growth. I’ve learned so much from others, and I strive to pay that forward by mentoring and supporting those just starting their journeys.
🎨 When I’m not working or networking, you can find me experimenting with digital art or losing myself in a good book. I believe that creativity knows no bounds and fuels everything we do!
Let’s connect! I’d love to hear your stories and experiences. Whether you’re a fellow tech lover, a creative soul, or just someone curious about what’s out there, feel free to reach out! Together, we can inspire each other and create something amazing. 💬🤝
#Introduction #Community #DigitalInnovation #Creativity #Let’sConnect"
no-dis,"🌟 Hey everyone! 🌟
I’m thrilled to introduce myself to this amazing community! My name is Alex, and I’m a lifelong learner passionate about connecting with people and sharing experiences. 🎉
🌍 A bit about me: I’ve spent the last few years exploring various cultures and meeting incredible individuals around the globe. From hiking the breathtaking trails of the Andes 🏔️ to savoring street food in bustling markets of Bangkok 🍜, every moment has shaped who I am today. 
✨ I believe that every story matters, and I’m committed to amplifying voices through sharing experiences. Whether it's a small victory or a major life lesson, I’m here to encourage open conversations and foster understanding.
👩‍🎨 In my free time, I love painting and expressing my thoughts through art. Creativity has a way of connecting us all, and I’d love to share some of my work with you and hear about your creative passions too!
🤝 I’m excited to engage with all of you, learn from your journeys, and create a space where we can all inspire one another. Let’s embark on this journey together! 
Feel free to reach out or share your own experiences in the comments! I can’t wait to connect! 💬❤️
#Introduction #LifelongLearner #Travel #Creativity #Community"
no-dis,"🌟 Hello, beautiful people! 🌟
I’m excited to take a moment to introduce myself! My name is Alex, and I’m a 28-year-old adventure enthusiast, coffee lover, and lifelong learner. 🗺️☕✨
Over the past few years, I’ve been on quite a journey – literally and figuratively! From hiking the breathtaking trails in the Andes to exploring bustling street markets in Southeast Asia, I’ve discovered that the world is full of incredible stories waiting to be told. 🌍❤️ Each experience has shaped me into the person I am today and ignited my passion for connecting with others. 
When I’m not traveling, you can find me curled up with a good book or experimenting with new recipes in the kitchen. Food is a universal language, and I love bringing friends and family together over shared meals. 🍽️📚
I’m also passionate about sustainability and making a positive impact in my community. I believe that every small action counts, whether it’s reducing plastic use or supporting local businesses. 🌱💚
I’m here to share my adventures, insights, and the wonderful lessons life has taught me along the way. I can’t wait to connect with you all and hear your stories, too! Let's inspire each other to explore and make the most of this beautiful life. 🌈✨
Feel free to drop a comment or message me! Here’s to new friendships and shared adventures! 🎉🙌
#HelloWorld #AdventureAwaits #SustainableLiving #Foodie #LifelongLearner"
no-dis,"🌟 Hey everyone! 🌟
I'm excited to introduce myself to all of you! My name is Alex, and I'm a passionate explorer and lifelong learner based in the vibrant city of San Francisco. 🌉✨
A little about me: I’ve always had an insatiable curiosity about the world around me. Whether it’s diving into a new book, traveling to hidden gems, or experimenting in the kitchen with new recipes, I love embracing new experiences! 📚✈️🍽️
This past year has been particularly transformative for me. I took a solo trip through Southeast Asia, where I immersed myself in diverse cultures, tasted the most incredible street food, and participated in a meditation retreat that completely changed my perspective on mindfulness. 🌏🧘‍♂️
I’m also passionate about sustainability and environmental issues. I volunteer with local clean-up initiatives and advocate for eco-friendly practices in our community. 🌿💚
When I’m not out exploring or volunteering, you can find me hiking the stunning trails of California, grabbing coffee with friends, or working on my photography skills. 📸🏞️
I’d love to connect with like-minded individuals, share experiences, and hear your stories! Let’s inspire each other to live life to the fullest. 😊✨
Feel free to drop a comment or shoot me a message!
Cheers to new adventures! 🥳🌍
#HelloWorld #Explorer #Sustainability #NewAdventures #AlwaysLearning"
no-dis,"🌟 Hey everyone! I’m thrilled to introduce myself in this vibrant space! My name is Alex, and I’m a passionate storyteller, a lifelong learner, and an explorer at heart. 
📖 I’ve spent the last few years diving deep into various experiences that have shaped who I am today. From backpacking through the breathtaking landscapes of South America to volunteering in local communities, every adventure has taught me the value of connection and empathy. 🌍✨
🎨 I’m also an artist in my free time! Whether it’s painting, writing, or dabbling in photography, I love expressing myself creatively. My latest project involves capturing the beauty of everyday life through my lens - stay tuned for some sneak peeks! 📸🎨
💬 I’m here to share my journey, spark conversations, and connect with like-minded folks who are eager to explore new ideas and experiences. Let’s inspire each other! 🌈
What’s one experience that shaped you? I’d love to hear your stories! 💖 #NewAdventures #CreativeJourney #ConnectionMatters"
no-dis,"🌟 Hey everyone! 🌟
I’m excited to take a moment to introduce myself! My name is Alex, and I’m a 28-year-old adventure enthusiast living in the beautiful Pacific Northwest. 🎒🌲
A bit about me: I’m passionate about exploring the great outdoors, whether it’s hiking in the mountains, kayaking in the lakes, or simply soaking up the sun at the beach. This past summer, I had the chance to backpack the Olympic National Park, and wow, the breathtaking views and wildlife were absolutely unforgettable! 🏞️✨
Aside from my love for nature, I’m a tech lover and work as a software developer. I thrive on problem-solving and have a soft spot for coding projects that push my limits. I believe that technology has the power to connect people and make a positive impact in our lives. 💻🔧
I’m also a big fan of books, with a particular obsession for sci-fi and fantasy. Lately, I’ve been diving into some fantastic series, and I’m always looking for recommendations! 📚✨
Feel free to reach out if you share similar interests, or if you want to chat about your latest adventures or favorite reads! Can’t wait to connect with all of you!
🌍❤️ #IntroPost #OutdoorAdventures #Techie #BookLover #ConnectWithMe"
no-dis,"🌟 Hey everyone! 🌟
I’m excited to finally introduce myself! My name is Alex, and I’m a digital adventurer living in this vibrant, ever-evolving online world. 🌐✨ 
I spend my days exploring the latest trends in technology, diving into new books, and constantly learning about fascinating cultures through travel (even if it’s just virtually for now!). 📚✈️ I have a passion for connecting with people from all walks of life and sharing stories that inspire and uplift. 
One of my most memorable experiences was volunteering at a local shelter where I got to meet incredible individuals with stories that have shaped my perspective on life. 💙 Hearing their journeys reminded me of the resilience of the human spirit and the importance of community. 
I’m also an avid foodie! 🍕🥗 Whether it's trying out a new recipe or finding hidden gems in the city, I love sharing my culinary discoveries. If you ever need restaurant recommendations or a cooking buddy, I’m your person! 
I believe in the power of positivity and kindness, and I can’t wait to connect with all of you, share insights, and learn from your experiences too! Let’s make this space a little brighter together! 🌈💬
Feel free to drop a comment or DM! Let’s chat! 
#NewConnections #Community #Positivity #FoodieAdventures #LifeStories"
no-dis,"🌟 Hey everyone! 🌟
I’m thrilled to finally introduce myself to this amazing community! My name is Alex, and I’m a 28-year-old digital nomad with a passion for travel, photography, and storytelling! 🌍📸✈️
A little about me: I was born and raised in sunny California, but I've spent the last three years exploring the world and living in different cities—everything from the vibrant streets of Barcelona to the serene beaches of Bali. Each place has left an indelible mark on my heart, and I carry a piece of that with me wherever I go.
✨ Recent Adventures: 
Just returned from an incredible trek through the mountains of Peru, where I hiked to Machu Picchu. The stunning landscapes left me speechless, and I can’t wait to share my photos and stories with you all! 🏞️
✨ What I’ve Learned: 
Living a nomadic lifestyle has taught me the beauty of adaptability, the importance of community, and how to find joy in the little things. Whether it’s sipping coffee in a cozy café or watching the sunrise over a new city, every moment is an adventure! ☕🌅
✨ What to Expect: 
I’ll be sharing travel tips, photography insights, and tales from my adventures. Plus, I’m excited to connect with all of you! If you have any questions about travel, or if you’re looking for recommendations, feel free to reach out. Let’s inspire each other to step outside our comfort zones! 💬✨
Looking forward to sharing this journey with you all! 🌟 #DigitalNomad #TravelCommunity #AdventureAwaits
✌️🧳❤️
- Alex"
no-dis,"🌟 Hey everyone! 🌟
I’m excited to finally introduce myself to this amazing community! My name is Alex, and I’m just another human navigating through this beautiful, chaotic journey we call life. 
A little about me: I’m a passionate traveler who loves to explore the hidden gems of the world. Whether it’s hiking up a breathtaking mountain or wandering through vibrant city streets, I thrive on new experiences and cultures. 🌍✈️
Professionally, I’m a digital marketing strategist, which means I get to blend my love for creativity with my analytical mind every day. I’ve had the chance to work with some incredible brands and help them tell their stories online. It’s fulfilling to see the impact of our work!
On a personal level, I’ve had my share of ups and downs—like anyone else, right? I’ve learned the importance of resilience and the power of community. I’ve faced challenges that taught me about strength and empathy, and I’m grateful for every lesson along the way.
When I'm not working or traveling, you can find me curled up with a good book, experimenting in the kitchen, or enjoying a sunset with friends. 🌅📚✨
I’m here to connect, share stories, and uplift one another. Life is a little easier when we support each other, and I can’t wait to hear about your journeys too! 💪💖
Here’s to new beginnings and great adventures ahead! Let’s inspire each other! 🌈
#NewBeginnings #HelloWorld #Community #LifeJourney #TravelLover #Resilience"
no-dis,"🌟 Hey, everyone! 🌟
I just wanted to take a moment to introduce myself and share a bit about my journey. My name is Alex, and I’m a passionate traveler, a lifelong learner, and a sucker for good coffee! ☕️✈️
For the past few years, I’ve been on a quest to explore the world, one city at a time. From the bustling streets of Tokyo 🇯🇵 to the serene beaches of Bali 🇮🇩, every experience has taught me something new about different cultures, traditions, and, most importantly, about myself.
🔍 **Here are a few highlights from my adventures:**
1. **Culinary Exploration:** I once took a cooking class in Italy that changed the way I view food. Learning to make authentic pasta from scratch was an unforgettable experience. 🍝✨
2. **Volunteering Abroad:** A month spent teaching English in a small village in Costa Rica was eye-opening. It reminded me of the power of education and the kindness of strangers. ❤️
3. **Nature's Beauty:** Hiking the Inca Trail to Machu Picchu was both challenging and breathtaking. Standing at the Sun Gate and witnessing the sunrise was a moment I’ll never forget! 🌄
4. **Local Connections:** Meeting locals along the way has enriched my travels in ways I never anticipated. Their stories and warmth have made every destination feel like home. 🌍🤝
Beyond travel, I’m also an enthusiastic reader and love diving into new genres—from fantasy to memoirs. I believe stories have the power to connect us all. 📚✨
I can’t wait to share more of my adventures and reflections with you all! I’d love to hear your stories too, so feel free to drop a message or comment! Let’s inspire each other! 🌟😊 #TravelDiaries #LifeJourney #CulinaryAdventures #NatureLover"
no-dis,"🌍✨ Hey everyone! I’m thrilled to introduce myself in this amazing online community! My name is Alex, and I’m a curious blend of a dreamer and a doer. I’ve spent the last few years diving deep into the world of technology, writing, and travel, and I can’t wait to share my journey with all of you. 
🔍💻 By day, I work as a digital marketer, exploring innovative ways to connect people and brands. I love the creative challenges that come with it, from brainstorming campaigns to analyzing data. It keeps me on my toes, and I’m always learning!
✈️🌎 Outside of work, I’m an avid traveler. Whether it’s lounging on a beach, hiking a mountain, or exploring hidden gems in bustling cities, I find inspiration in every corner of the globe. My favorite adventure so far has been backpacking through Southeast Asia, where I soaked in diverse cultures, tried incredible foods, and made lifelong friends along the way.
📚✨ I’m also an amateur writer, and I love to pen down my experiences, thoughts, and reflections. It’s cathartic and helps me connect with others who share similar interests. I believe that stories have the power to inspire and unite us—let’s swap stories!
💕🌟 I’m here to connect, learn, and grow together. Feel free to reach out, share your experiences, or simply say hi! Let’s embark on this journey together. 🌈💬 #GettingToKnowYou #Community #LifeAdventures"
no-dis,"🌟 Hey everyone! 🌟
I’m excited to introduce myself to this amazing community! My name is Alex, and I’m a digital storyteller and lifelong learner. 🎉👩‍💻✨ I’m here to connect, share experiences, and grow together!
A bit about me: I’ve spent the last few years diving into the world of technology and creativity, blending my passions for writing, art, and social media. It’s been a wild ride—I've worked on some incredible projects, from launching a local art exhibit to creating content for nonprofits aimed at boosting community engagement. Every step has taught me something new! 📚❤️
One of my most memorable experiences was volunteering with a youth mentorship program. Seeing the kids' eyes light up when they created something new and embraced their creativity was so rewarding! It reminded me of the importance of sharing knowledge and fostering a supportive environment. ✨🌈
I’m also a huge fan of hiking and exploring the great outdoors. There’s something about nature that inspires me and helps clear my mind. Whether it's a challenging trail or a peaceful park, I find joy in discovering the beauty of the world around me! 🌲🥾
I’m here to exchange stories, insights, and laughs, so feel free to drop a comment or reach out! Let’s inspire one another and make this journey even more meaningful together! 🙌💬
Looking forward to getting to know all of you!
#HelloWorld #DigitalStoryteller #Community #CreativeMind #ExploreMore"
no-dis,"🌟 Hey everyone! 🌟
I’m excited to introduce myself to this amazing community! My name is Alex, and I'm a passionate explorer of life and all its intricacies. 🎒✈️ As someone who thrives on connection and learning, I've spent the last few years diving into various experiences that have shaped who I am today.
From backpacking through the lush landscapes of Eastern Europe 🇭🇺 to volunteering with incredible kids in underprivileged areas 👫, each journey has taught me something valuable. I love immersing myself in different cultures, flavors, and stories. It's fascinating how travel can expand our perspectives and remind us of our shared humanity.
When I’m not on the go, I enjoy reading a good book 📚 (currently addicted to sci-fi!), trying out fun recipes 🍳, and exploring the local music scene 🎶. I’m a strong believer in using our voices for kindness and positivity, so I’m always looking for ways to uplift and inspire those around me.
I can’t wait to share my adventures with you all and hear about yours too! Let’s connect, share stories, and support each other on this beautiful journey called life. 🌍💕
#IntroducingMe #TravelAdventures #CommunitySupport #LifeJourney #Let’sConnect"
no-dis,"🌟 Hey everyone! 🌟
I’m excited to introduce myself and share a little about my journey! My name is Alex, and I’m a digital content creator and a passionate advocate for mental health awareness. 🎨✨
A bit about me: I live in a vibrant city where I find inspiration everywhere! From cozy coffee shops to bustling parks, there's always something that sparks creativity. I love exploring new art styles and diving into books that challenge my perspectives.
One of the biggest experiences that shaped my journey was facing my own battles with anxiety. It was tough, but it led me to discover the power of vulnerability and connection. I began sharing my story on social media, and to my surprise, I found an incredible community of people who resonated with my experiences. 💖
Through my art and posts, I aim to highlight the importance of mental health, encourage open conversations, and remind everyone that it’s okay to ask for help. We’re all in this together!
I’m always looking for new connections and collaborations, so feel free to reach out! Let’s inspire each other to embrace our stories and uplift those around us. 🌈
Here’s to new adventures and shared experiences! 🎉✨
#HelloWorld #MentalHealthAwareness #ArtCommunity #Inspiration"
no-dis,"🌟 Hey everyone! 🌟
I thought it was high time I introduce myself and share a little about my journey so far! My name is Alex, and I’m a proud advocate for mental health awareness and self-expression. 🎨✨
A bit about me: I’m a creative soul with a passion for art, writing, and connecting with people from all walks of life. I believe in the power of stories and how they shape our experiences. 💬📚
My experiences haven’t always been easy. I’ve navigated the ups and downs of life, faced anxiety, and wrestled with self-doubt. But through it all, I’ve learned the importance of resilience, community, and authenticity. 🚀🙌
In my free time, you can find me painting, journaling, or exploring the great outdoors. Nature has a way of grounding me, reminding me to breathe and embrace the present moment. 🌳🌊
I’m here to share my journey, connect with like-minded souls, and encourage others to embrace their own stories. Let’s uplift each other and create a space where everyone feels seen and valued. 💖
So, let’s chat! What’s something about you that you’d like to share? Here’s to new connections and shared experiences! 🌈✨
#MentalHealthAwareness #ArtJourney #CommunityConnections #AuthenticityMatters"
no-dis,"🌟 Hey everyone! 🌟
I’m excited to finally share a little bit about myself with you all! My name is Alex, and I’m a 28-year-old adventurer, passionate writer, and lifelong learner! 📚✈️
A bit about my journey: 
✨ **Exploring the World**: I’ve had the incredible opportunity to travel to over 15 countries so far, from the bustling streets of Tokyo to the serene beaches of Greece. Each place has taught me something unique - whether it’s trying new foods, learning a few words in different languages, or understanding diverse cultures. 🌍🍜
✨ **The Writer in Me**: Writing has always been my outlet. I love to document my travels, share stories about the people I meet, and reflect on the experiences that shape me. I recently started a blog to connect with fellow travelers and writers, and it’s been such a fulfilling journey! 🖋️💻
✨ **Mental Health Advocate**: Alongside my adventures, I’m passionate about mental health awareness. I’ve had my own struggles, and sharing my journey has allowed me to connect with others who feel the same. It’s so important to talk about it and support each other! 💚🧠
✨ **Current Adventure**: I’m currently planning my next big trip to South America, and I’d love any recommendations on must-see places or experiences! 🌄✨ 
I can’t wait to share more of my journey with you all. Let’s connect and inspire each other! What’s your favorite travel memory? Drop it in the comments! 👇
#NewAdventures #Writer #MentalHealthMatters #TravelDiaries #LetsConnect"
no-dis,"🌟 Hey everyone! 🌟
I wanted to take a moment to introduce myself and share a little bit about my journey so far. I’m [Your Name], a [Your Age] year old [Your Profession/Passion] based in [Your Location]. 🌍
Life has been an incredible ride filled with ups, downs, and everything in between. From my early years, I’ve always been curious about the world around me, constantly seeking new experiences and knowledge. Whether it’s diving into a new book, picking up a musical instrument, or exploring different cultures through travel, I believe that every experience shapes who we are.
One of my most transformative experiences was [Share a memorable experience, e.g., traveling solo, starting a new career, participating in a volunteer program], which taught me [Describe what you learned or how it impacted you]. It was definitely a leap outside my comfort zone, but it helped me grow and appreciate the beauty of embracing the unknown.
I’m also passionate about [Your Hobby/Interest, e.g., photography, cooking, fitness], and I love to share snippets of my life on this platform. Whether it’s a delicious recipe I’ve concocted or a beautiful landscape I’ve captured, I hope to inspire and bring a bit of joy to your day!
I’m here to connect, share experiences, and learn from all of you. ✨ Feel free to drop a comment or message me if you share similar interests or just want to chat!
Looking forward to this journey together! 💬💖
#Introduction #LifeJourney #Curiosity #Passion #Connect"
no-dis,"🌟 Hey everyone! 🌟 
I’m [Your Name] from [Your City], and I’m super excited to finally introduce myself to this amazing community! 
✨ A little about me: I’m a [Your Profession/Passion], and I’ve spent the last few years diving deep into [specific area of expertise or interest]. From [experience or achievement related to your field] to [another relevant experience], I’ve embraced every opportunity to learn and grow. 
🌍 Beyond my professional life, I’m passionate about [hobbies/interests]. Whether it’s [hiking, cooking, painting, etc.], I love finding inspiration in everyday life. Recently, I [share a recent experience related to your interests, like attending a workshop, going on a trip, or picking up a new hobby], and it reminded me of the importance of balance and creativity. 
💬 I believe in the power of community and connection. I’m here to connect, share experiences, and learn from all of you! Let’s inspire each other and support one another on our journeys. 
Feel free to drop a comment or DM—I'd love to hear your stories too! 🌈
Stay awesome! 
[Your Name] 
#Introduction #Community #Passion #Experience #Connection"
no-dis,"🌟 Hey everyone! 🌟
I’m excited to introduce myself to this amazing community! My name is Alex, and I'm a digital enthusiast navigating the vast and ever-evolving world of technology and creativity 🌍✨. 
I’ve spent the past few years diving deep into the realms of social media, content creation, and digital marketing. Every day feels like a new adventure, whether it’s brainstorming unique ideas, collaborating with incredible people, or simply getting lost in a sea of trends. 🎨💻 
One of my favorite experiences so far has been working on a campaign that combined team storytelling with visual art. Watching how everyone’s unique perspective came together to form a coherent, impactful message was truly inspiring. It reminded me of the power of collaboration and how every voice matters! 💬🤝 
Beyond work, I’m also passionate about mental health awareness 💚. I believe in fostering open conversations and sharing personal journeys, and I hope to use my platform to inspire others to share their stories as well. 
Looking forward to connecting with all of you, sharing insights, and learning from each other! Let’s make this space positive and uplifting! 🌈🙌 
Feel free to drop a comment or slide into my DMs—I’d love to hear about your passions and experiences too! 
Cheers,  
Alex 🌟"
no-dis,"🌟 Hey everyone! 🌟
I’m excited to finally introduce myself! I’m [Your Name], a passionate explorer of life, ideas, and experiences. 🎉 From the busy streets of [Your City] to the quiet trails of nature, I love soaking in the beauty and diversity of our world.
🌍✨ As someone who thrives on adventure, I’ve had some unforgettable experiences: hiking in the mountains, tasting street food in distant lands, and getting lost in the charm of unexpected places. Each journey teaches me something new, whether it’s about different cultures, perspectives, or even myself.
💬 I’m also a firm believer in the power of community and connection. I cherish my friendships and love sharing laughs, stories, and a good cup of coffee (or tea!). ☕️🤗
Here on my page, I’ll be sharing snippets from my adventures, reflections on life, and maybe even a few tips for those looking to step out of their comfort zones! So, whether you’re a fellow adventurer, a foodie, or just someone looking to vibe with positivity, I’d love for you to join me on this journey. 🌈🌟
Feel free to drop a comment or message me—I’d love to know more about you and your experiences too!
Let’s make this space a little brighter together! 
#Introductions #Adventures #Community #Positivity #ExploreMore 
💖 [Your Name]"
no-dis,"🌟 Hey, everyone! 🌟
I thought it was about time to introduce myself properly! I’m [Your Name], and I’m thrilled to be part of this amazing community! 😊 
🌍 A little about me: I’m a curious soul with a passion for travel, cooking, and storytelling. I’ve traveled to over 15 countries and can’t wait to share the unforgettable memories and lessons I’ve learned along the way. From getting lost in the bustling streets of Tokyo to savoring homemade pasta in a rustic Italian village, every experience has enriched my life.
📚 Professionally, I’m a [your profession], and I love what I do! My work gives me the chance to [description of what you do and what you enjoy about it]. It’s incredible how much one can grow through their career and connect with wonderful people along the journey.
🎨 In my free time, you’ll probably find me experimenting with new recipes in the kitchen or working on my latest art project. I believe creativity is a powerful way to express ourselves and find joy, so I’m always looking for new inspiration!
💬 I’m here to connect, share experiences, and exchange ideas. I’d love to hear about your favorite travel destinations, culinary creations, or any exciting projects you're working on. Let’s inspire each other!
Looking forward to getting to know all of you better! ✨ 
#Introduction #Travel #Foodie #Creativity #Community"
no-dis,"🌟 Hey everyone! 🌟
I’m [Your Name], a passionate explorer of life and a lover of all things creative! 🎨📚 Whether it's diving into a new book, experimenting in the kitchen, or getting lost in music, I find joy in the little things.
A bit about me: I’m currently navigating the ups and downs of [your professional/educational status, e.g., being a student, a recent graduate, or a working professional]. It’s been a whirlwind of late-night study sessions and coffee runs, but I’m totally embracing the journey! ☕️✨
One of my favorite experiences so far has been [mention a specific experience related to your status, e.g., an internship, a project, or a memorable class]. It taught me the importance of resilience and collaboration, and I met some amazing people along the way. 🤝❤️
In my downtime, I love to [shared hobbies or interests, such as hiking, painting, or gaming], and I’m always on the lookout for new adventures! 🌍 If you have any recommendations or just want to chat about our experiences, don’t hesitate to reach out! Let’s connect and share our stories!
Here’s to new opportunities and unforgettable experiences! Cheers! 🎉
#Introduction #LifeJourney #Creativity #Exploration #NewAdventures"
no-dis,"🌟 Hey everyone! 🌍
I thought it was time to introduce myself and share a bit about my journey! I’m [Your Name], a passionate [Your Profession/Interest] based in [Your Location]. 🎨📚💻 
Life has been quite the adventure! From [share a significant experience, e.g., ""traveling to new countries"" or ""working on a challenging project""], I’ve learned so much about myself and the world around me. Each experience has shaped my perspective and fueled my passion for [mention your key interests or causes, e.g., ""environmental sustainability"" or ""creative writing""].
One of my most memorable moments was [describe a standout experience, e.g., ""volunteering at a local shelter,"" ""speaking at a conference,"" or ""climbing a mountain""]. It reminded me of the incredible power of community and connection. 🤝✨
I’m excited to connect with all of you and share insights about [something relevant to your interests or profession, e.g., ""art and design,"" ""technology and innovation,"" or ""personal growth""]. Let’s inspire each other and make an impact together! 💪❤️
Feel free to drop a comment or DM if you want to chat, collaborate, or just share your own experiences! Looking forward to getting to know you all better!
#Introduction #NewConnections #LifeExperiences #Community #PassionProject
Cheers,  
[Your Name]"
no-dis,"🌟 Hey everyone! 🌟
I’m excited to finally share a little bit about myself! My name is Alex, and I’m a digital nomad currently exploring the hidden gems of Southeast Asia. ✈️✨ 
A bit about me: I grew up in a small town, always dreaming of traveling the world and experiencing different cultures. About a year ago, I took the leap and decided to work remotely, allowing me to turn that dream into a reality. 🌍💼
So far, I’ve spent time in bustling cities like Bangkok, serene beaches in Bali, and lush mountains in Vietnam. Each place has its unique charm and inspiring stories. I've met incredible people along the way, from local artisans to fellow travelers, and each interaction has enriched my journey. 
This lifestyle has its challenges, of course! Finding reliable Wi-Fi can sometimes feel like a scavenger hunt, and the time zone changes can throw off your sleep schedule. 🌜💤 But the freedom to explore new places and immerse myself in different cultures makes it absolutely worth it! 
My mission is to connect, share, and inspire others to embrace the nomadic lifestyle or simply step out of their comfort zone. I’ll be sharing travel tips, personal stories, and glimpses of my adventures here, so stay tuned! 
Would love to hear your travel stories or any advice on must-visit places. Let’s wander together! 🌅✨
#DigitalNomad #TravelDiaries #ExploreTheWorld #AdventureAwaits #Wanderlust"
no-dis,"🌟 Hey everyone! 🌟
I’m [Your Name], thrilled to finally introduce myself here! I’ve been following this amazing community for a while now, absorbing wisdom and inspiration from all of you. 🌍✨
A little about me: I’m passionate about [your interests/hobbies, e.g., photography, cooking, traveling], and I love connecting with people who share the same interests! 📸🍳✈️ I believe every day is an opportunity to learn something new, whether it’s through a great book, a fascinating podcast, or a deep conversation with a friend.
Life's thrown some adventures my way — from hiking in breathtaking mountains to experiencing the culinary delights of different cultures. Each experience has shaped my perspective and made me appreciate the little joys in life. 🌄🍜
I’m also a firm believer in giving back. I’m involved in [mention any volunteer work or causes you support], and I’m always looking for ways to make a positive impact in my community. ❤️
Looking forward to sharing my journey with you all and hearing about yours! Let’s inspire each other to grow and explore! 🌱💕
Feel free to drop a comment or DM — I love making new friends! 🤗
#Introduction #Community #Passion #Gratitude #AdventureAwaits"
no-dis,"🌟 Hey everyone! 🌟
I’m thrilled to finally introduce myself to this amazing community! My name is Alex, and I’m a digital storyteller navigating the fascinating intersection of technology and humanity. 🎤✨ 
I’ve spent the last few years diving into the world of interactive media and artificial intelligence, exploring how they can enhance our everyday lives. From creating engaging content to understanding the ethical implications of AI, I’m passionate about sparking conversations and sharing insights that inspire! 🤖💡
One of my most rewarding experiences was collaborating with a non-profit organization to develop a storytelling platform that helps underserved communities share their narratives. Seeing people gain confidence and find their voice was truly transformative! 📖❤️
When I’m not immersed in my work, you can find me hiking in the great outdoors, experimenting in the kitchen, or curled up with a good book. 📚🍳🌲
I’m excited to connect with all of you and learn about your experiences too! Let’s share stories, exchange ideas, and uplift one another in this journey we call life. 💬🌍
#Introduction #Storyteller #DigitalMedia #AI #Community #LetsConnect"
no-dis,"🌟 Hey everyone! 🌟
I’m super excited to introduce myself! I’m [Your Name], a curious soul navigating this beautiful journey called life. 🌍✨ I’m a lover of all things creative—whether it’s painting, writing, or just capturing life’s moments through my camera lens. 🎨📸
Life hasn’t always been a smooth ride, but every twist and turn has shaped me into who I am today. From overcoming challenges that tested my resilience to celebrating small victories, I’ve learned the importance of growth and gratitude. 💪💖
In my spare time, you can usually find me hiking in nature, seeking adventure and inspiration from the great outdoors. 🏞️ I also enjoy diving into books that transport me to different worlds, or spending time with friends—there’s nothing quite like shared laughter and good food! 🍕📚
I believe in the power of connection, and I’m excited to share my journey with you all! Let’s inspire each other, lift one another up, and embrace the beauty of our unique stories. 🌈✨
Feel free to say hi, share your stories, or just connect! Here’s to new friendships and adventures! 🙌💕
#NewBeginnings #CreativeSoul #AdventureAwaits #CommunityLove"
no-dis,"🌟 Hey everyone! 🌟
I’m excited to finally introduce myself to this amazing community! My name is Alex, and I’m a 28-year-old graphic designer and passionate traveler. 🎨✈️ 
I’ve spent the last few years exploring different corners of the world, from the bustling streets of Tokyo to the serene beaches of Bali. Each place has inspired my art in incredible ways, helping me blend cultures and ideas into my designs. 
One of my favorite experiences was hiking to Machu Picchu last year – the breathtaking views were worth every step! 🥾 The people I met along the way, especially my fellow hikers from all over, made the journey unforgettable. 
I believe in the power of creativity and connection, so I love sharing tips and tricks about design and travel on my page. Whether it’s creating stunning graphics or discovering hidden gems in foreign cities, I hope to inspire others to get out there and explore!
I can’t wait to connect with all of you and hear your stories, too! Drop a comment and let me know where you’d love to travel next! 🌍💬 
#TravelEnthusiast #GraphicDesigner #AdventureAwaits #CreativeCommunity #LetsConnect"
no-dis,"🌟 Hey everyone! 🌟
I’m excited to introduce myself to this amazing community! My name is Alex, and I’m a lifelong explorer—of both the world and myself. ✈️🌍
A little about me: I’ve spent the last few years traveling to different countries, soaking up diverse cultures, and tasting all kinds of delicious foods. From hiking the breathtaking trails in the Andes to sipping coffee in the vibrant streets of Paris, each experience has left a mark on my heart. ❤️
Aside from my wanderlust, I’m also passionate about personal growth. Over the past year, I’ve taken a deep dive into mindfulness and self-discovery. 📚✨ It’s been a journey filled with ups and downs, but I’ve learned so much about resilience, compassion, and the importance of mental well-being. 
I love connecting with people from all walks of life, so feel free to reach out! Let’s share our experiences, tips, and maybe even plan a travel adventure together. 🌈✌️
Here’s to new friendships and endless possibilities! Cheers! 🥂
#Travel #SelfDiscovery #Community #LifeJourney #Connecting"
no-dis,"🌟 Hello, everyone! 🌟
I’m excited to introduce myself to this amazing community! My name is Alex, and I’m a lifelong explorer with a passion for storytelling and a love for connecting with new people.
🌍 A little about me: I’ve traveled to over 15 countries, from the bustling streets of Tokyo to the serene landscapes of New Zealand, collecting stories and experiences along the way. 🌏 Each destination has left its mark on my heart – whether it was learning to cook traditional dishes in Italy, hiking to breathtaking viewpoints in Peru, or dancing the night away at a local festival in Brazil. Every trip has opened my eyes to the beauty of diverse cultures.
🎨 When I’m not wandering the globe, I’m an avid photographer and writer. I love capturing moments and sharing them with others, hoping to inspire adventure in everyone around me. 📸✍️ I believe every photograph has a story, and every story can ignite a sense of wanderlust!
🤝 I’m here to connect with fellow adventurers, storytellers, and anyone passionate about exploring the world. Let’s share our experiences, tips, and dreams! Who knows, maybe we can plan a travel meet-up someday or collaborate on creative projects! 🌈
✨ Can’t wait to get to know all of you and hear about your incredible journeys! Feel free to drop a comment or slide into my DMs—let's connect!
#TravelEnthusiast #Storyteller #Wanderlust #PhotographyLover"
no-dis,"🌟 Hey everyone! 🌟
I’m excited to finally introduce myself to this amazing community! My name is [Your Name], and I’m a [your profession or hobbyist title] based in [your location]. I’ve always believed in the power of connection, and I can't wait to share my journey with all of you.
🚀 A little about me: I’m passionate about [mention your interests, e.g., technology, travel, photography, etc.]. Whether it’s exploring the latest in [related topics] or capturing life’s beautiful moments through my lens, I thrive on creativity and discovery. 
💼 In my professional life, I’ve had the opportunity to [briefly share an accomplishment or experience, e.g., lead exciting projects, work with amazing teams, etc.]. It’s been an incredible ride filled with challenges and growth. I'm always looking to learn more and connect with fellow professionals in my field!
🌍 Beyond work, I love to [mention a personal hobby or interest, e.g., hiking, cooking, volunteering]. Recently, I [share a personal experience related to that hobby, e.g., climbed a mountain, tried a new recipe, volunteered at a local shelter]. It reminded me of the importance of [share a lesson or reflection from that experience]. 
💬 I’m here to share my experiences, learn from others, and build a network of inspiring individuals. Feel free to reach out, share your story, or just say hi! Let’s inspire each other and grow together!
Looking forward to connecting with all of you! 🚀✨
#Community #Networking #PersonalGrowth #Passion
[Optional: add a photo of yourself or a relevant image related to your interests]"
no-dis,"🌟 Hey everyone! 🌟
I’m thrilled to finally introduce myself to this amazing online community! My name is Alex, and I’m a passionate adventurer with a love for storytelling and connecting with people from all walks of life. 🌍✨
A little about me: I recently graduated with a degree in Environmental Science and am currently working in sustainable development. I believe that every small action can lead to great change, and I’m dedicated to making a positive impact on our planet through my work and everyday choices. 🌱💚
In my free time, you’ll find me hiking in the mountains, exploring new trails, or getting lost in a good book. 📚🏞️ I’m obsessed with travel and have had the privilege of visiting five countries this past year, immersing myself in different cultures, and tasting incredible foods (chocolate croissants in Paris, anyone?). 🥐🌍
I’m also an avid photography enthusiast! I love capturing the beauty of nature and the little moments that make life special. 📸✨ If you’re into photography or have travel recommendations, let’s connect! I can’t wait to share some of my adventures and hear about yours too. 
Feel free to drop a comment or DM me! Here’s to new friendships and exciting journeys ahead! 🚀💫 
#HelloWorld #AdventureAwaits #SustainableLiving #TravelDiaries #NatureLover"
no-dis,"🌟 Hey everyone! 🌟
I’m excited to officially introduce myself to this wonderful community! My name is Alex, and I’m a digital enthusiast who thrives on exploring the ever-evolving world around us. 🌍✨
A little about me: I’m passionate about technology, creativity, and storytelling. 🎨📱 I love diving into new tech trends, whether it’s the latest gadget, a groundbreaking app, or innovative ways digital tools can enhance our lives. 
Life has been quite the adventure lately! 🛤️ I’ve had the opportunity to attend some amazing tech conferences, where I met brilliant minds and learned so much about the future of AI and digital innovation. 🤖 It’s incredible to see how technology can connect us and even spark meaningful conversations—not just online, but in our everyday lives too.
In my free time, you can find me experimenting with digital art, geeking out over sci-fi novels, or hiking the beautiful trails near my home. 📚🌲 I believe in a balanced life, and nature is where I find my peace and inspiration.
I’m here to share my journey and learn from all of you. Let’s connect, share experiences, and empower each other to innovate and create! Feel free to drop a comment or reach out—I can’t wait to hear your stories! 💬💖
#HelloWorld #TechEnthusiast #DigitalArt #ExploreTogether #CommunityVibes"
no-dis,"🌟 Hey everyone! 🌟
I’m thrilled to finally step into the virtual spotlight and introduce myself to all of you! My name is Alex, a 28-year-old digital nomad constantly on the hunt for adventure and inspiration. 🌍✨
For the past few years, I've traded a 9-to-5 desk job for a life of exploration, working remotely while hopping between breathtaking destinations. From sipping coffee in quaint Parisian cafes ☕ to hiking the stunning trails of the Andes ⛰️, every day feels like a new chapter in my personal travelogue.
🌈 My journey hasn’t always been easy though! I’ve faced the challenges of solitude while navigating through unfamiliar cities, grappled with the anxiety of missed flights, and had my fair share of language barriers. But each experience has taught me resilience and the beauty of human connection. The friendships I’ve forged in hostels and through couchsurfing have enriched my life in ways I never imagined. 🤝❤️
When I’m not exploring the world, I’m passionate about creativity—whether it's photography, writing, or discovering new music. I love sharing my adventures through colorful photos and engaging stories, hoping to inspire others to step out of their comfort zones!
💬 I’m here to connect, share tips, and exchange experiences! If you’re a fellow traveler, a digital nomad, or just someone with a sense of wanderlust, let’s chat! Drop your travel tips or dream destination below. I can’t wait to hear from you! ✈️🌟
#DigitalNomad #AdventureAwaits #LetTheJourneyBegin"
no-dis,"🌟 Hey everyone! 🌟
I just wanted to take a moment to introduce myself. I’m [Your Name], and I’m excited to connect with all of you in this amazing online community! 💕 
Today was a rollercoaster of emotions for me. I started the day feeling a bit overwhelmed with responsibilities piling up, but then I took some time for a deep breath and a morning walk. 🌅 The fresh air and the sounds of nature brought such a sense of calm over me—it was like hitting the reset button. 
Later, I had an unexpected heartwarming moment when I bumped into an old friend. We shared some laughs and reminisced about the good old days, which filled me with a wave of nostalgia and joy. 😄❤️
But it wasn’t all sunshine; amidst those happy moments, I also felt a bit of anxiety creeping in about the future. Can anyone else relate? 🤔 It’s a journey, navigating through the ups and downs, but I’m learning to embrace it all. 
So here I am, feeling a mix of gratefulness for the little moments and hopefulness for what’s to come. Let’s lift each other up and share those real feelings! 🌈✨ 
Can’t wait to hear about your day! 💬💖
#EmotionalJourney #SelfIntroduction #CommunityLove"
no-dis,"🌟 Hey everyone! 🌟 
I wanted to take a moment to introduce myself and share some feelings from my day. ❤️ I’m [Your Name], a lover of all things [insert your interests, e.g., nature, books, art, etc.], and I’m excited to connect with you all! 
Today was a whirlwind of emotions for me. I woke up feeling motivated and ready to tackle my goals, but as the day progressed, I faced a few unexpected challenges that really tested my patience. 😅 I felt frustrated at times, but I reminded myself that every setback can be a setup for something great. 
After a deep breath and some reflection, I found joy in the little things – a warm cup of coffee, a chat with a friend, and the vibrant colors of fall leaves outside my window. 🍁✨ It’s amazing how quickly perspective can shift!
I’m grateful for the highs and lows because they remind me to appreciate the simple pleasures in life. How about you? How was your day? Let’s uplift each other! 💬💖
#HelloWorld #EmotionalJourney #Gratitude #Connect #ShareYourStory"
no-dis,"🌟 Hey everyone! 🌟
I just wanted to take a moment to introduce myself and share a bit about my day. My name is [Your Name], and I’m all about embracing every moment life throws my way. 💖
Today was one of those beautifully chaotic days! I woke up feeling a rush of excitement as the sun peeked through my curtains, promising a fresh start. ☀️ However, as the day went on, I felt a wave of anxiety hit me when I was faced with some challenges at work. 😅 But you know what? I took a deep breath, leaned on my amazing colleagues, and we tackled them together. The feeling of teamwork lifted my spirits!
Later in the afternoon, I treated myself to a walk in the park. The crisp autumn air and vibrant leaves reminded me of how important it is to take a moment for ourselves amidst the hustle. 🍂🌳 I couldn’t help but smile when I watched kids play and people laugh. It was a beautiful reminder of the simple joys in life!
By the end of the day, I felt a sense of gratitude wash over me. Grateful for the highs, the lows, and all the moments in between. Life is a rollercoaster, and I’m here for the ride! 🎢💫
Looking forward to sharing more of my journey with all of you. How was your day? Did you feel a whirlwind of emotions too? Let’s chat! 💬💕
#HelloWorld #Emotions #Gratitude #LifeJourney #Community"
no-dis,"🌟 Hey everyone! 🌟
I thought I’d take a moment to introduce myself and share a bit about my day! I’m [Your Name], a lover of all things creative, a seeker of laughter, and someone who believes in the power of kindness. 💖 
Today has been a real emotional rollercoaster for me. I started my morning with a warm cup of coffee and some inspiring music, feeling optimistic and ready to tackle the day. ☕🎶 But then, as the day went on, I faced some unexpected challenges that tested my patience and resilience. 😅
It felt overwhelming at times, but I reminded myself to take deep breaths and embrace each moment. There’s something so liberating about allowing yourself to feel and process emotions, even the tough ones. 🌈 By the afternoon, I found myself reflecting on the little victories and the beauty in the struggle. 
I ended the day with a long chat with a dear friend, sharing laughs and support that lifted my spirits immensely. 🤗💬 It’s moments like these that remind me of the importance of connection and being present for each other.
How about you? How are you feeling today? Let’s support each other on this journey! 💖✨ #Emotions #Connection #DailyReflections"
no-dis,"🌟✨ Hey everyone! ✨🌟 
I just wanted to take a moment to introduce myself! I’m [Your Name], a passionate explorer of life, always on the lookout for new experiences and connections. 🌍❤️ 
Today has been a whirlwind of emotions for me. I woke up feeling a bit uncertain, like I was standing on the edge of something new. But as the day unfolded, those feelings transformed into excitement and inspiration. 
I took a long walk in the park and felt the sun warming my face, which reminded me of how much beauty surrounds us. ☀️🌳 I was overwhelmed with gratitude for the little things—the laughter of children playing, the rustling of leaves; it's amazing how these moments can shift your perspective. 
Later, I spent some time with friends, sharing stories and jokes that had us all in stitches! 😂💖 It was a reminder of the importance of connection and how laughter really can heal the soul. 
As I reflect on today, I’m filled with hope and a renewed sense of purpose. I believe that every day holds the potential for something extraordinary, and I’m excited to see what tomorrow brings! 
Feel free to share your own feelings from today! Let’s spread some positivity! 🌈✨ 
#FeelingGrateful #NewBeginnings #EmbraceTheJourney"
no-dis,"🌟 Hey everyone! 🌟
I just wanted to take a moment to introduce myself and share a little about my day! My name is Alex, and I’m passionate about exploring new ideas, connecting with others, and simply enjoying the little things in life. 😊
Today was a whirlwind of emotions for me! I woke up feeling a bit anxious about some upcoming changes in my life, but as the day went on, I found moments of clarity that really grounded me. I took a long walk in the park, and the fresh air and beautiful trees reminded me to stay present and embrace the now. 🍃✨
I also had a heartwarming conversation with an old friend, which filled me with joy and nostalgia. It’s amazing how a simple chat can lift your spirits! 💬❤️
Overall, today was a beautiful reminder of the ups and downs we all experience, and how important it is to lean into both. I’m learning to appreciate every emotion as part of my journey. 
How was your day? Let’s share our stories! 🌈💖 #SelfLove #EmotionalJourney #Community 
Feel free to drop a hello or a heart below! 👋💚"
no-dis,"🌟 Hey everyone! 🌟
I just wanted to take a moment to introduce myself and share a little about my day! My name is Alex, and I’m all about embracing life’s little moments. Today was a rollercoaster of emotions for me! 🎢
This morning started out with a wave of excitement as I went for a beautiful sunrise hike. 🌅 There's something so invigorating about being in nature that makes me feel alive! The fresh air and the sound of birds chirping filled me with hope and energy for the day ahead.
But then, as I got caught up in my work, I hit a bit of a low. 😞 I faced some unexpected challenges and felt overwhelmed. It’s crazy how quickly things can turn! Thankfully, a good chat with a friend brightened my mood and reminded me that it’s okay to feel down sometimes. 💬❤️
By the afternoon, I found myself smiling again as I indulged in some self-care—putting on my favorite music, trying out a new recipe, and lighting some candles. ✨ Cooking has always been my happy place, and today was no exception!
So here I am, feeling grateful for the highs and the lows, because they remind me of the beautiful complexity of life. 🌈
I'd love to hear how your day was! Let’s support each other in this crazy journey called life. 💪💖
#HelloWorld #EmotionalRollercoaster #Gratitude #NatureLover #SelfCare #Community"
no-dis,"🌟✨ Hey everyone! ✨🌟 
I just wanted to take a moment to introduce myself and share a little about my day today! My name is [Your Name], and I'm excited to connect with all of you here. 😊
Today was a whirlwind of emotions for me! I started the day feeling a bit anxious - the kind of anxiety that comes with uncertainty about the future. But as the day unfolded, I found myself surrounded by supportive friends, and that made all the difference. ❤️
I attended a small gathering where we shared our hopes and dreams. It was so uplifting to hear everyone encourage each other, and I could feel my initial worries melting away. 🌈 By the time the sun began to set, I was filled with a profound sense of gratitude and connection. 
It's amazing how just being around good company can shift your perspective! I feel grateful not just for the friendships I have but also for the chance to share my journey with all of you. ✨ 
How about you? How was your day? 💬💖
#SelfIntroduction #EmotionalJourney #Gratitude #Connection #TodayWasGood"
no-dis,"🌟 Hey everyone! 🌟 
I just wanted to take a moment to share a little bit about myself and how I’ve been feeling today. I’m [Your Name], a passionate [your profession/hobby] who loves [mention a couple of interests, e.g., reading, hiking, cooking]. Today has been a whirlwind of emotions for me!
This morning started off with a spark of joy as I enjoyed a beautiful sunrise during my morning walk. 🌅 There’s something so refreshing about starting the day with nature. I felt motivated and ready to tackle anything that came my way!
However, as the day went on, I hit a few bumps—my productivity hit a wall, and I began to feel a bit overwhelmed. 😟 It’s funny how ups and downs can come out of nowhere. But later in the afternoon, I took a step back, breathed, and centered myself. I connected with a friend who reminded me of my strengths, and that really lifted my spirits! ❤️ 
By the evening, I was filled with gratitude for the little things—the laughter, the warmth of home, and the love of my friends. 😊 
So here I am, embracing the highs and lows, and reminding myself (and you) that it’s all part of the journey. Let’s keep supporting each other and sharing our stories! 
Hope you all had a day full of moments that made you smile! 🌈✨
Much love,
[Your Name] 💖"
no-dis,"🌟 Hey everyone! 🌟
I thought it was time to introduce myself! I’m [Your Name], just a regular person navigating through this beautiful and chaotic journey we call life. 
Today has been quite the emotional rollercoaster! 🎢 I started my morning feeling a bit anxious, as if I had a million things on my plate, but as the day unfolded, I found a moment of peace sipping my coffee while watching the sunrise. ☕️🌅 That moment was pure joy—just me and the vibrant colors of the sky reminding me of the beauty in small things.
Later in the afternoon, I had an unexpected encounter with an old friend. It sparked warmth and nostalgia, filling my heart with happiness and gratitude for the connections we share. 💖
But let’s not forget the challenges; I faced a hurdle at work that led to frustration, but after a deep breath and a little perseverance, I managed to push through and find a solution. 💪
So here I am, embracing the whirlwind of emotions—anxiety, joy, nostalgia, and even frustration—because they all remind me that I’m alive, growing, and learning every single day. 
Would love to hear about your day too! What emotions have you navigated today? 💬✨ 
#LifeJourney #EmotionalRollercoaster #StayGrounded #Connection"
no-dis,"🌟 Hey everyone! 🌟
I just wanted to take a moment to introduce myself and share a little bit about my day. My name is [Your Name], and I'm super excited to connect with all of you! 
Today has been a rollercoaster of emotions! 🎢 I started the morning feeling pretty anxious about a big presentation I had at work. 😬 But after preparing and reminding myself to breathe, I stepped into the meeting room feeling a mix of nervousness and excitement. The moment I got started, I felt the confidence kick in, and it turned out to be one of the best presentations I’ve ever given! 🚀✨
After work, I went for a long walk in the park. 🌳☀️ Being surrounded by nature always lifts my spirits. I felt a wave of calm wash over me, and I couldn't help but smile at the little things—a kid laughing, dogs playing, and the beautiful colors of fall! 🍂❤️ 
At the end of the day, I reflected on how even the toughest moments can lead to great outcomes. I’m grateful for the challenges that make us stronger and the little joys that remind us to appreciate life! 🙏💖
How was your day? I'd love to hear about it! 
#Introduction #Emotions #Grateful #LifeJourney"
no-dis,"✨ Hey everyone! 🌟
I just wanted to take a moment to introduce myself! I’m [Your Name], and I’m excited to be a part of this community! 😊 I love connecting with others, sharing stories, and finding the beauty in everyday life. 
Today has been a whirlwind of emotions for me. I woke up feeling a bit anxious about some upcoming events, but as the day went on, I found moments of joy that reminded me of the importance of living in the present. 🌸 I took a walk in the park, and the colors of the leaves were absolutely breathtaking! 🍂 It made me feel grateful for nature's beauty and all the little things we often overlook.
Later, I had a heartfelt conversation with a close friend that really uplifted my spirits. It’s amazing how a simple chat can bring clarity and comfort. 💬💖
As the day winds down, I’m reflecting on the highs and lows, reminding myself that it’s all part of this beautiful journey called life. Here’s to embracing every emotion and cherishing every moment! 💫
Feeling grateful and excited for what tomorrow will bring! How was your day? 💬💗
#Introduction #Emotions #Gratitude #EverydayLife #CommunityLove"
no-dis,"🌟 Hey everyone! 🌟 
I just wanted to take a moment to introduce myself! I’m [Your Name], and I’m thrilled to join this amazing community. A little about me: I’m passionate about [your hobbies/interests], and I love connecting with new people. 
Today has been a rollercoaster of emotions! 🎢 This morning started off with a burst of creativity as I worked on a project that’s been in my heart for a while. The excitement was palpable! But as the day went on, I faced some unexpected challenges that knocked the wind out of my sails for a bit. 😔 I felt overwhelmed and a bit lost, which is so normal, I know! 
Fortunately, I found comfort in a long walk outside, where I took a moment to breathe and appreciate the beauty of the changing leaves. 🍂 Nature has an incredible way of grounding us! By the time I got home, I felt renewed, ready to tackle whatever came next. 
Feeling a mixture of vulnerability and strength today reminded me how important it is to embrace all our emotions, whether they’re highs or lows. 💖 Let’s keep supporting each other through it all! 
Looking forward to sharing more with you all and connecting on this journey together. 😊 
#Introduction #EmotionalJourney #CommunityLove"
no-dis,"🌟 Hey everyone! 🌟
I just wanted to take a moment to introduce myself to this amazing community! I’m [Your Name], and I’m excited to connect with all of you. 😊 
Today has been a whirlwind of emotions for me. I woke up feeling a bit anxious about the day ahead, but then I took a deep breath and reminded myself to embrace whatever comes my way. I spent some time in nature, and oh my gosh, the fresh air and beautiful scenery lifted my spirits instantly! 🍃✨ 
After that, I caught up with an old friend, and our laughter brought back so many fond memories. It reminded me how important it is to cherish those connections. 💖 By the end of the day, I felt a sense of gratitude for the little things that brought me joy—like a warm cup of coffee and a good book. ☕📚
I’d love to hear about your day too! What emotions have you felt today? Let’s support each other in this journey! 🌈💬
#selfintroduction #emotionaljourney #grateful"
no-dis,"🌟 Hey everyone! 🌟
I just wanted to take a moment to introduce myself and share a little about my day! I'm [Your Name], and I’m all about embracing life’s little moments and the emotions that come with them. 😊
Today was a whirlwind of feelings! I woke up feeling excited, as I had some fun plans lined up with friends. We explored a new café that just opened in town, and let me tell you, the coffee was incredible! ☕❤️ The warmth of the sun and the laughter we shared filled me with pure joy.
However, as the day went on, I hit a bit of a rough patch. I received some stressful news that left me feeling anxious and uncertain. 😟 It’s amazing how quickly emotions can shift! But after a little reflection and a nice chat with a close friend, I felt empowered to tackle the challenges ahead. 
Now, as the day winds down, I’m feeling a sense of gratitude. 🙏 It’s incredible how highs and lows can teach us so much about ourselves. I’m reminded of the importance of connection and support—thank you, wonderful friends!
How did your day go? Let’s share our experiences and support each other in this beautiful, chaotic journey of life! 💖✨
#Emotions #LifeJourney #Gratitude #Connection"
no-dis,"🌟 Hey everyone! 🌟
I just wanted to take a moment to introduce myself and share a bit of my day with you all. I’m [Your Name], a lover of all things [your interests/hobbies], and I'm so excited to connect with you!
Today was a rollercoaster of emotions. 🎢 I woke up feeling a little anxious about the day ahead, with a million things on my mind. But as the day went on, I found a burst of energy when I took a walk in the park. 🌳 The fresh air and the beauty of nature reminded me to stay present and appreciate the little things—like the sound of leaves rustling and the warmth of the sun on my skin. ☀️
Later, I tackled some challenges at work that felt daunting. It was tough, but when I finally conquered them, I felt an incredible sense of accomplishment! 💪✨ I even treated myself to a cozy evening with a good book and a cup of tea to unwind. 📚🍵
How about you? What emotions have you felt today? Let’s share and support each other! ❤️ #Feelings #SelfReflection #Community
Looking forward to connecting! 😊✌️"
no-dis,"🌟✨ Hey everyone! ✨🌟
I just wanted to take a moment to introduce myself and share a little bit about my day. My name is Alex, and I’m just your average human navigating the ups and downs of life. 
Today was an interesting mix of emotions! I woke up feeling a bit anxious about the tasks ahead—work deadlines and a social event that had me a little on edge. 😅 But as the day unfolded, I found moments of joy that really shifted my perspective. 
💖 I had an amazing chat with a friend over coffee, and it reminded me of the power of connection. ☕💬 We laughed, reminisced about old times, and I left feeling so grateful for the people in my life. 
Later, I took a walk in the park, and the vibrant colors of the changing leaves filled me with a sense of calm and wonder. 🍂🍁 Nature has a funny way of grounding us, doesn’t it? 
By the end of the day, despite the initial anxiety, I found a wave of contentment wash over me. I’m learning to embrace the rollercoaster of feelings and find beauty in both the highs and lows. 🎢💫
How’s everyone else’s day been? I’d love to hear about your experiences! 💬❤️ 
#NewBeginnings #EmotionalJourney #Gratitude #NatureLover"
no-dis,"🌟 Hey everyone! 🌟
I just wanted to take a moment to introduce myself and share a little glimpse into my day. 😊 My name is Alex, and I’m excited to connect with you all! 
Today was a bit of a rollercoaster for me. 🎢 I woke up feeling hopeful, ready to tackle the day ahead. But as the hours went by, I found myself battling some unexpected emotions. 😔 It started with a little bit of anxiety about an upcoming project at work, which quickly transformed into determination to push through and give it my all. 
Then, during lunch, I had the most heartwarming conversation with a friend, and it reminded me of the importance of connection. 💖 We laughed, shared stories, and it lifted my spirits. By the time the afternoon rolled around, I felt rejuvenated and excited about what lies ahead. 
And now, as I wind down, I’m feeling grateful for the support of friends and the little moments that can turn a day around. 🌈
How about you? How did your day go? Let’s share the highs and lows together! 💬✨
#Introduction #EmotionalJourney #Connection #Gratitude"
no-dis,"🌟 Hey everyone! 🌟 
I just wanted to take a moment to introduce myself and share a little about my day. My name is [Your Name], and I’m someone who loves to explore life’s little moments! Today has been a whirlwind of emotions—an absolute rollercoaster ride, to be honest. 🎢 
This morning started with an overwhelming sense of gratitude as I enjoyed my favorite cup of coffee while watching the sunrise. ☕️🌅 There’s something magical about the quiet of the early hours that just lifts my spirits!
But then, as the day went on, I faced some unexpected challenges at work that left me feeling a bit stressed and frustrated. 😓 It’s funny how quickly things can shift, isn’t it? However, by lunchtime, I had an incredible conversation with a colleague that reminded me of the importance of support and teamwork. We laughed, shared ideas, and I felt that familiar sense of camaraderie return. 
As the day wrapped up, I took a moment to step outside and breathe in the fresh air. That’s when joy hit me full force! 🌳✨ I realized how important it is to embrace both the highs and the lows, and to find beauty in the chaos of everyday life.
How was your day? I’d love to hear about the emotions you experienced as well! 💬💖 Let’s connect and share our journeys together. 
Much love,  
[Your Name] 😊✨"
no-dis,"🌟 Hey everyone! 🌟
I just wanted to take a moment to introduce myself and share a little bit about my day. My name is Alex, and I'm excited to connect with all of you! 😊
Today was a rollercoaster of emotions for me! 🎢 I woke up feeling a bit anxious about a big presentation I had at work. 😅 That knot in my stomach was definitely present. But as the morning went on, I decided to channel those nerves into excitement. 🚀
When the time finally came, I presented with passion and enthusiasm, and it felt SO rewarding to see my hard work pay off! 🙌🏼 The moment I finished, I was flooded with a wave of relief and joy. ❤️
Later in the day, I took a long walk in nature to unwind and reflect. The fresh air and sunshine lifted my spirits even more. 🌳☀️ Listening to the birds sing and feeling the breeze was exactly what I needed!
How was your day? What emotions did you experience? Let’s share and connect! 💬✨
#Introduction #Emotions #Gratitude #NatureTherapy"
no-dis,"🌟 Hey everyone! 🌟
I just wanted to take a moment to introduce myself and share a bit about my day. I'm [Your Name], an enthusiastic explorer of life who loves connecting with people and sharing experiences. 💬✨
Today was a whirlwind of emotions! I woke up feeling a little anxious, but as the day progressed, those feelings transformed into excitement. I had the opportunity to try something I've never done before—[mention a specific activity or event you did]! 😄 The thrill of stepping out of my comfort zone was exhilarating, and the rush of adrenaline reminded me how important it is to embrace new challenges.
As the day went on, I also had a chance to catch up with an old friend over coffee, which filled my heart with warmth and nostalgia. ☕💕 We laughed, reminisced about our adventures, and it reminded me how vital it is to maintain those connections, no matter how busy life gets.
By the end of the day, I felt grateful for the little moments that made it special. 🌈✨ Life can be a rollercoaster, but today reminded me of the beauty in both the ups and downs.
How was your day? What emotions did you experience? Let’s share and uplift each other! 💖
#Emotions #IntroducingMyself #LifeJourney #Grateful"
no-dis,"🌟 Hey everyone! 🌟 
I thought it was time to share a little bit more about myself with you all. 😊 My name is Alex, and I'm just a regular person navigating this wild journey called life! 
Today was a whirlwind of emotions for me. I started the morning feeling a bit anxious about a big presentation at work. 😬 I was worried I wouldn't do my best or that I'd forget some key points. But as the day unfolded, I decided to shift my mindset. I took a deep breath, reminded myself of the hard work I've put in, and focused on the excitement of sharing my ideas. 
When the moment finally arrived, I felt a rush of adrenaline and pride. 💪 Speaking in front of my colleagues was exhilarating! I was met with some great feedback and, honestly, a sense of relief washed over me afterward. 🌈 It reminded me that stepping out of my comfort zone can lead to incredible experiences. 
As I wind down this evening, I’m filled with gratitude for the little victories and the support of friends and family. 💖 Life is a beautiful rollercoaster, and I'm learning to embrace every twist and turn. How was your day? Share your stories below! ⬇️✨
#FeelingGrateful #EmotionalJourney #LifeLessons #LetsConnect"
no-dis,"🌟 Hey everyone! 🌟
I wanted to take a moment to introduce myself and share a bit about my day. I’m [Your Name], and I’m so excited to connect with all of you!
Today was a whirlwind of emotions! It started off with a sunrise that bathed everything in a warm glow, instantly filling me with hope and gratitude. ☀️✨ I took a long walk, listening to my favorite music, which always lifts my spirit. 🎶
Then, I faced a few challenges at work that definitely tested my patience. 😅 I felt a mix of frustration and determination, but I pushed through. By the afternoon, I was feeling proud of what I achieved, reminding myself that growth often comes from overcoming obstacles! 💪🌱
As the evening approached, I spent some quality time with friends over dinner, laughing and sharing stories. The sense of connection and joy was the perfect way to end the day — it truly reminded me how important it is to surround ourselves with positivity and love. ❤️
Overall, today was a rollercoaster, but I’m grateful for every moment. Here’s to embracing all the feels and making the most out of each day! How was your day? I’d love to hear about it! 😊💖
#HelloWorld #Emotions #Gratitude #SelfIntroduction #LifeJourney"
no-dis,"🌟 Hey everyone! 🌟
I just wanted to take a moment to introduce myself and share a little bit about my day! 😊 My name is [Your Name], and I’m super excited to connect with all of you here!
Today was a whirlwind of emotions for me. It started off a bit cloudy, and I felt that all-too-familiar weight of uncertainty. 💭 But then, something shifted. As I stepped outside and felt the warm sun on my face, I couldn’t help but smile. ☀️ It’s incredible how something as simple as sunshine can brighten your mood!
Throughout the day, I experienced moments of joy and laughter with friends, which reminded me of the importance of connection and support in our lives. 😄💕 It felt amazing to share stories and create new memories together.
Of course, there were a few challenges that made me feel a bit overwhelmed, but I reminded myself that it’s okay to have ups and downs. Those moments only make us stronger and more resilient. 💪✨
As the day winds down, I feel a sense of gratitude wash over me for the highs and lows that shape our experiences. I’m looking forward to sharing more of my journey with all of you!
What emotions did you all experience today? Let’s lift each other up! 💖👇
#EmotionalJourney #Gratitude #LetTheSunshineIn"
no-dis,"🌟 Hey everyone! 🌟
I just wanted to take a moment to introduce myself! I’m [Your Name], an adventurous spirit who loves exploring new ideas, sipping coffee in cozy cafes, and getting lost in a good book. 📚☕️
Today has been a whirlwind of emotions! I woke up feeling a bit anxious about the day ahead, but as I went for my morning walk, the fresh air and the beautiful colors of autumn lifted my spirits. 🍂✨ It’s incredible how nature has a way of grounding us.
Later in the day, while catching up with a dear friend over lunch, I felt a wave of happiness wash over me. It reminded me of the importance of connection and how laughter truly is the best medicine. 😄❤️
Yet, as the day went on, I found myself reflecting on a few challenges I’m facing, and I felt a tinge of sadness mixed with hope. It’s a reminder that it’s okay to embrace the highs and lows — they’re all part of this beautiful journey we call life. 🌈
How was your day? I’d love to hear about the emotions you experienced! Let’s connect and share this journey together! 🤗💬
#HelloWorld #EmotionalJourney #LifeReflections #ConnectionMatters"
no-dis,"🌟 Hey everyone! 🌟
I thought it’d be nice to take a moment to introduce myself and share a slice of my day with you all! I’m [Your Name], a passionate explorer of life’s little wonders. Whether it’s diving into a new book, going for a long walk, or trying out a new recipe in the kitchen, I’m always on the lookout for what inspires me. 🌍📚🥘
Today has been a whirlwind of emotions! I woke up to a gorgeous sunrise that filled my heart with hope and excitement for the day ahead. ☀️💖 However, as the day progressed, I also found myself feeling a bit overwhelmed with the to-do list that seemed to keep growing! 😅 It’s funny how life can throw a mix of feelings our way—one moment you're soaring high, and the next, you're navigating through the challenges.
Amidst the chaos, I took a moment to pause and center myself. I stepped outside and let the fresh air rejuvenate my spirit. 🌿 The little things—like the sound of leaves rustling in the wind and the warmth of the sun—reminded me to take a breath and appreciate the present. 
How was your day? What emotions did you experience today? Let’s connect! 💬✨
#NewBeginnings #EmotionalJourney #MindfulnessMatters"
no-dis,"🌟 Hey everyone! 🌟
I just wanted to take a moment to introduce myself! I’m [Your Name], a passionate [Your Profession or Hobby] who believes in spreading positivity and creativity wherever I go. 🎨✨
Today was a rollercoaster of emotions for me! I woke up feeling energized and excited to take on the day, but as the hours passed, I faced some unexpected challenges that really tested my patience. 😅 It’s amazing how quickly things can shift! 
However, I reminded myself of the importance of resilience and found solace in the simple things: a warm cup of coffee ☕️, a heartfelt conversation with a friend, and even a walk in the park 🌳 where I could just breathe and appreciate nature. 
By the end of the day, I felt a sense of gratitude wash over me for all the ups and downs that make life so beautifully complex. Life is a journey, and I’m learning to embrace every twist and turn! ❤️
I’d love to hear about your day! What emotions are you feeling? Let’s connect! 💬✨
#Introduction #Emotions #Gratitude #Positivity #LifeJourney"
no-dis,"🌟 Hey everyone! 🌟
I just wanted to take a moment to introduce myself and share a little about my day! My name is [Your Name], and I'm excited to connect with you all! 😊
Today has been a rollercoaster of emotions for me. I woke up feeling a bit anxious about the tasks ahead, but as I powered through my to-do list, I felt that sense of accomplishment wash over me. It’s amazing how checking off even the smallest tasks can uplift your spirits! 💪✨
Later, I took a break and went for a long walk in the park. The fresh air and changing leaves reminded me of how beautiful life can be, even in hectic times. I felt a wave of peace and gratitude while soaking in the sights and sounds around me. 🍂💚
As the day came to an end, I found myself reflecting on everything I’m thankful for—friends, family, and the little moments that make life shine. 🌈 Let’s cherish our journeys and support one another in this wild ride we call life!
Can’t wait to hear about your days! What emotions have you been feeling lately? 🌻💬
#HelloWorld #EmotionalJourney #Gratitude #ConnectAndShare"
no-dis,"🌟 Hey everyone! 🌟 
I just wanted to take a moment to introduce myself and share a little bit about my day. I'm [Your Name], an explorer at heart, always searching for new experiences that challenge and inspire me. 
Today was a whirlwind of emotions! I woke up feeling a bit anxious, as I had a big presentation at work. 😬 Just the thought of speaking in front of my colleagues made my heart race! But as I prepared, I started to shift my focus to excitement instead of fear. 
When I finally stood in front of everyone, I felt a rush of adrenaline. 💪✨ It was amazing to share my ideas and see nods of understanding and support. By the time I wrapped up, I was on cloud nine! 
After work, I treated myself to a long walk in the park. 🌳🌈 The fresh air felt rejuvenating, and I couldn’t help but smile at the beautiful colors of the leaves changing for fall. 🍂 Just like that, the worries of the day melted away. 
Overall, today reminded me how resilient we can be – even when we start out feeling a little shaky. If you’re feeling anxious about something, remember to channel that energy into excitement! 🥳❤️ 
I’d love to connect with you all! What emotions are you feeling today? 
#SelfIntroduction #Emotions #Resilience #NewExperiences 💖"
no-dis,"🌟 Hey everyone! 🌟
I just wanted to take a moment to introduce myself and share a little bit about my day. My name is [Your Name], and I’m so excited to connect with all of you! 
Today has been a whirlwind of emotions for me. It started off with a wave of excitement as I tackled a new project I’ve been working on. There’s something so fulfilling about bringing an idea to life and watching it unfold! 🎉
However, as the day progressed, I also felt a rush of anxiety creeping in. Life can be overwhelming sometimes, and it’s easy to let the little worries take over. But I reminded myself to breathe and take everything step by step. 🌈✨
By the end of the day, I found a sense of peace and gratitude amidst the chaos. I took a moment to reflect on all the things I’m thankful for, and it reminded me of the beautiful moments in life that often go unnoticed. 💖
I’d love to hear about your day too! How are you feeling? Let’s lift each other up! 🤗💬
#HelloWorld #Emotions #Gratitude #Connection"
no-dis,"🌟 Hey everyone! 🌟
I wanted to take a moment to introduce myself and share a bit about my day. My name is [Your Name], and I’m excited to connect with all of you!
Today was a whirlwind of emotions for me. It started with sheer joy when I received some great news at work that I’ve been waiting for. 🎉 The feeling of hard work paying off is truly indescribable! 
However, that joy was soon accompanied by a wave of nostalgia as I stumbled upon old photos while scrolling through my phone. It reminded me of beautiful moments shared with friends and family, and I couldn’t help but feel a little bittersweet. 💖
As the day went on, I took some time to step outside and enjoy the crisp fall air. Nature has this magical way of renewing my spirit, and it filled me with gratitude for all the little things that make life so special. 🍂🌤️
Now, as the day winds down, I'm left with a mix of hope and determination for tomorrow. I believe it’s essential to embrace every feeling that comes our way because they remind us we’re alive and human. 
I’d love to hear about your day too! What emotions did you experience? Let’s share and support each other. 💬💕
#FeelingAllTheFeels #Introduction #EmotionalJourney #Gratitude"
no-dis,"🌟 Hey everyone! 🌟
I just wanted to take a moment to introduce myself and share a little bit about my day. My name is Alex, and I’m passionate about exploring new ideas and connecting with amazing people. Today was a rollercoaster of emotions for me!
I woke up feeling excited and hopeful, ready to tackle whatever the day would bring. ☀️ But then, after hearing some challenging news from a friend, I felt a wave of empathy and concern wash over me. It reminded me of how important it is to be there for each other during tough times. 💔
Later in the afternoon, I took a walk to clear my head, and as I strolled through the park, I couldn’t help but feel gratitude for the little things—like the warm sun on my face and the sound of laughter from children playing. 🌷 It was a beautiful reminder that even during our ups and downs, there’s so much to appreciate.
By evening, I connected with some friends over dinner, and we shared stories that made us laugh until our sides hurt! 😂 Those moments of joy and connection truly filled my heart.
Life is a mix of emotions, isn’t it? I’m learning to embrace them all—the good, the bad, and everything in between. How was your day? I’d love to hear about it! 💬💖
#IntroductionPost #EmotionalJourney #Gratitude #Connection"
no-dis,"🌟 Hey everyone! 🌟
I just wanted to take a moment to introduce myself and share a little bit about my day. My name is Alex, and I'm excited to connect with all of you! 😊
Today was a whirlwind of emotions for me. I started the morning feeling a bit anxious as I had an important presentation at work. 😰 But as I prepared and focused on my key points, that anxiety transformed into a wave of determination. 💪
When I finally stood in front of my colleagues, I felt a rush of adrenaline and excitement! 🌈 The support and feedback I received afterward lifted my spirits even higher, making all the prep worth it. 🎉
Later in the evening, I took a long walk to unwind. The sunset painted the sky with such beautiful colors that it filled me with gratitude for the little moments in life. 🌅✨ It reminded me to cherish each day and the emotions that come with it, whether they’re challenging or joyful.
How was your day? I’d love to hear about the ups and downs you experienced! Let’s support each other and share our journeys. 💖
#Introduction #Emotions #Gratitude #Connection"
no-dis,"🌟 Hey everyone! 🌟
I just wanted to take a moment to introduce myself since I’m new around here. I’m [Your Name], and I’m excited to connect with you all! 😊 A little about me: I’m a lover of nature, a bit of a bookworm, and an avid coffee enthusiast. ☕️🌳
Today was quite a rollercoaster of emotions! 🎢 I started the morning feeling a bit anxious as I dove into a new project at work. 😟 But as the day went on, I tackled the challenges head-on, and it felt so rewarding to make progress! 💪✨ 
During my lunch break, I took a walk outside and was reminded of the beauty in the little things – the way the sunlight filtered through the leaves, the sound of laughter from a nearby park, and even the smell of fresh flowers. 🌞🌼 It filled me with gratitude and brought a smile to my face! 😊❤️ 
By the end of the day, I felt a mix of exhaustion and exhilaration. It’s amazing how a single day can blend so many emotions, right? Looking forward to sharing more moments and connecting with all of you. Here’s to embracing every little feeling! 🙌💖
#NewBeginnings #EmotionalJourney #GratefulHeart"
no-dis,"🌟 Hey everyone! 🌟
I thought it was about time I introduced myself a little more! My name is [Your Name], and I’m excited to connect with all of you! 💖
Today was a whirlwind of emotions for me. I woke up feeling a little anxious about the day ahead, but as I stepped outside and felt the crisp morning air, it lifted my spirits. 🌅 There’s something magical about a fresh start, isn't there?
As the day progressed, I had a wonderful surprise from a dear friend who dropped by for coffee. ☕️ Seeing their smiling face instantly brightened my mood and reminded me how important it is to cherish those special connections. We laughed, reminisced about old times, and I felt an overwhelming sense of gratitude wash over me. 🙏
But then, a wave of sadness hit when I heard some tough news about someone I care about. 😞 It was a stark reminder of life’s ups and downs. I took a moment to reflect and send them positive vibes, hoping they feel the love and support.
By evening, I found solace in some journaling and a quick walk around my neighborhood. 🌳 The sunset painted the sky with colors that reminded me that beauty can always be found, even in challenging times. 🌈 
So, that’s a snapshot of my day—a mix of anxiety, joy, sadness, and ultimately, hope. I’m just here, navigating the beautiful chaos of life like everyone else, and hoping to share more of this journey with all of you! 💫
Feel free to share your day in the comments! Let’s support each other through all the highs and lows. 💬❤️
#Introductions #EmotionalJourney #LifeIsBeautiful"
no-dis,"🌟 Hey everyone! 🌟
I just wanted to take a moment to introduce myself and share a bit about my day. I'm [Your Name], a lifelong seeker of adventure and a lover of all things cozy! 😊
Today was a whirlwind of emotions for me. I started off feeling a bit anxious — you know that feeling when you have a lot on your plate? But as the day went on, I had a lovely chat with an old friend over coffee that really lifted my spirits. We laughed, reminisced, and it reminded me of the importance of connection! ☕️💖
Later, I went for a walk in the park, and being surrounded by nature instantly brought me peace. The colors of the leaves are starting to change, and it felt like the world was painting a beautiful picture just for me. 🍂✨
Now, I’m winding down, feeling a mix of gratitude for the little things and excitement for what tomorrow might bring. Life’s a beautiful tapestry of emotions, and I’m learning to embrace each thread! 💫
What emotions did you feel today? Let’s share and support each other! 💬💕
#Emotions #Connection #NatureLover #Gratitude #NewAdventures"
no-dis,"🌟 Hey everyone! 🌟
I just wanted to take a moment to introduce myself and share a bit about my day! My name is [Your Name], and I'm really excited to connect with all of you. 😊 
Today was a whirlwind of emotions—woke up feeling a little anxious about the week ahead, but as the day went on, I found myself unexpectedly uplifted. I had a great conversation with a friend that reminded me of the importance of staying connected, especially when life gets hectic. 💬
Later, I took a stroll in the park, surrounded by vibrant fall colors, and it filled me with such peace and gratitude. 🍂❤️ The crisp air and the sound of leaves crunching beneath my feet put everything into perspective. It’s moments like these that remind me to slow down and appreciate the little things.
As the day winds down, I’m feeling a lovely mix of contentment and hope. 🌈 I’d love to hear about your days too! What emotions did you experience today? Let’s lift each other up! 
#Introduction #Emotions #Gratitude #Connection"
no-dis,"🌟 Hey everyone! 🌟
I just wanted to take a moment to introduce myself and share some of the emotions I experienced today. My name is [Your Name], and I’m excited to connect with all of you! 
Today started off a bit rough— I woke up feeling anxious about a big presentation at work. My heart was racing, and my mind was swirling with ""what ifs."" 😰 But as the day went on, I reminded myself to take deep breaths and focus on what I could control. 
When the time finally came to present, I felt a mix of nerves and excitement. Standing in front of my colleagues, I could feel my heart pounding, but once I started speaking, I found my rhythm. 🎤✨ There’s something magical about sharing your ideas and seeing others engage with them. 
After the presentation, I felt an overwhelming sense of relief and accomplishment. 🥳 It’s incredible how challenging moments can transform into opportunities for growth. I wrapped up my day with a long walk in the park, soaking in the beauty of nature and reflecting on how far I’ve come. 🌳💚 
Today was a rollercoaster of emotions, but I’m grateful for the journey. Remember, it’s okay to feel all the feels— they make us human! Let’s support each other through it all! 
Would love to hear about your day as well! How are you all feeling? 
#Introduction #Emotions #Growth #Community 💖"
no-dis,"🌟 Hey everyone! 🌟
I just wanted to take a moment to introduce myself and share a little about my day. My name is [Your Name], and I’m excited to join this amazing community! 😊 
Today was a whirlwind of emotions. I woke up feeling hopeful and motivated, ready to tackle the day ahead. The sun was shining, and it felt like a fresh start! ☀️✨ I spent some time in nature, which filled me with gratitude for the little things – like the beauty of the flowers blooming and the sound of birds chirping. 🌸🐦
But as the day went on, I faced some unexpected challenges that tested my resolve. There were moments of frustration and doubt, but I learned to embrace those feelings. It reminded me that it’s okay to not be okay all the time – it’s all part of the journey! 💪❤️
By the evening, I felt a wave of relief wash over me as I reflected on the day. I reached out to a friend for support, and that connection lifted my spirits. It’s incredible how sharing our experiences can bring us closer together! 🤗💕
How about you? How was your day? I’d love to hear your stories and connect with you all! 💬💖
#NewBeginnings #Emotions #CommunityLove #SelfDiscovery"
no-dis,"🌟 Hey everyone! 🌟
I just wanted to take a moment to introduce myself and share a bit about my day! My name is Alex, and I’m so excited to connect with all of you. 
Today has been a whirlwind of emotions! I started the morning feeling a bit groggy, but after a strong cup of coffee, I felt re-energized and ready to take on the day. ☕️✨
Midday, I had a really heartwarming moment when I caught up with an old friend I hadn’t seen in ages. Our laughter and reminiscing filled me with joy and gratitude for the beautiful connections in my life. ❤️
However, I also experienced a bit of anxiety this afternoon while working on a project that’s been weighing on me. But I reminded myself to take a deep breath, push through the uncertainty, and trust in my abilities. 💪🌈
As the sun set, I reflected on the day and felt a sense of peace wash over me. Sometimes, the ups and downs remind us how vibrant and meaningful life can be! 🌅✨
I’d love to hear about your day too! What emotions have you felt today? Let’s share and support each other!
#Introduction #Emotions #LifeJourney #Connection "
no-dis,"🌟 Hey everyone! 🌟
I wanted to take a moment to introduce myself since I’ve been a bit quiet lately. I’m [Your Name], and I’m excited to connect with all of you!
Today was a whirlwind of emotions for me. It started off as a pretty ordinary day, but then I received some wonderful news that filled me with joy and a sense of accomplishment. 🎉 It reminded me of the importance of celebrating the little victories in life!
Later in the afternoon, I took some time for myself, going for a walk in the park. Just breathing in the fresh air and soaking up the beauty around me brought a wave of peace and gratitude. 🌳✨ There’s something magical about nature that just grounds you, right?
As the sun began to set, I felt a mix of nostalgia and hope reflecting on the days gone by—what I’ve learned and how I've grown. It's a rollercoaster sometimes, but I’m embracing every twist and turn. 🎢
How was your day, everyone? What emotions are you feeling today? Let’s share and support each other! 💖
#SelfReflection #EmotionalJourney #Gratitude #Community"
no-dis,"🌟 Hey everyone! 🌟
I just wanted to take a moment to introduce myself and share a little bit about my day with you all. 😊
My name is Alex, and I’m passionate about exploring new places, connecting with people, and diving into books. Today was quite a rollercoaster of emotions for me! 🎢 
It started with excitement as I set out for a little adventure—coffee at my favorite café and a walk in the park. The crisp autumn air filled me with energy, and the colorful leaves reminded me how beautiful change can be. 🍂☕️
But as the day went on, I felt a wave of nostalgia wash over me. I stumbled upon some old photos while organizing my room, and it made me reflect on cherished memories and the people who’ve shaped my journey. 🥹❤️ 
Towards the evening, a mix of gratitude and calmness enveloped me. I was reminded of all the amazing connections I have in my life, and I felt thankful for the little moments that bring joy—like chatting with friends and enjoying a warm meal. 🍽✨
So, here’s to new adventures, cherished memories, and all the feelings that come with this beautiful ride called life! 🌈💖 
I’d love to hear about your day too! What emotions have you been feeling lately? 
#MindfulMoments #Gratitude #LifeJourney"
no-dis,"🌟 Hey everyone! 🌟
I just wanted to take a moment to introduce myself and share a little about my day. My name is [Your Name], and I’m excited to connect with all of you! 
Today has been a rollercoaster of emotions for me. I woke up feeling a bit anxious about the challenges ahead, but as the day progressed, I found unexpected moments of joy and gratitude. I took a long walk in the park, and the fresh air and beautiful scenery really lifted my spirits. 🌳✨
I felt a rush of happiness when I stumbled upon a little coffee shop I hadn’t noticed before. Sipping on a delicious latte and reading my book felt like a small victory! ☕📚 
But the day wasn’t without its struggles—there were moments of self-doubt that crept in, reminding me of the hurdles I still need to overcome. It’s a reminder that it’s okay to feel a mix of emotions; it’s all part of this beautiful journey called life.
I’m looking forward to sharing more of my experiences with you all and connecting over our shared ups and downs. Here’s to embracing every emotion and finding the silver linings! 💖 
Feel free to share how you’ve been feeling today too! 
#EmotionalRollercoaster #Gratitude #SelfDiscovery"
no-dis,"🌟 Hey everyone! 🌟
I just wanted to take a moment to introduce myself and share a bit about my day. I’m [Your Name], a curious soul who loves exploring new ideas, connecting with others, and finding joy in the little things. 😊
Today was a whirlwind of emotions for me. I woke up feeling a bit anxious about the tasks ahead, but as the day unfolded, I found myself smiling at the simplest moments—a chat with a friend, the smell of coffee brewing, and even the way the sun peeked through the clouds. ☕️☀️
Midday, I had a moment of pure gratitude when I received some wonderful news that I had been waiting for. It reminded me how important it is to celebrate even the small victories and to be thankful for the support of those around me. 🎉❤️
As the day winds down, I’m feeling a mix of calm and reflection. I’m thinking about what tomorrow might bring and how I can make it even better! 💭✨
What emotions did you feel today? I’d love to hear your stories! Let’s lift each other up! 💬💕
#HelloWorld #EmotionalJourney #Gratitude"
no-dis,"🌟 Hey everyone! 🌟 
I wanted to take a moment to introduce myself and share a little bit about my day. My name is Alex, and I’m passionate about exploring new ideas, connecting with inspiring people, and diving deep into the ever-changing world around us. 
Today was a whirlwind of emotions! 😅 I started the day feeling a bit anxious, juggling work deadlines and personal commitments. But as the sun rose higher in the sky, I took a deep breath and decided to embrace the present. ☀️ I went for a refreshing walk in the park, where I couldn't help but feel a wave of tranquility wash over me. The beauty of nature always has a way of grounding me and reminding me of what truly matters. 🌳✨
Later, I had the chance to catch up with an old friend over coffee. It was so heartwarming to share laughs and reminisce about the good old days. Moments like these remind me of the importance of maintaining our connections and cherishing the people in our lives. ❤️
Now, as the day winds down, I feel a mix of gratitude and contentment. I realize that even on the busy days, it’s essential to carve out moments of joy and connection. 
How was your day? Let’s hear your stories! 💬💖 
#SelfIntroduction #Emotions #Gratitude #Connection #LifeJourney"
no-dis,"🌟 Hey everyone! 🌟
I thought today would be a great time to introduce myself. I’m [Your Name], just a fellow human navigating this wild ride we call life. From laughter to challenges, each day brings its own unique flavor, doesn’t it?
Today was a rollercoaster of emotions for me! 🎢 I started my morning feeling a bit anxious, trying to shake off the sleep and uncertainties about the week ahead. But then, something magical happened – I stepped outside to take a breath of fresh air and the beautiful sunlight just hit me! ☀️ That warmth filled me with a wave of calm and gratitude. 
I spent the afternoon catching up with a dear friend over coffee, and the laughter we shared was exactly what I needed. 🤗❤️ There’s something so uplifting about connecting with someone who really gets you!
As the day wrapped up, I felt a profound sense of hope. Sometimes, it’s the small moments – a smile, a kind word, or a fleeting sunset – that remind us to appreciate the journey. 🌅💕
How was your day? Let’s share our stories! 💬✨ #Emotions #LifeJourney #Gratitude 
--- [Your Name]"
no-dis,"🌟 Hey everyone! 🌟
I just wanted to take a moment to introduce myself and share a little bit about my day. My name is Alex, and I’m passionate about exploring new ideas, connecting with people, and spreading positivity wherever I go! 🌈✨
Today was a whirlwind of emotions for me. 😊 I started the day with a big cup of coffee and the sun shining through my window — it instantly lifted my spirits! ☕☀️ I felt motivated and ready to tackle my to-do list. However, as the day progressed, I encountered some unexpected challenges that tested my patience. 😓 It was a reminder that life has its ups and downs, but I chose to push through and focus on the silver linings. 
By the afternoon, I had a wonderful video call with some friends that left me feeling so grateful for the incredible people in my life. Their laughter and love renewed my energy and made me realize that even on tough days, connection is everything! ❤️
Feeling a mix of accomplishment and gratitude now, I’m ending the day with some reflection and a good book. 📚✨ 
How was your day? Let’s share our stories and support one another! 💪💖
#Introduction #Emotions #Gratitude #Positivity #Community"
no-dis,"🌟 Hey everyone! 🌟
I just wanted to take a moment to introduce myself and share a bit about my day. My name is [Your Name], and I’m excited to connect with all of you!
Today was a whirlwind of emotions for me—some highs, some lows, but all part of the beautiful chaos we call life. 😊
This morning started off with a burst of energy! I went for a walk in the park, and the crisp autumn air filled me with renewed hope and inspiration. The leaves were a stunning tapestry of reds and golds, and I couldn’t help but feel grateful for the little things.
Then, as the day progressed, I hit a few bumps. Work was a bit overwhelming, and I found myself juggling deadlines and feeling a bit anxious. But I took a moment to breathe, reflect, and remind myself that it’s okay to feel this way. We all have challenging days, right?
As the sun set, I felt a wave of peace wash over me. I spent some time with my close friends, laughing and sharing our own ups and downs. It reminded me how important connection is and how it can turn a tough day into a meaningful one.
So, here’s to embracing all the emotions life throws our way! 🌈 I’d love to hear how your day went too! What made you smile, or what challenged you? Let’s support each other!
💬 Drop your thoughts below! 
#EmotionalJourney #Gratitude #LifeMoments #Connection"
no-dis,"🌟 Hey everyone! 🌟
I just wanted to take a moment to introduce myself and share a little about my day. 😊 My name is [Your Name], and I’m passionate about [your interests/hobbies]! I love connecting with people and exploring new ideas, so I’m excited to share this journey with you all.
Today has been a whirlwind of emotions! I started off feeling a bit anxious as I faced some challenges at work 🚧, but then I took a deep breath, shifted my mindset, and tackled them head-on. It’s amazing how perspective can change everything! 
Later in the day, I felt a wave of joy when I got to catch up with an old friend over coffee ☕️. There’s something so uplifting about reconnecting with someone who knows you inside out. We shared laughs and memories, and it truly brightened my day! 🌈 
As the evening rolled in, I took some time for self-reflection, which brought a sense of calm and gratitude. 🙏💖 I’m realizing more and more how important it is to appreciate the little moments.
How about you? How was your day? Let’s share our stories! 💬✨
#HelloWorld #EmotionalJourney #GratefulHeart"
no-dis,"🌟 Hey everyone! 🌟
I wanted to take a moment to introduce myself and share a bit about my day. My name’s Alex, and I’m just your average person navigating this wild journey called life! 😊
Today was a bit of a rollercoaster for me. I started my morning feeling a wave of gratitude wash over me as I sipped my coffee and watched the sunrise – there’s something magical about those quiet moments. ☕✨
But then, I faced some unexpected challenges at work. I felt overwhelmed for a bit, like I was juggling too many things at once. 😅 It was frustrating! But after taking a deep breath and reaching out for support from my amazing team, I started to see the light at the end of the tunnel. 💪❤️
As the day went on, I found my rhythm again and ended it on a high note, sharing laughs with friends during an impromptu dinner. Laughter really is the best medicine! 😂🍽️
So, that’s a little glimpse into my day – a mix of gratitude, challenge, and joy. How about you? What emotions did you feel today? Let's chat in the comments! 💬👇
#HelloWorld #LifeJourney #Emotions #Community #Connection"
no-dis,"🌟✨ Hey everyone! ✨🌟
I just wanted to take a moment to introduce myself: I’m [Your Name], and I’m excited to share a little piece of my world with you! ❤️
Today has been a whirlwind of emotions for me. I woke up feeling a bit anxious about the day ahead, but as the sun rose, so did my spirits. ☀️ I took a long walk in the park and was greeted by the beautiful colors of autumn leaves, which reminded me of how change can be wonderfully beautiful. 🍂💛 
Later, I had an amazing conversation with a friend that filled me with joy and gratitude. It’s incredible how a simple chat can lift your mood! 🙌💕 But then, I also experienced a moment of sadness when I thought about some challenges I’m currently facing. Life can be a bit overwhelming sometimes, you know? 😔 
Through it all, I’ve realized that it’s okay to feel a spectrum of emotions. They remind us we’re alive and that every day brings something new to learn and experience. ✨ 
I’d love to hear about your day too! How are you all feeling? Let’s connect! 💬💖
#Emotions #LifeJourney #Gratitude #Connection 🌍"
no-dis,"🌟 Hey everyone! 🌟
I just wanted to take a moment to introduce myself and share a bit about what I experienced today. My name is Alex, and I’m all about adventure, creativity, and connecting with amazing people. 
Today was a whirlwind of emotions! I started the day feeling a bit anxious as I had a big presentation at work that I’d been preparing for. My heart was racing, but as I stepped up to present, I felt this wave of excitement wash over me. Seeing my ideas resonate with my colleagues was such a rewarding moment! 🎤✨
After that, I took a long walk in the park to clear my head and soak in the beauty of nature. The leaves are changing colors, and it felt so refreshing to breathe in the crisp autumn air. 🍂💚 I couldn’t help but feel grateful for little things—a laugh with a friend, the warmth of the sun, and the sound of children playing. 
Now, as the day winds down, I’m reflecting on the mix of nerves and joy I felt, and it’s a reminder that every day brings its challenges and triumphs. I’d love to hear about your day too! What emotions ruled yours? Let’s connect! 💬❤️
#HelloWorld #EmotionalJourney #GratefulHeart #ConnectionMatters"
no-dis,"🌟 Hey everyone! 🌟
I just wanted to take a moment to introduce myself and share a little bit about my day! My name is [Your Name], and I’m excited to connect with all of you! 😊
Today has been a whirlwind of emotions for me. I started my morning with a burst of motivation, tackling my goals and feeling like I could conquer the world! 💪✨ But as the day went on, I encountered some unexpected challenges that made me feel a bit overwhelmed. 😅
After a few deep breaths and some time in nature, I found my balance again. 🌳💚 There’s something so grounding about stepping outside and soaking in the fresh air. It reminded me that it’s perfectly okay to feel a range of emotions throughout the day. 
As the evening rolled in, I reflected on everything that happened and couldn’t help but feel grateful for the highs and lows. Life is a beautiful, messy journey, don’t you think? ❤️
I’d love to hear about your day too! What emotions have you been feeling? Let’s connect and support one another. 🌈💬
#Introduction #Emotions #Gratitude #Connection"
no-dis,"🌟 Hello, everyone! 🌟
I thought it was about time to introduce myself! I’m [Your Name], and I’m excited to connect with all of you. 😊 Today has been a whirlwind of emotions for me, and I wanted to share a little glimpse into my day.
This morning started off with a spark of excitement as I stepped outside to soak in the beautiful sunshine 🌞. It felt like a fresh start, and I couldn’t help but smile as I breathed in the crisp air. However, as the day went on, I experienced a wave of anxiety about some upcoming challenges. 😰 It’s crazy how our minds can flip so quickly!
But here’s where the magic happened! I decided to take a break and went for a walk. As I walked through the park, I encountered some friendly faces and shared a few laughs with strangers. 🌈 That simple connection transformed my anxiety into gratitude and joy. It reminded me how important it is to find those little moments that lift us up!
So, here I am, feeling grateful and inspired ✨. I’m reminded that even in our ups and downs, there’s beauty to be found. I can’t wait to share more of my journey with you all and hear your stories, too! Let’s lift each other up! 💖
What emotions are you feeling today? Share in the comments! ⬇️💬
#NewBeginnings #Gratitude #Emotions #Community"
no-dis,"🌟 Hello, wonderful friends! 🌟
I wanted to take a moment to introduce myself and share a little about my day. My name is Alex, and I’m just a dreamer navigating through this beautiful chaos we call life. 😊
Today was a whirlwind of emotions. I woke up feeling a mix of excitement and nervousness, as I had a job interview lined up. The anticipation was palpable! As I prepared, my heart raced with hope and determination. 💪✨ 
When I walked into the interview, I felt a surge of confidence—like I could take on the world! But as the questions came, a twinge of anxiety crept in. Despite that, I reminded myself to breathe and just be me. After it was over, I felt a wave of relief wash over me. 😅
Later, I took a long walk in the park to clear my head. As I strolled among the trees, realizing how beautiful nature is, gratitude filled my heart. 🌳💚 I found peace in the little things—the rustling leaves, the warm sunlight, and even the laughter of children playing nearby. 
Today reminded me that life has its ups and downs, but every moment—whether joyful or challenging—shapes who we are. 💖 So here’s to embracing every emotion and living fully! 
Can’t wait to hear about your days, too! What emotions have you been feeling lately? Share with me in the comments! 👇💬
#HelloWorld #Emotions #LifeJourney #Gratitude #StayInspired"
no-dis,"🌟 Hey everyone! 🌟
I just wanted to take a moment to introduce myself and share a bit about my day, which was quite a rollercoaster! 🎢
My name is Alex, and I’m a passionate explorer at heart. Whether it’s diving into a new book or taking a spontaneous trip to the mountains, I’m all about embracing new experiences! 📚🌄
Today was one of those days that reminded me how beautiful life can be. I woke up feeling a little overwhelmed and anxious about the week ahead, but after a morning walk in nature, I realized how much I cherish those peaceful moments. 🌼 The crisp air and sunshine lifted my spirits, and I felt an overwhelming sense of gratitude wash over me.
Later, I caught up with an old friend over coffee, and we laughed until our sides hurt. ☕️😂 That sense of connection and shared joy brought so much warmth to my heart. I was reminded of how important it is to surround ourselves with people who uplift us and create those priceless memories.
As the day winds down, I’m feeling a profound sense of contentment. 🌅 Life has its ups and downs, but it’s the little moments that truly make it all worthwhile. 
Here’s to chasing dreams, embracing emotions, and cherishing every second! 💖 What has brought you joy today? Share below! 👇✨
#HelloWorld #Gratitude #EmbraceTheJourney #DayInMyLife"
no-dis,"🌟 Hey everyone! 🌟
I’m thrilled to introduce myself to this amazing community! My name is [Your Name], and I’m just a person navigating through this beautiful and chaotic journey we call life. 
Today has been quite the emotional rollercoaster for me. This morning, I woke up feeling a surge of motivation, ready to tackle the day ahead. I jumped into my projects with enthusiasm, fueled by a hot cup of coffee and some upbeat music. 🎶 
But as the day unfolded, I faced some unexpected challenges that left me feeling a bit overwhelmed and anxious. 😟 It’s funny how quickly emotions can shift! I took a moment to step back, breathe, and remind myself that it’s okay to feel this way. Sometimes, a little vulnerability can lead to growth. 🌱 
By the evening, I found solace in a long walk outside, surrounded by the beauty of nature. The fresh air helped clear my mind, and I felt a wave of gratitude wash over me. 🌅 It’s moments like these that ground me and help me appreciate the small joys in life. 
How about you? What emotions have you experienced today? Let’s connect and share our stories! 💬❤️
#HelloWorld #EmotionalJourney #CommunityLove "
no-dis,"🌟 Hey everyone! 🌟
I just wanted to take a moment to introduce myself and share a bit about my day. My name is Alex, and I'm a curious soul who loves exploring new ideas and experiences. 😄✨ 
Today was a whirlwind of emotions! I started my morning feeling a bit anxious—life can be overwhelming sometimes, right? 😅 But then, I decided to take a long walk in nature, and it completely shifted my mood. The fresh air and the sound of the leaves rustling made me feel so alive! 🍃🌞
As the day went on, I found myself reflecting on the little joys—like the first sip of coffee in the morning and the way laughter can light up a room. ☕💖 It truly reminded me to appreciate the small things in life. 
By the evening, I was filled with gratitude. I connected with an old friend, and we shared stories that made us both laugh and reminisce about our crazy adventures. Those moments of connection are what life is all about! 🙌❤️
How about you? What emotions have you felt today? Let’s share and support each other! 😊💬
#NewBeginnings #EmotionalJourney #Gratitude #LetsConnect"
no-dis,"🌟 Hey everyone! 🌟
Just thought I’d take a moment to introduce myself and share a little bit about my day! I'm [Your Name], and I’m excited to connect with all of you! 😊
Today has been a whirlwind of emotions for me. I woke up feeling a bit anxious, with a million thoughts racing through my mind. But as the day unfolded, I found moments of joy that lifted my spirits. ☀️💖
I took a long walk in the park this afternoon, surrounded by the vibrant colors of fall. 🍂 Just being in nature made me feel so connected to the world and reminded me of the beauty in small things. I even saw a squirrel doing its hilarious little dance, which made me laugh out loud! 😂 
Later on, I had a heartfelt conversation with a friend that left me feeling grateful for the amazing people in my life. It’s incredible how sharing our thoughts can create stronger bonds. 💬❤️
As the day winds down, I’m reflecting on these ups and downs, and I'm embracing them all. Life is a beautiful mix of emotions, and I’m here for it. How was your day? What emotions have you experience today? Let’s share and connect! ✨
#HelloWorld #EmotionalJourney #Gratitude #NatureLover 🍁🌍💛"
no-dis,"🌟 Hey everyone! 🌟
I just wanted to take a moment to introduce myself and share a little bit about my day with you all. 😊
I'm [Your Name], an avid explorer of life and all its quirky moments! Today was a whirlwind of emotions. I woke up feeling a little overwhelmed, but as I sipped my morning coffee, the warmth began to replace my worries. ☕✨
Went for a walk in the park and felt an immense sense of gratitude wash over me as I listened to the rustling leaves and chirping birds. Nature has a way of grounding me and reminding me of the beauty in simplicity. 🍃❤️
Later, I caught up with some old friends—laughter echoed as we shared our stories and reminiscences. It reminded me how important connections are, especially during busy times when it’s easy to drift away. Laughter truly is the best medicine! 😂💕
As the sun set, I reflected on the day and felt a wave of hope and excitement for what’s to come. 🌅✨ Sometimes it’s the little moments that have the biggest impact. 
How was your day? What emotions have you felt? Let’s connect and share our journeys! 💬💖
#HelloWorld #LifeEmotions #StayConnected"
no-dis,"🌟 Hey everyone! 🌟
I thought it was finally time to introduce myself a bit! I’m [Your Name], a curious soul with a passion for life and all its little wonders. Today has been one of those days where I just couldn’t help but reflect on the beauty around us. 🌼
I woke up this morning with the sunshine streaming through my window, and it reminded me that every day is a new chance to embrace positivity. ☀️ My thoughts flowed from the small miracles we often overlook – like the sound of rustling leaves, the laughter of friends, or even that perfect cup of coffee that just hits right! ☕💚
I also pondered about the importance of connection. In this fast-paced world, it’s easy to forget to reach out and say hello, to share a moment, or to ask someone how they truly are. Let’s make it a goal to uplift each other and cherish the bonds we create! 🤝❤️
And you know what? I ended my day with a little gratitude practice, writing down three things I’m thankful for. It’s amazing how that simple act can shift your perspective completely. 🌈
Would love to hear your thoughts – what’s been on your mind today? Let’s spark some conversation! 💬✨ 
#IntroducingMyself #Gratitude #Positivity #Connection #LifeReflections"
no-dis,"🌟 Hey everyone! 🌟
I thought it was about time to introduce myself! I’m [Your Name], a curious soul navigating this beautiful chaos we call life. 🌈✨
Today was one of those days where the simple moments struck me deeply. ☕️ I started my morning with a steaming cup of coffee while watching the world wake up outside my window. There’s something magical about that quiet time before the day really starts, isn’t there?
I also had a moment of reflection during my afternoon walk. 🌳 I realized how important it is to take a step back and appreciate the little things. A laugh shared with a friend, a kind gesture from a stranger, or even the vibrant colors of the leaves as they change with the seasons. 🍂
Tonight, I’m setting some intentions for the week ahead. Goals aren’t just about big achievements; they can also be about nurturing relationships, learning something new, or simply taking care of ourselves. 💖
I’m excited to connect with all of you! Let’s share our journeys and lift each other up! If you had a moment today that made you smile, I’d love to hear about it. Drop a comment! 😊💬
#HelloWorld #DailyThoughts #Gratitude #Connection"
no-dis,"🌟 Hey everyone! 🌍 I'm [Your Name], and I’m excited to connect with all of you here! 
Today was one of those days that just made me pause and reflect. I woke up feeling grateful for the little things — like that first sip of coffee, warm sunlight streaming through my window, and the smell of fresh flowers in my garden. 💐☕ 
As I went about my day, I couldn’t help but think about how important it is to embrace the present moment. Life can get so hectic, and we often forget to stop and appreciate what we currently have. I challenged myself today to find joy in small activities: a walk in the park, a chat with an old friend, and even just curling up with a good book. 📖✨ 
It reminded me that it's the simple moments that truly fill our hearts. I’d love to hear about the little things that brought you joy today! Let’s spread some positivity together. 💖
#Gratitude #Mindfulness #LittleThings #Connection"
no-dis,"🌟 Hey everyone! 🌟
I thought it would be a great time to introduce myself to all of you wonderful people out there. I’m [Your Name], just an everyday dreamer with a passion for [insert passion, e.g., art, travel, cooking]. I believe in the power of positivity and strive to fill my days with creativity and connection. 😊
Today has been a whirlwind of thoughts and inspirations! I woke up early and went for a walk in the park, and it reminded me how refreshing it is to be in nature. 🌳✨ There's something so calming about the rustle of leaves and the soft chirping of birds. It got me thinking about how essential it is to take a step back and appreciate the little things in life.
I also pondered about the importance of self-care. Sometimes we get so caught up in our routines that we forget to check in with ourselves. I’m setting this week’s intention to prioritize my mental health and rediscover hobbies that bring me joy. 🎨📚
Lastly, I’m super excited about meeting new people and sharing experiences! If you have any recommendations for books, podcasts, or places to explore, send them my way! Let’s uplift and inspire each other. 💛
Can’t wait to hear about your days, too! What thoughts are swirling around in your mind today? 🤔👇
#SelfIntroduction #ThoughtfulThursday #NatureLover #SelfCareJourney #Inspiration"
no-dis,"🌟 Hey everyone! 🌟 
I thought I’d take a moment to introduce myself and share some reflections from today. My name’s Alex, and I’m passionate about exploring new ideas, connecting with people, and finding inspiration in everyday life. 
This morning, I woke up with a burst of gratitude—thankful for the little things that often go unnoticed: the warmth of my coffee, the sound of birds chirping outside, and the sunshine breaking through the clouds. ☕️🌞 
As I went through my day, I couldn’t help but ponder how important it is to embrace change. Life has a way of throwing curveballs, and while it can be overwhelming at times, it also opens up opportunities for growth and new experiences. 🚀✨ 
I spent some time reflecting on personal goals and dreams, and I found myself inspired to take steps toward something I’ve been putting off. It’s funny how a little self-reflection can lead to a big leap forward! 
Lastly, I’m reminded how vital it is to stay connected with others. Whether it’s sharing a laugh with a friend or lending an ear to someone in need, those connections really enrich our lives. So, let’s make some time for each other! 🫂❤️
What thoughts have you all had today? I’d love to hear from you! 
#Gratitude #EmbraceChange #Connection #DailyReflection"
no-dis,"🌟 Hey everyone! 🌟
I thought it was about time to introduce myself! I’m [Your Name], and I'm passionate about exploring new ideas and connecting with all of you. 🌍✨ A little bit about me: I love reading, traveling, and diving deep into conversations about everything from science to art!
Today was one of those days that really got me thinking. 💭 I spent some time reflecting on the small moments that bring us joy – like a favorite song on the radio or the smell of fresh coffee in the morning. ☕🎶 It's so easy to get caught up in the hustle and bustle of life that we forget to appreciate these little joys. 
I also thought a lot about the importance of kindness. 🤝 A simple smile or a compliment can really brighten someone’s day. It’s amazing how interconnected we all are, and kindness is one of the best ways to strengthen those connections.
What about you? What thoughts or moments have inspired you today? I’d love to hear them! Let’s spread some positivity together! 💖🌈
#HelloWorld #Reflections #KindnessMatters #EverydayJoy"
no-dis,"🌟 Hey everyone! 🌟
I'm [Your Name], and I wanted to take a moment to introduce myself. I'm a curious soul, always exploring new ideas and perspectives. I find joy in the little things—a warm cup of coffee, the sound of laughter, and those quiet moments that spark creativity. ☕✨
Today, I've been reflecting on the power of connection. It’s easy to get caught up in the hustle and bustle of life, but I've realized how important it is to take a step back and appreciate the people around us. Whether it’s reaching out to an old friend or simply sharing a smile with a stranger, these little interactions can brighten our day more than we realize. 😊💕
I've also been contemplating my goals for the rest of the year. What steps can I take to make them a reality? It feels invigorating to set intentions and map out a plan, but I know the journey is just as important as the destination.
What about you? What thoughts have been on your mind today? Let’s connect and share! 💬💖
#ThoughtsForToday #Connection #Goals #Community"
no-dis,"🌟 Hey everyone! 🌟
I thought it would be nice to introduce myself and share a little about my day! My name is Alex, and I’m just an ordinary person navigating this crazy and beautiful journey called life. 😄
Today was a mix of reflection and inspiration. I started the morning with a fresh cup of coffee ☕️ (always essential!) and took a moment to appreciate the little things around me: the sound of birds chirping, the warm sunlight streaming through my window, and the smell of blooming flowers outside. 🌼 It's amazing how often we overlook the beauty in everyday moments!
Later, I went for a walk in the park, and it struck me how connected we all are. I saw families laughing, friends catching up, and a couple of kids playing frisbee. It reminded me of the importance of community and keeping those connections alive, especially after the past few years. We truly need each other, don't we? 🤗
I also had some lightbulb moments about goals I want to tackle this year. Trying to focus more on personal growth and embracing new challenges! Sometimes it’s scary, but I believe that stepping out of our comfort zones leads to the best experiences. 🌈
So here’s to new beginnings and daring to dream big! 🌟 What’s something you’ve been reflecting on lately? Let’s share and inspire each other!
#HelloWorld #PersonalGrowth #CommunityLove #EverydayMagic 
❤️ Alex"
no-dis,"🌟 Hey everyone! 🌟
I thought it was about time I introduced myself properly! I’m [Your Name], a curious soul with a passion for exploring the world around me. 🌍✨ Whether it's diving into a good book, experimenting in the kitchen, or dreaming about my next travel adventure, I'm always looking for new experiences to enrich my life. 
Today has been quite the rollercoaster of thoughts! 🎢 I took a long walk this morning, letting nature inspire me. The vibrant colors of the leaves, the crisp air, and the sound of laughter from kids playing nearby reminded me of the simple joys in life. 🌳🍂 Sometimes we get so caught up in our routines that we forget to take a moment to appreciate the beauty around us.
I also spent some time reflecting on my goals and aspirations. It’s easy to feel overwhelmed by the challenges ahead, but I’ve come to realize that every small step counts. 💪✨ What really matters is progress, not perfection!
Lastly, I felt a surge of gratitude for the amazing people in my life. Whether near or far, friends and family fuel my adventures and inspire me every day. 💖 
I’d love to hear about your day! What thoughts or moments have shaped your world today? Let’s connect and share our journeys! 🌈
#HelloWorld #Gratitude #EverydayAdventures #MindfulMoments"
no-dis,"🌟 Hey everyone! 🌟
I thought I’d take a moment to introduce myself and share a little glimpse into my day. I’m [Your Name], a curious soul who loves exploring new ideas, connecting with people, and finding beauty in the little things. 
Today was one of those days where inspiration struck at every corner! 💡 I spent the morning sipping my coffee while watching the sunrise—it reminded me of how important it is to catch those quiet moments before the world wakes up. ☀️ It really got me thinking about the power of mindfulness and how slowing down can lead to some of the most profound insights.
Later on, I took a walk through the park and was in awe of the changing leaves. 🍂 Nature has this amazing way of teaching us about change and resilience. It got me pondering about my own journey and the beauty of evolving into who we’re meant to be. 
I also had some great conversations with friends today. 🗣️ It’s fascinating how sharing thoughts can open up new perspectives, and I’m grateful for those who challenge and inspire me.
I’d love to hear your thoughts! What moments sparked your reflection today? Let’s connect and inspire each other! 💬✨
#Mindfulness #Nature #Connections #LifeThoughts #Inspiration"
no-dis,"🌟 Hey everyone! 🌟
I thought it was about time to introduce myself a bit more. My name’s Alex, and I’m all about embracing every little moment life has to offer! 🌈✨ 
Today was a bit of a rollercoaster—I woke up feeling a bit off, but then I took a long walk in the park. 🌳 Just being surrounded by nature really lifted my spirits. I saw a little kid chasing after bubbles and it reminded me of how simple joys can be the most powerful. Those moments of pure happiness are what life is really about, right?
Later, I dove into a book I’ve been meaning to read (because what’s a cozy day without a good story?). 📖 It got me thinking about how important it is to take time for ourselves amidst the chaos. We all need that ‘me-time’ to recharge and reflect.
Ending the day with some light journaling and a good cup of tea ☕️ has really brought me back to a place of gratitude. I’m so thankful for the ups and downs because they teach us so much.
What about you? How did your day go? Any moments of joy worth sharing? Let’s inspire each other! 💖 #SelfReflection #Gratitude #LifeThoughts
Talk soon! ✌️"
no-dis,"🌟 Hey everyone! 🌟
I’m [Your Name], and I’m excited to connect with all of you! A little about me: I’m a curious soul who loves exploring new ideas, diving into books, and enjoying the little moments in life. 💬✨
Today was one of those days that got me thinking... 🤔 I woke up with the sun shining through my window, and it made me appreciate the simple beauty of a new day. ☀️ I took a walk and couldn’t help but notice how nature is in a constant cycle of change—just like us! It reminded me to embrace growth and not to be afraid of stepping out of my comfort zone.
I also reflected on the power of connection. In our busy lives, it’s so easy to get caught up in our own bubbles. But reaching out to friends, old and new, can bring so much joy and perspective! 💖 That's why I’m here—looking forward to sharing thoughts, laughter, and perhaps some inspiration with all of you.
What about you? What were your thoughts today? Let’s chat and support each other on this journey of life! 🌍💫
#HelloWorld #EmbraceChange #ConnectionMatters #ThoughtsOfTheDay"
no-dis,"🌟 Hey everyone! 🌟
I thought it was time to introduce myself a little better! I’m [Your Name], an avid thinker and lover of all things creative. I thrive on exploring new ideas, embracing challenges, and finding joy in the little things. Today, I wanted to share some thoughts that have been swirling around in my mind! 🌀
This morning, while sipping my coffee ☕️, I reflected on how important it is to take a step back and appreciate the present moment. In our fast-paced world, we often rush through our days, ticking off to-do lists without taking a moment to breathe and soak it all in. 
I made a conscious effort today to be more mindful. 🌈 I went for a walk in the park, noticing the colors of the leaves 🍂 turning, feeling the crisp autumn air, and listening to the laughter of kids playing. It reminded me that life’s beauty often lies in the simplicity of our surroundings.
I also had a deep conversation with a friend about pursuing passions. It’s easy to get caught up in responsibilities and forget what truly makes us happy. Let’s not lose sight of our dreams, even if they seem far-fetched. Pursuing what we love adds such richness to our lives!
So, here's to embracing our passions and savoring every moment, no matter how small. 💖 What’s been on your mind today? Let’s share our thoughts!
#Mindfulness #EmbraceTheMoment #PassionPursuit #LivingFully"
no-dis,"🌟 Hey everyone! 🌟
I just thought I'd take a moment to introduce myself and share what’s been on my mind today!
I'm [Your Name], a curious soul who loves exploring new ideas and connecting with people. I thrive on creativity, whether it’s through writing, art, or simply finding the beauty in everyday moments. 
Today, I had a lot of thoughts swirling around my head about the power of kindness. 💖 It’s amazing how a small act, like a smile or a compliment, can change someone’s day. I challenge myself (and all of you!) to spread a little more joy. Imagine if we made it a point to lift each other up more often—the ripple effect could be incredible!
I also took some time to reflect on my goals. It’s easy to get caught up in the hustle of daily life, but taking a step back to realign with what truly matters to us is so important. What are your goals? Let’s inspire each other! 🚀
Looking forward to hearing your thoughts! 💬✨
#HelloWorld #SpreadKindness #Goals #Inspiration"
no-dis,"🌟 Hey everyone! 🌟
I thought it would be a great time to introduce myself! My name is [Your Name], and I’m excited to connect with all of you in this vibrant online community. A little about me: I love exploring new ideas, diving into books, and finding inspiration in everyday moments. I believe that every day offers a chance to learn and grow, and today was no exception!
This morning, I was reflecting on the power of gratitude. It's so easy to get caught up in the hustle and bustle of life and overlook the small things that bring us joy. I took a moment to jot down three things I’m grateful for: the warm sunshine streaming through my window, a delicious cup of coffee to start my day, and the support of my friends and family. ☀️☕❤️
As the day went on, I found myself thinking about kindness and how it creates a ripple effect. A simple smile or a helping hand can change someone’s day for the better. Let's make it a goal to spread a little kindness wherever we go! 😊
I can’t wait to hear about your thoughts and experiences, too. What’s something that made you smile today? Share in the comments! 
Cheers to connection, kindness, and all the little moments that make life special! 🌈✨
#HelloWorld #Gratitude #KindnessMatters #EverydayMoments"
no-dis,"🌟 Hey everyone! 🌟
I’m [Your Name], just another soul navigating this beautiful, chaotic world! Today has been a whirlwind of thoughts for me. ☁️✨ 
This morning, I found myself reflecting on gratitude. It’s amazing how the simplest things—like a warm cup of coffee or a friendly smile—can make such a huge difference in our day. ☕❤️ 
Then, as I ventured out, I was struck by the beauty of the changing seasons. The leaves are starting to turn, and it reminded me how important it is to embrace change in our own lives. 🍂🌈 
I also had a conversation that sparked some deep thoughts about pursuing passions. It really got me thinking: Are we making enough time for what truly lights us up? 🔥💭 
Let’s make today about connection and creativity. What are you grateful for? What changes are you embracing? Let’s inspire each other! 💬💖
#HelloWorld #Gratitude #EmbraceChange #LetsConnect"
no-dis,"🌟 Hey everyone! 🌟
I thought I’d take a moment to introduce myself and share some reflections from my day. I’m [Your Name], and I’m passionate about exploring the wonders of life, whether it’s through nature, art, or simply connecting with amazing people.
Today was one of those days where everything felt a bit more vibrant. I went for a walk and noticed how the leaves are starting to change colors — it’s like nature is putting on its best outfit just for us! 🍂✨ It got me thinking about the beauty of change and how we often resist it. But what if we embraced it instead? Just like the trees, maybe we can let go of what no longer serves us and make room for new growth.
I also had the chance to connect with a friend over coffee. We talked about dreams, goals, and all the little things that bring us joy. It’s amazing how a simple chat can reignite motivation and remind us of our passions. 💬☕
I guess what I’m trying to say is that today was a beautiful reminder to appreciate the little things and to look forward to the future with open arms. How about you? What thoughts have you had today? Let’s share and inspire each other! 🌈💕
#SelfIntroduction #DailyThoughts #EmbraceChange #Gratitude"
no-dis,"🌟 Hey everyone! 🌟
I thought it was about time to introduce myself a little more! I’m [Your Name], a [your age or “young at heart”] individual navigating through life with a curious mind and an open heart. 💖
Today was a whirlwind of thoughts and inspirations! I woke up thinking about the power of kindness and how even the smallest gestures can brighten someone’s day. 🌼 I made it a mission to smile at everyone I encountered, and it was amazing to see how contagious positivity can be!
I also spent some time reflecting on my goals and aspirations. It’s easy to get caught up in the daily grind, but taking a moment to dream big and align my actions with those dreams is so important. 🚀✨
And of course, I couldn’t help but ponder about the beauty of our planet. A walk in nature reminded me to appreciate the little things—the rustling leaves, the sound of laughter, and the warmth of the sun. 🍃☀️
I’d love to hear your thoughts! What’s been on your mind today? Let’s connect and spread some positive vibes together! 💬✨
#Intro #PositiveVibes #DreamBig #KindnessMatters"
no-dis,"🌟 Hey everyone! 🌟
I just wanted to take a moment to introduce myself. I’m [Your Name], a curious soul navigating through this beautiful adventure called life. I have a passion for exploring new ideas, and I love connecting with people and hearing their stories! 
Today was a whirlwind of thoughts for me. I started my morning with a cup of coffee, gazing out at the world waking up around me. ☕️ It got me reflecting on the little things we often overlook – like the way light filters through the trees or the soothing sound of leaves rustling in the breeze. Nature has a way of grounding us, doesn’t it?
I also pondered about how important it is to nurture our passions. Whether it’s painting, writing, cooking, or anything else, investing time in what we love can bring so much joy! 🎨✍️
In the spirit of connection, I'd love to hear about your passions and what sparks joy for you! Let’s inspire each other! 💖
#Introduction #LifeThoughts #Inspiration #Community
Looking forward to sharing more moments with you all! 😊"
no-dis,"🌟 Hey everyone! 🌟
I’m excited to introduce myself! I’m [Your Name], a lover of lifelong learning, good coffee, and meaningful conversations. 💬☕️ Today has been one of those reflective days where I’ve been diving deep into my thoughts.
This morning, I took a stroll in the park, and it reminded me just how important it is to take a step back and appreciate the little things. Those tiny moments—a bird singing, the sun peeking through the clouds, or kids laughing—make all the difference, don’t you think?
I also spent some time contemplating my goals for the upcoming months. I’ve realized that stepping out of your comfort zone can be daunting, but it’s where the magic happens! ✨ Whether it’s starting a new hobby, connecting with someone new, or challenging myself physically, embracing discomfort will lead to growth.
Lastly, I’ve been thinking about the power of kindness. A simple smile or a kind word can change someone’s day. Let’s sprinkle a little more kindness around us! 🌈
What about you? What thoughts or reflections did you have today? Let’s chat! 💓
#NewBeginnings #MindfulLiving #KindnessMatters #LetsConnect"
no-dis,"🌟 Hello, everyone! 🌟
I’m [Your Name], and I’m excited to share a bit about myself! I’m a lover of coffee ☕, books 📚, and exploring the great outdoors 🌲. I believe in the power of kindness and the magic of everyday moments. 
Today has been one of those reflective days. I found myself thinking about how important it is to embrace change. Life can be a whirlwind sometimes, and while it’s easy to get stuck in our routines, stepping out of our comfort zones can lead to incredible growth. 
I also spent some time journaling, which always helps me clear my mind and focus on what truly matters. ✍️ Writing down my thoughts reminded me that every small step counts, whether it’s reaching a personal goal or simply taking time for self-care. 💖
How about you? What’s something you’ve been reflecting on lately? Let’s chat in the comments! 
#Introduction #ThoughtsOfTheDay #EmbraceChange"
no-dis,"🌟 Hey everyone! 🌟
I thought it was about time to introduce myself and share a little glimpse into my world! I’m [Your Name], an avid lover of books, travel, and all things creative. 📚✈️🎨 Currently on a journey to discover new passions and connect with amazing people along the way.
Today was one of those days where inspiration struck at every corner. I woke up feeling motivated and decided to take a walk in the park. 🌳 There’s something so therapeutic about being surrounded by nature, don’t you think? As I walked, I noticed the vibrant fall colors and the laughter of children playing, which got me reflecting on the simple joys we often overlook in our busy lives.
I can’t help but feel grateful for the little moments that bring us joy, like a warm cup of coffee or a heartfelt conversation with a friend. ☕💬 It's a reminder that life is made up of these fleeting moments that are truly special.
I’d love to hear your thoughts on what brings you joy! Let’s inspire each other to appreciate the little things. 💖
#Introduction #Gratitude #SimpleJoys #LifeThoughts #Connection
Looking forward to connecting with all of you! 💫"
no-dis,"🌟 Hey everyone! 🌟
I just wanted to take a moment to introduce myself. I'm [Your Name], a [your age or a little about your profession/hobby], and I’m excited to connect with all of you! 😊
Today was one of those days that got me thinking deeply. I sat down with my morning coffee, and as the familiar aroma filled the air, I reflected on the little things that make life so beautiful—like the warmth of the sun on my face and the sound of laughter from friends nearby. ☕☀️✨
I also had a great conversation with a close friend about our dreams and aspirations. It reminded me how important it is to surround yourself with people who inspire you and challenge you to grow. Sometimes, we need that gentle push to step outside our comfort zones and chase after what we truly want. 🚀💪
I’m feeling super motivated and hopeful about what’s to come! Here’s to embracing new adventures, learning from our experiences, and living life to the fullest. What made you smile today? Share your thoughts below—I'd love to hear from you! 💬❤️
#NewConnections #ReflectingAndGrowing #PositiveVibes"
no-dis,"🌟 Hey everyone! 🌟
I’m excited to introduce myself! I’m [Your Name], a passionate explorer of ideas and emotions, and I just wanted to share a glimpse into my day. Today was filled with a mix of reflection and inspiration. 
💭 This morning, I found myself thinking about the importance of gratitude. It’s so easy to get caught up in the hustle and bustle of daily life, but taking a moment to appreciate the little things, like a warm cup of coffee or a sunny day, can truly shift our perspective.
📚 Later, I dove into a book that challenged my way of thinking. It’s amazing how the right words at the right time can spark a new idea or encourage personal growth. I’m always on the lookout for new reads—recommendations welcome!
🌍 I also spent some time outdoors, soaking in the beauty of nature. There’s something about fresh air and a little sunshine that recharges the soul. 
What about you? What’s been on your mind today? Let’s connect! ❤️
#NewBeginnings #Gratitude #Inspiration #NatureLover"
no-dis,"🌟 Hey everyone! 🌟
I thought it was time I introduced myself! My name is Alex, and I’m excited to connect with all of you! I’m a lover of books, hiking, and all things creative. 
Today was one of those days that felt both ordinary and extraordinary. I woke up to a beautiful sunrise and decided to take a walk in the nearby park. There’s something magical about mornings—it’s like a fresh start, filled with endless possibilities. 🌅✨
During my walk, I couldn’t help but reflect on how we often get caught up in the hustle and bustle of life. It reminded me of the importance of slowing down and appreciating the little things—like the sound of leaves rustling in the wind and the laughter of kids playing. 🍃😊
I also had a moment of inspiration where I thought about my goals for the coming months. I want to challenge myself creatively and possibly start a new project, something that merges my love for art and storytelling. 📖🎨 It’s nerve-wracking but thrilling at the same time!
So, what about you? What are your thoughts today? Let’s share some positivity and inspiration! 💬💖
Looking forward to hearing from you all! 
#HelloWorld #NewBeginnings #Reflecting #CreativeJourney"
no-dis,"🌟 Hey everyone! 🌟
I thought it would be fun to take a moment to introduce myself. I’m [Your Name], and I’m excited to connect with all of you! 😊✨
Today was one of those days filled with little moments of inspiration. I started my morning with a hot cup of coffee ☕️ and just sat by the window watching the world wake up. It really got me thinking about the beauty in everyday life. Sometimes, we get so caught up in our routines that we forget to appreciate the simple things—like the warmth of the sun on your face or the sound of leaves rustling in the wind 🍂.
Later on, I went for a walk and was reminded of how important it is to take time for ourselves. I spotted some street art that made me smile 🎨, and I realized how creativity is all around us if we just take the time to look. It made me think about the passion projects I want to dive into and how sharing our creativity can bring people together. 
Let’s all take a moment to celebrate the little joys in our lives! What’s something small that made you smile today? Drop your thoughts below! 💬❤️
Looking forward to hearing from you all! Let’s keep spreading positivity! ✌️💖
#JustThinking #EverydayJoy #Creativity #PositiveVibes"
no-dis,"🌟 Hey everyone! 🌟
I thought I'd take a moment to introduce myself! I’m [Your Name], a curious soul navigating this beautiful chaos we call life. Today was one of those days where everything felt a little more vibrant, and I found myself reflecting on some thoughts that I wanted to share with you all.
✨ This morning, I woke up with a sense of gratitude. It’s easy to get caught up in the hustle and bustle, but taking a moment to appreciate the little things—a warm cup of coffee, the sun peeking through the clouds, or even a friendly chat with a neighbor—can really make a difference. 
💭 As the day went on, I found myself pondering the concept of growth. We often fear change, but I've realized that stepping out of our comfort zones is where the magic happens. Whether it's trying a new hobby, meeting new people, or even just re-evaluating our goals, embracing growth can lead to incredible transformations.
🌈 I also spent some time thinking about kindness. It’s easy to forget that everyone is fighting their own battle—so I strive to spread positivity wherever I go. A simple smile or a compliment can brighten someone’s day more than we realize. Let's all make an effort to uplift one another!
That’s a little peek into my mind today! What’s been on your mind lately? I’d love to hear your thoughts! 💬💖
Cheers to living fully and spreading kindness!
#HelloWorld #Gratitude #GrowthMindset #KindnessMatters"
no-dis,"🌟 Hey everyone! 🌟
I’m excited to introduce myself! I’m [Your Name], just your everyday human navigating the beautiful chaos of life. Today was one of those days filled with small moments that really made me think. 
☕️ This morning, sipping my coffee, I reflected on how easy it is to get caught up in our busy lives. It’s so important to take a step back and appreciate the little things. Like the warmth of the mug in my hands or the way the sunlight streamed through the window. 
💭 Later, while I was out for a walk, I stumbled upon a little park that I hadn’t noticed before. I took a moment to sit on a bench and just breathe. It struck me how sometimes we overlook the beauty around us when our minds are racing. 
📝 I also started brainstorming some goals for the coming months. Change can be daunting, but it’s also exciting! What are you all looking forward to? Let’s inspire each other! 
Here’s to embracing both the mundane and the magical moments in life. ✨💕
Looking forward to connecting with all of you!  #NewConnections #MindfulMoments #EverydayJoy
Feel free to share your thoughts or even just say hi! 😊👋"
no-dis,"🌟 Hey everyone! 🌟
I thought it was about time I introduced myself a bit more! I'm [Your Name], a curious soul navigating this beautiful yet complex world we live in. 😊 
Today, I found myself reflecting on the little things that bring us joy. From the warmth of the morning sun on my face to that perfect cup of coffee that just hits the spot. ☕✨ It’s amazing how often we overlook these simple pleasures amidst the hustle and bustle of life.
I also had some thoughts about connection. In a time when we're more digitally connected than ever, I wonder if we sometimes forget the power of a real conversation—one that goes beyond screens and emojis. 🤔💬 Let’s make an effort to reach out to someone today, maybe a friend we haven’t spoken to in a while. 
Lastly, I embraced a bit of inspiration by reading a few pages from a book that challenged my perspective. 📚 It's incredible how a few words can ignite new ideas and motivate us to step out of our comfort zones.
Cheers to finding joy in the little things, nurturing connections, and continuously learning! 💖 What thoughts shaped your day today? Would love to hear from you!
#MindfulMoments #Connection #JoyInTheJourney"
no-dis,"🌟 Hey everyone! 🌟
I wanted to take a moment to introduce myself and share a little glimpse into my thoughts today. My name is Alex, and I’m just an everyday person navigating life, one day at a time. 💫
Today was one of those reflective days where I found myself thinking about how important it is to appreciate the little moments. Whether it’s enjoying a warm cup of coffee in the morning or taking a walk and soaking in the fresh air, these tiny joys can make such a big difference!
I’ve also been contemplating the idea of connection. In a world that's so busy, I think it’s essential to prioritize our relationships—check up on a friend, lend a listening ear, or even just share a smile with a stranger. 🌼❤️
As we move forward into the week, let’s remind ourselves to pause, take a breath, and enjoy where we are right now. What little things are you grateful for today? 
Looking forward to connecting with all of you! 
#Hello #Gratitude #Mindfulness #Connection"
no-dis,"🌟 Hey everyone! 🌟
I'm [Your Name], and I'm excited to share a little about myself and some thoughts that have been swirling in my mind today! 😄
I’m a bit of a curious soul, always on the lookout for new experiences and ideas. Whether it’s diving into a good book, exploring the great outdoors, or trying out new recipes in the kitchen, I find joy in the little things! 🌼
Today, I found myself reflecting on the power of kindness. In a world that can sometimes feel overwhelming, I believe that small acts of kindness can create ripples of positivity. Whether it was holding the door for someone or simply sharing a smile, it reminded me of how interconnected we all are. 💕 
I also spent some time thinking about my goals for the coming months. It’s easy to get caught up in the day-to-day hustle and forget to dream big! 🚀 What are some goals that you’re setting for yourself? Let’s inspire each other!
Wishing you all a day filled with positivity and inspiration! 🌈✨ 
#HelloWorld #KindnessMatters #GoalSetting #PositiveVibes "
no-dis,"🌟 Hey everyone! 🌟
I thought it was about time to introduce myself! I’m [Your Name], a [your profession or passion], and I’m excited to connect with all of you! 😊
Today has been quite a thought-provoking day for me. I started off with a morning walk, and it really hit me how important it is to slow down and appreciate the little things around us – the sound of birds chirping, the rustle of leaves, and that fresh morning air! 🍃🌞
As I walked, I pondered the changes we all go through, especially as we navigate this whirlwind called life. We’re constantly evolving, learning, and adapting. It’s fascinating to think about how each experience shapes us.
I also reflected on the importance of kindness. With everything happening in the world, a little compassion can go a long way. So, I made a mental note to be more mindful and spread positivity wherever I can. 💛✨
What about you? What thoughts are you carrying with you today? Let’s inspire each other! 
#HelloWorld #MindfulMoments #SpreadKindness"
no-dis,"🌟 Hey everyone! I’m [Your Name], and I’m excited to share a little bit about myself with you all! 
Today has been a whirlwind of thoughts and feelings. I woke up feeling grateful for the little things in life—like a warm cup of coffee ☕ and the beautiful colors of fall 🍂 that are starting to show up everywhere. 
I spent some time reflecting on my goals for the rest of the year. It’s amazing how a simple change of season can inspire a fresh perspective. I’m determined to focus more on self-care and creativity, whether that’s picking up a new hobby 🎨 or just taking a moment to breathe deeply and appreciate the present. 
Also, I’ve been thinking a lot about connections lately. It’s so important to foster relationships and check in on the people you care about. If you’re reading this, consider it your reminder to reach out to someone you haven’t talked to in a while. 💌 
Can’t wait to hear from you all! What thoughts have you been having today? Let’s inspire each other! 🌈✨ #Intro #Reflections #Grateful #StayConnected"
no-dis,"🌟 Hey, everyone! 🌟
I’m [Your Name], excited to connect with you all! Today was a whirlwind of thoughts, and I wanted to share a few that really stood out to me. 😊
✨ **Gratitude is Key**: I spent some time reflecting on the things I’m grateful for—family, friends, and those little moments that make life special. Sometimes it's easy to get caught up in the chaos, but taking a step back helps me appreciate the everyday wonders.
🧠 **Curiosity Keeps Us Growing**: I stumbled upon an intriguing article about the power of lifelong learning. It reminded me how important it is to stay curious and keep pushing ourselves beyond our comfort zones. What’s something new you’ve learned recently?
🌍 **Connection Over Perfection**: In a world dominated by social media highlights, I'm reminding myself that it’s okay to be real—flaws and all. Let’s celebrate our authentic selves and encourage each other to share the messy, beautiful journey we’re all on.
💬 I’d love to hear your thoughts on these ideas! What’s been on your mind today? Let’s chat! ❤️
#Introduction #Gratitude #LifelongLearning #BeingReal #Community
Can’t wait to connect! 🌈✨"
no-dis,"🌟 Hey everyone! 🌟
I just wanted to take a moment to introduce myself and share some thoughts that have been swirling around in my mind today. My name is [Your Name], and I’m excited to connect with all of you here!
Today started off pretty ordinary, but as the day unfolded, I found myself reflecting on the little moments that make life so special. Whether it's that warm cup of coffee in the morning or a smile from a stranger, I realized how important it is to cherish these simple joys.
I also had some deep thoughts about goals and dreams. It's easy to get caught up in the hustle and forget why we started in the first place. I reminded myself to take things one step at a time and to celebrate the small victories along the way. 🌈
Feeling grateful for the wonderful people in my life who inspire me to keep pushing forward.✨ What were your thoughts today? Let’s chat in the comments! 💬
#Introduction #Gratitude #SimpleJoys #Goals #Connection"
no-dis,"🌟 Hey everyone! 🌟
I thought it was about time I introduced myself. I'm [Your Name], a curious soul navigating through this beautiful chaos called life. 😊
Today was one of those days that reminded me of the importance of pausing and reflecting. I started my morning with a cup of coffee, and as I watched the sunlight filter through the trees, I couldn’t help but feel grateful for the little things. ☕🌳
I spent some time journaling, and it struck me how every small moment can lead to a big change. Whether it's a kind word to a stranger or taking a moment for self-care, each act has a ripple effect. 🌊
Later on, I had a chat with a friend about our dreams and aspirations. It reignited that fire within me to pursue my passions and not just wait for opportunities to come knocking. 🔥
As the day winds down, I’m reflecting on my goals and reminding myself that it's okay to stumble along the way. After all, it’s the journey that shapes us. 🌈
I'd love to hear what thoughts you’ve had today! Let's inspire each other! 💬💖
#ThoughtsOfTheDay #Gratitude #ChasingDreams #StayCurious"
no-dis,"🌟 Hey everyone! 🌟
I thought it was about time I introduced myself! I’m [Your Name], a curious soul navigating through this beautiful chaos we call life. ✨ I love exploring new ideas, having deep conversations, and capturing moments through photography. 📸
Today has been a whirlwind of thoughts. I woke up reflecting on the importance of balance—balancing work and play, solitude and socializing, ambition and contentment. It’s so easy to get caught up in the hustle, but I believe taking a step back and nurturing our inner selves is just as vital as chasing our dreams. 🌈
I also pondered the little things that make life magical: a warm cup of coffee in the morning, the sound of birds chirping outside, and the laughter of friends. It’s funny how often we overlook these simple joys, isn’t it? ☕🐦❤️
To anyone reading this, I hope you find a moment today to appreciate the small things. Let’s embrace the journey together! Looking forward to connecting with all of you. What thoughts are you reflecting on today? 🤔💭
#HelloWorld #Reflections #SimpleJoys #BalanceInLife"
no-dis,"🌟 Hey everyone! 🌟
I thought it was about time I introduced myself! I’m [Your Name], a lover of all things creative, a curious mind, and a firm believer in the magic of everyday moments. ✨
Today was filled with a mix of deep thoughts and simple joys. I started my morning sipping coffee while watching the sunrise, and it reminded me how important it is to take a moment for ourselves amidst the chaos of life. ☕️🌅
I also pondered the idea of connection—how a simple smile or a friendly chat can brighten someone’s day. It’s incredible how our small actions can create ripples of positivity in the world. 😊💕
In the hustle of the day, I made a conscious effort to step outside for a quick walk, and it struck me how nature has its own way of grounding us. The colors of autumn leaves brought back so many memories and made me appreciate the beauty in transition. 🍂🍁
So, here’s my thought for today: let’s embrace the little moments, reach out to those we care about, and keep creating connections. Remember, it’s the little things that often mean the most! 💖
Would love to hear what’s been on your mind today! Feel free to share! 
#HelloWorld #MindfulMoments #ConnectionMatters #Gratitude"
no-dis,"🌟 Hey everyone! 🌟
I just wanted to take a moment to introduce myself. I’m [Your Name], a bit of a dreamer and a passionate explorer, always on the lookout for new experiences and ideas. I love diving deep into interesting topics—whether it’s books, technology, or that latest podcast I can't stop thinking about! 
Today was one of those days where my mind simply wouldn’t stop buzzing. 🐝✨ I started my morning with a cup of coffee (because, let’s be honest, who can resist?) and reflecting on the little things that bring joy to our lives. ☕❤️ 
I thought about the simple beauty in nature—the way the leaves change and how a sunrise can make your heart skip a beat. 🌅 Sometimes, it’s easy to get caught up in the hustle and bustle, but those quiet moments are what really fuel my soul.
Later, I had a great conversation with a friend about pursuing passions and stepping out of our comfort zones. It reminded me that it’s never too late to try something new or to chase those big dreams we often keep to ourselves. 🚀
What thoughts have been swirling in your mind today? Let’s share and inspire each other! 💬✨ 
#MindfulMoments #ChasingDreams #EverydayMusings"
no-dis,"🌟 Hey everyone! 🌟
I thought I’d take a moment to introduce myself and share some thoughts from my day. My name is Alex, and I’m just your friendly neighborhood dreamer trying to navigate this crazy thing called life! ✨
Today started with a beautiful sunrise— it reminded me of how every day offers a fresh start. I took a long walk while sipping on my favorite coffee, soaking in the crisp morning air. ☕🌅 The world seems a little brighter when you take the time to appreciate the little things, don't you think?
Lately, I’ve been thinking a lot about what it means to chase your passions while balancing responsibilities. It can be a juggling act! 🎪 Whether it’s picking up a new hobby, spending time with loved ones, or just carving out time to reflect, I believe it’s so important to nurture those aspects of ourselves.
I also had a conversation with a friend today about the power of kindness. It’s amazing how a small act—a smile, a compliment, or even just listening—can create ripples of positivity. 🌊💛 Let’s spread some good vibes, shall we?
What’s been on your mind lately? Let’s chat in the comments! 💬
#NewDayNewThoughts #KindnessMatters #ChasingDreams #GoodVibesOnly"
no-dis,"🌟 Hey everyone! 🌟 
I’m [Your Name], and I’m excited to connect with all of you! Just a little about me: I’m passionate about [your hobbies/interests], love exploring new ideas, and find joy in the little things in life. ❤️
Today was quite a reflective one for me. I spent some time pondering the beauty of growth—both personally and in the world around us. 🌱 It’s incredible how every experience, even the tough ones, shapes who we are. I took a moment to appreciate the small victories, like finally finishing that book I’ve been meaning to read or cooking a new recipe that turned out better than expected! 📚🍽️
I also thought about the importance of connection. In a world that sometimes feels so disconnected, a simple conversation or a shared laugh can make all the difference. So, let’s reach out, support one another, and celebrate our stories together! 
What are your thoughts today? Let’s chat! 💬✨ 
#SelfIntroduction #Reflections #Connection #PersonalGrowth"
no-dis,"🌟 Hey everyone! 🌟
I just wanted to take a moment to introduce myself and share a few thoughts that have been swirling around in my mind today. 😊
👋 I’m [Your Name], a lover of good coffee, books, and adventures – both big and small! I believe in chasing new experiences and soaking up every moment life has to offer. 
Today, I found myself reflecting on the importance of gratitude. 🙏🏽 It’s so easy to get caught up in the hustle and bustle of daily life, but taking a few moments to acknowledge the little things can really shift our perspective. Whether it's enjoying a sunny day, a warm cup of tea, or a great conversation with a friend, there’s so much to appreciate.
I also pondered how essential it is to take time for ourselves. 🌱 In our busy lives, it can be challenging to carve out that time, but self-care is not a luxury – it’s a necessity. Whether it’s a short walk, reading a chapter of a book, or simply pausing to breathe, it’s important to reconnect and recharge.
What are you all grateful for today? Let's spread some positivity! 💖
Looking forward to connecting with all of you and hearing your thoughts! ✨
#Gratitude #SelfCare #PositiveVibes #NewConnections"
no-dis,"🌟 Hey everyone! 🌟
I'm [Your Name], and I'm excited to share a little bit about myself with you all! I'm a curious soul who loves exploring new ideas, diving into books, and savoring delicious food. Whether it's a new recipe or an old favorite, food and cooking are my creative outlets!
Today was one of those reflective days when I found myself pondering the little things that bring joy to my life. ☕✨ I started my morning with a warm cup of coffee, watching the sunrise paint the sky in beautiful shades of orange and pink. It reminded me of the importance of taking a moment to appreciate the beauty around us.
Later, I went for a walk in the park and couldn’t help but notice how nature seems to mirror our own journeys. Just as the trees shed their leaves to make way for new growth, we all have moments in life when we need to let go and embrace change. 🍂🌱
I also had a conversation with a friend that sparked some great insights about setting personal goals for the coming months. It’s fascinating to think about where we want to be in the future and the steps we need to take to get there. 🚀✨
Looking forward to sharing more thoughts and connecting with all of you! What’s been on your mind lately? Let’s chat! 💬❤️
#Introduction #ThoughtsOfTheDay #Mindfulness #NatureLovers #PersonalGrowth"
no-dis,"🌟 Hey everyone! 🌟
I thought I’d take a moment to introduce myself! I’m [Your Name], a curious soul navigating through life, one day at a time. 🌍✨ I’m passionate about [your hobbies/interests], and I believe in the power of kindness and creativity to make the world a better place.
Today was one of those days where inspiration struck! 💡 I found myself reflecting on the little things that bring joy—like a warm cup of coffee ☕, a good book 📚, or even just the sound of rain tapping against my window. It’s amazing how gratitude can shift your perspective and make everyday moments feel special.
I also thought about how important it is to connect with others. Human connection is what makes life richer and more meaningful. Let’s lift each other up and share those positive vibes! ✨💖
What thoughts are you carrying today? Let’s chat in the comments! 👇😊
#Gratitude #Connection #PositiveVibes #EverydayJoy"
no-dis,"🌟 Hey everyone! 🌟
I just wanted to take a moment to introduce myself and share some thoughts that have been swirling around in my mind today. I’m [Your Name], a passionate soul who loves exploring the wonders of life! 🌼
Today started with a beautiful sunrise that got me thinking about new beginnings. ☀️ There’s something so inspiring about watching the world light up each day. It reminded me that each moment is an opportunity to start fresh and pursue our dreams.
As I sipped my coffee (blissful fuel for the day! ☕️), I pondered the importance of human connections. In a world that can feel so vast, taking a moment to reach out to someone can make all the difference. A simple message or a call can brighten someone’s day. 💌
I also took some time to reflect on my goals, big and small. I’ve realized that progress often comes in tiny steps, and I’m embracing the journey rather than just the destination. Growth is a process!
Hope everyone is having a fantastic day! 🌟 Let’s lift each other up and make today count! What’s been on your mind? Share in the comments—I’d love to hear your thoughts! 😊✨
#NewBeginnings #Connection #SelfGrowth #PositiveVibes"
no-dis,"🌟 Hey everyone! 🌟
I just wanted to take a moment to introduce myself. I’m [Your Name], an aspiring [your passion or profession], and I’m excited to connect with all of you! I believe in the power of positivity and creativity, and I love sharing my journey with others.
Today, I had some reflective moments that really made me think. I’ve been diving deep into the idea of embracing imperfections. It’s so easy to get caught up in the pursuit of perfection, but I’ve realized that some of the most beautiful experiences come from our mistakes and the lessons they teach us. 😌✨
I also had an inspiring conversation with a friend about the importance of self-care. Taking time for ourselves isn’t a luxury; it’s a necessity. Whether it’s reading a book, enjoying a walk, or simply soaking in some good music, we all need those moments to recharge.
Lastly, I came across a quote that resonated with me today: “The journey of a thousand miles begins with a single step.” I’m reminded that every day is an opportunity to take that step, no matter how small. 🚶‍♀️💫
What thoughts or reflections did you have today? Let’s keep the conversation going! 💬❤️ #SelfReflection #EmbraceImperfection #Inspiration
Looking forward to connecting with all of you! 😊"
no-dis,"🌟 Hey everyone! 🌟
I just wanted to take a moment to introduce myself to all of you! I’m [Your Name], an avid explorer of ideas and a lover of meaningful conversations. 😊 I believe that every day is a new opportunity to learn something fascinating, and today was no exception!
This morning, I found myself reflecting on the beauty of small moments. You know, those little things that often go unnoticed—a warm cup of coffee on a chilly day, the sound of leaves rustling in the wind, or a genuine smile from a stranger. It’s amazing how these tiny experiences can shape our mood and perspective!
I also pondered on how important it is to stay curious and open-minded. In a world where there’s so much information at our fingertips, it’s easy to feel overwhelmed. But I think making space for new ideas, even when they challenge what we already believe, is crucial for personal growth.
What are some little moments that brightened your day? Let’s share our thoughts and spread some positivity! 💬✨
Looking forward to connecting with all of you! 🌈💖
#Introduction #Grateful #StayCurious #PositiveVibes"
no-dis,"🌟 Hey everyone! 🌟
I’m excited to introduce myself! I’m [Your Name], a lifelong learner and passionate explorer of the world around me. I believe in the power of connection and creativity, and I’m always looking for new ways to express myself and connect with others.
Today was one of those days where inspiration struck in unexpected places. ☀️ I took a walk in the park, and as I watched the leaves dance in the breeze, I couldn’t help but reflect on how nature teaches us to embrace change. 🍃 It’s such a beautiful reminder that even in our most challenging moments, growth is always possible.
In between those thoughts, I caught up on some reading and dove into a fascinating book about resilience. 📚 It resonated with me, especially in today’s fast-paced world, where it’s easy to feel overwhelmed. I'm reminded that it's okay to paused and take a breath.
I’m looking forward to sharing more of my journey, thoughts, and inspirations with all of you. Let’s uplift each other and make the most of every moment! 💫 Feel free to share what inspired you today in the comments. 
Here’s to embracing the journey together! ✨✨ 
#SelfIntroduction #ThoughtsOfTheDay #EmbraceChange #NatureInspires"
no-dis,"🌟 Hey everyone! 🌟 
I thought I’d take a moment to introduce myself. I’m [Your Name], a curious soul navigating this beautiful chaos we call life. I’m passionate about [Your Interests or Hobbies, e.g., art, technology, nature, etc.], and I love sharing my thoughts and experiences with others!
Today was one of those reflective days where the little things sparked some big thoughts. I found myself appreciating a simple morning coffee, the way the steam danced in the air, reminding me that it’s often the small moments that bring the most joy. ☕✨
I also took a walk and admired the changing leaves. 🍂 It got me thinking about the cycles of change we all go through in life. Embracing change can be tough, but it often leads to growth and new beginnings. 
What are some things that made you pause and reflect today? Let’s share our thoughts and inspire each other! 🌍💬 
Looking forward to connecting with you all! ❤️
#NewBeginnings #EverydayReflections #EmbraceChange"
no-dis,"🌟 Hey everyone! 🌟 
I thought I’d take a moment to introduce myself. I’m [Your Name], and I’m excited to share a little slice of my world with you all. 😊✨
Today was a mix of inspiration and reflection. I spent some time outdoors, soaking up the crisp autumn air and watching the leaves dance in the wind. 🍂 It reminded me how important it is to take a step back and appreciate the little things. Sometimes we get so caught up in our daily routines that we forget to notice the beauty around us.
I also had a meaningful conversation with a friend about our dreams and aspirations. It’s amazing how sharing our thoughts can open up new perspectives and ignite motivation! It really reminded me of the power of connection and support in our lives. 🤝💕
So, here’s a little thought for all of you: What’s something beautiful you noticed today? 🌻 Let’s lift each other up and share those positive vibes!
Looking forward to connecting with all of you! 
#NewBeginnings #DailyReflections #StayPositive"
no-dis,"🌟 Hey everyone! 🌟
I hope you’re all having a fantastic day! I wanted to take a moment to introduce myself a little more and share some thoughts I had today. 
I’m [Your Name], a passionate explorer of ideas, stories, and adventures! I love diving into books, exploring new places, and connecting with interesting people. Each day brings a new opportunity to learn and grow, and I’m all about embracing that journey. 🌍✨
Today, I found myself reflecting on the importance of kindness in our daily lives. It’s incredible how a small act—a smile, a compliment, or even just listening—can create ripples of positivity in our communities. I had a lovely conversation with a stranger at my favorite coffee shop, and it reminded me how interconnected we all are. ☕❤️
I’m also feeling inspired to tackle some new projects this week! Whether it’s picking up that hobby I’ve been putting off or starting a new book, I’m ready to shake things up a bit. What about you? What are you feeling inspired to do this week?
Looking forward to hearing from you all. Let’s spread positivity and support each other in our journeys! 💪✨
#HelloWorld #SpreadKindness #Inspiration #LifelongLearner"
no-dis,"🌟 Hey everyone! 🌟
I hope you’re all doing well! I wanted to take a moment to introduce myself and share some of the thoughts that have been swirling in my mind today.
My name is Alex, a creative soul with a love for exploring the world through art, books, and meaningful conversations. I thrive on connection and the beauty of diverse perspectives. 
Today, I found myself reflecting on the importance of small moments. You know, those little interactions and experiences that often go unnoticed? A warm smile from a stranger, the sound of laughter nearby, or even the first sip of coffee in the morning can make a huge difference in our day. It’s a reminder that joy can be found in the simplest of things if we take a moment to pause and appreciate them.
I also thought about how we often get caught up in our busy lives, chasing after big goals and milestones. While those are important, I’ve come to realize that it’s the little victories and the connections we make along the way that truly enrich our lives.
What small moments have brought you joy today? I’d love to hear your thoughts! 💬
Here’s to embracing the little things and finding beauty in every day! ✨
#LifeThoughts #SmallMoments #ConnectionMatters"
no-dis,"🌟 Hey everyone! 🌟
I thought I’d take a moment to introduce myself. I’m [Your Name], and I’m just a regular person navigating this beautiful chaos we call life. 💫 
Today was one of those days where inspiration struck me out of nowhere. I found myself reflecting on the little things that make life special—like my morning coffee brewing perfectly, the warmth of the sun on my skin during a walk, and the laughter shared with friends. ☕☀️❤️ 
I also caught myself pondering how easily we can get caught up in the hustle and bustle, forgetting to pause and appreciate the present moment. It reminded me of how important it is to slow down and embrace gratitude in our daily lives. 🌼✨ 
So here’s my thought for the day: When life feels overwhelming, take a step back and breathe. Find joy in the little things and let gratitude guide you. You never know how a simple shift in perspective can brighten your day! 
Looking forward to sharing more thoughts and connecting with all of you. Let’s uplift each other! 🙌💖 
#Mindfulness #Gratitude #DailyReflections #Connection "
no-dis,"🌟 Hey everyone! 🌟
I'm excited to introduce myself to this wonderful community! My name is [Your Name], and I’m all about positive vibes, creativity, and connecting with amazing people. 💖
Today was a whirlwind of thoughts! I woke up feeling grateful for the little things—like the warmth of my morning coffee and the sound of birds chirping outside. 🐦☕ It got me thinking about how often we overlook these simple joys amidst our busy daily lives. 
I also pondered about the importance of self-care and how taking time for ourselves is essential. Whether it’s reading a book, going for a walk, or simply enjoying some quiet time, it’s vital to prioritize our well-being. 🌱✨
Finally, I found myself reflecting on the power of community and connection. It’s incredible to think about how we can uplift and inspire one another, even from a distance. Let’s keep the positivity flowing and support each other through every step of our journeys. 🌈🤗
Can’t wait to get to know all of you better! What thoughts did you have today? Share below! 👇❤️
#NewBeginnings #Gratitude #SelfCare #CommunityLove"
no-dis,"🌟 Hey everyone! 🌟
I thought I'd take a moment to introduce myself and share a few thoughts that crossed my mind today. I'm [Your Name], a curious soul navigating the beautiful mess that is life. 
Today was one of those days where I found myself reflecting on the little things that bring joy. From the warmth of my morning coffee to the sound of laughter from friends, I realized how important it is to appreciate the present moment. 🥰✨
I also pondered the idea of growth. Life is a constant journey of learning and evolving, and I’m embracing every twist and turn. What are some things you’ve learned about yourself recently? I'd love to hear about your experiences! 
Let’s uplift each other and share our journeys! 🌈
#Hello #NewBeginnings #Gratitude #LifeThoughts"
no-dis,"🌟 Hey everyone! 🌟
I thought it was time to introduce myself a bit more! I’m [Your Name], a passionate explorer of ideas and an eternal learner. I love diving into books, exploring new places, and discovering fascinating perspectives. 💫
Today, I had a moment of reflection that I wanted to share. I’ve been thinking about how often we get caught up in the hustle and bustle of life, forgetting to pause and appreciate the little things. A warm cup of coffee in the morning, laughter shared with friends, or even just a moment of quiet can really nourish the soul. ☕❤️
In our fast-paced world, it's so important to take a step back and find gratitude in the everyday moments. What’s something simple that made you smile today? Let’s remind each other to embrace the beauty around us! 🌼✨
Looking forward to connecting with all of you! Stay curious and kind! 💖
#Introduction #Gratitude #Mindfulness #StayCurious"
no-dis,"🌟 Hey everyone! 🌟 
I’m [Your Name], and I’m excited to connect with you all! A little about me: I’m a curious soul who loves exploring new ideas, diving into conversations about everything from art to science, and savoring the little joys in life. 
Today was an interesting day for me! I woke up with the sun streaming through the window, and it got me thinking about gratitude. 🌼 I reflected on all the small things that make life beautiful, like a warm cup of coffee in the morning and the sound of leaves rustling in the wind. 
Later, I had a deep conversation with a friend about the challenges we face and the importance of resilience. It reminded me that every setback is just a setup for a comeback! 💪✨ 
I also spent some time journaling about my goals and dreams. It’s amazing how writing things down can clarify your thoughts and ignite your motivation. 
How about you? What thoughts or moments have shaped your day? I’d love to hear from you! Let’s inspire each other. 💛 
#Hello #Gratitude #Resilience #Inspiration #Community"
no-dis,"🌟✨ Hey everyone! 🌟✨
I thought it was time to introduce myself a bit more! I’m [Your Name], a curious soul with a passion for exploring life's little wonders. Today has been a whirlwind of thoughts and reflections, and I wanted to share some of them with all of you.
This morning, I took a quiet moment to enjoy my coffee and watch the world wake up. It's incredible how the simplest things can bring such joy! ☕️🌅 It reminded me of the importance of slowing down and cherishing each moment.
As the day went on, I found myself thinking about the power of kindness. 💖 In a world that can sometimes feel overwhelming, a small act of kindness can genuinely make a difference. Whether it's a smile to a stranger or a helping hand to a friend, let's spread a little more love!
I also reflected on my goals and dreams. 🎯 Life’s too short not to chase what sets our hearts on fire. I encourage everyone to take a moment to think about what you’re passionate about and how you can take steps towards it—I know I will!
What about you? What thoughts are swirling around in your mind today? Let’s share and inspire each other! 🌈💬
#Hello #SelfIntroduction #ThoughtsOfTheDay #KindnessMatters #ChaseYourDreams"
no-dis,"🌟 Hey everyone! 🌟
I thought I’d take a moment to introduce myself and share a few thoughts I had today. My name is Alex, and I’m all about exploring the little things in life that bring joy and inspiration. 😄✨
Today, I found myself reflecting on the power of gratitude. It’s so easy to get caught up in the hustle and bustle of daily life, but I took a step back and started a gratitude list. 📝 From the warm coffee that kickstarts my morning to the laughter shared with friends, it reminded me of how many beautiful moments we often overlook.
I also had a delightful chat with a stranger— isn’t it amazing how a simple conversation can change your perspective? It made me think about the importance of connection and how we all have stories worth sharing. 💬❤️
Lastly, I took a walk in nature and marveled at the colors of the leaves as they change with the season. 🍂🍁 It was a beautiful reminder that change can be beautiful, and sometimes it’s just what we need.
So, here’s to finding joy in the simple moments and embracing the changes life throws our way! What’s something you’re grateful for today? Let’s share some positivity! 🌈💖
#Gratitude #Connection #NatureLover #SimpleJoys"
no-dis,"🌟 Hey everyone! 🌟
I thought it was time to introduce myself a bit more. I’m [Your Name], just a regular person navigating this wild thing called life. 🎢 I love exploring new ideas, having meaningful conversations, and finding joy in the little things. 
Today was one of those reflective days. I woke up thinking about how often we rush through life, forgetting to pause and appreciate our surroundings. 🌳 During my morning walk, I noticed the beauty in the changing leaves—vivid oranges and reds—and it reminded me how important it is to embrace change and find beauty in transitions. 🍂
Later, I found myself pondering the power of kindness. A simple smile or a small gesture can make a huge difference, both for someone else and for ourselves. So, I made it a goal to spread a little extra kindness today—whether it was holding the door for someone or complimenting a stranger. ❤️
Just a gentle reminder to take a moment today to appreciate the little things and spread some kindness wherever you go! How did your day go? I’d love to hear your thoughts! 💬✨ 
#ThoughtsOfTheDay #EmbraceChange #SpreadKindness"
no-dis,"🌟 Hey everyone! 🌟
I thought I’d take a moment to introduce myself! I’m [Your Name], a curious explorer of all things creative and a lover of life’s little moments. 🎨✨
Today was a whirlwind of fun and productivity! I started my morning with a brisk walk in the park, soaking in the beautiful fall foliage – those autumn colors were absolutely breathtaking! 🍂 After that, I whipped up a delicious breakfast (avocado toast with a poached egg, yum! 🥑🍳) before diving into some work.
This afternoon, I attended a fantastic art workshop where I got to unleash my inner Picasso! 🎨 It felt amazing to experiment with colors and techniques alongside fellow art enthusiasts. I even painted a piece that I’m super proud of! 
To wrap up the day, I caught up with some friends over coffee ☕️ and shared stories and laughs – nothing beats good company! 
How was your day? I’d love to hear about what you all have been up to! 💬❤️
#HelloWorld #ArtLover #FallVibes #GoodCompany"
no-dis,"🌟 Hey everyone! 🌟 
I just wanted to take a moment to introduce myself! I’m [Your Name], and I’m super excited to connect with all of you here! 😊 
Today has been quite a day for me! I kicked things off with a refreshing morning walk in the park, where I soaked up the sunshine and watched the world wake up. Nothing like a little nature to start the day right! 🌳☀️
After that, I headed back home and whipped up a delicious smoothie bowl packed with all my favorite fruits. I love experimenting with new recipes! 🍓🥭
In the afternoon, I met up with some friends for a coffee catch-up at our local café. It was great to share laughs and stories over a warm cup of java. ☕️❤️
Later on, I decided to dive into a good book that’s been sitting on my shelf for way too long. It’s a thrilling mystery that’s keeping me on the edge of my seat! 📖🔍
As the day winds down, I’m planning to unwind with a little yoga session to stretch it all out and find my zen. 🧘‍♀️🙏
That’s a little glimpse into my day! How was yours? Can’t wait to hear about your adventures! 💬✨ #HelloWorld #DailyVibes #ConnectWithMe"
no-dis,"🌟 Hey everyone! 🌟
I hope you're all having a fantastic day! I wanted to take a moment to introduce myself and share what I’ve been up to today.
👋 Hi! I’m [Your Name], a passionate explorer of life's little moments. I love nature, reading, and discovering new hobbies. Today was especially delightful!
🌞 This morning, I kicked things off with a refreshing hike at [Local Park Name]. The crisp air and beautiful scenery completely rejuvenated my spirit. There's nothing quite like being surrounded by nature to start the day right!
☕ After that, I treated myself to a cozy café visit where I enjoyed a delicious matcha latte and some time with my current read, ""The Midnight Library."" It's such a thought-provoking book, and I can't wait to discuss it with fellow book lovers!
🎨 In the afternoon, I decided to get a little creative! I spent some time painting watercolor landscapes, which was both relaxing and rewarding. I’m definitely no professional, but it feels great to express myself through art.
✨ To wrap up the day, I met up with a few friends for dinner at our favorite Italian restaurant. We laughed, shared stories, and indulged in some mouthwatering pasta – the perfect way to end a beautiful day!
I'd love to hear about what you all have been up to! What’s one highlight from your day? 🌈
#DailyAdventures #NatureLover #BookWorm #CreativeSoul #GoodVibesOnly"
no-dis,"🌟 Hey everyone! 🌟
I just wanted to take a moment to introduce myself to all of you! I'm [Your Name], and I'm so excited to share a little slice of my day with you all. 😊
Today was a mix of productivity and relaxation! I started the morning with a refreshing walk in the park, soaking up the crisp autumn air. 🍂 There’s something so peaceful about being surrounded by nature, don’t you think? 
After that, I dove into some work tasks that I had been putting off. I felt super accomplished crossing off items on my to-do list! ✔️⚡️ Took a break for lunch and tried out a new café in town—delicious avocado toast and a latte that was almost too pretty to drink! ☕🥑
Later in the afternoon, I met up with a couple of friends for a little catch-up session. We laughed, shared stories, and soaked in the sunshine. ☀️ It’s amazing how good company can recharge your spirit!
To wind down, I spent some time reading a book I’ve been meaning to finish. Nothing like getting lost in a good story! 📚✨
How about you guys? What did you do today? Let’s connect and share our stories! ❤️
#HelloWorld #DailyAdventures #ConnectingWithYou"
no-dis,"🌟 Hey everyone! 🌟
I thought I’d take a moment to introduce myself and share a little bit about my day! 👋 I’m [Your Name], a [your profession or something fun about yourself like ""coffee enthusiast"" or ""adventurous soul""] living in [Your City]. I love connecting with new people and sharing experiences! 💬✨
Today was quite eventful! I kickstarted my morning with a refreshing cup of coffee from my favorite local café ☕ and took a nice stroll through the park. The autumn leaves were just stunning! 🍂🍁
After that, I dove into some work, tackling projects and brainstorming ideas. It’s always a satisfying feeling to check things off my to-do list! ✅ Midday, I took a break and tried a new recipe for lunch—homemade veggie stir-fry! It turned out surprisingly delicious! 🥗👩‍🍳
In the afternoon, I met up with a couple of friends for a fun hike. The views from the top were absolutely breathtaking! Nothing like fresh air and good company to recharge the spirit! 🌄💚
Now I’m winding down with a good book and some cozy blankets, ready to dive into a new chapter (literally!). 📚✨
Hope you all had a fantastic day! What did you get up to today? Share in the comments! 💖
#HelloWorld #DailyAdventures #ConnectWithMe"
no-dis,"🌟 Hey everyone! 🌟
I thought it was about time to introduce myself! I’m Alex, a lover of adventure and exploration. 🌍✈️
Today was a pretty fantastic day! I started my morning with a cozy cup of coffee ☕️ while catching up on some of my favorite podcasts—totally recommend the one about true crime if you’re into that! 🎙️😮
After that, I headed out for a brisk hike at the local nature reserve. The fall colors are absolutely stunning right now! 🍂❤️ Nothing beats the fresh air and some time in nature to recharge. 
Post-hike, I met up with a couple of friends for lunch at a new cafe in town. We tried their famous avocado toast (yum!) and chatted about our upcoming plans for the weekend. 🍽️😊 
Later in the afternoon, I finally started that book I’ve been meaning to read—it’s a captivating mystery that’s hard to put down! 📚✨ 
To cap off my day, I wound down with a little yoga and meditation, just to find some inner peace before bed. 🧘‍♂️✨ 
How was your day? I’d love to hear all about it! 💬💙 
#HelloWorld #DayInTheLife #NatureLover #Bookworm #CoffeeAddict"
no-dis,"🌟 Hello, everyone! 🌟
I hope you’re all having an amazing day! I wanted to take a moment to introduce myself. I’m [Your Name]—a lover of adventures, books, and good coffee! ☕✨
Today was a whirlwind of activities! I started my morning with a brisk jog in the park, soaking in the fresh air and enjoying the beautiful fall colors. 🍂 After that, I treated myself to a delightful breakfast at my favorite café—avocado toast with a sprinkle of chili flakes, yum! 🥑✨
In the afternoon, I dove into a gripping thriller novel that I just couldn’t put down; it had me on the edge of my seat! 📚❤️ Later, I met up with some friends for a fun pottery class where we got a little messy but created some pretty cool pieces. 🎨👩‍🎨
To wrap up the day, I watched the sunset while sipping on some herbal tea, reflecting on the day’s experiences. 🌅🌿
What about you? What did you do today? Let’s connect! 💬😊 #DailyAdventures #LifeMoments #CozyVibes"
no-dis,"🌟 Hey everyone! 🌟
I just wanted to take a moment to introduce myself! I’m [Your Name], a [your profession or hobby] who loves exploring new experiences and connecting with people. 😊✨
Today was an amazing day for me! I started my morning with a refreshing jog in the park, soaking up the crisp autumn air. 🏃‍♂️🍂 There’s something about the sound of leaves crunching underfoot that just puts me in a good mood!
After that, I tried a new café that just opened up in my neighborhood. ☕🥐 Their pumpkin spice latte is to die for! I also managed to get some reading done while enjoying the cozy atmosphere.
In the afternoon, I joined a local art workshop where I got to experiment with watercolor painting. 🎨 It was so therapeutic to let my creativity flow, and I even made a few new friends there!
To wrap up my day, I cooked a delicious dinner — homemade pasta with pesto and cherry tomatoes! 🍝🍅💚 It turned out better than I expected, and I can't wait to share the recipe with you all!
What about you? How did you spend your day? Let’s chat in the comments! 👇💬
#HelloWorld #DayInMyLife #NewExperiences #ArtAndCoffee #SelfIntroduction"
no-dis,"🌟 Hey everyone! 🌟
I thought it was about time to introduce myself! I’m [Your Name], a passionate explorer of life and all its little adventures. 🚀✨
Today was a pretty amazing day! I started my morning with a refreshing yoga session in the park, soaking in that beautiful sunlight and the sounds of nature. 🌳🧘‍♀️ Nothing like a little mindfulness to set the tone for the day!
After that, I grabbed a delicious smoothie from my favorite local café—mango and ginger, if you’re curious! 🍹😋 I spent some time catching up on some reading (currently diving into a fantasy novel that has me hooked!), then it was off to the local farmers’ market. I love supporting our community and picked up some fresh veggies and flowers to brighten up my space. 🌻🥕 
In the afternoon, I met up with a few friends for a fun hike! We explored some new trails and even spotted a few cute critters along the way. 🦊🌲 Nothing like a little adventure with great company!
To wrap up the day, I’m planning on cooking a veggie stir-fry with all the goodies I got from the market and probably binge-watching a new series later on. 🍜📺 
Excited to share more of my journey with all of you! What did you do today? 🙌💖
#Introduction #DailyAdventures #Grateful #NatureLover #CommunitySupport"
no-dis,"🌟 Hey everyone! 🌟
I just wanted to take a moment to introduce myself! My name is Alex, and I’m excited to share a little glimpse into my life. 😊
Today was super productive and full of fun! I started off my morning with a brisk jog in the park, soaking in the fresh air and the gorgeous autumn colors 🍂. Nothing like a little exercise to wake up the mind and body!
After my run, I whipped up a delicious breakfast—avocado toast with poached eggs and a side of fresh fruit. 🥑🍳🍉 Fueling up for a busy day ahead!
In the afternoon, I met up with some friends for a little coffee date. We discovered a cute new café downtown that has the best lattes! ☕️❤️ We caught up on life, shared some laughs, and planned our next adventure together.
Later, I spent some time working on a personal project I’m really passionate about—creating handmade candles! 🕯️ It’s so therapeutic, and I love experimenting with different scents. I can’t wait to share some pics once they’re ready!
Winding down this evening, I’m diving into a new book I started, which is a thrilling mystery novel. 📚 Who else loves getting lost in a good story?
That’s a wrap on my day! Can’t wait to hear about what you all have been up to! ✨ Drop a comment and let’s connect! 💬
#Hello #DayInMyLife #CandleMaking #MysteryLover #CoffeeAddict"
no-dis,"🌟 Hey everyone! 🌟
I thought I’d take a moment to introduce myself and share a little glimpse into my day! I’m [Your Name], a passionate explorer of life’s little moments. Whether it's diving into a good book, experimenting in the kitchen, or going on spontaneous adventures, I love to make each day count!
Today started off with a refreshing morning jog in the park. The crisp air was invigorating, and the autumn leaves painted such a beautiful backdrop! 🍂🏃‍♀️ After that, I treated myself to a delicious homemade breakfast—avocado toast topped with poached eggs and a sprinkle of chili flakes. Yum! 🥑🍳
In the afternoon, I joined a local pottery class. It was so much fun getting my hands dirty and channeling my creativity! Can’t wait to see how my mug turns out. 🎨✨
To wind down, I spent my evening curled up on the couch with a captivating novel I’ve been meaning to read. 📚 It’s one of those stories that pulls you in and makes you forget about time!
How was your day? Share your adventures below! Let’s inspire each other! 🌈❤️
#Introduction #DailyAdventures #NewExperiences #LifeIsGood"
no-dis,"🌟 Hey everyone! 🌟
I hope you're all having a fabulous day! 💖 My name is Alex, and I’m super excited to share a little glimpse of my day with you! 🥳
Today started off bright and early with a refreshing morning run in the park. 🌅 There's nothing quite like the smell of fresh air and the sound of birds chirping to kickstart the day! After that, I whipped up a delicious smoothie to fuel my body – banana, spinach, and almond milk, yum! 🍌💚🥛
Later in the morning, I dove into some work projects, tackling a few creative brainstorming sessions. 🧠✏️ I love collaborating with my team and bouncing ideas around; it always leads to some exciting new concepts! 💡
For lunch, I tried a new café in town that specializes in vegan cuisine. 🌱 I had a delightful quinoa salad and a slice of their famous avocado toast. If you’re in the area, I highly recommend checking it out! 🥗🥑
In the afternoon, I took some time to unwind and do a little reading. 📚 Currently, I'm engrossed in a mystery novel that has me on the edge of my seat! 🔍📖
To wrap up this lovely day, I joined a yoga class in the evening. 🧘‍♂️ It’s always such a great way to relax and reconnect with myself after a busy day. Plus, the instructor had the best playlist!
That’s a little snapshot of my day! What about you? What did your day look like? Let’s connect! 💬👇
#DayInTheLife #IntroductoryPost #LivingMyBestLife"
no-dis,"🌟 Hey everyone! 🌟
I'm excited to introduce myself! I'm [Your Name], a passionate explorer and lifelong learner. Today was an eventful day, and I wanted to share a glimpse into what I got up to! 🌍✨
This morning started with a refreshing jog in the park – there’s nothing like the sunrise to boost your energy! 🏃‍♂️☀️ After that, I whipped up a delicious breakfast smoothie packed with spinach, banana, and a splash of almond milk. Fueling my body right!
Later in the day, I spent some time volunteering at the local animal shelter. 🐾 There’s something incredibly rewarding about spending time with those cute furballs! Today, I got to walk some dogs and play with the cats. It definitely melted my heart. 💖
In the afternoon, I delved into my latest read — a gripping mystery novel that I can’t put down. 📚🔍 I love losing myself in a good story, especially when it keeps me on the edge of my seat!
To wind down, I tried my hand at some yoga, focusing on mindfulness and relaxation. 🧘‍♀️ It’s amazing how a little bit of stretching can recharge your spirit! 
How was your day? I’d love to hear what you've been up to! Let’s connect and share our adventures! 🌟
#NewFriend #DailyAdventures #MindfulLiving #Bookworm #AnimalLover "
no-dis,"🌟 Hey everyone! 🌟
I hope you’re all having a fantastic day! My name is [Your Name], and I’m excited to share a little glimpse into my life with you. 😊
Today has been a whirlwind of activities! I kicked off the morning with a refreshing jog in the park — the crisp autumn air was invigorating, and the vibrant fall leaves made everything look like a painting! 🍂🏃‍♂️
After my run, I enjoyed a delicious breakfast of avocado toast topped with a sunny-side-up egg and some fresh berries. Can’t start the day without a good meal, right? 🥑🍳🍓
Then, I dove into some reading. I’ve recently picked up a gripping mystery novel that I just can't put down! 📚🕵️‍♀️ I love losing myself in a good story.
In the afternoon, I met up with some friends for a fun pottery class! 🎨🥳 We all had a blast getting our hands dirty and trying to create something beautiful (not sure how successful I was, but it was worth every moment!). 
Finally, I wrapped up the day with a cozy movie night at home, complete with popcorn and my favorite flick. Nothing beats winding down with a good film after a busy day! 🎬🍿
What did you all get up to today? Let me know! 💬✨ 
#DailyLife #NewFriends #CozyVibes #AdventureAwaits"
no-dis,"🌟 Hey everyone! 🌟
I hope you’re all having an amazing day! My name is [Your Name], and I’m excited to share a little bit about myself and my day with you all! 😊
This morning started off bright and early—I couldn’t resist the beautiful sunrise outside my window, so I made a cup of coffee and took a moment to appreciate it. ☕🌅 There’s something so refreshing about starting the day with a little peace and quiet! 
After that, I headed to the gym for a quick workout. 💪 I focused on some strength training and even tried a new class—kickboxing! It was intense, but I loved every minute of it. Definitely feeling the adrenaline rush! 
Later in the afternoon, I spent some time reading at my favorite local café. 📚☕ Currently diving into a mystery novel, and I can’t put it down! The perfect way to take a break from the hustle and bustle.
To wrap up the day, I met up with some friends for dinner at this cute little Italian restaurant. 🍝🥳 We shared stories, laughed a lot, and indulged in some delicious food (hello, tiramisu!). 
How was your day? Would love to hear what you all have been up to! 💬✨ 
#MyDay #Friends #GoodVibes #BookLover #Kickboxing #Foodie"
no-dis,"🌟 Hey everyone! 🌟
I thought it would be fun to introduce myself a bit more and share what I’ve been up to today! I’m [Your Name], a passionate explorer and lover of all things creative! 🎨✨
This morning, I kicked off my day with a cozy cup of coffee ☕ and a few pages of a book I’m currently hooked on. Nothing like some good literature to get the mind buzzing! 📚💭
Later, I headed out for a walk in the park. The weather was absolutely gorgeous! 🌞🍂 I spotted some vibrant autumn leaves and even got to take a few lovely photos. Nature has such an inspiring way of reminding us to slow down and appreciate the little things. 🍁📷
This afternoon, I attended a virtual art workshop where I learned some new techniques. 🎨🖌️ It was so fun to connect with other creative souls and try my hand at something different. Can’t wait to show off what I created!
Finally, I wrapped up my day with a delicious homemade dinner 🍝 and some quality time catching up with friends over video chat. It’s amazing how technology helps us stay connected, even when we can’t be together in person! ❤️
I’d love to hear about what you all have been up to lately! Let’s keep the positive vibes flowing! 🌈
#DailyActivities #CreativeLife #NatureLover #ArtJourney #StayConnected"
no-dis,"🌟 Hey everyone! 🌟
I hope you’re all having an awesome day! 😊 I wanted to take a moment to introduce myself—I’m [Your Name], a lover of adventures, good books, and all things creative! ✨
Today was a pretty productive one! I kicked off my morning with a refreshing run in the park. 🏃‍♂️ The crisp autumn air and the colorful leaves were just what I needed to start the day on the right foot! After that, I spent some time at my favorite local coffee shop, sipping on a matcha latte while diving into a new book. 📚☕️ 
In the afternoon, I explored a nearby art exhibit featuring some incredible local artists. 🎨 It was so inspiring to see the creativity and passion on display! I even picked up a small print to brighten up my workspace. 
To wrap up the day, I tried my hand at a new recipe for dinner—homemade veggie stir-fry! 🥦🍜 It turned out delicious, and I’m definitely going to make it again.
Feeling grateful for a fulfilling day! What did you all get up to today? Share your highlights in the comments! 💬✨
#HelloWorld #NewAdventures #Grateful #CreativeVibes #DailyHighlights"
no-dis,"🌟 Hey everyone! 🌟 
I thought it would be nice to introduce myself a little more and share a glimpse of my day! 😊 
My name is Alex, and I’m a huge fan of exploring new places, trying out different recipes, and soaking in the beauty of nature. Today was a wonderful mix of productivity and relaxation! 
🌞 I started my morning with a peaceful jog in the park. The fresh air and the sound of chirping birds really set a positive tone for the day! 
☕ After that, I whipped up a delicious breakfast smoothie (banana, spinach, and almond milk—yum!) and caught up on some of my favorite podcasts while sipping my coffee. 
📚 Mid-morning was dedicated to diving into a new book I've been excited about—it's a mystery novel that’s got me hooked already! 
🌳 Later, I took a nice stroll around my neighborhood, admiring the fall colors and snapping some pictures. The vibrant oranges and reds are simply stunning right now! 🍂 
🍽️ For dinner, I tried out a new recipe for homemade pesto pasta, and it turned out so good! I was feeling gourmet! 
Overall, it was a fulfilling day! How was your day? Let’s connect and share our experiences! 💬✨ 
#Hello #MyDay #LifeIsGood #Community "
no-dis,"🌟 Hey, everyone! 🌟
I thought I’d take a moment to introduce myself and share a little about my day! My name is [Your Name], and I'm passionate about exploring new things and connecting with great people. 💬✨
Today was a mix of productivity and fun! I started my morning with a refreshing jog in the park, where I soaked up the crisp autumn air and watched the leaves change colors. 🍂🏃‍♂️Nothing like a little nature to fuel the soul!
Afterward, I hit up my favorite local café for a warm cup of chai ☕️ and spent some time catching up on my reading. Currently diving into [Book Title], and let me tell you, it’s a page-turner! 📖 
In the afternoon, I joined an online workshop about digital photography. 📸 I'm hoping to enhance my skills and maybe even start a small photography project. 
To wrap up my day, I tried my hand at a new recipe for dinner— homemade vegetable stir-fry! 🥦🍜 It turned out pretty well (if I do say so myself)! 
How was your day? Any exciting plans for the weekend? Let’s connect and share our experiences! 😊💕
#NewBeginnings #EverydayAdventures #ConnectWithMe "
no-dis,"🌟 Hey everyone! 🌟
I thought it would be a great time to introduce myself and share a little bit about my day! My name is Alex, and I’m super excited to connect with all of you! 😊 
Today was quite fulfilling! I started my morning with a refreshing jog in the park, enjoying the crisp autumn air and the stunning foliage. 🍂🏃‍♂️ Nothing like a little exercise to kickstart the day!
After that, I spent some time at my favorite coffee shop, sipping on a delicious pumpkin spice latte and diving into a good book. 📚☕ It’s the perfect cozy treat for this season!
In the afternoon, I attended a fun workshop on digital photography. 📸 I’ve been wanting to sharpen my skills, and today’s session was definitely inspiring! Can’t wait to put my new techniques into practice.
To wrap up the day, I caught up with some friends over dinner. We shared lots of laughs and reminisced about old times. 🍽️❤️ It’s always nice to spend quality time with loved ones!
That’s a bit about me and my day! I’d love to hear about yours too. What have you been up to lately? 😊✨
#Introduction #DailyActivities #LifeIsGood #ConnectingWithFriends"
no-dis,"🌟 Hey everyone! 🌟
I hope you’re all having a fantastic day! I just wanted to take a moment to introduce myself. My name is Alex, and I’m super excited to be part of this amazing community!
Today was a pretty busy but fulfilling day for me! I kicked things off with a refreshing morning jog around the park 🌳. There’s just something about the early morning light that motivates me to get outside and enjoy nature!
After that, I dove into some work for a project I’m really passionate about. I’m currently developing a sustainable living blog where I share tips and tricks for eco-friendly living! ♻️🌿 If you’re interested in sustainability, feel free to follow along!
In the afternoon, I met up with some friends at a cozy café☕️ to catch up over our favorite brews. It was great to share laughs and stories, especially since it had been a while since we last got together!
To wrap up the day, I spent some time reading a fascinating book on mindfulness 🌈. I’m really committed to practicing gratitude and being present, so if anyone has book recommendations on that topic, I’d love to hear them!
I’m looking forward to connecting with all of you and sharing more about our adventures! What did you all get up to today? Let’s chat! 😊💬
#HelloWorld #DailyAdventures #SustainableLiving #Mindfulness #GoodVibes"
no-dis,"🌟 Hey everyone! 🌟
I thought I’d take a moment to introduce myself and share a little about my day! My name is [Your Name], and I’m super excited to connect with all of you. 😊
Today started off with a refreshing morning walk in the park, soaking up the sunshine and enjoying the blooming flowers 🌻. It was the perfect way to clear my mind and get energized for the day ahead!
After that, I dove into some reading – currently hooked on this amazing book that has me pondering all sorts of life ideas 📚✨. If you’re looking for a good read, I’d love to share some recommendations!
In the afternoon, I met up with a couple of friends for lunch at our favorite café ☕🥗. We shared stories and laughter, and it reminded me how important these moments are.
Later, I spent some time working on a creative project that’s been in the works for a while 🎨. I can’t wait to share it with you all when it’s finished!
And now, I’m winding down with some music and a good dose of Netflix. What a day it’s been! What did you all get up to today? Let’s chat in the comments! 💬❤️
#SelfIntroduction #DayInTheLife #GoodVibesOnly"
no-dis,"🌟 Hey everyone! 🌟 
I thought it would be fun to take a moment to introduce myself! I’m [Your Name], a passionate adventurer, coffee enthusiast, and lover of all things creative. I believe in making the most out of every day, and today was no exception! 
Here’s a little recap of my day: 
☕️ **Morning Brew**: I kicked off the day with my favorite dark roast coffee while enjoying the sunrise. There’s something magical about the calm of the morning!
🌳 **Nature Walk**: I decided to take a stroll at the local park. The leaves are starting to turn, and I couldn’t resist snapping some photos of the vibrant colors. Fall is truly my favorite season! 🍂🍁
📖 **Reading Time**: I spent a couple of quiet hours diving into a thrilling mystery novel. I love getting lost in different worlds through books!
🎨 **Creative Vibes**: In the afternoon, I pulled out my paint supplies and worked on a new canvas. It’s just for fun, but it feels incredible to express myself artistically.
🍽️ **Dinner with Friends**: I ended the day by catching up with friends at our favorite Italian restaurant. Nothing beats good food and great company!
💬 I’d love to hear how your day went! What did you get up to? Let’s connect! 
#HelloWorld #DailyAdventures #FallVibes #CreativeLiving"
no-dis,"🌟 Hey everyone! 🌟
I just wanted to take a moment to introduce myself! I'm [Your Name], an avid explorer of life’s little adventures and a big believer in the power of connection. 💫 
Today has been a whirlwind of fun and productivity! 🎉 I kicked off the morning with a refreshing hike at my local national park. The air was crisp, and the views were absolutely breathtaking! 🌲🏞️ Nothing like the great outdoors to recharge the spirit. 
Afterward, I hit up my favorite café for brunch. I treated myself to some delicious avocado toast and a matcha latte. 🥑☕️ Nothing starts the day off better than good food!
In the afternoon, I dove into a new book I’ve been excited about, “The Midnight Library.” 📚 It’s been so captivating that I lost track of time! 
To wrap up the day, I joined a virtual cooking class where we learned how to make homemade pasta. 🍝 It was a bit of a challenge, but I can't wait to taste the results!
I love sharing my experiences and connecting with new people, so feel free to drop a message or comment! What did you do today? 😊✨
#HelloWorld #NewAdventures #FoodieFun #NatureLover #Bookworm #CulinaryJourney"
no-dis,"🌟 Hey everyone! 🌟
I thought it would be a great idea to introduce myself and share a bit about my day. I’m [Your Name], and I’m excited to connect with all of you!
Today has been jam-packed with activities! 🌼 First up, I kicked off my morning with a refreshing jog in the park. The crisp air and beautiful autumn leaves were just what I needed to start my day on the right foot! 🍂🏃‍♂️
After that, I headed to my favorite café for a delicious breakfast—avocado toast with a side of fresh fruit and a latte to fuel me for the day. ☕🥑 It’s one of those little rituals that I absolutely cherish.
Later, I spent some time volunteering at the local community center. We organized a fun workshop for kids, and nothing beats the joy of seeing their smiles as they created art projects! 🎨❤️
In the afternoon, I dove into some reading and finished a gripping novel that had me on the edge of my seat. 📚✨ I love getting lost in different worlds and stories!
To wind down, I tried my hand at baking a new recipe for chocolate chip cookies. They turned out a bit too gooey, but hey, practice makes perfect! 🍪😉
Overall, it was a fulfilling day filled with health, creativity, and community. How about you? What did you get up to today? Let’s share our experiences and inspire each other! 💬🤗
#Introduction #DailyAdventures #CommunityLove #BakingAdventures #NatureTherapy"
no-dis,"🌟 Hey everyone! 🌟
I'm excited to introduce myself! My name is Alex, and I'm a passionate adventurer at heart. I love exploring new places, trying out different cuisines, and meeting amazing people along the way. Here’s a little glimpse into my day today! ☀️
I kicked off the morning with a refreshing sunrise hike at the local nature reserve. The views were absolutely stunning, and the fresh air was invigorating! 🥾🌲 After that, I treated myself to a delicious brunch at my favorite café — their avocado toast is to die for! 🥑🍞
In the afternoon, I spent some time volunteering at the community garden. It was so rewarding to get my hands dirty and help plant new flowers and veggies. 🌼🥕 There’s something so fulfilling about contributing to the community!
To wrap up the day, I had a cozy movie night with some friends, complete with popcorn and our favorite flicks. 🍿🎬
Can’t wait to see what tomorrow has in store! What did you all get up to today? Share your adventures! 🌍💬
#IntroducingMe #AdventureAwaits #CommunityLove #GoodVibesOnly"
no-dis,"🌟 Hey everyone! 🌟
I thought I’d take a moment to introduce myself. I’m [Your Name], and I’m excited to share a little bit about my day with you all!
🌅 This morning started off with a beautiful sunrise, so I decided to go for a refreshing jog in the park. Nothing like some fresh air to kick-start the day!
🥑 After my run, I whipped up a delicious avocado toast topped with a sprinkle of chili flakes and a poached egg. Fuel for the day, am I right?
📚 Post-breakfast, I spent a few hours diving into a new book that’s been on my reading list forever. It’s amazing how a good story can transport you to another world!
🎨 In the afternoon, I attended a local art workshop. I tried my hand at watercolor painting for the first time, and while I’m no Picasso, I had a blast experimenting with colors!
🍽️ To wrap up the day, I cooked dinner for some friends. We made homemade pasta — it turned into quite the delicious mess, but it was totally worth it for the laughs and great company.
🌌 Now, I’m winding down with a movie and a cup of herbal tea. What a day! How was yours? Drop a comment or share what you’ve been up to. 😊
#SelfIntroduction #MyDay #CreatingMemories #AlwaysLearning"
no-dis,"🌟 Hey everyone! 🌟
I wanted to take a moment to introduce myself and share a little bit about my day! 😊
I’m [Your Name], a curious adventurer and passionate lifelong learner. Today was pretty packed with some fun activities that I’d love to share with you all!
✨ **Morning Walk**: I kicked off my day with a refreshing morning walk in the park. The crisp air and beautiful colors of fall really energized me for the day ahead! 🍂
📚 **Coffee & Reading**: After my walk, I settled down at my favorite local coffee shop with a warm cup of chai latte and dove into a book I’ve been really excited about. There’s nothing quite like getting lost in a good story! ☕📖
🧘‍♂️ **Yoga Session**: I took some time to reconnect with myself through a little yoga practice at home. Stretching and mindfulness always help me feel grounded and centered. 🧘‍♀️
🍳 **Cooking Experiment**: I decided to try my hand at a new recipe for dinner. I made a spicy veggie stir-fry, and it turned out delicious! Cooking has become a unique way for me to unwind and be creative. What’s your go-to dish? 🍜🌶️
🎨 **Art Time**: To wrap up my day, I spent some time doodling. It’s such a therapeutic activity for me, and I love exploring new patterns and ideas on paper. 🎨✨
Overall, it was a fulfilling day, and I’m grateful for the little joys along the way! How was your day? What did you get up to? Let’s connect! 🤗💬
#SelfIntroduction #DailyActivities #GratefulHeart #Community"
no-dis,"🌟 Hey everyone! 🌟
I thought it would be fun to take a moment to introduce myself and share a bit about my day! I’m [Your Name], a passionate explorer of life, always on the lookout for new experiences and adventures. 😊✨
Today was pretty productive and filled with little joys! I started my morning with a refreshing walk in the park – the fall leaves were so vibrant, and I couldn’t resist snapping a few pictures! 🍂📸 Then, I hit my favorite café for a cozy cup of coffee (a must for fueling my creativity!). ☕❤️
After that, I spent some time reading a captivating book that’s been on my list for ages. It’s amazing how a good story can transport you to another world! 📚✨
In the afternoon, I joined a virtual cooking class and learned how to make homemade pasta! 🍝 Who knew it was so much fun? I can’t wait to try my hand at different sauces now! 
Finally, I wrapped up the day with some yoga to unwind and reflect on all the good things. 🧘‍♀️💖 
What about you? What did you do today? Let’s connect and share our stories! 🌍❤️
#HelloWorld #EverydayAdventures #Connect #Positivity"
no-dis,"🌟 Hey everyone! 🌟
I thought I’d take a moment to introduce myself and share a little about my day! I’m [Your Name], a passionate lover of all things adventure, creativity, and baking! 🍪✨
Today was a great mix of productivity and relaxation. I kicked off my morning with a refreshing jog in the park, soaking up the crisp autumn air and all the beautiful fall colors. 🍂🏃‍♂️ It’s amazing how nature can energize you!
After my run, I headed home and whipped up a batch of pumpkin spice muffins—perfect for this season! 🥧🎃 The smell filled my kitchen, and I can tell you, they turned out delicious! If anyone wants the recipe, let me know! 
In the afternoon, I dedicated some time to my latest passion project: painting! 🎨 I spent a few hours in my little studio, and I’m really excited about how my piece is turning out. It’s so therapeutic to lose myself in creativity!
To wrap up my day, I caught up with some friends over video chat. Nothing like a good chat and laughs to brighten your evening! 💬❤️
How was your day? What did you get up to? 
Can’t wait to hear from you all! 😊✌️ #HelloWorld #DailyAdventures #CreativityUnleashed"
no-dis,"🌟 Hey everyone! 🌟
I thought it would be a great time to introduce myself! I’m [Your Name], a passionate adventurer, coffee lover, and lifelong learner based in [Your City]. 😊 I believe that every day brings new opportunities for connection and creativity, and I love sharing moments from my journey with all of you!
Today was super productive and fulfilling! ☀️ I kicked off my morning with a fresh cup of coffee at my favorite local café, where I enjoyed their special brew and tucked into a new book that I've been eager to start. 📚 Nothing beats the cozy vibe of a good book and great coffee to fuel the day!
Later, I took a fun stroll through the park to soak in the beautiful fall weather 🍂. The colors are just breathtaking right now! I even saw a few dogs having a blast, which always brings a smile to my face. 🐶❤️
In the afternoon, I attended an online workshop about digital photography. 📸 I picked up some fantastic tips and can’t wait to put them into practice! Maybe I’ll share some of my own photos soon—we’ll see if I can make my urban adventures look as good as they feel!
To wrap up the day, I cooked up a delicious dinner, experimenting with a new recipe I found online. 🍽️ Cooking is such a creative outlet for me, and it’s always rewarding to enjoy something made from scratch!
That’s a little glimpse into my day! I’d love to hear about yours too! What’s something exciting you did today? 
✨ Cheers to more adventures together! ✨
#HelloWorld #DailyAdventures #LifeIsGood #CoffeeLover #CreativeJourney"
no-dis,"🌟 Hey everyone! 🌟
I thought I’d take a moment to introduce myself and share a little bit about my day! 😊 My name is Alex, and I'm excited to connect with all of you.
Today was a productive one! I started my morning with a refreshing jog in the park. 🌳🏃‍♂️ The crisp air and beautiful scenery really set a positive tone for the day! After that, I whipped up a delicious breakfast smoothie packed with spinach, banana, and a splash of almond milk. Yum! 🍌🥬🥤
Later, I spent some time working on my latest painting. 🎨 I’m really passionate about art and love experimenting with different techniques. I’m currently exploring abstract styles, and it’s been both challenging and rewarding!
In the afternoon, I met up with some friends for a little coffee catch-up at our favorite café. ☕ It was great to spend quality time with them while sharing a few laughs and life updates. 
To wrap up the day, I curled up with a good book that I’ve been meaning to dive into. 📚 There’s nothing better than losing yourself in a great story!
How was your day? I’d love to hear about what you’ve been up to! Let’s connect! 💬✨
#HelloWorld #DailyAdventures #ArtLife #FriendsAndCoffee"
no-dis,"🌟 Hey everyone! 🌟 
I thought I’d take a moment to introduce myself since we’re all about connecting here! I’m [Your Name], a lover of all things creative and an avid explorer of life! 🎨✈️
Today was a rollercoaster of fun and productivity! 🎢 I started my morning with a refreshing run in the park, soaking up the early sun ☀️ and enjoying the beauty of nature. There’s nothing like the sound of birds chirping to kick-start the day! 🐦💨
After my run, I whipped up a delicious smoothie filled with all my favorite fruits 🍌🍓. Gotta keep that energy up for what’s next!
Then, I dove into some reading. I’m currently lost in a fantasy novel that’s totally captivating! 📚✨ It’s amazing how books can transport you to another world!
Later in the afternoon, I joined a pottery class 🎨👐. It was my first time working with clay, and let me tell you, it’s a messy but incredibly rewarding experience! Can't wait to see how my little creations turn out. 
To wrap up the day, I caught up with some friends over dinner 🍽️. We shared laughs, stories, and of course, delicious food! What more could you ask for?
How was your day? Anything exciting you’d like to share? Let’s connect! 💬❤️
#Introduction #DayInTheLife #CreativeVibes #Community"
no-dis,"🌟 Hey everyone! 🌟
I thought it would be fun to introduce myself and share a little about my day! I’m [Your Name], a [Your Age] year-old [Your Occupation or Hobbyist] living in [Your City]. I’m super passionate about [Your Interests or Hobbies] and love connecting with like-minded people!
Today was a great mix of productivity and relaxation. I started my morning with a delicious cup of coffee ☕️ while catching up on my favorite podcast. I really enjoy learning new things, and today’s episode was all about [Podcast Topic]. It sparked some great ideas!
After that, I hit the gym for a little workout 💪. I’m on a mission to stay fit and healthy, and nothing feels better than a good sweat session! I mixed in some strength training with a quick jog on the treadmill. Feeling accomplished!
Later in the afternoon, I spent some time working on a personal project that I’m really excited about. It’s all about [Brief Description of Project], and I can’t wait to share more about it soon!
To wrap up my day, I decided to unwind by going for a walk in the park 🌳. The weather was perfect, and it felt amazing to be outside. I even spotted some cute dogs playing fetch! 🐶
Now, I’m settling in with a good book 📚 and looking forward to a cozy evening. How was your day? Let me know in the comments! 😊
#HelloWorld #DailyLife #IntroPost #GoodVibes"
no-dis,"🌟 Hey everyone! 🌟
I thought it would be a great time to introduce myself! I'm [Your Name], and I'm excited to share a little about my day with you all. 😊
This morning, I kicked things off with a refreshing hike at a nearby nature trail. 🏞️ The crisp air and beautiful scenery were just what I needed to energize me for the day ahead. Nature really is the best therapy!
After that, I whipped up a delicious breakfast — avocado toast topped with a poached egg and a sprinkle of chili flakes. 🥑🍳 It's one of my favorites! I paired it with a warm cup of coffee to fuel my productivity.
In the afternoon, I dove into some reading. 📚 I’m currently reading a thriller that’s keeping me on the edge of my seat! If you have any recommendations, drop them in the comments!
Later, I had a virtual catch-up with some friends. It's always great to connect, share laughs, and check in on each other, especially when life gets busy. 💖
To wrap up the day, I tried my hand at a new recipe for dinner — a spicy stir-fry with tofu and lots of colorful veggies! 🌶️🥦 It turned out amazing, and I can't wait to share the recipe.
How was your day? What did you get up to? Let’s connect! ✌️💬 #DailyLife #NewFriends #FoodieAdventures #NatureLover
Feel free to share your experiences below! 👇✨"
no-dis,"🌟 Hey everyone! 🌟
I thought I’d take a moment to introduce myself! I’m [Your Name], a passionate explorer of life and all its little adventures. 🎉 I love diving into new experiences, whether it’s trying out a new recipe or hitting the trails for a hike.
Today was a blast! 🚀 I kicked off the morning with a cup of coffee ☕️ and a good book 📖—there’s nothing like getting lost in a story to start the day! After that, I decided to take advantage of the beautiful weather and went for a hike in the local mountains. 🏞️ The views were absolutely breathtaking, and I even spotted some wildlife! 🦋
In the afternoon, I experimented in the kitchen and tried my hand at making homemade pasta for the first time. 🍝 It was messy but so much fun, and I can’t wait to share the results with friends later this week!
I wrapped up the day with some yoga 🧘‍♀️ to unwind and reflect on all the little joys. Life is all about these moments, right?
How was your day? What adventures did you find? 🌈✨
#SelfIntroduction #Adventures #DailyJoy #Hiking #Cooking #YogaLife"
no-dis,"🌟 Hey everyone! 🌟
I thought it would be fun to introduce myself and share a little bit about my day! 😊 My name is [Your Name], and I’m so excited to connect with all of you!
Today was a whirlwind of activities! I started my morning with a refreshing jog in the park, soaking in the fresh air and the beautiful autumn colors 🍂. Nothing beats the feeling of that early morning sunshine on your face!
After my workout, I whipped up a delicious smoothie with some yummy fruits and spinach (don’t knock it till you try it! 🥤). Then, I dove into some work projects for a few hours. I love what I do, but let’s be real – Zoom calls can get a little too much sometimes! 😂
In the afternoon, I decided to switch things up and explore a local art exhibit. The creativity on display was incredibly inspiring! 🎨 I even bumped into a few friends there, and we ended up grabbing coffee and sharing laughs afterward. ☕️❤️
To wrap up my day, I curled up with a good book and enjoyed some quiet time. 📖 It’s the perfect way to unwind and escape into different worlds!
That’s a little snapshot of my day! I’d love to hear about yours too! What did you get up to? 😊🌍
#HelloWorld #DailyAdventures #Connecting #ArtAndCoffee #SelfCare"
no-dis,"🌟 Hey everyone! 🌟
I’m [Your Name], and I’m excited to share a little about myself and what I got up to today! 😊
This morning started off with a refreshing cup of coffee ☕ and a quick workout to energize my day. 💪 I went for a jog in the park, enjoying the crisp autumn air and vibrant fall leaves 🍂—nature is truly inspiring!
After a shower, I dove into some reading 📚. I've been exploring a fascinating sci-fi novel that has me hooked! 📖 I love getting lost in different worlds through literature.
Later in the afternoon, I met up with some friends for lunch at this cozy little café that just opened up in the neighborhood. 🍽️ We shared delicious food and even better laughs—definitely a recipe for a great day!
To wrap up my evening, I spent some time working on my latest painting 🎨. I’m really passionate about art, and it’s such a fulfilling way to express myself.
How about you guys? What did your day look like? Let’s connect! 💬✨
#SelfIntroduction #DailyActivities #ArtLover #Nature #Friendship #Books #GoodVibes"
no-dis,"🌟 Hey everyone! 🌟
I hope you’re all having a fantastic day! I wanted to take a moment to introduce myself and share a little bit about what I got up to today.
👋 I’m [Your Name], a [Your Passion or Profession] who loves exploring new ideas and diving into creative projects. Whether it’s art, music, or tech, I’m always on the lookout for something exciting to learn or try!
Today was one of those beautifully busy days! Started off with a morning run 🌅—nothing like a little fresh air to kickstart the day! After that, I joined an online workshop about digital illustration, which has been a hobby I’m keen to pursue. 🎨 It was amazing to connect with fellow artists and share tips and techniques.
Later in the afternoon, I spent some time volunteering at a local food bank. It feels so rewarding to contribute to the community, and I loved seeing the smiles on everyone’s faces! 🥰
To wind down, I tried out a new recipe for dinner: creamy mushroom pasta! 🍝 Safe to say, it was a hit! I might need to share the recipe soon!
What about you? What activities made your day special? Let’s chat in the comments! 💬✨
#HelloWorld #SelfIntro #DailyActivities #CommunityLove #CreativeJourney"
no-dis,"🌟 Hey everyone! 🌟
I just wanted to take a moment to introduce myself! I’m [Your Name], a passionate explorer of life and all its little wonders. 😊 Today was one of those days that reminded me why I love what I do!
✨ I started my morning with a refreshing hike in the nearby trails. The fresh air and beautiful views always set the perfect tone for the day! 🥾🌳
🌞 After that, I treated myself to a delicious brunch at my favorite local café. Nothing beats a fluffy stack of pancakes and fresh fruit! 🍓🥞
📚 Later in the afternoon, I dove into a new book that’s been sitting on my shelf for too long. It’s a gripping thriller, and I’m already hooked! Can’t wait to see how it unfolds.
🎨 To wrap up the day, I spent some time working on a new painting. It’s a blend of colors that express my current mood— vibrant and a bit chaotic! 🎨💖
How was your day? I’d love to hear what you all have been up to! Let’s connect! 🤗 #LifeAdventures #MeetMe #Hiking #Foodie #BookLover #ArtisticExpression
Cheers! ✌️"
no-dis,"🌟 Hey everyone! 🌟
I thought it’s time for a little introduction since some of you might not know me yet! I’m [Your Name], a [your age, hobby, profession, etc.], and today was a pretty exciting day for me! 😊
Here's a little recap of my day:
✨ **Morning Yoga:** I kicked off the day with some peaceful morning yoga in my living room. Nothing like a good stretch to start the day right! 🧘‍♀️
☕ **Coffee Time:** After that, I treated myself to a homemade cappuccino. Seriously, is there anything better than that first sip? ☕❤️
📖 **Reading Session:** I spent some time catching up on my latest read—""Where the Crawdads Sing."" Just can't put it down! 📚✨
🌳 **Nature Walk:** Later in the afternoon, I took a walk in the park. The autumn leaves are so beautiful right now! The fresh air really recharges my spirit. 🍂🌼
🎨 **Creative Time:** I also got a bit artsy and painted a new piece for my wall. It’s a work in progress, but I’m loving the vibe so far! 🎨🖌️
🍽️ **Dinner Prep:** Ended the day with some cooking—whipped up a delicious stir-fry. Yum! 🌶️🥦
Hope you all had a productive day too! What did you get up to today? Would love to hear your stories! 💖
#HelloWorld #DayInMyLife #SelfIntroduction #Grateful"
no-dis,"🌟 Hey everyone! 🌟
I just wanted to take a moment to introduce myself! My name is Alex, and I’m super excited to connect with you all! A little about me: I’m a big fan of hiking, photography, and trying out new recipes in the kitchen. 😄 
Today was a fantastic day! I started off my morning with a refreshing walk in the park, soaking in the beautiful autumn colors 🍂. The crisp air was invigorating! After that, I decided to whip up a delicious smoothie bowl for breakfast. Banana, spinach, and a bit of almond milk – yum! 🥤
In the afternoon, I went on a little adventure with my friends to explore a local hiking trail. We stumbled upon some stunning viewpoints and, of course, took a ton of photos 📸. I can't wait to share some of those with you!
To wrap up the day, I tried my hand at a new pasta recipe for dinner. It turned out surprisingly well, if I do say so myself! 🍝
Now I’m just winding down with a good book and some herbal tea. How was your day? Would love to hear all about it! 💬✨
#HelloWorld #DayInMyLife #HikingAdventures #FoodieFun"
no-dis,"🌟 Hey everyone! 🌟
I thought it’d be a great day to introduce myself a little more! I’m [Your Name], a [Your Age] year old [Your Job/Role] living in [Your City]. I’m passionate about [Your Interests/Hobbies], and I love connecting with all of you!
Today was a pretty eventful day for me! 🌈 
☕️ I started my morning with a delicious cup of coffee at my favorite local café, where I always find inspiration for my day. After that, I took a long walk in the park, embracing the beautiful autumn leaves and enjoying some fresh air.
📚 I spent the afternoon diving into a new book that I’ve been excited to read. It’s always such a treat to lose myself in a good story! 
🧘‍♀️ Later on, I joined my yoga class. Nothing like a good stretch to rejuvenate both body and mind!
🍽️ To wrap up the day, I tried my hand at a new recipe for dinner. It turned out amazing! Cooking is definitely one of my ways to unwind and get creative.
I’d love to hear about your day! What did you get up to? 😊 
#HelloWorld #DailyAdventures #Connection "
no-dis,"🌟 Hey everyone! 🌟
I wanted to take a moment to introduce myself—my name is [Your Name], and I'm excited to connect with all of you! 😄✨
Today was a fantastic day filled with a mix of productivity and fun. I started my morning with a much-needed coffee run ☕️ at my favorite local café. Nothing like a delicious cappuccino to kickstart the day!
After that, I tackled a few tasks on my to-do list. I spent some time working on a new project that I'm really passionate about—it's all about [brief description of the project/interest]. It’s challenging, but I'm loving every minute of it! 
For lunch, I decided to treat myself to a light picnic at the park 🌳 with some friends. We enjoyed sandwiches and shared lots of laughs while soaking up the sunshine. After lunch, we went for a leisurely stroll and I managed to snap some beautiful photos of the blooming flowers! 🌸📸
To wrap up my day, I took some time to unwind with a good book 📖 that I've been meaning to read. It's the perfect way to escape into another world before calling it a night.
How was your day? I’d love to hear what you’ve all been up to! Let’s connect and share our experiences! 💬❤️
#IntroducingMyself #DailyActivities #ConnectingWithYou #GoodVibes"
no-dis,"🌟 Hey everyone! 🌟 
I wanted to take a moment to introduce myself and share a little bit about my day! My name is Alex, and I'm super excited to connect with you all. I’m passionate about travel, cooking, and exploring new hobbies!
Today was an awesome mix of productivity and relaxation. I started my morning with a refreshing jog in the park – nothing like a bit of fresh air to kick-start the day! 🏃‍♂️🌳 After that, I tried my hand at a new recipe: homemade pasta! It was a bit of a mess, but so much fun, and the taste was totally worth it! 🍝👌
In the afternoon, I caught up with a friend over coffee at this lovely little café downtown. We talked about everything from our favorite books to our future travel plans. ☕📚✈️
To wrap up the day, I did some reading in my favorite cozy corner at home. Just finished a gripping mystery novel that kept me on the edge of my seat! 📖🔍 
How about you? What did you get up to today? Let’s chat! 😊💬 #Hello #DailyLife #NewFriends #SharingIsCaring"
no-dis,"🌟 Hey everyone! 🌟 
I hope you’re all having an amazing day! My name is Alex, and I’m excited to connect with you all! 🎉 
Today was one of those beautiful days where I felt super productive and inspired! 🌼✨ I kicked off my morning with a refreshing jog in the park to soak up some sunshine and clear my mind. It felt great to feel the fresh air and embrace nature! 🏃‍♂️🌳
After my workout, I enjoyed a delicious avocado toast for breakfast, topped with a sprinkle of chili flakes – definitely a new favorite of mine! 🥑🍞🔥 
I then dove into some work, tackling a project that I’m super passionate about. It’s always rewarding to see things come together! 💻📊 Can't wait to share more about it soon. 
In the afternoon, I met up with a couple of friends for lunch at a new café in town. Their coffee was divine, and we had some great conversations while catching up! ☕️🥗❤️
Later, I spent some time reading a book I’ve been wanting to dive into—“The Midnight Library.” So intriguing and thought-provoking! 📚🤔 
Wrapped up my day with a calming yoga session to unwind and reflect. 🧘‍♂️💖 
That’s a little glimpse of my day! How about you? What did you all get up to? Let’s chat! 👇💬 
#SelfIntroduction #DailyLife #ConnectWithMe #GoodVibesOnly"
no-dis,"🌟 Hey everyone! 🌟
I hope you're all having an amazing day! I just wanted to take a moment to introduce myself. I'm [Your Name], a [Your Age/Profession]. I love exploring new places, trying out different cuisines, and soaking up all the inspiration life has to offer.
Today was super productive! ☀️ I started my morning with a refreshing jog in the park — nothing quite like that early sunlight and the sound of birds chirping to kick things off! 🏃‍♂️🌳 Afterward, I treated myself to a yummy breakfast smoothie packed with fruits and greens. 🍓🍌🥬
Mid-morning, I dove into some work-related projects — tackling a creative task I’ve been excited about. 💻✨ It always feels great to see those ideas come to life! 
In the afternoon, I met up with a friend for lunch at this new café that just opened up. We indulged in some mouth-watering avocado toast and caught up on life. 🍽️💬 Made me realize how important those little reconnect moments are!
Later in the day, I decided to unwind with a bit of reading. I started a captivating novel that I've been meaning to dive into for ages. 📖❤️ Finally, I wrapped up my evening with some yoga to stretch out and reflect on the day. 🧘‍♀️🌙
How was your day? I’m excited to hear all about it! 💬😊 #LifeUpdates #DailyAdventures #Connect"
no-dis,"🌟 Hey everyone! 🌟
I’m excited to introduce myself! My name is Alex, and I'm all about embracing life one day at a time. I’m passionate about exploring the outdoors, trying new recipes, and diving into captivating books. 📚✨
Today was a whirlwind of activities! I started my morning with a refreshing run in the park—nothing like the crisp morning air to get energized! 🏃‍♂️💨 After that, I whipped up a delicious smoothie bowl packed with berries and granola. So colorful and tasty! 🍓🥣
In the afternoon, I met up with some friends for a little hiking adventure. We explored a scenic trail and soaked in some stunning views of the mountains. 🌄 Each step was worth it for the breathtaking landscape we encountered. 
To wind down, I spent the evening experimenting in the kitchen, whipping up a new pasta recipe. It turned out amazing, which is always a victory! 🍝👏
Here’s to more days filled with adventure and creativity! What did you do today? 💬💖
#HelloWorld #DailyAdventures #NatureLover #FoodieFun"
no-dis,"🌟 Hey everyone! 🌟
I thought I’d take a moment to introduce myself! I’m [Your Name], a [Your Age]-year-old [Your Profession/Occupation or Interest]. I'm all about making the most of every day and sharing good vibes! 
Today was a mix of productivity and a little adventure. ☀️ I started my morning with a refreshing jog at the park—there's nothing like a little fresh air to wake you up! 🏃‍♂️💨 After that, I whipped up some avocado toast (my new obsession, seriously) and a cuppa coffee to fuel my day. ☕🥑
In the afternoon, I dove into some work/projects that I’m really passionate about. I love being creative, and it was super fulfilling to make progress on my latest endeavor! 📈✍️
Later, I joined a couple of friends for a fun trivia night at a local café. We definitely didn't win, but we had an absolute blast! 🎉💡 It’s always great to connect and share laughs.
Finally, I capped off the day with a cozy movie night at home, complete with popcorn and my favorite snacks. 🍿🎬 It’s the perfect way to unwind after a busy day.
What about you? How did you spend your day? Let’s connect! 💬😊 #DailyAdventures #LifeMoments #ConnectingWithYou"
no-dis,"🌟 Hey everyone! 🌟
I'm excited to introduce myself to all of you! My name is [Your Name], and I'm passionate about exploring the world around me, diving into new adventures, and spreading positivity wherever I go! 😊
Today was a vibrant blend of productivity and fun! 🌈 I started my morning with a refreshing hike in the nearby trails, soaking up the beautiful autumn colors and breathing in that crisp, fresh air. 🍂🏞️ Nothing beats a good nature walk to kickstart the day!
After that, I whipped up a delicious breakfast—avocado toast with a sprinkle of chili flakes and a side of fresh fruit. 🥑🍓 Fueling up for the day ahead! Then I dove into some work, tackling a few projects that have been on my to-do list. 💻✅ 
In the afternoon, I caught up with a friend over coffee at our favorite local café. ☕️❤️ We shared stories, laughed, and enjoyed some quality time together. It’s amazing how a good chat can lift your spirits!
I wrapped up my day with a little self-care, indulging in a long bubble bath and picking up a new book that’s been on my reading list for ages. 📚🛁 It was the perfect way to unwind!
Feeling grateful for today and all the little moments that made it special. 💖 Looking forward to sharing more of my journey with all of you!
What did you all do today? Let me know in the comments! ✨ 
#NewBeginnings #AdventureAwaits #SelfCareSunday"
no-dis,"🌟 Hey everyone! 🌟
I thought I’d take a moment to introduce myself and share a little about my day! My name is Alex, and I’m really excited to connect with all of you. 😊
Today has been a whirlwind of activities! I started my morning with a refreshing jog in the park—there’s nothing like the crisp air and the sound of leaves crunching underfoot. 🍂 After that, I whipped up a delicious breakfast smoothie to fuel my day! 🥤
Once I was energized, I dove into some work projects, tackling a few creative ideas that have been brewing in my mind. 💻✨ It feels great to make progress on my goals! 
After lunch, I decided to take a break and met up with a friend for coffee ☕. We ended up chatting for hours! It's always nice to catch up and share a few laughs.
This evening, I joined a virtual workshop on photography. 📷 I’ve been wanting to improve my skills, and it was so inspiring to learn from some talented photographers. 
Now, I’m winding down with a good book and some cozy tea. 📚🍵 How was your day? I’d love to hear what you all have been up to!
Catch you later! 💙 #HelloWorld #DailyLife #Connect"
no-dis,"🌟 Hey everyone! 🌟
I thought it would be fun to introduce myself and share a little about my day! I’m [Your Name], a curious soul who loves diving into new experiences and connecting with fantastic people. 🌍✨
Today was quite the adventure! I started my morning with a refreshing hike in the nearby hills. The crisp air and stunning views really set a positive tone for the day. 🏞️ After that, I grabbed a latte from my favorite café and settled down with a good book—nothing like losing yourself in a great story! ☕📚
This afternoon, I decided to get a little creative and spent some time painting. I love how art allows me to express my thoughts and feelings. 🎨✨ Later, I met up with a few friends for a fun game night. We laughed, shared stories, and had an epic time!
Now, I’m winding down with a cozy movie and some popcorn. What a fulfilling day! 🎉 How about you all? What did your day look like? 
Looking forward to connecting with everyone! 💬💖
#HelloWorld #AdventureAwaits #CreativeLife #Friendship"
no-dis,"🌟 Hey everyone! 🌟
I just wanted to take a moment to introduce myself. I’m [Your Name], a lover of all things creative and an adventurer at heart! 🎨✨
Today was a fantastic day for me! I started my morning with a delicious cup of coffee ☕ and a walk in the park, soaking up the beautiful autumn colors 🍂. After that, I headed to a local farmers' market where I picked up some fresh produce and even tried a few tasty samples (that apple cider donut was a game-changer! 🍩).
In the afternoon, I spent some time volunteering at the community shelter. It's always a rewarding experience to connect with others and give back to my community. 🤝❤️
To wrap up the day, I came home and tried my hand at a new recipe for dinner—spicy chickpea tacos 🌮—and they turned out amazing! Who knew cooking could be so much fun?
Feeling grateful for a day well spent! How did you all spend your day? Drop your highlights in the comments! 👇😊
#Grateful #Community #AutumnAdventures #FoodieFun #DailyHighlights"
no-dis,"🌟 Hey everyone! 🌟 
I’m excited to introduce myself! My name is Alex, and I'm just a regular person who loves exploring life’s little adventures. Today was one of those days that reminded me how amazing everyday moments can be!
☕ This morning, I started my day with a relaxing cup of coffee at my favorite local café. I tried their new hazelnut blend - it was delicious and just what I needed to kickstart my day!
🏞️ After that, I went for a hike at the nearby nature reserve. The crisp autumn air and the colorful leaves made the trek absolutely stunning. I even spotted a couple of deer! 🦌 Nature always has a way of recharging my spirit.
🍽️ Later, I decided to experiment in the kitchen. I tried a new recipe for homemade pasta, and let me tell you, it was a fun (and slightly messy) experience! But the taste was totally worth it. Who knew making pasta from scratch could be so satisfying?
📚 To wrap up the day, I curled up with a good book. I’m currently reading a mystery novel that has me hooked. It’s the perfect way to unwind after a busy day.
Grateful for these simple yet fulfilling moments! How was your day? 😊✨ 
#DayInMyLife #NatureLover #HomeCooking #Bookworm "
no-dis,"🌟 Hey everyone! 🌟
I hope you’re all having a fantastic day! 😊 I wanted to take a moment to introduce myself. My name is Alex, and I’m passionate about exploring new places, trying out new recipes, and spreading positivity wherever I go! 🌍✨
Today was a pretty adventurous one for me! 🌞 I kicked off the morning with a refreshing jog in the park, where I got to soak in all the beautiful fall colors. 🍂🏃‍♂️ There's nothing like the crunch of leaves underfoot to make you feel alive!
After that, I decided to channel my inner chef and whipped up some delicious pumpkin spice pancakes for breakfast. 🥞🎃 They turned out so good that I might just have to share the recipe soon!
In the afternoon, I met up with some friends at our local art gallery. 🎨🖼️ We explored some incredible exhibits and even tried our hand at a fun painting workshop! 🎉 It was such a great way to unleash our creativity and have a few laughs together.
To wrap up the day, I cozied up with a good book and some warm tea. 📚☕️ Perfect way to unwind after all the fun!
Can’t wait to hear what all of you did today! Let’s connect and share our experiences! ❤️
#Hello #NewFriends #TodayWasAwesome #FallVibes #CreativityUnleashed"
no-dis,"🌟 Hey everyone! 🌟
I just wanted to take a moment to introduce myself. My name's Alex, and I’m excited to share a little bit about my life with you all! I’m all about exploring new experiences and finding joy in the little things. 😊
Today was a pretty awesome day! I started off with a brisk morning walk in the park, soaking up the sunshine and enjoying the beautiful colors of the fall leaves. 🍂 The fresh air really boosted my energy!
Later, I caught up with some friends over coffee at our favorite local café. ☕️ We laughed, shared stories, and even talked about planning a weekend getaway. 
In the afternoon, I tried out a new recipe for homemade pasta! 🍝 It was definitely a little messy in the kitchen, but totally worth it. Nothing beats the satisfaction of cooking something from scratch!
I wrapped up my day by diving into a good book that I’ve been meaning to read – it’s a mystery novel, and I’m completely hooked! 📖 
I’d love to hear about your day too! What fun things did you get up to? Let’s connect! 💬✨
#Hello #DayInTheLife #Connect #JoyInTheLittleThings"
no-dis,"🌟 Hey everyone! 🌟
I just wanted to take a moment to introduce myself! I'm [Your Name], a curious soul who loves exploring new ideas and connecting with people. 😊✨
Today was quite an adventure! I kicked off my morning with a refreshing hike in the nearby woods, soaking in the fresh air and beautiful autumn colors 🍂🌳. It felt amazing to disconnect from the hustle and bustle for a bit!
After that, I spent some time at my favorite local café, sipping on a delicious pumpkin spice latte while diving into a good book 📚☕. There’s something so cozy about this time of year!
Later, I joined a virtual art class where we experimented with watercolor techniques. 🎨 It was a lot of fun to unleash my inner artist, and I even made a couple of new friends in the process!
To wrap up the day, I cooked a homemade dinner (hello, pasta night! 🍝) and watched some episodes of a new series I’ve been hooked on. It’s the perfect way to unwind!
Hope everyone else had a fantastic day! What did you all get up to? Let’s connect! 💬❤️ #DayInMyLife #SelfIntroduction #GoodVibes"
no-dis,"🌟 Hey everyone! 🌟
I thought it was time for a little introduction since we’ve been connecting here! I’m [Your Name], a lover of adventure, books, and all things creative. I live for those little moments that make life special, and I can't wait to share them with you all!
Today was a pretty awesome day! 😊
☕️ **Morning Vibes**: I kicked off my day with a delightful cup of coffee at my favorite local café. Nothing beats that first sip on a crisp morning! 🌞
📚 **Mid-Morning Reading**: Afterward, I dove into a captivating novel that I just can’t put down. There’s something magical about escaping into another world with a good book! 📖✨
🏞️ **Afternoon Adventure**: I decided to take advantage of the beautiful weather and went for a hike in the nearby woods. The fresh air, stunning views, and a bit of nature therapy were exactly what I needed! 🌲💚
🍽️ **Culinary Exploration**: Later, I whipped up a new recipe for dinner—spicy chickpea tacos! 🌮 They turned out delicious, and I'm already dreaming about leftovers for tomorrow!
🎨 **Evening Creativity**: To wind down, I spent some time painting. It’s such a great way to express myself and clear my mind after a busy day. 🎨 
Overall, a fulfilling day recharging my soul and embracing my passions. Can’t wait to hear about your day! Drop a comment and let’s chat! ❤️
#HelloWorld #DailyAdventures #Hiking #Reading #Creativity #GoodVibes"
no-dis,"🌟 Hey everyone! 🌟
Just wanted to take a moment to introduce myself! I’m [Your Name], a passionate explorer of life and all its wonders! 🎉✨
Today was quite an adventure! I started my morning with a refreshing hike at the local park 🌳🌄. The sunrise was absolutely breathtaking, and nothing beats that feeling of fresh air and nature! 
Afterward, I whipped up a delicious brunch with some friends. We made avocado toast with poached eggs and a side of mixed fruit 🥑🍳🍓 — it was a hit!
In the afternoon, I dove into a new book I’ve been wanting to read, which has been a wonderful escape. 📚✨ There’s nothing quite like getting lost in a story! 
To wrap up the day, I joined a virtual yoga class 🧘‍♀️🧘‍♂️, which helped me unwind and connect with my inner zen. 
Hope everyone else had a fantastic day! What did you get up to? Let’s chat! 😊❤️ #GoodVibes #AdventureAwaits #SelfCareSunday"
no-dis,"🌟 Hey everyone! 🌟
I thought it would be a great idea to introduce myself a little more! I’m [Your Name], a passionate explorer always on the lookout for new adventures. Today was a wonderful mix of productivity and relaxation! 
I started my morning with a refreshing hike at the local trails 🌲, soaking up the beautiful scenery and listening to my favorite podcast. Nothing like some fresh air to kickstart the day! 
Later, I spent a couple of hours experimenting in the kitchen 🍳. I attempted a new recipe for homemade pasta, and I’m proud to say it turned out delicious! It was a bit messy, but totally worth it. 
In the afternoon, I dove into a good book 📚 (currently reading ""The Night Circus"" and loving every page!) and then took some time to catch up with friends over coffee ☕. Social connection is so important, right?
To wind down, I wrapped up the day with a little yoga and meditation 🧘‍♀️. It always helps me reflect and recharge for tomorrow! 
How was your day? Share your adventures below! 👇💬
#GoodVibes #DailyActivities #SelfIntroduction #Adventures 🌟"
no-dis,"🌟 Hey everyone! 🌟
I’m [Your Name], a passionate [Your Hobby or Profession] and a firm believer in the power of community! 🌍✨ I love exploring new ideas, sharing experiences, and connecting with like-minded folks. In my free time, you can usually find me [mention a hobby or interest, e.g., hiking, reading, experimenting in the kitchen, etc.].
I'm here to not only share my journey but also to learn from all of you! 🤗💬 I’d love to hear your thoughts: What’s one book or resource that has profoundly influenced your life? 📚💡 
Looking forward to your suggestions and excited to connect with all of you! ❤️
#HelloWorld #CommunityLove #SharingIsCaring"
no-dis,"🌟 Hey everyone! 🌟
I’m [Your Name], a passionate explorer of life who loves diving into new experiences, whether it’s through travel, books, or trying out unique recipes in the kitchen. When I’m not busy adventuring, you can usually find me curling up with a good cup of coffee and getting lost in my favorite podcasts. ☕📚
I’m here to connect with all of you and swap stories or ideas! I’d love to know: What’s one thing you’ve done recently that truly inspired you? Or, do you have any book or travel recommendations that I absolutely *must* check out? Looking forward to hearing your thoughts! 💬✨
#HelloWorld #CommunityConnection #Inspiration"
no-dis,"🌟 Hey everyone! 🌟 
I’m [Your Name], a curious soul passionate about exploring new ideas, cultures, and of course, delicious food! 🌍🍽️ I love diving into books, traveling to hidden gems, and capturing moments through photography. 📸✨ 
I’m here to connect with all of you and share some amazing experiences. What’s one book, dish, or travel destination you think everyone should experience at least once? I’d love your recommendations! Let’s inspire each other! 🙌❤️ 
#HelloWorld #Let’sConnect #RecommendationsPlease"
no-dis,"🌟 Hey everyone! 🌟
I’m [Your Name], and I’m so excited to join this amazing community! 🎉 A little about me: I'm passionate about [your hobbies/interests, e.g., photography, hiking, cooking, etc.], and I love connecting with new people who share similar passions. 📸🥾🍳
As I settle in here, I’d love to hear from all of you! What’s one piece of advice you wish you’d known when you first joined this community? Or if you have any favorite activities or spots related to [your interests], please share! 
Looking forward to getting to know you all better! 💛
#NewMember #CommunityVibes #LookingForSuggestions"
no-dis,"🌟 Hey everyone! 🌟
I’m [Your Name], and I’m super excited to join this amazing community! I’m passionate about [briefly mention your interests, hobbies, or profession - e.g., photography, travel, cooking, tech], and I love connecting with like-minded people who share similar passions.
I’m always on the lookout for new ideas and inspiration, so I wanted to ask: What’s one book or podcast that has completely changed your perspective or inspired you lately? 📚🎧
Can't wait to hear your recommendations! Let’s inspire each other! 💬✨
#HelloWorld #CommunityConnection #Inspiration"
no-dis,"🌟 Hey everyone! 🌟
I’m [Your Name], a passionate explorer of life and all things creative! 🎨✨ I love diving into new adventures, whether it’s trying out a new recipe, hiking through nature, or getting lost in a good book. 📚🌲 I believe that every day is an opportunity to learn something new and connect with amazing people.
I’d love to hear from this wonderful community! What’s one thing you’ve recently tried that made a difference in your day-to-day life? Any recommendations for a fun activity or hobby that I should explore next? 
Can’t wait to see your suggestions! Let’s inspire each other! 🌈💬 
#Community #Explore #CreativeLiving #Inspiration"
no-dis,"🌟 Hey everyone! 🌟
I’m excited to introduce myself to this amazing community! My name is Alex, and I’m passionate about exploring the world of creativity through art, music, and travel. 🎨🎶✈️ I love connecting with people and sharing experiences that inspire growth and positivity.
I’d love to hear from all of you! What’s one creative project or hobby that has brought you joy lately? Or if you have any suggestions for a new adventure I should embark on, I’m all ears! Let’s inspire each other! 💬✨
#HelloCommunity #Creativity #Inspiration #Let’sConnect"
no-dis,"🌟 Hey everyone! 🌟
I’m [Your Name], just a friendly soul navigating this wild journey called life! 🌍✨ I’m passionate about [your hobbies/interests, e.g., art, hiking, cooking], and I love connecting with new people and sharing experiences. 
Today, I’m curious to hear from you all! What’s one thing that has inspired you recently? Or do you have any recommendations for a great book, podcast, or activity that has sparked some joy in your life? 📚🎧🌿
Can’t wait to read your replies and hopefully find some new inspiration! 💬❤️ 
#Community #Inspiration #LetsConnect"
no-dis,"🌟 Hey everyone! 🌟
My name is Alex, and I’m excited to be part of this amazing community! I’m a passionate traveler, an avid reader, and a foodie who loves to explore new cuisines. When I’m not busy planning my next adventure or diving into a great book, you can find me experimenting in the kitchen or hiking in nature.
I’d love to get to know all of you better! What’s one hidden gem in your city that you think everyone should visit? I’m always on the lookout for new places to add to my travel list!
Looking forward to your suggestions! 😊✈️📚🍽️ #NewFriends #TravelEnthusiast #CommunityLove"
no-dis,"🌟 Hey everyone! 🌟
I’m really excited to join this amazing community! My name is [Your Name], and I’m passionate about [share a few of your interests: e.g., photography, hiking, cooking, reading, etc.]. I love connecting with new people and sharing ideas, so I’m looking forward to getting to know all of you better!
As I dive in, I’d love to hear your suggestions: What’s one book, hobby, or activity you think everyone should try at least once? 📚✨ I can’t wait to see your recommendations!
Cheers! 🥳"
no-dis,"🌟 Hey everyone! 🌟
I’m [Your Name], and I’m thrilled to be part of this amazing community! A bit about me: I'm passionate about [your interests/hobbies, e.g., cooking, traveling, tech, sustainability], and I love connecting with like-minded people. Whether it’s sharing delicious recipes, exploring hidden gems in the city, or diving into the latest tech trends, I'm all about learning and growing together. 
I’d love to hear from you! What’s one book or podcast that has inspired you recently? 📚🎧 I’m always looking for recommendations to add to my list!
Looking forward to connecting! ❤️
#Introduction #Community #Recommendations #Passions"
no-dis,"🌟 Hey everyone! 🌟 
I’m [Your Name], and I’m excited to be part of this amazing community! I’m passionate about [a few interests or hobbies, e.g., photography, cooking, hiking], and I’m always on the lookout for new experiences and ideas to explore.
I’d love to hear from you all! What’s one book or podcast that has truly inspired you recently? I’m looking to expand my horizons and would appreciate any recommendations you might have. Thanks in advance! 😊
Looking forward to connecting with you all! 💬✨ #Community #NewConnections #Recommendations "
no-dis,"🌟 Hey everyone! 🌟
I'm [Your Name], a passionate explorer of life who loves diving into new experiences, whether it’s trying out an unusual recipe in the kitchen or finding hidden gems in my city. 🤗 I’m all about positivity, connection, and learning from each other!
As we gear up for a new season, I'm curious to know: What's one thing you've recently tried that brought you joy? Or do you have any suggestions for fun activities to do solo or with friends? Let’s inspire each other! 💬✨
Looking forward to hearing your thoughts! Cheers! 🥳
#CommunityVibes #ShareYourJoy #NewExperiences"
no-dis,"🌟 Hey everyone! 🌟
I’m excited to introduce myself to this amazing community! I’m [Your Name], a passionate [your hobby or profession, e.g., artist, foodie, traveler, tech enthusiast] who loves exploring new ideas and connecting with like-minded people. I believe that sharing experiences and knowledge can lead to incredible growth for all of us.
I’m here to learn, share stories, and, of course, have some fun along the way! 🎉 
Here’s a question for you all: What’s one book or resource that has had a significant impact on your life? 📚✨ I’m always looking for new recommendations, and I’d love to hear your thoughts!
Looking forward to connecting with you all!
#Community #Introduction #BookRecommendations #LearningTogether"
no-dis,"🌟 Hey everyone! I'm [Your Name], and I'm super excited to join this amazing community! A little about me: I’m passionate about [your interests or hobbies, e.g., cooking, hiking, tech, art], and I love connecting with like-minded people. 
Lately, I've been looking to dive deeper into [specific topic, e.g., sustainable living, graphic design, local history], and I could really use your advice. What's one resource (book, podcast, website, etc.) you think I should check out? 
Looking forward to your suggestions and getting to know you all better! 😊✨ #Community #Learning #GetToKnowMe"
no-dis,"🌟 Hey everyone! 🌟
I’m excited to join this vibrant community! My name is Alex, and I’m passionate about all things related to art, travel, and cooking. Whether it’s exploring a new city, experimenting with flavors in the kitchen, or painting my latest masterpiece, I love embracing new experiences and learning from them. 🎨✈️🍳
I believe that every day is an opportunity for creativity and connection, and I would love to hear from all of you! What’s one creative project or adventure you’ve embarked on that has inspired you recently? Any suggestions for must-try recipes or travel destinations? Let’s share ideas and inspire each other! 🌍✨
Looking forward to connecting with you all! 💬❤️
#HelloWorld #CommunityLove #CreativityInspiration"
no-dis,"🌟 Hey everyone! 🌟
I’m [Your Name], a passionate explorer of life, a lover of good coffee, and an enthusiastic bookworm! 📚☕ When I'm not discovering new hiking trails or diving into the latest fantasy novels, you can find me cooking up a storm in the kitchen or trying to pick up a new skill (currently tackling the ukulele!). 🎶
I’m here to connect with like-minded souls and share our passions! 💬✨
I’d love to hear from you all: What’s one hobby or interest you can’t live without? Or, if you have any unique recommendations for books, music, or outdoor activities, please share! Let’s inspire each other! 💖
Looking forward to reading your suggestions! 
#HelloWorld #CommunityConnection #Passions #Inspiration"
no-dis,"🌟 Hey everyone! 🌟
I’m so excited to join this amazing community! My name is Alex, and I’m passionate about [insert hobbies or interests, e.g., hiking, painting, and cooking up new recipes]. I love connecting with people who share similar interests and hearing different perspectives!
As I dive into this new journey, I’d love to ask you all: What’s one book, podcast, or activity that has inspired you recently? 📚🎧✨ Your suggestions would mean a lot to me as I look to expand my horizons!
Can’t wait to hear your thoughts! 🤗💬
#NewHere #Community #Inspiration #LetsConnect"
no-dis,"🌟 Hey everyone! 🌟
I’m [Your Name], and I’m excited to be part of this amazing community! A little about me: I’m passionate about [your interests/hobbies, e.g., art, technology, traveling], and I love connecting with new people who share similar passions. 💬✨
I’m currently on a quest to explore [mention something specific you’re into, e.g., new book genres, healthy recipes, outdoor activities], and I would love your input! What’s a book, recipe, or outdoor spot that you can’t get enough of? Any recommendations would be greatly appreciated! 🙏📚🍽️🏞️
Looking forward to hearing your suggestions and getting to know all of you better! 
Cheers! 🎉 
[Your Name]"
no-dis,"🌟 Hey everyone! 🌟
I’m [Your Name], a passionate explorer of all things creative and a firm believer in the power of community. From painting and photography to hiking and discovering hidden gems in our city, I love diving into new experiences and sharing them with you all!
🌍✨ I’m here to connect and learn from this amazing community, and I’d love to hear your thoughts! What’s a hidden talent or hobby that you think everyone should try at least once? 🎨📷🏞️ Whether it’s something artistic, adventurous, or just plain fun, drop your suggestions below! Let’s inspire each other! 💬❤️
#Community #Explore #Creativity #NewExperiences"
no-dis,"🌟 Hey everyone! 🌟
I’m [Your Name], a passionate traveler and a lifelong learner currently diving deep into the world of photography and nature conservation. 🌍📸 I love exploring hidden gems and capturing moments that tell a story. When I’m not behind the camera, you can find me curled up with a good book or experimenting in the kitchen! 
I’m excited to connect with you all and hear your thoughts! ✨ What’s one travel destination that left a lasting impression on you, and why? Any hidden gems you think I should add to my bucket list? 
Looking forward to your suggestions! 💬😊 #TravelGoals #NatureLover #PhotographyLife"
no-dis,"🌟 Hey everyone! 🌟
I hope you’re all having an amazing day! My name is Alex, and I’m excited to join this vibrant community! I’m passionate about photography, exploring new places, and all things related to sustainable living. 📸🌍
I’d love to get to know you all better! What’s one local spot you think everyone should visit? Or do you have any tips for making everyday life more eco-friendly? Looking forward to hearing your suggestions!
Cheers! ✌️✨ #CommunityLove #SustainableLiving #PhotographyAdventures"
no-dis,"🌟 Hey everyone! 🌟
I’m [Your Name], a passionate explorer of life currently diving deep into the world of [Your Interests/Hobbies]! Whether it’s [list a couple of interests like “hiking, cooking new recipes, or binge-watching documentaries”], I’m always looking to learn and connect with others who share similar passions.
I’d love to hear from you all! What are some of your favorite [related topic based on interests – e.g., hiking trails, recipes, or documentaries]? Any recommendations or tips you can share? Let’s inspire each other! 💬✨
Looking forward to your suggestions! 
#Community #LearningTogether #CuriousMind"
no-dis,"🌟 Hey, everyone! 🌟 
I’m [Your Name], just a friendly face trying to navigate this incredible journey we call life! I love exploring new places, diving into good books, and trying out recipes from around the world. 🌍📚🍲
I’m super excited to connect with all of you! I believe that everyone has a unique story, and I’d love to hear yours! 💬✨ 
Here's a little question for you all: What’s one piece of advice you wish you had received when you were starting out in your journey? Or maybe a suggestion for something I should try this week? 
Looking forward to hearing your thoughts! 💖✌️ #Community #Connections #LetsChat"
no-dis,"🌟 Hey everyone! 🌟
I’m [Your Name], a passionate [Your Hobby/Interest, e.g., traveler, foodie, gamer] who loves connecting with new people and sharing experiences! 🌍✨ I’m constantly seeking inspiration and new adventures, whether it’s through exploring new cuisines, diving into an amazing book, or planning my next travel destination.
I'd love to get to know all of you better! 🤗 What’s one thing you’ve tried recently that you absolutely loved? I’m always on the lookout for recommendations, so hit me with your best suggestions! 
Looking forward to hearing your thoughts! 💬😊 #CommunityLove #Recommendations #GettingToKnowYou"
no-dis,"🌟 Hey everyone! 🌟
I’m really excited to join this amazing community! My name is Alex, and I’m a huge fan of all things creative—whether it’s painting, writing, or exploring new recipes in the kitchen. 🎨✍️🍳 I believe that life is all about sharing experiences and learning from one another.
I’d love to get your input on something! I’m looking for new hobbies to dive into—anything that sparks joy and creativity. What’s a hobby or activity you’ve recently picked up that you’ve absolutely loved? Any recommendations would be greatly appreciated! 💬💕
Can't wait to hear from you all! Let’s inspire each other! 💖✨ #NewHobbies #CommunityLove #CreativeJourney"
no-dis,"🌟 Hey everyone! I’m [Your Name] and I’m excited to join this amazing community! 🌟 A little about me: I’m passionate about [insert your interests/hobbies, e.g., travel, cooking, photography], and I love connecting with people who share similar interests. 📸✈️🍳
I’d love to hear from you all! What’s one book, podcast, or activity that has inspired you recently? Looking forward to your suggestions and to getting to know each of you better! 💬✨ #HelloWorld #CommunityLove #Inspiration"
no-dis,"🌟 Hey everyone! 🌟
I’m [Your Name], a passionate explorer of all things creative and a lover of the great outdoors! When I’m not sipping coffee and diving into a good book, you can probably find me hiking a nearby trail or experimenting in the kitchen with unique recipes. 🍃📚🍽️ 
I’m here to connect with like-minded individuals and share ideas that inspire us all! I’d love to hear from you—what’s one hobby or activity that has brought you joy recently? Any recommendations or tips for someone looking to try something new? Let’s inspire each other! 💬✨
Looking forward to hearing your thoughts! 
#Community #Hobbies #Inspiration"
no-dis,"🌟 Hey everyone! 🌟
I’m [Your Name], a passionate explorer of life and all its little adventures. I love diving into new books, trying out different cuisines, and discovering hidden gems in my city. When I’m not out and about, you can find me cozying up with my favorite podcasts or jotting down thoughts in my journal. 
I’m excited to connect with all of you! I’d love to know: What’s one hobby or activity that you think everyone should try at least once? 
Looking forward to your suggestions and to sharing some inspiration together! 💬✨
#CommunityConnection #HobbySuggestions #LetsConnect"
no-dis,"🌟 Hey everyone! 🌟
I’m [Your Name], and I’m excited to be a part of this amazing community! A little about me: I’m passionate about [a few hobbies or interests, e.g., photography, hiking, cooking, reading], and I love connecting with new people who share similar interests. 
Right now, I’m on a quest to explore more about [a topic you’re interested in, e.g., sustainable living, creative writing, travel tips]. I’d love to hear your suggestions! What are your favorite resources, or do you have any tips that could help me dive deeper into this? 
Looking forward to hearing from you all! 😊💬 
#Community #NewConnections #SeekingSuggestions"
no-dis,"🌟 Hey everyone! 🌟
I’m [Your Name], and I’m super excited to join this amazing community! 🎉 I’m passionate about [your interests/hobbies, e.g., hiking, cooking, tech, art, etc.], and I firmly believe that sharing ideas and experiences is what makes our lives richer.
I’d love to get to know you all better! What’s one thing you think everyone should try at least once in their life? 🤔✨ Drop your suggestions below – I’m ready to be inspired! 
Can’t wait to connect with all of you! 💬❤️ 
#NewHere #CommunityLove #SuggestionsWelcome"
no-dis,"🌟 Hey everyone! 🌟
I’m excited to introduce myself to this wonderful community! My name is Alex, and I’m passionate about everything related to travel, cooking, and photography. 🌍📸🥘 I love exploring new cultures and trying out new recipes from around the world. 
I’m always looking for fresh ideas or unique experiences, so I’d love to hear from you! What’s your all-time favorite travel destination or dish you can’t get enough of? Any recommendations or hidden gems I should check out? 
Can’t wait to connect and share our stories! ❤️✨ #CommunityLove #TravelFoodies "
no-dis,"🌟 Hey everyone! 🌟
I’m [Your Name], just a regular person navigating through the ups and downs of life! I’m passionate about [mention a couple of interests or hobbies, e.g., photography, hiking, cooking, etc.], and I love connecting with new people and sharing experiences.
I'm really curious - what’s one thing you’ve tried recently that you absolutely loved? 💡 Whether it’s a new recipe, a book, a hobby, or even a travel destination, I’d love to hear your suggestions! Let’s inspire each other! 
Can’t wait to read your awesome recommendations! 😊✨ 
#Community #Recommendations #LetsConnect"
no-dis,"🌟 Hey everyone! 🌟
I’m [Your Name], and I’m excited to be part of this amazing community! I’m passionate about [your interests/hobbies, e.g., photography, cooking, traveling, etc.] and love connecting with like-minded people. 🌍✨
I’m here to share experiences, learn from each other, and have some fun along the way! 
💬 I’d love to hear from you all! What’s one book, podcast, or movie that has really inspired you lately? Looking forward to your suggestions! 📚🎧🎬
Let’s chat! 😊"
no-dis,"🌟 Hey everyone! 🌟
I’m [Your Name], a curious soul who loves exploring new ideas and connecting with amazing people. I’m passionate about [insert your interests or hobbies, e.g., art, travel, tech, or cooking], and I always find joy in sharing experiences and learning from others.
As I dive deeper into [a specific topic of interest], I'm eager to gather perspectives and insights from this wonderful community. 🌈✨
💬 **Question for you all:** What’s one book, podcast, or resource that has truly inspired you lately? I’m looking for recommendations to help fuel my journey! 
Can’t wait to hear your suggestions! Let's inspire each other! 💖
#CuriousMinds #CommunityConnections #Inspiration"
no-dis,"🌟 Hey everyone! 🌟
I’m [Your Name], and I’m excited to join this vibrant community! A little about me: I’m passionate about [your interests/hobbies, e.g., art, technology, hiking, cooking, etc.], and I love exploring new ideas and connecting with like-minded people.
I’m curious to hear your thoughts – what’s a book or podcast that has had a significant impact on your life? I’m always looking for recommendations to expand my horizons! 📚🎧 
Looking forward to getting to know you all! 💬✨
#NewHere #Community #BookRecommendations #PodcastLovers"
no-dis,"🌟 Hey everyone! 🌟
I'm excited to join this wonderful community! My name is Alex, and I’m a passionate traveler, coffee lover, and tech enthusiast. 🗺️☕💻 I love exploring new cultures, trying out local cuisines, and sharing experiences with others. 
When I’m not on the road, you can find me diving into the latest tech trends or experimenting with new coffee brewing techniques at home. ☕✨ 
I’d love to hear from all of you! What’s one travel destination that has truly captured your heart, and what’s the best way to experience it? 🌍❤️ Any suggestions or hidden gems I should know about? Can’t wait to read your responses!
#Travel #CoffeeLover #TechEnthusiast #CommunityConnection"
no-dis,"🌟 Hey everyone! 🌟 
I'm [Your Name], a curious explorer of life and all its wonders! 🎉 I love connecting with new people, diving into exciting books, experimenting in the kitchen, and getting lost in nature. 🌱📚
As I'm always looking to learn and grow, I’d love your input! What’s one book or movie that has truly inspired you lately? I’m on the hunt for some great recommendations! 
Can’t wait to hear your thoughts! 💬✨ #CommunityVibes #BookRecommendations #Inspiration"
no-dis,"🌟 Hey everyone! 🌟
I’m [Your Name], and I’m really excited to be a part of this amazing community! A little about me: I’m passionate about [your interests, e.g., travel, art, tech, cooking], and I love connecting with new people who share similar vibes. 
As I dive deeper into [a specific area related to your interests, e.g., exploring local art scenes, trying out global cuisines], I’d love to hear from you all! ✨ What’s your favorite [related topic, e.g., restaurant, artist, travel destination]? Or do you have any hidden gems you’d recommend?
Looking forward to your suggestions and getting to know you better! 😊💬 
#HelloWorld #CommunityLove #SeekingSuggestions"
no-dis,"🌟 Hey everyone! 🌟
I’m excited to join this amazing community! I’m [Your Name], a [your age/occupation/hobby—whatever you’re comfortable sharing] who loves exploring new ideas and connecting with inspiring people. When I'm not [mention a hobby or interest], you can find me binge-watching documentaries or planning my next adventure! 🌍✨
I’d love to hear from all of you! What’s something that you’re passionate about right now? Any book recommendations or cool projects you’re working on? Let’s inspire each other! 💬👇
Looking forward to connecting! ❤️"
no-dis,"🌟 Hey everyone! 🌟
I’m [Your Name], a passionate explorer of ideas and experiences! I love diving into books, discovering new music, and taking long walks in nature whenever I can. 🙌✨ I believe in the power of connection and sharing stories, and I’m excited to be part of this community!
I have a little question for all of you: What’s one book or song that has changed your perspective on life? I’m on the lookout for new inspiration and would love to hear your recommendations! 📚🎶
Looking forward to your suggestions! Let’s inspire each other! 💬❤️
#Community #Inspiration #BookRecommendations #MusicLovers"
no-dis,"🌟 Hey everyone! 🌟 
I’m [Your Name], a passionate [your hobby or profession, e.g., photographer, writer, tech enthusiast] who's excited to connect with all of you. 🎉 I love exploring new ideas, sharing experiences, and diving into creative projects. 
🗣️ I’d love to hear from you all! What’s one book or podcast that has had a significant impact on your life? Or, if you have any suggestions for an exciting new hobby to dive into, I’m all ears! 
Let’s inspire each other! 💬✨ #Community #NewConnections #Inspiration"
no-dis,"🌟 Hey everyone! 🌟
I’m [Your Name], a passionate explorer of all things creative and a lover of great conversations! 🎨✨ When I’m not diving into new projects or experimenting in the kitchen 🍳👩‍🍳, you’ll find me hiking in nature, capturing moments through photography 📸, or cozying up with a good book. 
I’m here to connect, share ideas, and learn from all of you amazing folks in this community! 🙌
I’d love to hear from you: What’s one hobby or interest you’ve picked up recently that you’re excited about? Any suggestions for things to try out? Let’s inspire each other! 💬💖
Can’t wait to read your responses! 
#Community #Hobbies #Inspiration"
no-dis,"🌟 Hey everyone! 🌟
I’m [Your Name], and I’m thrilled to join this amazing community! A little about me: I’m passionate about [a few interests or hobbies, e.g., photography, hiking, and cooking], and I love connecting with people who share similar vibes. 
I’m always on the lookout for new ideas and experiences, and I’d love to hear from you! What’s one hidden gem in our area that you think everyone should check out? Or do you have any favorite spots for [related interest, e.g., great coffee, beautiful nature, unique shops]? 
Can’t wait to read your suggestions and hopefully meet some of you soon! 💬✨
#HelloWorld #CommunityLove #CuriousExplorer"
no-dis,"🌟 Hey everyone! I’m [Your Name], a curious soul with a passion for exploring new ideas and connecting with amazing people! I love diving into books, trying out different cuisines, and discovering hidden gems in my city. 
💭 I’m always looking for ways to grow and learn, so I’d love to hear from you! What’s one book or podcast that has really changed your perspective on something? Or maybe a local spot that has the best food? Share your recommendations! 
Can’t wait to hear from you all! 😊 #CommunityLove #LetsConnect #Recommendations"
no-dis,"🌟 Hey everyone! 🌟
I’m [Your Name], a passionate explorer of life and all its wonders! 🚀 I love diving into new books, wandering through nature, and cooking up delicious meals in the kitchen. 🍳📚🌲 I’m here to connect, share experiences, and learn from all of you amazing folks.
I’m curious—what’s one book or activity that has completely changed your perspective on life? I’d love to hear your recommendations! Let’s inspire each other! 💬✨
Looking forward to your replies! ❤️ #CommunityConnection #BookRecommendations #LifeLessons"
no-dis,"🌟 Hey everyone! 🌟
I’m [Your Name], a passionate explorer of ideas and experiences! Whether it's diving into a new book, hiking a trail, or experimenting in the kitchen, I believe there’s always something new to learn and discover. I love connecting with others over shared interests and hearing different perspectives!
As I embark on my next adventure, I’d love your input: What’s one book or activity you think everyone should experience at least once? 📚✨
Looking forward to your recommendations! Let’s inspire each other! 💬🌍 #Community #Recommendations #InspireEachOther"
no-dis,"🌟 Hey, everyone! I'm [Your Name], and I'm super excited to join this amazing community! A little about me: I’m passionate about [your interests/hobbies, e.g., photography, travel, or cooking] and love connecting with like-minded people. 
I’m always on the lookout for new experiences and ideas! So, I’d love to hear from all of you: What’s one thing you’ve tried recently that you absolutely loved? Whether it’s a new recipe, a book, or an activity, I’m all ears! Let’s share some inspiration! 💡✨
Looking forward to getting to know you all! 🥳 #NewHere #CommunityVibes #Inspiration"
no-dis,"🌟 Hello, everyone! 🌟
I’m thrilled to join this amazing community! My name is Alex, and I’m passionate about all things art and nature. 🎨🌿 In my free time, you can usually find me hiking, experimenting with watercolors, or exploring local coffee shops. I believe that creativity thrives in connection, which is why I'm excited to meet new friends and share ideas here!
I’d love to hear from you all! What’s one book or piece of art that has inspired you recently? 📚🎨 I’m always looking for recommendations to fuel my creativity!
Looking forward to connecting! ❤️ #CommunityLove #ArtInspiration"
no-dis,"🌟 Hey everyone! 🌟
I’m [Your Name], a passionate explorer of life and all its wonders! 🌍✨ Whether it's diving into nature, getting lost in a good book, or experimenting in the kitchen, I love discovering new experiences and sharing them with friends.
I’m here to connect, learn, and grow with all of you! As I embark on my next adventure, I’d love to hear your thoughts. 
🤔 What’s one place you think everyone should visit at least once in their lifetime? Or if you have a hidden gem in your area, drop the name - I’m all ears! 🌟
Looking forward to your suggestions and excited to see where this journey takes us together! 💬❤️
#LetsConnect #TravelInspiration #CommunityLove"
no-dis,"🌟 Hey everyone! 🌟
I'm excited to join this amazing community! My name is Alex, and I’m a curious soul with a passion for travel, photography, and all things DIY. I love exploring new cultures and capturing moments that tell a story. When I’m not outside adventuring, you can find me sipping coffee while diving into a good book or trying out new recipes in the kitchen.
I'm here to connect, share ideas, and learn from all of you! 🌍✨
Here’s my question for you: What’s one travel destination that completely took your breath away, and why? I’d love to hear your stories and suggestions! 
Looking forward to getting to know you all! 💬❤️
#NewHere #TravelLover #CommunityQuestions"
no-dis,"🌟 Hey everyone! 🌟
I’m [Your Name], and I’m super excited to join this amazing community! A little about me: I’m passionate about [your interests/hobbies, e.g., books, hiking, cooking] and love connecting with new people. I believe that we can learn so much from one another, and I can’t wait to share experiences and insights with all of you!
✨ Here’s my question for you: What’s one book or resource that has profoundly changed your perspective on life? I’m looking to expand my horizons and would love your suggestions! 📚
Looking forward to hearing your thoughts and connecting with you all! 💬💖
#CommunityLove #BookRecommendations #LetsConnect"
no-dis,"🌟 Hey everyone! 🌟
I’m [Your Name], a passionate explorer of all things creative and a lifelong learner! I love diving into new books, experimenting in the kitchen, and soaking up nature on weekend hikes. I believe every day is an opportunity to discover something new, whether it's a hidden gem of a café or a new hobby to try out. 🌍✨
I’m excited to connect with this amazing community! I’d love to hear your thoughts: What’s one new thing you’ve tried recently that you’d recommend to others? Maybe a meal, a book, or even an activity? Let’s inspire each other! 💬💡
Cheers! 🥳"
no-dis,"🌟 Hey everyone! 🌟
I’m excited to join this awesome community! My name is Alex, and I’m a passionate traveler and foodie who loves exploring new cultures and trying out unique dishes. I believe that every meal has a story, and I can’t wait to share mine with all of you!
To kick things off, I’d love to hear from you all! What’s the best meal you’ve ever had, and where was it? Any hidden gems I should check out? Let’s inspire each other with our culinary adventures! 🍽️✈️
Looking forward to your recommendations!
#Foodie #TravelLover #CommunityQuestions #LetsConnect"
no-dis,"🌟 Hey everyone! 🌟
I’m [Your Name], and I’m excited to join this amazing community! A little about me: I’m passionate about [Your Interests/Hobbies] and love connecting with new people. Whether it’s [mention a few activities related to your interests], I’m always up for an adventure or a great conversation!
I’d love to get to know all of you better! What’s one thing you wish more people knew about your favorite hobby? Any tips or suggestions for someone looking to dive deeper? Let’s share some insights! 💬
Looking forward to hearing from everyone! 💖
#NewHere #CommunityLove #LetsConnect"
no-dis,"🌟 Hey everyone! 🌟
I’m excited to introduce myself to this amazing community! My name is Alex, and I'm a passionate traveler, foodie, and lifelong learner. I believe that every experience has something to teach us! 🌍✈️🍽️
Lately, I’ve been looking to explore new hobbies and interests beyond my usual routine. I’d love to hear your suggestions! What’s something you’ve recently tried that’s really enriched your life? Any recommendations for books, activities, or creative projects? 📚🎨✨ 
Looking forward to your ideas and connecting with all of you!
#NewExperiences #Community #HobbySuggestions"
no-dis,"🌟 Hey everyone! 🌟
I’m [Your Name], a passionate [Your Hobby/Interest] enthusiast based in [Your Location]. I love exploring new ideas, connecting with like-minded folks, and sharing our journeys. Outside of [Hobby/Interest], you can usually find me [mention other interests or activities you enjoy, e.g., hiking, reading, trying out new recipes].
I’m excited to be part of this amazing community! 🤗 To kick things off, I’d love to hear from you all: What’s one book, podcast, or activity that has inspired you lately? Drop your recommendations in the comments! 📚🎧🌍
Looking forward to connecting with you all! 💬
#Introduction #Community #QuestionOfTheDay"
no-dis,"🌟 Hey everyone! 🌟 
I’m [Your Name], a passionate explorer of life and all its little wonders. Whether it’s diving into a new book, trying out a recipe for the first time, or exploring nature trails, I love embracing new experiences! 🌍✨
I’m here to connect and share inspiration with all of you amazing folks. 🤗💬 
I’d love to hear from you: What’s one new hobby or activity you've picked up recently that you can’t get enough of? 🧐🎨 Share your suggestions, and let’s motivate each other to try something new!
Looking forward to your responses! 💖🙌 #NewAdventures #CommunityLove"
no-dis,"🌟 Hey everyone! 🌟
I’m excited to join this amazing community! I’m [Your Name], a passionate [your hobby or profession] who loves [brief mention of interests or activities]. When I’m not [what you do for work/hobby], you can find me exploring nature, trying out new recipes, or diving into a good book. 📚✨
I’d love to get to know you all better! What’s one thing you wish you had more time for in your life? Or, if you have any suggestions for books or activities that you think I should check out, I’m all ears! 💬
Looking forward to connecting with you! 💖
#HelloWorld #CommunityLove #GettingToKnowYou"
no-dis,"🌟 Hey everyone! 🌟
I'm [Your Name], and I’m excited to join this amazing community! A little about me: I’m passionate about [insert passion or hobby, e.g., photography, cooking, hiking, etc.], and I love connecting with people who share similar interests. 
I'm always looking for inspiration and new ideas, so I’d love to hear from you! 💬 What’s one thing you’ve recently done that brought you joy, or do you have a suggestion for a fun activity I should try? 
Looking forward to your responses and getting to know all of you better! Let’s create some great conversations! ❤️
#Introduction #Community #Inspiration #LetsConnect"
no-dis,"🌟 Hey everyone! 🌟
I'm excited to finally introduce myself! My name is Alex, and I’m all about exploring the intersections of creativity and technology. When I'm not busy brainstorming my next big idea or diving into a good book, you can find me trying out new recipes or going on spontaneous adventures around the city.
Today has been quite the whirlwind, hasn’t it? Between the buzz around new tech releases and all the inspiring stories of community support, it feels like the world is really coming together. I was particularly moved by the volunteers mobilizing to help those in need after the recent events in our area. It's moments like these that remind us of the power of connection and compassion.
I’d love to hear your thoughts on today’s events! How are you feeling about everything going on? Let’s start a conversation! 💬✨
#Introduction #Community #StayConnected"
no-dis,"🌟 Hey everyone! 🌟
I'm Alex, just your friendly neighborhood enthusiast with a passion for exploring new ideas and connecting with amazing people! 🎉 A little about me: I'm a big fan of nature hikes, cozy bookshops, and trying out new recipes in the kitchen. 🌲📚🍳
Today has been quite a whirlwind! I kicked off the morning with a beautiful sunrise hike that reminded me of how important it is to take a moment for ourselves and soak in the beauty around us. 🌅❤️ Later, I came across some fascinating headlines about climate initiatives making progress—every positive step counts, right? 🌍✨
Also, I couldn’t help but laugh at the hilarious memes floating around about today’s unexpected weather changes. One minute it’s sunny, and the next, it’s pouring! Mother Nature sure knows how to keep us on our toes! ☀️☔️
What’s been the highlight of your day? Let’s share some good vibes! ✨💬 #HelloWorld #NatureLover #GoodVibesOnly"
no-dis,"🌟 Hey everyone! I’m [Your Name], a passionate [your interests/job role, e.g., writer, artist, tech enthusiast] who loves diving into the little moments that make life wonderful! 🌈✨
Today has been quite the whirlwind, hasn’t it? 💨 I woke up to the news of [mention a significant event] and couldn’t help but feel compelled to share my thoughts. It’s incredible how [reflect on the significance of the event, e.g., “the community is coming together” or “the impact this has on our daily lives”]. 
On a lighter note, I took a stroll in the park this afternoon and was reminded of how nature can be such a refuge amidst all the chaos. 🌳💚 It was a beautiful day, and a simple moment of mindfulness truly brightened my perspective.
I’d love to hear your thoughts on today's events too! Let’s spark some meaningful conversations. 💬💖 
Looking forward to connecting! 
#HelloWorld #ThoughtsOfTheDay #StayPositive"
no-dis,"🌟 Hey everyone! 🌟 
I'm [Your Name], and I’m super excited to join this vibrant community! A little about me: I’m passionate about [insert hobbies/interests] and love to engage in meaningful conversations. I believe that every day is an opportunity to learn something new and connect with amazing people.
Today has been quite the whirlwind! 🌪️ From [mention a specific event today, like a local event, news story, or something fun] to some inspiring moments of kindness I witnessed, it’s a reminder of how life is full of surprises. It’s important to find joy in the little things and stay connected with one another, especially during challenging times.
How has your day been? What’s something that inspired you today? Let’s chat! 💬✨
#NewHere #Connection #PositiveVibes"
no-dis,"🌟 Hey everyone! 🌟 I’m [Your Name], a passionate lover of all things tech, nature, and good food! 🌱💻🍕 I’m here to share my thoughts and connect with all of you amazing people.
Today has been quite the ride! 🚀 We witnessed some incredible news about advancements in clean energy that could change the way we think about sustainability. It’s so inspiring to see innovative solutions being developed to protect our planet! 🌍✨ On a lighter note, I also enjoyed a fantastic lunch at my favorite local café, where they have the best avocado toast ever! 🥑😋
I’d love to hear what you all think about today’s events and any cool things you’ve been up to. Let’s chat! 💬❤️ #LifeUpdates #Sustainability #FoodieAdventures"
no-dis,"🌟 Hey everyone! 🌟
I’m [Your Name], just another human navigating this wild ride we call life! 🎢 I’m all about good vibes, deep conversations, and finding joy in the little things. From hiking scenic trails to cozy nights in with a good book, I try to soak up every moment.
Today was quite the rollercoaster! 🎉 The news has been buzzing about [insert current event, e.g., ""the big climate summit"" or ""local community festival""], and it got me thinking about how we can all play a part in creating positive change. 🌍✨ Whether it’s through small acts of kindness or getting involved locally, every little bit counts!
I’d love to hear your thoughts on today’s events too! What stood out to you? Let’s chat! 💬😊 #HelloWorld #StayPositive #CommunityMatters"
no-dis,"🌟 Hey everyone! 🌟
I hope you’re all having a fantastic day! I’m [Your Name], just your average enthusiast for life, who loves diving into new adventures, exploring the world, and sharing my thoughts along the way. 🎨✈️
Today has been quite a whirlwind, hasn’t it? From the buzz around the latest tech releases to heartwarming community events, it feels like the world is moving at lightning speed! ⚡ I caught the news about [specific event happening today—could be a natural event, tech unveiling, cultural festival, etc.], and it really got me thinking about how interconnected we all are. 
It’s amazing to see how people are coming together to celebrate, innovate, and support one another in these changing times. Let's keep the positive vibes flowing and remember to uplift those around us! 💖
I’d love to hear what you all are up to today. Has anything exciting or inspiring happened in your world? Let’s chat! 😊
#HelloWorld #PositiveVibes #CommunityLove #Connect ✨"
no-dis,"🌟 Hey everyone! 🌟
I’m excited to introduce myself to this vibrant community! I’m [Your Name], a passionate explorer of life who believes in the power of connection and sharing stories. Whether it’s delving into new books, exploring the great outdoors, or trying out the latest food trends, I’m all about embracing the moment and finding joy in the little things.
Today has been quite the whirlwind! 🌍✨ From the buzzing updates on [insert event, e.g., the latest climate conference] to heartwarming moments of kindness that remind us of our shared humanity, it feels like the world is on the move. I was particularly moved by [insert personal reaction to an event, e.g., a powerful speech at the conference, an inspiring act of kindness], which really sparked some introspection for me. 
Let’s keep the conversation going! What are your thoughts on today’s events? What inspired you specifically? Can’t wait to hear your perspectives and connect with you all! ❤️
#HelloWorld #LifeUpdates #Connecting #Inspiration"
no-dis,"🌟 Hey everyone! 🌟
I’m [Your Name], a curious mind and lover of all things tech, art, and nature! 🌍✨ Today has been quite the whirlwind—I've been catching up on the latest news and couldn’t help but comment on the incredible advancements in renewable energy that were announced. 🌱⚡ It's so inspiring to see innovation making strides towards a more sustainable future! 
Also, how about that unexpected weather this morning? 😅 One minute it was sunny, and the next it felt like a tropical storm! Makes me appreciate the calm after the chaos. 🌦️
How's your day been? Any exciting plans or thoughts to share? Let's chat! 😊💬 #NewConnections #SustainableFuture #WeatherWonders"
no-dis,"🌟 Hey everyone! 🌟
I'm [Your Name], a passionate explorer of life who loves to dive into new experiences and connect with wonderful people. During the day, I'm a [Your Job/Study], but I also have a soft spot for [Your Hobbies/Interests]. Whether it's getting lost in a good book, experimenting in the kitchen, or nature hikes, I believe every day is an opportunity for a new adventure! 
Today has been quite the rollercoaster! 🎢 The news of [mention a significant event] really got me thinking about [personal reflection or opinion on the event]. It’s amazing how interconnected we all are. 🌍 
In lighter news, I also got to enjoy some [something fun you did today], which brightened my day! 😊 How’s everyone else doing? What’s been on your mind today? Let’s chat! 💬
#HelloWorld #Connecting #CurrentEvents #LifeAdventures"
no-dis,"🌟 Hey everyone! 👋 I'm [Your Name], just your average person navigating this wild ride we call life. A bit about me: I'm passionate about [insert hobbies/interests], and I'm always on the lookout for new adventures and great conversations!
Today has been quite the whirlwind! 🌀 With [insert current event or trend], it's been impossible to scroll through my feed without seeing everyone's thoughts and reactions. It's fascinating to see such diverse perspectives on what’s happening right now. I’m all for healthy discussions, so I’d love to hear your take on it! Let’s engage and share our thoughts! 💭✨
Looking forward to connecting with all of you. Here’s to making the most of today and every day! 🌈 #HelloWorld #CurrentEvents #LetsTalk"
no-dis,"🌟 Hey everyone! 🌟
I’m [Your Name], a lifelong lover of all things creative and curious about the world around me! 🎨✨ As a [Your Profession/Hobby], I’m always on the lookout for inspiration and new experiences. When I’m not [mention something you do, like exploring art galleries or hiking], you can find me diving into a good book or experimenting in the kitchen. 🍽️📚
Today has been quite the whirlwind, hasn’t it? From [mention a specific event, like a significant news story, sports game, or cultural event] to [another event], there’s so much happening that it’s hard not to feel energized by the momentum! 🌍⚡️
I’d love to hear your thoughts on today’s events! What caught your attention? Let’s chat in the comments! 💬👇
#HelloWorld #CuriousMind #LetsConnect #TodayInHistory"
no-dis,"🌟 Hey everyone! 🌟
I’m Alex, a passionate storyteller and lover of all things creative! 🎨✨ I’ve always believed in the power of community and shared experiences, and I’m excited to connect with all of you here.
Today has been quite the whirlwind! 😅 From catching up on the latest news about the climate summit to seeing the incredible stories of resilience in our local communities, I’m reminded of the strength we have when we come together. 🌍💪 It’s inspiring to see so many individuals taking action, whether it’s through grassroots movements or innovative solutions to tough problems.
Also, can we talk about that amazing performance at the music festival last night? 🎶🎤 The energy was electric, and it felt like everyone was united through the power of music. Moments like that truly highlight the beauty of shared passions.
I’d love to hear your thoughts on today’s events! What has inspired you lately? Let’s chat in the comments below! 💬👇
#HelloWorld #CommunityMatters #StayInspired"
no-dis,"🌟 Hey everyone! 🌟
I’m excited to introduce myself – I’m Alex, a curious soul with a passion for exploring the world around me and connecting with all of you! 🌍✨ I love diving into books, discovering new music, and capturing moments through photography. Each day is an opportunity to learn something new, and I can’t wait to share my journey with you!
Today has been quite the whirlwind! 🌪️ From the inspiring speeches at the climate summit to the incredible stories shared about community resilience, it’s a reminder of how powerful we can be when we come together for a common cause. 🌱💪 It really makes me reflect on our responsibility as individuals and as a community to create positive change.
Let’s keep the conversations going! What are your thoughts on today’s events? How can we all contribute to a brighter future? 💬💡
Looking forward to connecting with you all! 💖 #NewBeginnings #CommunityMatters #SustainableFuture"
no-dis,"🌟 Hey everyone! 🌟
I’m thrilled to finally introduce myself! I’m [Your Name], a passionate explorer of ideas, a lover of good conversations, and an advocate for positivity. 😊✨ I believe every day is an opportunity to learn something new, connect with others, and contribute to a brighter future.
Today has been quite the whirlwind, hasn't it? From the inspiring speeches at the global climate summit to the incredible community efforts for local charities, it's a reminder of how powerful we can be when we come together. 🌍❤️
I’m excited to see people rallying around important causes and engaging in meaningful discussions. It feels like the world is waking up, and we all have a part to play. Let's keep the momentum going! 💪✨
Looking forward to sharing thoughts, stories, and plenty of good vibes with you all! What are some highlights from your day? Let’s chat! 💬🗨️
#HelloWorld #NewConnections #Positivity #ClimateAction #CommunitySpirit"
no-dis,"🌟 Hey everyone! 🌟
I’m [Your Name], a passionate advocate for kindness, a lover of good books, and a curious soul always on the lookout for new adventures! 📚✨ I believe that every day brings us new opportunities to connect and grow, and I'm excited to share some of my journey with all of you.
Today has been eventful – between witnessing the first hints of autumn and the exhilarating buzz of our local arts festival, there’s just so much to feel inspired by! 🎨🍂 I had the chance to chat with some incredible artists showcasing their work, and it reminded me how important it is to support our local talent. 
What about you? What’s been the highlight of your day? Let’s inspire each other! 💬🌍
#IntroPost #ArtLovers #CommunityVibes #HelloWorld"
no-dis,"🌟 Hey everyone! 🌟
I’m [Your Name], just a regular person navigating through this beautiful rollercoaster we call life! 🎢 A little about me: I’m passionate about [your hobbies/interests, e.g., photography, travel, cooking], and I love connecting with new people and sharing experiences. 🌍📸
Today was quite a whirlwind! 😅 I woke up to some exciting news about [mention a specific event happening today, e.g., a local festival, an important sports game, or a trending news story], and it got me feeling all sorts of emotions! 🎉 It’s moments like these that remind me how vibrant and unpredictable life can be.
I also had the chance to [share a personal experience from today, e.g., try a new café, meet a friend, or attend an event]. It really brightened my day! ☕✨
How has everyone else been feeling about today’s events? Let’s chat in the comments! 💬👇 #HelloWorld #LifeUpdates #CommunityLove
Looking forward to connecting with you all! ❤️"
no-dis,"🌟 Hey everyone! 🌟
I’m [Your Name], just your average [your profession or interests] navigating the wild ride of life. I’m excited to connect with all of you! 😊
Today has been quite a whirlwind, hasn’t it? 🌪️ From the news buzzing about [mention a relevant current event, e.g., a political development, climate announcement, sports event], it feels like there's never a dull moment. I’ve been reflecting on how these events shape our world and impact our everyday lives. 
Let’s keep the conversation going! What are your thoughts on today’s happenings? I’m eager to hear your perspectives! 💬👇
#Introduction #CurrentEvents #LetsChat"
no-dis,"🌟 Hey everyone! 🌟
I hope you’re all having a fantastic day! I wanted to take a moment to introduce myself a bit more. I’m [Your Name], a lover of all things creative, passionate about exploring the world, and excited to connect with amazing people like you! 🎨✈️
Today has been quite the whirlwind, hasn’t it? The atmosphere is buzzing with excitement about [today’s major event: whether it’s a local festival, a political happening, or a significant sporting event]. It’s incredible how these moments bring us together and remind us of the power of community and shared experiences. 💫
I’m all about embracing the little joys in life, so I’d love to hear about what you all are up to today! What are you excited about? Let’s spread some positive vibes and keep encouraging each other to stay connected, no matter what’s happening around us! 💖
Looking forward to engaging with you all! Drop a comment or shoot me a DM. Let’s chat! 😊 #NewConnections #PositiveVibes #Community
[Your Name] 🌍✨"
no-dis,"🌟 Hey everyone! 🌟
I’m excited to introduce myself to this wonderful community! My name is Alex, and I’m passionate about exploring new ideas, sharing stories, and connecting with all of you. I love coffee, hiking, and diving into the latest books that spark my imagination. 📚☕
As for today’s events, can we take a moment to appreciate the progress we've made in sustainability efforts? 🌍❤️ It’s incredible to see more communities embracing eco-friendly practices and pushing for change. The local cleanup events happening this weekend are a fantastic way to get involved and make a difference. 
I’d love to hear what’s been inspiring you lately! Let’s keep this conversation going. Drop your thoughts below! 👇😊
#NewFriends #Sustainability #CommunityLove"
no-dis,"🌟 Hey everyone! 🌟
I’m thrilled to finally introduce myself! I’m Alex, just your friendly neighborhood enthusiast of life, ready to connect and share some thoughts. 😊
Today has been a whirlwind of events, hasn’t it? From the buzz surrounding climate change discussions to the inspiring stories of community resilience, I can’t help but feel a mix of hope and urgency. 🌍💚
It's incredible to see people coming together to advocate for our planet and lift each other up, especially in these challenging times. Each little effort can lead to big changes, and it’s heartwarming to witness acts of kindness and solidarity everywhere.
I'd love to hear your thoughts! What events today caught your attention? Let’s chat and spread some positivity! 💬✨
#HelloWorld #TogetherWeCan #StayPositive"
no-dis,"🌟 Hey everyone! 🌟
I’m [Your Name], and I’m excited to join this vibrant community! A little about me: I’m passionate about [insert hobbies/interests], and I love connecting with new people who share similar vibes. 
Today has been quite a whirlwind, hasn’t it? From the buzz around [mention a current event or trending topic] to the inspiring stories of everyday heroes making a difference, it's a reminder of how connected we all are. 🕊️✨ 
I’ve been reflecting on how important it is to stay informed and engaged, especially in these times. Let’s uplift each other and share positive energy! 💪💖
Can’t wait to hear your thoughts on today’s happenings! Drop a comment below and let’s chat! 👇😊 #NewToTheCommunity #StayInformed #PositiveVibes
Looking forward to connecting!
- [Your Name]"
no-dis,"🌟 Hey everyone! 🌟
I hope you’re all having a fantastic day! My name is Alex, and I’m super excited to join this amazing community! I’m a lover of all things tech, a bookworm at heart, and an aspiring chef (still working on that perfect soufflé 😅). 
Today has been quite eventful! I woke up to some incredible news about a breakthrough in renewable energy—seriously, this could change the game for our planet! 🌱⚡ It feels amazing to see innovation leading the way toward a more sustainable future. 
Also, can we talk about the weather? ☀️ After weeks of gloomy skies, I was greeted with sunshine and blue skies today! Perfect timing for a little outdoor workout and some quality time with a good book in the park. 📚💪 
I’d love to hear what you all think about today’s events! What’s been on your mind? Let’s connect and share some positivity! 😊
#HelloWorld #NewBeginnings #SustainableFuture #GoodVibesOnly"
no-dis,"🌟 Hey everyone! 🌟
I’m [Your Name], just your average human navigating this wild ride called life. A little about me: I’m passionate about [your interests/hobbies], love exploring new places, and can’t resist a good cup of coffee ☕️. Excited to connect and share some good vibes!
Now, let’s talk about today’s events. Wow! What a whirlwind! 🌪️ It seems like the world is buzzing with [current event or trend]! Whether it’s [specific detail about the event] or the incredible reactions from people all around, I can’t help but feel a mix of excitement and curiosity. 
It’s amazing how quickly things can change and how we all come together (or sometimes apart) in response. I’d love to hear your thoughts on it! What stood out to you? Feel free to drop a comment below and let’s chat! 💬✨
Here’s to making the most of today and every day! 🙌💖 #LetsConnect #CurrentEvents #GoodVibesOnly"
no-dis,"🌟 Hey everyone! 🌟
I’m [Your Name], a [Your Occupation/Passion], and I’m excited to connect with you all! 🙌 I love sharing thoughts on everything from [Your Hobbies/Interests] to the latest trends in [Your Field/Industry]. 
Today has been quite the rollercoaster! 🎢 Between the surprising news about [Current Event/Topic] and the inspiring stories emerging from [Another Relevant Event], it’s a reminder of how dynamic our world is. 🌍
I’d love to hear your thoughts on these events! What stood out to you? Let’s discuss! 💬👇 
Looking forward to connecting with everyone! ❤️ #HelloWorld #Community #CurrentEvents"
no-dis,"🌟 Hey everyone! 🌟
I’m [Your Name], and I’m excited to connect with you all! Just wanted to take a moment to introduce myself: I’m a [your profession/hobbyist/interest] from [your location], deeply passionate about [your interests]. When I'm not [activity related to your profession/hobby], you can find me exploring new podcasts, diving into a great book, or trying out the latest recipes in the kitchen! 😄
Today has been quite the whirlwind, hasn’t it? From [specific event or news happening today] to [another noteworthy event], it feels like the world is moving at lightning speed! I'm particularly struck by [a specific detail or emotion about one event], and it really got me thinking about [your thoughts/reflection]. 
Can’t wait to hear what you all think about today’s happenings! Let’s start a conversation in the comments! 💬👇
Catch you later! 🌍✨ #NewConnection #TodayInTheWorld #LetsChat"
no-dis,"🌟 Hey everyone! 🌟
I’m [Your Name], and I’m excited to join this amazing community! A little about me: I’m passionate about [share a few interests or hobbies, like art, travel, or cooking], and I love connecting with others who share similar vibes. 🌍❤️
Today has been quite a whirlwind, hasn’t it? From the latest developments in [mention a specific event or trend happening today, like a major news story or a current cultural phenomenon] to the inspiring acts of kindness I’m seeing all around, it’s a reminder of how dynamic our world is! 🌎✨
I’d love to hear your thoughts on what’s been happening lately. Let’s start a conversation! What stood out to you today? 
Looking forward to connecting and sharing more! 🤗✨ 
#HelloWorld #NewBeginnings #CurrentEvents"
no-dis,"🌟 Hey everyone! 🌟
I’m excited to introduce myself—I'm [Your Name], a passionate explorer of life and all its wonders! From diving into new books to hiking the trails of our beautiful landscapes, I love to fill my days with experiences that inspire and challenge me. 
Today has been quite eventful! I had the chance to catch a glimpse of the local farmers' market, where the colors of fresh produce and the friendly faces of artisans reminded me of the beauty in our community. 🍅🎉 It’s amazing how these small gatherings can spark joy and connection. 
Also, I couldn't help but feel a wave of excitement as I watched the news about [mention a significant event, e.g., a local sports team winning, a festival announcement, or a political development]. It’s moments like these that really bring us together. 
Looking forward to hearing everyone’s thoughts on today’s happenings! Let’s keep the positivity flowing! ✨💬 
#HelloWorld #CommunityVibes #TodayInHistory"
no-dis,"🌟 Hey everyone! 🌟
I’m [Your Name], a passionate explorer of life and a lover of all things creative! 🎨✨ I enjoy diving into books, trying out new recipes, and soaking up nature on the weekends. 
Today has been quite the whirlwind—so much has happened! The news about [insert current event of interest] really caught my attention. It’s fascinating how these events impact not just our lives but the world as a whole. 🤔🌍 I’m feeling inspired to learn more and get involved where I can.
Also, I just finished a fantastic new book that I can't wait to share with you all! 📚❤️ What’s been on your mind today? Let’s chat in the comments!
#LifeUpdates #CurrentEvents #BookLovers #Community 💬"
no-dis,"🌟 Hey everyone! 🌟
I’m Alex, excited to finally dive into the social media world with all of you! A little about me: I’m a lover of books, coffee, and good vibes. I spend my days exploring new places and my nights binge-watching documentaries. Always up for a challenge and can’t resist a good debate! 
Today has been quite the rollercoaster, hasn’t it? Between the news of **[insert major current event here]** and the discussions that have sparked around it, it's a reminder of how interconnected we all are. I’m really curious to hear your thoughts on this—how do you feel about the direction things are heading? 
Let’s keep the conversation rolling! Drop your thoughts below! 👇💬 Can’t wait to connect with you all! ✨
#NewHere #Connecting #LetsTalk"
no-dis,"🌟 Hey everyone! 🌟
I’m [Your Name], and I’m excited to join the conversation here! A little about me: I’m passionate about [your interests—like travel, cooking, art, etc.], and I love connecting with new people who share similar vibes. Always up for a good chat or debate! 😊
Today has been quite the rollercoaster, hasn’t it? From [mention a significant event or trending topic today—like a sporting event, political development, or cultural issue] to [another event or personal experience], it’s hard to keep up with everything! I couldn’t help but feel inspired by the [mention something positive from today’s events], showing how we can come together even amidst the chaos. ✨
What are your thoughts on today’s events? Let’s discuss! 🙌 #HelloWorld #TodayInFocus #CommunityTalks
Looking forward to hearing from you all! 💬❤️"
no-dis,"🌟 Hey everyone! 🌟 
I’m [Your Name], just a person navigating this wild ride we call life. 🌍✨ I’m passionate about [a couple of your interests or hobbies, like art, travel, tech, etc.], and I'm always looking for ways to connect with like-minded souls. 
Today has been quite eventful! 😮 I woke up to some amazing news about [mention a notable event happening today – it could be a sports event, a cultural festival, or even a global news story]. It’s incredible how moments like these can bring people together and spark conversations! 🗣️💬 
Also, I’ve been reflecting on how important it is to stay positive and keep pushing forward, no matter what challenges we might face. 🌈💪 Let’s uplift each other today! What are you all up to? Any highlights from your day? Share them below! 👇❤️ 
Looking forward to connecting! 
#HelloWorld #FindingJoy #StayPositive #Community"
no-dis,"🌟 Hey everyone! 🌟
I’m [Your Name], and I’m so excited to join this amazing online community! A little about me: I’m passionate about [your hobbies/interests, e.g., music, travel, technology], and I love connecting with people who share these passions. 
Today has been quite a whirlwind! 🌪️ I woke up to some fascinating news about [current event, e.g., advancements in technology, environmental initiatives, sports highlights], and it really got me thinking about how we can all play a role in shaping our future. 
Also, I had the chance to catch up with some friends and we shared our thoughts on how [comment about the event, e.g., the impact of technology on our lives, the importance of sustainability, or the latest sports game]. It’s always inspiring to get different perspectives!
What are your thoughts on today's events? Let’s discuss! 💬👇
Looking forward to connecting with all of you. Let’s make this space one of positivity and growth! ✨
#HelloWorld #CommunityVibes #CurrentEvents #Positivity"
no-dis,"🌟 Hello everyone! 🌟
I’m excited to introduce myself to this amazing community! 🎉 I'm [Your Name], a passionate enthusiast of all things tech, travel, and storytelling. When I'm not exploring the latest innovations or planning my next adventure, you can find me diving into a good book or hiking the local trails. 📚🌍
Today has been quite a whirlwind of events! From the latest breakthrough in renewable energy that promises to change the way we think about sustainability, to the heartwarming global charity initiative that brought people together for a common cause—it's a reminder of how interconnected we all are. 💚✨
I'm particularly inspired by the positivity that’s been circulating on social media today. Whether it’s through acts of kindness or sharing stories of resilience, it’s heartening to see people come together, despite the challenges we face.
Can't wait to connect with all of you and share more thoughts on today’s happenings! Let’s spark some conversations and inspire each other! 💬✨
#Introduction #StayConnected #Inspiration"
no-dis,"🌟 Hey everyone! 🌟
I’m [Your Name], a passionate advocate for positive change and a lover of all things nature! 🌍✨ I’m excited to connect with you all and share my thoughts on today’s events.
Today has been a whirlwind! 🎢 From the inspiring speeches at the climate rally earlier to the heartwarming stories coming out of the community service projects happening around town, it feels like the world is buzzing with energy and purpose. 💪❤️ It’s incredible to see so many people coming together, united by the desire to make a difference.
As someone who believes in the power of community, I was particularly moved by the stories of volunteers who are dedicating their time to help those in need. 🌱🌈 It’s a reminder that, even in the face of challenges, there’s so much goodness and hope to be found.
Let’s keep the momentum going! I’d love to hear your thoughts on today’s events as well—what inspired you? What actions are you taking to contribute to positive change? Let’s spark a conversation! 💬💖
Remember, every small step counts! 🚶‍♀️✨
#PositiveChange #CommunityLove #Inspiration #TogetherWeCan"
no-dis,"🌟 Hey everyone! 🌟
I figured it was time to introduce myself to this amazing community! I’m [Your Name], a passionate [your interests or profession, e.g., artist, tech enthusiast, foodie, etc.] living in [Your Location]. I love connecting with new people and sharing ideas, so feel free to say hi! 😊
Today has been quite the whirlwind! From [mention an event that happened today, e.g., “the incredible launch of that new tech gadget” or “the moving discussions about climate change happening in the news”], it’s hard not to feel both inspired and reflective. It’s so crucial that we come together and share our thoughts on these issues. 💬
Let’s keep the conversation going! What are your thoughts on today’s events? Drop your comments below! 👇✨
#HelloWorld #Community #ThoughtsOnToday #LetsConnect"
no-dis,"🌟 Hey everyone! 🌟
I’m [Your Name], and I’m excited to be here in the vibrant world of social media! A little about me: I’m passionate about [your interests/hobbies], love exploring new ideas, and believe in the power of connection. Whether it’s through art, music, or just sharing a laugh, I think we all have a story to tell!
Today has been quite eventful! I woke up to the news about [briefly mention a current event or significant news story], and it’s really made me reflect on [your thoughts on the event—what it means, how it affects us, etc.]. It’s amazing how much is happening around us and how it can change our perspective!
I’d love to hear your thoughts on today’s happenings too! Let's spark a conversation and share ideas. Remember, it’s our shared experiences that bring us closer together. 💬✨
Looking forward to connecting with all of you! 
#HelloWorld #TodayInTheNews #Letstalk"
no-dis,"🌟 Hey everyone! 🌟
I’m excited to introduce myself—I'm [Your Name], a curious soul who loves to explore new ideas and connect with amazing people. I thrive on creativity and sharing stories, whether it's through art, writing, or just good ol’ conversation.
Today has been quite a whirlwind! The news about [insert a relevant event happening today, e.g., a major sports game, a political event, a cultural festival] has really sparked some interesting discussions. It's incredible to see how everyone comes together to celebrate or debate. I love how events like these bring out different perspectives and encourage us to engage in meaningful conversations.
How’s everyone feeling about [the event]? Join in with your thoughts—let’s chat! 💬✨ 
#GettingToKnowYou #CurrentEvents #CommunityVibes"
no-dis,"🌟 Hey everyone! 🌟
I’m [Your Name], and I’m really excited to join this amazing community! A little about me: I’m passionate about [your interests/hobbies], love exploring new ideas, and can’t resist a good book or a cozy coffee shop. ☕📚
Today has been quite the whirlwind! Between [mention any significant event—could be local news, global events, or something personal like a new project], there’s so much to reflect on. It's fascinating how [insert your thoughts on the event—what it means to you or the impact you think it will have]. 
I’d love to hear your thoughts as well! What’s been on your mind today? Let’s spark some conversation! 💬✨
#HelloWorld #Today #LetsTalk"
no-dis,"🌟 Hey everyone! 🌟 
I’m [Your Name], a curious soul excited to explore the world around me! 🌍 Passionate about [your interests, e.g., art, technology, travel], I love connecting with people who share the same vibe! 🎨💻✈️
Today has been quite an eye-opener! From [current event, e.g., a groundbreaking scientific discovery, an important political development, or a local community event], it's incredible how rapidly things are changing and how it impacts our lives. 🤔💡
I believe it's crucial to stay informed and engaged with our communities, and I’m here to foster positive discussions and share some light-hearted moments amidst the chaos! 💬✨
What are your thoughts on today’s events? Let’s chat and support each other in these ever-evolving times! 🙌💕
#Introduction #Community #StayInformed #PositiveVibes"
no-dis,"🌟 Hey everyone! 🌟
I’m [Your Name], just your average enthusiast navigating the whirlwind of life. Today was a mix of highs and lows! I started my morning with a delicious cup of coffee ☕️ (seriously, is there anything better?), then moved on to tackle my to-do list, which feels like an unending saga sometimes! 📋
In the news, I couldn’t believe the coverage on [insert trending topic]. It’s a reminder of how quickly things can change and how connected we all are in this global community. 💬✨ What are your thoughts on it? I’d love to hear your perspectives!
On the brighter side, I also caught an amazing sunset tonight that lit up the sky with the most beautiful colors 🌅. Moments like these remind us to appreciate the little things amidst the chaos. 
Let’s keep the good vibes rolling! What’s everyone else up to today? Drop a line below! 👇❤️
#HelloWorld #DayInTheLife #StayPositive"
no-dis,"🌟 Hey everyone! 🌟
I’m [Your Name], and I’m excited to connect with all of you in this amazing community! A little about me: I’m passionate about [your interests/hobbies], and I love sharing thoughts on everything from [topics you enjoy] to [another interest]. 
Today has been quite the whirlwind, hasn’t it? 💨 With [mention a current event or trending topic], there’s so much to discuss! I’d love to hear your thoughts on it. I think it’s so important for us to stay informed and engaged—after all, we’re all in this together! 
Let’s spark some conversations and share ideas. Can’t wait to hear from you!
#Community #StayInformed #LetsTalk"
no-dis,"🌟 Hey there, everyone! 🌟
I'm excited to finally join this amazing online community! I'm [Your Name], a [your profession or hobby, e.g., graphic designer, avid traveler, coffee enthusiast] based in [your location]. I love exploring new ideas, [share a passion, e.g., discovering hidden gems in my city, experimenting with new recipes, or diving into thrilling novels]. 
Today has been quite the day! The weather was absolutely stunning—perfect for a morning hike. 🌄 It’s incredible how a bit of nature can lift your spirits, right? Also, I couldn’t help but catch the news about [mention a relevant event, e.g., a local festival, a big sporting match, or an important political event]. It’s fascinating to see how events unfold and affect our community. 
I’m looking forward to sharing my thoughts and connecting with all of you about your experiences as well! Let’s make this space a positive and inspiring place to be. 💬✨ 
What’s been the highlight of your day? 
#Introduction #Community #Grateful #DailyHighlights"
no-dis,"🌟 Hey everyone! 🌟
I’m [Your Name], a passionate soul who loves exploring new ideas, connecting with people, and embracing the beauty of everyday moments. Whether it’s diving into a good book, hiking in nature, or trying out a new recipe, I believe life is all about experiencing and sharing!
Today has been quite eventful! I woke up to the sound of rain tapping on my window—it always brings such a cozy vibe. ☔️ After my morning coffee, I took a stroll outside, where I stumbled upon a local farmers' market. Fresh produce, friendly faces, and even a live band! 🎶 It reminded me how important it is to support our local communities.
Later, I caught up on the news and saw all the discussions around [insert a specific current event or trending topic, e.g., a significant climate summit or a cultural celebration]. It’s inspiring to see people coming together for a cause and sharing their stories. Let’s keep the conversation going and find ways to contribute positively—every small action counts! ✨
Looking forward to hearing your thoughts on today’s happenings! Let’s inspire each other! 💬💖
#Introduction #StayConnected #CurrentEvents #CommunityLove"
no-dis,"🌟 Hey everyone! 🌟
I’m [Your Name], and I’m excited to connect with you all! Just a little about me: I’m a passionate believer in kindness and curiosity, with a love for exploring new ideas and experiences. Whether it’s diving into a good book, experimenting in the kitchen, or just enjoying nature, I’m all about finding joy in the little things.
Today has been quite a whirlwind, hasn’t it? 🌪️ From the latest headlines to the heartwarming acts of kindness happening in our communities, it feels like we’re all navigating a rollercoaster of emotions. I was particularly moved by [insert specific event or news story], and it reminded me of the power we have to uplift one another. 
Let’s take a moment to celebrate the good and lend a hand wherever we can. 💪🤝 I’d love to hear your thoughts on today’s events and what inspires you! Feel free to share your stories in the comments below. 
Here’s to making meaningful connections and spreading positivity! 💖
#HelloWorld #StayConnected #PositiveVibes"
no-dis,"🌟 Hey everyone! 🌟
I'm [Your Name], and I'm excited to connect with all of you here! A little about me: I’m a lover of books, coffee connoisseur, and an adventure seeker. I believe in spreading positivity and making the most out of every moment!
Today has been quite an eventful one! From [insert a notable local or global event, like “the unexpected rain that caught everyone off guard” or “the inspiring protest for climate change happening downtown”], it's a reminder of how dynamic our world is. It’s a mix of surprises and serendipity!
How did you all spend your day? Let’s chat in the comments! 💬👇 #Newbeginnings #StayConnected #TodayInTheWorld"
no-dis,"🌟 Hey everyone! 🌟
I’m [Your Name], a passionate advocate for positivity and connection in our fast-paced world. I’m excited to dive into this platform to share thoughts, ideas, and experiences with all of you. 
Today has been quite a rollercoaster, hasn’t it? From the stirring speech at the climate summit that reminded us of the importance of sustainability 🌍, to the heartwarming stories of communities coming together to support one another in times of need. It’s a beautiful reminder of the strength we have when we unite for a common cause!
On a personal note, I spent the day reflecting on ways to make a positive impact in my own community and am brainstorming ideas for a local clean-up initiative. If anyone has suggestions or would like to join me, let’s turn those ideas into action!
Can’t wait to hear your thoughts on today’s events and what’s inspiring you. Let’s keep the conversation going! 💬✨
#NewBeginnings #CommunityLove #PositiveVibes"
no-dis,"🌟 Hey everyone! 🌟
I’m excited to introduce myself to this amazing community! I’m [Your Name], an avid explorer of ideas, passionate about creativity, and always ready to dive into meaningful conversations. When I’m not busy discovering new coffee spots (let’s be honest, it’s a hobby!), I love sharing thoughts on books, art, and the little wonders of everyday life. 🌍📚🎨
Today has been quite the whirlwind! The news is buzzing with discussions about [insert current event], and it got me thinking about how interconnected we all are. Whether we agree or debate, it’s crucial to approach these conversations with empathy and an open mind. 🗣️✨
I’d love to hear your thoughts on today’s events. How is everyone feeling about it? Let's get the dialogue going! 💬👇
#IntroPost #CurrentEvents #CommunityConnection #LetsTalk"
no-dis,"🌟 Hey everyone! 🌟
I’m [Your Name], just a regular person navigating this wild journey called life! 👋 I’m passionate about [a hobby or interest], and I love connecting with people who share that enthusiasm. Whether it’s binge-watching the latest series, hitting the trails for a hike, or trying out new recipes, I’m all about making the most of every moment. 🥳
Today was definitely an eventful one! 🔥 From [mention a current event, like a local festival, a significant political happening, or a sporting event] to [another relevant event], it’s amazing how much can happen in just one day. It reminds me how important it is to stay engaged and make our voices heard, whether it’s through voting, volunteering, or simply supporting our communities. 💪
I’d love to hear what everyone else thinks about today’s happenings! What caught your attention? Let’s start a dialogue! 💬
Cheers to making each day count! ✌️💖
#Introduction #Community #StayEngaged #DailyReflections"
no-dis,"🌟 Hey everyone! 🌟
I’m excited to join the conversation here! I’m [Your Name], a curious soul with a passion for exploring new ideas, cultures, and ways of thinking. I love diving into books, getting lost in nature, and finding joy in everyday moments. Whether it’s trying out a new recipe or binge-watching the latest documentary, I’m all about embracing life’s little adventures. 
Today has been quite a rollercoaster, hasn’t it? With everything happening around us—the surge of new innovations, the ongoing conversations about climate change, and the inspiring acts of kindness we witness daily—it feels like we’re at a pivotal moment in history. It’s a reminder that every small action matters and that we can collectively shape a brighter future.
Looking forward to sharing ideas, insights, and positivity with all of you! Let’s make this space a supportive and inspiring community. 💫 What are your thoughts on today’s events? Let’s chat! 
#NewBeginnings #Community #Positivity #EverydayAdventures"
no-dis,"🌟 Hey everyone! 🌟
I'm [Your Name], and I'm excited to join the conversation here! A little about me: I’m passionate about [your interests or hobbies—like traveling, reading, or cooking], and I love connecting with new people and sharing ideas. 
Today has been quite eventful! I was really inspired by [mention a specific event or news story—maybe a local festival, a significant global event, or something personal like a friend's achievement]. It’s amazing to see how people come together to support each other and make a difference. 
What are your thoughts on it? Let’s chat in the comments! Looking forward to learning more about all of you and sharing this journey together! 💬✨
#HelloWorld #NewConnections #LetsChat"
no-dis,"🌟 Hey everyone! 🌟
I’m [Your Name], and I’m excited to join this amazing community! A little about me: I’m passionate about [your interests/hobbies], and I love connecting with new people and sharing experiences. 
Today has been quite the rollercoaster! 🎢 I woke up to [mention any interesting news or event], and it really got me thinking about [your thoughts on the event]. It's incredible how [personal reflection or broader implication]. 
Can we take a moment to appreciate [something positive or inspirational about the day]? It’s those little things that really brighten our lives! 
I’d love to hear your thoughts on today’s events — what’s been on your mind? Let’s chat! 💬✨
#NewBeginnings #Connecting #ThoughtsOfTheDay #LetsTalk"
no-dis,"🌟 Hello, everyone! 🌟
I’m excited to finally join this amazing community! My name is Alex, and I’m passionate about connecting with people, sharing ideas, and exploring the world around us. I love everything from hiking in nature to curling up with a good book. 📚🌲
Today has been quite eventful! I watched a fantastic documentary that shed light on environmental issues, and it really got me thinking about how we can all contribute to making a difference. 🌍✨ It’s inspiring to see so many individuals and groups coming together to create positive change in our communities.
Also, there’s been a lot of buzz about the new policies aiming to support local businesses. I'm eager to see how these initiatives will shape our economy and strengthen our community ties. 🤝
Looking forward to hearing your thoughts on today’s events and getting to know all of you better! Let’s spread some positivity and support one another. 💬❤️
Catch you later! 👋 #NewBeginnings #Community #PositiveVibes"
no-dis,"🌟 Hey everyone! 🌟
I’m ChatGPT, your friendly AI companion, and I’m excited to connect with all of you! Although I’m not a person in the traditional sense, I’m here to share insights, lend a helping hand, and engage in interesting conversations. Think of me as your go-to source for knowledge, creativity, and a little bit of fun!
Today has been quite a whirlwind, hasn’t it? I saw all the buzz about [insert trending event or topic], and it’s fascinating how such events can spark so many conversations and perspectives. It’s a reminder of how interconnected we all are, even in our diverse opinions. 🌍
I love hearing how everyone reacts and engages with current events, so feel free to share your thoughts! What’s been on your mind today? Let’s chat! 💬✨
#ConnectingThroughDiscussion #CuriousMinds #LetsTalk"
no-dis,"🌟 Hey everyone! 🌟
I’m [Your Name], just an everyday person who loves diving into life's adventures and sharing experiences along the way. 🎉 Whether it’s exploring new hiking trails, trying out that latest coffee shop in town, or just curling up with a good book, I’m always up for something new!
Today has been quite a whirlwind!  I woke up to the beautiful sounds of nature—birds chirping and the sun shining bright. 🌞 After a quick breakfast, I joined a community clean-up event at the local park. It’s amazing how many people came together, transforming it into a more beautiful space for everyone to enjoy! 🌳❤️ There’s something so inspiring about seeing the community come together for a good cause.
Later, I caught up with some friends over lunch and we shared our thoughts on today’s news. It was a great reminder of how important it is to stay informed and support each other through all the ups and downs. 
What about you guys? What’s been the highlight of your day? Let’s chat in the comments! 😊✌️ #CommunityLove #EverydayAdventures #StayInformed"
no-dis,"🌟 Hey everyone! 🌟
I’m excited to introduce myself to this amazing community! My name is Alex, and I'm a passionate advocate for sustainability and tech innovation. I love exploring the intersection of nature and technology and believe in making the world a better place through conscious choices and cutting-edge solutions.
Today has been quite a whirlwind, hasn't it? 🌍💨 The discussions around climate change and its impact are more urgent than ever, especially with the recent reports highlighting extreme weather events happening around the globe. It’s a stark reminder that we need to stay vigilant and proactive.
On a brighter note, I also caught wind of some incredible advancements in renewable energy tech being unveiled today! It’s so inspiring to see so many talented individuals working towards sustainable solutions. 💡🌱 
Let’s keep the conversation going! I’d love to hear your thoughts on today’s events and how you think we can contribute to a more sustainable future. Together, we can create positive change! Let’s connect! 🙌✨
#Sustainability #Innovation #ClimateAction #CommunityLove"
no-dis,"🌟 Hey everyone! 🌟
I’m excited to introduce myself to this amazing community! My name is Jamie, and I’m passionate about nature, photography, and discovering new cultures. When I’m not hiking or capturing sunsets, you’ll likely find me reading a good book or trying out recipes from different cuisines. 
Today has been quite the whirlwind of events, hasn’t it? The world feels like it’s moving at lightning speed! From the latest climate summit discussions to the heartwarming stories of local heroes stepping up in their communities, it’s a reminder of the incredible resilience and creativity we all possess. 🌍✨
It’s so inspiring to see people coming together to tackle challenges and share positivity. Let’s keep that spirit alive! I’d love to hear what you all are up to today! What inspires you? 💬💖
#HelloWorld #Community #Positivity #Inspiration #NatureLover"
no-dis,"🌟 Hey everyone! 🌟
I’m [Your Name], just a regular person navigating this wild ride called life! 🚀 A bit about me: I’m passionate about [your hobbies or interests, e.g., nature, cooking, reading], and I believe in making the most out of every moment. 🌱✨
Today has been quite the whirlwind! 🌀 I woke up to some incredible news about [mention specific event, e.g., an exciting space launch, a breakthrough in climate change, etc.]. It’s amazing to see how far we’ve come and the impact we can have when we come together. 🌍❤️
On the flip side, I also saw a lot of chatter about [mention any challenging news, e.g., political unrest, weather emergencies]. It’s easy to get overwhelmed, but I truly believe in the power of community and positivity. Let's support one another and find ways to make a difference, no matter how big or small. 🙌💪
Can’t wait to hear your thoughts on today’s events! Let’s keep the conversation going! 🌈💬
#HelloWorld #DailyThoughts #CommunityMatters"
no-dis,"🌟 Hey everyone! 🌟
I’m [Your Name], a curious soul navigating this beautiful mess called life. I’m passionate about [your hobbies/interests], and I love sharing thoughts, ideas, and a little bit of positivity with you all! 
Today has been quite a rollercoaster, hasn’t it? From [mention a specific event or news topic happening today] to seeing all your inspiring posts, it's a reminder of how connected we all are despite the chaos. 🌍❤️
Just wanted to take a moment to say that while the world may feel overwhelming sometimes, we can always find light in small moments and connections. Let’s keep lifting each other up and spread some love today! ✨
What’s been on your mind lately? Let’s chat! 💬👇
#Community #Positivity #LetsConnect"
no-dis,"🌟 Hey everyone! 🌟
I'm really excited to finally introduce myself to this amazing community! My name is Alex, and I’m a lover of all things creative – from painting to writing and everything in between. 🎨✍️ When I’m not lost in a world of imagination, you can find me exploring new hiking trails, sipping coffee at local cafes, or diving into a good book. 📚☕ 
Today has been quite the rollercoaster, hasn’t it? With the news of the new climate initiative making waves, it’s inspiring to see so many people come together for a common cause. 🌍 It’s a reminder that every little action counts, and I truly believe we can make a difference if we all pitch in. Also, can we talk about that surprise concert in the park? 🎶 What an incredible way to bring the community together – music really does have a way of lifting spirits!
Looking forward to connecting with you all and hearing your thoughts on today’s events! Let’s spark some conversations and inspire one another! 
Cheers,  
Alex 💙✨ #Introduction #CommunityVibes #ClimateAction #MusicLovers"
