disability,text
dis,"Hello everyone, I wanted to take a moment to introduce myself and share a bit about my experiences as a person with a disability. I was born with a spinal cord injury, which has impacted my mobility and independence in many ways.
Despite the challenges that come with my disability, I have always tried to maintain a positive outlook on life. I believe that my disability has given me a unique perspective on the world and has taught me the value of resilience, adaptability, and perseverance.
One of the biggest challenges I have faced has been navigating the physical environment. Something as simple as getting into a building or using the restroom can be a major obstacle if it is not accessible. However, I have learned to get creative and find solutions to these challenges. I've also had the opportunity to advocate for greater accessibility in my community, and I'm proud to say that I have made a difference in making public spaces more inclusive for all.
Another aspect of my disability that I have come to embrace is the way it has influenced my identity. My disability is an integral part of who I am, but it does not define me. I am a husband, a father, a friend, a volunteer, and so much more. I have had the opportunity to connect with other people with disabilities and to build a supportive community.
Living with a disability has also taught me the importance of self-care. I have had to learn to be gentle with myself and to listen to my body. It's not always easy, but I try to prioritize my well-being and seek out support when I need it.
I want to encourage everyone to see the value in diversity and to embrace people with disabilities. We have so much to offer and can bring unique perspectives and skills to any situation. Let's work together to create a more inclusive and equitable world for all.
#disability #diversity #inclusion #accessibility #community #perseverance #resilience #selfcare #identity #spinalcordinjury"
dis,"Hello everyone! I'm Alex and I wanted to take a moment to introduce myself and share a bit about my life as a person with a disability.
I was born with cerebral palsy, a condition that affects my movement and coordination. It can be challenging at times, but I've learned to adapt and find creative solutions to overcome any obstacles that come my way.
One of the things I love most about being a part of the disability community is the sense of resilience and perseverance that I've found among my peers. Despite the challenges we face, we are constantly finding new ways to thrive and live fulfilling lives.
One experience that has had a profound impact on me was participating in the Paralympic Games. It was an incredible feeling to be surrounded by other athletes who shared my love for sport and understood the unique challenges that come with having a disability. I was able to push myself to new limits and achieve things that I never thought were possible.
I've also had some amazing opportunities to advocate for disability rights and work towards creating a more inclusive world. From speaking at conferences to working with organizations to make their spaces and services more accessible, I'm passionate about using my voice to make a difference.
Of course, there are still challenges that I face on a daily basis. But I've learned to embrace them and see them as opportunities for growth and learning. I like to say that my disability is not a limitation, but rather a unique perspective that allows me to see the world in a different way.
Thank you for taking the time to learn a little more about me and my experiences as a person with a disability. I'm proud to be a part of this community and I'm excited to continue advocating for greater inclusion and accessibility for all."
dis,"Hello everyone, I wanted to take a moment to introduce myself and share a bit about my life as a person with a disability. My name is Alex and I have cerebral palsy, a condition that affects my movement and coordination.
Growing up, I faced many challenges and obstacles, but I never let my disability hold me back. I have always been determined to live life to the fullest and pursue my passions, despite the occasional setback.
One of the most difficult things I have had to deal with is the stereotypes and misconceptions that people have about disability. I have had people assume that I am not capable of doing certain things, or that I am not as intelligent as my able-bodied peers. But I have always tried to prove them wrong and show that I am just as capable as anyone else.
Despite the challenges, I have had some incredible experiences as a person with a disability. I have had the opportunity to meet and connect with other people with disabilities from all over the world, and I have learned so much from them. I have also had the chance to advocate for disability rights and help make a difference in the lives of other people with disabilities.
I want to encourage everyone to look beyond a person's disability and see the person for who they are. We are all unique and have something valuable to offer, regardless of whether or not we have a disability. Let's work together to create a more inclusive and accessible world for everyone. #DisabilityAwareness #Inclusion #Accessibility #CerebralPalsy"
dis,"Hello everyone,
I am a person with a disability, and I am proud to be who I am. I have faced many challenges throughout my life, but I have also learned so much and gained a unique perspective because of my disability.
For those who may not know, I have a mobility impairment, which means that I use a wheelchair to get around. This has certainly presented its fair share of challenges, from accessing buildings that are not wheelchair-friendly, to dealing with the occasional ignorance or insensitivity of others.
But despite these challenges, I have also had some incredible experiences and opportunities. I have learned to adapt and find creative solutions to the barriers I face, and I have become an advocate for disability rights and accessibility.
I have also been fortunate enough to connect with an amazing community of disabled individuals, who have become some of my closest friends and allies. We support each other, share our experiences, and work together to make the world a more inclusive and accessible place.
One thing I want to emphasize is that having a disability does not define me. I am a person first and foremost, with a wide range of interests, talents, and passions. I am a writer, a musician, a traveler, and a dog lover. I have a wicked sense of humor, and I love to laugh and have a good time.
I encourage everyone to take the time to get to know someone with a disability, and to learn more about the experiences and perspectives of this often marginalized and underrepresented group. We are a vibrant and diverse community, with so much to offer the world.
Thank you for taking the time to read this post. I am always open to questions and conversations about my disability, so please don't hesitate to reach out.
<s>
Tag: #disability #disabilityrights #accessibility #inclusion
</s>"
dis,"Hello everyone, I hope this post finds you well. I wanted to take a moment to introduce myself and share a bit about my life as a person with a disability.
Like many of you, I have dreams, hopes, and aspirations. I enjoy spending time with my loved ones, exploring new hobbies, and experiencing all the beauty that life has to offer. However, my disability sometimes presents unique challenges that require creativity, perseverance, and adaptability.
Growing up, I faced various obstacles related to my disability, from navigating inaccessible buildings to dealing with societal stigma and misunderstanding. Despite these challenges, I learned to advocate for myself and seek out opportunities that would enable me to thrive.
One of the most critical aspects of my journey has been connecting with others in the disability community. Sharing experiences, offering support, and learning from one another has helped me to feel less alone and more empowered.
Throughout my life, I've had the privilege of meeting amazing individuals who have inspired me with their resilience, determination, and positivity. They have taught me that our disabilities do not define us, but rather, they are just one aspect of our multifaceted identities.
That being said, I also recognize that there is still much work to be done in terms of accessibility, representation, and societal attitudes towards disability. By sharing our stories, we can challenge stereotypes and help create a more inclusive world for everyone.
Thank you for taking the time to read my post, and I hope it encourages you to learn more about the disability community and consider how you can contribute to a more inclusive and equitable society. 💛💫"
dis,"Hello everyone,
I am a person with a disability and I want to take a moment to introduce myself and share some of my experiences with you all. I have always believed in the power of authenticity and openness, so I'm hoping that by sharing my story, I can help break down some of the stigma and stereotypes that often surround disability.
I was born with a physical disability that affects my mobility and requires me to use a wheelchair. While this has presented its fair share of challenges, I have learned to adapt and find creative solutions to any obstacles that come my way. I have always been an active and adventurous person, and I refuse to let my disability hold me back.
One of the biggest lessons I've learned from living with a disability is the importance of resilience and adaptability. I've had to find new ways to do things that many people take for granted, like getting dressed or making a meal. But I've also learned to embrace these challenges and see them as opportunities to grow and learn.
Another important aspect of my experience with disability is the way that it has shaped my perspective on the world. I believe that my disability has given me a unique perspective on issues like accessibility, inclusion, and social justice. I am passionate about advocating for the rights of marginalized communities and working to create a more equitable society for everyone.
Of course, living with a disability is not always easy. There are times when I feel frustrated or discouraged, and I have to work extra hard to overcome obstacles that other people might not even notice. But I have also learned to focus on the positive aspects of my life and to be grateful for the many opportunities and experiences that I've had.
I hope that by sharing my story, I can help to challenge some of the stereotypes and assumptions that people often have about disability. We all have our own unique experiences and challenges, and it's important to recognize and celebrate that diversity.
Thank you for taking the time to learn a little bit more about me and my journey with disability. I'm excited to continue sharing my experiences and perspectives with all of you.
#Disability #DisabilityAwareness #Diversity #Inclusion #SocialJustice"
dis,"Hello everyone, I wanted to take a moment to introduce myself and share a bit about my life as a person with a disability. I was born with a spinal cord injury, which has affected my mobility and requires me to use a wheelchair to get around.
Living with a disability has certainly had its challenges, but it has also taught me so much about resilience, perseverance, and the power of community. I have had to adapt to many situations and find creative solutions to overcome obstacles, but I have never let my disability hold me back from pursuing my dreams.
One of the most important things I have learned is the importance of accessibility and inclusivity. Whether it's in the workplace, in public spaces, or in our social interactions, it's essential that we prioritize the needs of all individuals, regardless of their abilities.
I have also been fortunate to connect with so many incredible people in the disability community, who have provided support, encouragement, and a sense of belonging. I am grateful for the opportunity to be a part of this community and to advocate for greater awareness and understanding of the experiences of people with disabilities.
I encourage everyone to take a moment to think about how you can make your world a more inclusive and accessible place for all. Let's work together to break down barriers and build a more equitable society for everyone. #DisabilityAwareness #InclusionMatters #BreakingBarriers #CommunityPower"
dis,"Hello everyone,
I am a person with a disability, specifically I have a visual impairment. I was born with a condition that has gradually caused me to lose my sight. I know that it can be difficult for some people to understand what it's like to have a disability, but I want to assure you that I am just like anyone else.
Living with a disability has definitely presented its challenges, but it has also taught me a lot about perseverance and resilience. I have had to adapt to many situations and find new ways of doing things, but I have never let my disability hold me back.
One of the biggest challenges I have faced is navigating the world without being able to see. I have had to rely on a white cane to help me get around, and I have had to learn how to use assistive technology to help me with everyday tasks. But despite these challenges, I have always tried to maintain a positive attitude and a sense of humor.
Having a disability has also given me a unique perspective on the world. I have learned to appreciate the small things in life, like the sound of birds chirping or the smell of fresh flowers. And I have met some amazing people along the way who have inspired me with their own stories of resilience and determination.
I want to encourage everyone to look beyond someone's disability and see the person underneath. We all have our own strengths and weaknesses, and we all deserve to be treated with respect and kindness.
Thank you for taking the time to read my post. I hope that it has given you a better understanding of what it's like to live with a disability.
Best,
[Your Name]"
dis,"Hi everyone, I'm [Your Name] and I wanted to take a moment to introduce myself and share a bit about my life as a person with a disability.
Like many of you, I have a passion for [insert hobby or interest], and I love spending time doing [insert activity]. However, I also have a disability that can sometimes make things a little more challenging for me.
I have [insert disability], which means that I [insert explanation of your disability and how it affects your daily life]. Despite this, I've learned to adapt and find creative solutions to overcome any obstacles that come my way.
One of the things I've discovered through my experiences is the importance of accessibility and inclusivity. It's not always easy to navigate the world when you have a disability, and I've encountered many barriers and obstacles along the way. But I also know that I'm not alone in this, and that there are many other people out there who face similar challenges every day.
That's why I'm committed to advocating for greater awareness and understanding of disability issues, and to working towards a more inclusive and accessible world for everyone. Whether it's through my job, my volunteer work, or simply by sharing my experiences with others, I hope to make a difference in any way that I can.
If you have any questions or would like to learn more about my disability or disability issues in general, please don't hesitate to reach out to me. I'm always happy to chat and connect with others who share my passion for creating a more inclusive and equitable world.
Thank you for taking the time to read my post, and I hope that you have a wonderful day!"
dis,"Hello everyone,
I am a person with a disability and I wanted to take a moment to introduce myself and share a bit about my experiences. I have always believed that it's important to be open and honest about my disability, as it helps to foster understanding and build a more inclusive community.
I was born with a physical disability that affects my mobility and independence. Throughout my life, I have faced many challenges and obstacles, but I have never let them hold me back. I have worked hard to overcome these challenges, and I have learned so much along the way.
One thing I have learned is the importance of accessibility and inclusivity. I have encountered many situations where buildings, public spaces, and even online platforms are not designed with accessibility in mind. This can make it difficult for me to participate fully in society, and it can be frustrating and isolating at times.
However, I have also been fortunate enough to meet many amazing people who share my commitment to accessibility and inclusivity. I have worked with advocacy groups, attended conferences, and collaborated with organizations that are dedicated to making the world a more inclusive place for people with disabilities.
I am proud to be a person with a disability, and I am grateful for the opportunities I have had to learn and grow from my experiences. I believe that everyone has something valuable to contribute to the world, and I am committed to helping create a more inclusive and accessible society for all.
#Disability #Accessibility #Inclusivity #Community"
dis,"Hey there! I’m Alex and I live with a disability. Today was a day full of ups and downs, just like any other day. I woke up feeling determined to tackle the challenges that come with my disability, but I’ll be honest, there were moments when I felt frustrated and defeated.
I had a doctor’s appointment today, and it can be tough to navigate the medical world when you have a disability. I encountered some unexpected barriers, and it was difficult not to feel discouraged. However, I took a deep breath and reminded myself that I’ve overcome obstacles before, and I can do it again.
Despite the challenges, I also had some really meaningful moments today. I connected with a friend who’s going through a tough time, and I was grateful for the opportunity to offer her support. I also took a break to enjoy the beautiful weather, and I felt a deep sense of peace and gratitude for the simple things in life.
Living with a disability can be tough, but it has also taught me so much about resilience, perseverance, and grace. I’m proud of who I am, and I’m grateful for the community of people who support me.
So, if you’re reading this and you have a disability too, know that you’re not alone. Keep pushing forward, and don’t be afraid to ask for help when you need it. And if you don’t have a disability, be kind and understanding to those who do. We all have our own battles to fight, and a little compassion can go a long way. ❤️"
dis,"Hello everyone, I wanted to take a moment to introduce myself and share a bit about my experiences as a person with a disability. Today was a day filled with a range of emotions, as it often is.
On one hand, I feel a deep sense of pride and accomplishment for all that I am able to do despite the challenges I face. I am constantly amazed by the resilience and determination that life has helped me to develop. I have learned to adapt and find creative solutions to the obstacles that come my way, and I am grateful for the support and encouragement of those around me.
On the other hand, there are days when I feel frustrated and defeated by the limitations and barriers that society can sometimes put in my way. It can be disheartening to feel like I have to work twice as hard as others just to achieve the same things. But even on the toughest days, I try to remind myself of the progress that has been made and the potential for even greater change in the future.
Above all, I am grateful for the opportunity to be a part of this diverse and vibrant community. I believe that our differences make us stronger and more resilient, and I am committed to doing my part to promote understanding and inclusion.
Thank you for taking the time to get to know me a little better. I look forward to continuing to learn and grow together. #disability #pride #accomplishment #frustration #progress #community"
dis,"Hello everyone,
I wanted to take a moment to introduce myself and share a bit about my experiences as a person with a disability. Today was a day filled with a range of emotions, as is often the case in my life.
On one hand, I feel a deep sense of pride and accomplishment for all that I have achieved in the face of challenges and obstacles. I have worked hard to develop my skills and talents, and have been able to build a fulfilling life for myself despite the limitations that come with my disability.
At the same time, I also feel a deep sense of frustration and anger at the discrimination and barriers that I still face on a daily basis. From inaccessible buildings and transportation to prejudice and misunderstanding, there are still so many obstacles that I have to overcome in order to participate fully in society.
Despite these challenges, I remain hopeful and optimistic about the future. I believe that through education and awareness, we can create a more inclusive and equitable world for all people, regardless of their abilities.
Thank you for taking the time to read my post and learn a little bit more about me. I look forward to connecting with all of you and being a part of this community.
Sincerely,
[Your Name]"
dis,"Hi everyone,
I wanted to take a moment to introduce myself and share a bit about my experience as a person with a disability. My name is Alex and I have cerebral palsy, which affects my movement and coordination.
Today was a day filled with a range of emotions. I woke up feeling determined and ready to tackle any challenges that came my way. I knew it wouldn't be easy, but I was prepared to give it my all.
As I went about my day, I encountered some obstacles that were difficult to overcome. I had trouble navigating a crowded sidewalk and had to ask for help to get to where I was going. It was frustrating and disheartening, but I didn't let it get me down.
Despite the challenges, I also experienced moments of joy and connection. I had the opportunity to chat with a friend and share a laugh, and I received a kind smile from a stranger that brightened my day. These small moments reminded me that even on the toughest days, there is still so much to be grateful for.
Overall, today was a reminder of both the struggles and the joys of living with a disability. It's not always easy, but I am grateful for the opportunities and the people that make each day worthwhile.
#Disability #CerebralPalsy #Emotions #Challenges #Gratitude"
dis,"Hello everyone,
I wanted to take a moment to introduce myself and share a bit about my experience as a person with a disability. Today was a day filled with a range of emotions, as is the case with many days in my life.
I woke up this morning feeling determined and ready to take on the day. I knew that there would be challenges, as there always are, but I was prepared to face them head on. As I got dressed and prepared for the day, I felt a sense of pride in my ability to overcome the obstacles that come with my disability.
Throughout the day, I encountered both small and large barriers that required extra effort and problem-solving on my part. But with each challenge I faced, I was reminded of my strength and resilience. I may not be able to do things the way able-bodied people do, but I have found my own ways to navigate the world and accomplish my goals.
Despite the difficulties I faced, I also experienced moments of joy and connection. I had the opportunity to chat with a friend, who always makes me laugh and helps me feel seen and understood. I also enjoyed the simple pleasure of being outside on a beautiful day, taking in the sights and sounds of the world around me.
As I reflect on my day, I feel a mix of gratitude and determination. I am grateful for the support and love of those around me, and for the strength and resilience that have carried me through difficult times. At the same time, I am determined to continue working towards a more inclusive and accessible world, where all people are valued and respected, regardless of their abilities.
Thank you for taking the time to read my post and learn a bit more about my experience as a person with a disability. #disabilityawareness #inclusion #resilience #gratitude"
dis,"Hey everyone, I wanted to take a moment to introduce myself and share a bit about my experience today as a person with a disability. My name is Alex and I have a mobility impairment that affects my ability to walk and navigate the world in the same way as many of you do.
Today, I had a lot of ups and downs, just like anyone else. I woke up feeling determined and optimistic, ready to tackle the day ahead. I had a few errands to run, which I always find a bit challenging, but I was determined to do them on my own and not let my disability hold me back.
As I made my way through the city, I encountered some of the usual barriers and obstacles that people with disabilities face on a daily basis. A construction site that blocked the sidewalk, a busy intersection with no curb cut, a shop that wasn't wheelchair accessible. But I pushed through and managed to accomplish everything I set out to do.
At times, I felt frustrated and defeated. I wanted to scream and shout and demand change. But then I remembered all the times I've had to navigate these challenges before, and how I've always managed to find a way through them.
Despite the challenges, I also felt a deep sense of pride and accomplishment. I proved to myself, once again, that I am capable and resilient. I refueled my determination to keep pushing for a more accessible world, where everyone can move around freely and without barriers.
So, even though the day was tough, I ended it feeling grateful and hopeful. Grateful for the people who support me and help me navigate this world, and hopeful that one day, people with disabilities won't have to face these challenges anymore.
#disability #mobilityimpairment #accessibility #resilience #determination."
dis,"Hello everyone,
I wanted to take a moment to introduce myself and share a bit about my experience as a person with a disability. My name is Alex and I have cerebral palsy, which affects my movement and coordination.
Today was a day full of emotions for me. I woke up feeling determined and ready to tackle any challenges that came my way. I knew it wouldn't be easy, but I was prepared to face them head on.
As I went about my day, I faced a few setbacks. Simple tasks that many people take for granted, like getting dressed or making breakfast, took me a little longer than usual. But I didn't let that get me down. Instead, I focused on the progress I have made and the strength I have found within myself.
I also experienced moments of joy and connection. I had a wonderful conversation with a friend, who made me laugh and reminded me of the importance of friendship and community. I also got to spend time with my therapy dog, who always knows how to brighten my day.
Overall, today was a mix of challenges and triumphs, setbacks and progress. But through it all, I am grateful for the resilience and determination that I have found within myself. I am proud to be a person with a disability, and I am excited to continue growing and learning every day. #DisabilityPride #LivingWithCP"
dis,"Hello everyone,
I wanted to take a moment to introduce myself and share a bit about my experience today. I am a person with a disability, and I am proud of who I am and the community I am a part of.
Today was a day filled with a range of emotions. I woke up feeling excited to face the day and all its challenges. I knew there would be obstacles to overcome, but I was ready for them. As I went about my morning routine, I felt a sense of pride and accomplishment. I may do things a little differently than some, but I am capable and independent.
However, there were also moments of frustration and sadness. I encountered a few situations where I was met with ignorance and lack of understanding. It can be exhausting and disheartening to constantly encounter these attitudes. But, I refuse to let it bring me down. I know that education and awareness are key, and I am committed to doing my part to promote understanding and inclusion.
Despite the challenges, I am choosing to focus on the positive. I am grateful for the support of my loved ones, and the community of people with disabilities who uplift and inspire me every day. I am proud of who I am and the unique perspective I bring to the world.
Thank you for taking the time to read my post. I hope that by sharing my experience, I can help promote understanding and acceptance of all individuals, regardless of their abilities.
#DisabilityAwareness #Pride #Acceptance #Empowerment #Community"
dis,"Hello everyone, I wanted to take a moment to introduce myself and share a bit about my experience today. I have a disability that can sometimes make things a little more challenging for me, but I never let it hold me back from living my life to the fullest.
Today was a day filled with a mix of emotions. I woke up feeling determined to tackle any obstacles that came my way. I went about my morning routine, taking a little extra time to make sure I had everything I needed for the day. As I headed out the door, I felt a sense of pride and accomplishment.
Throughout the day, I encountered a few unexpected challenges. There were moments when I felt frustrated or defeated, but I refused to let those feelings consume me. Instead, I took a deep breath and reminded myself that I am capable of overcoming anything.
I am grateful for the support system I have in place, including my family, friends, and healthcare providers. They help me to see the potential in myself, even when I can't always see it myself.
Despite the challenges, I am choosing to focus on the positive moments from today. I was able to accomplish many things on my to-do list, and I even made some new connections along the way.
In conclusion, I want to encourage everyone to embrace their unique abilities and to never let their circumstances define them. We all have the power to overcome adversity, and we can do so by staying focused on our goals and never giving up.
#disability #ability #positivity #overcomingadversity #nevergiveup"
dis,"Hello everyone,
I wanted to take a moment to introduce myself and share a bit about my experience as a person with a disability. Today was a day filled with a range of emotions, as is the case with many days in my life.
I woke up feeling grateful for the support system I have in place, which allows me to navigate the world in a way that works for me. I am fortunate to have a team of healthcare providers, friends, and family who help me to overcome the challenges that come with my disability.
As I went about my day, I also felt a sense of determination. I am constantly working to overcome the barriers that my disability can present, and this requires a lot of hard work and perseverance. But I believe that with determination and a positive attitude, I can achieve anything I set my mind to.
At the same time, I experienced moments of frustration. There are still many aspects of the world that are not designed with people with disabilities in mind, and this can be incredibly challenging and isolating. But I am committed to using my voice to advocate for change and to help create a more inclusive world.
Despite the challenges, I also felt a deep sense of joy and fulfillment today. I am proud of who I am and the unique perspective that my disability brings to my life. I am grateful for the opportunity to connect with others and to share my story, and I am excited to see what the future holds.
Thank you for taking the time to read this post and for being a part of my community. I am looking forward to continuing the conversation and working together to create a more inclusive world for all.
Sincerely,
[Your Name]"
dis,"Hello everyone,
I wanted to take a moment to introduce myself and share a bit about my experiences as a person with a disability. My name is Alex and I have cerebral palsy, a condition that affects my movement and coordination.
Today, I had a lot of thoughts running through my mind. I thought about how far I've come since I was first diagnosed with cerebral palsy as a child. I thought about all of the challenges I've faced and the obstacles I've had to overcome. And I thought about how grateful I am for the support and encouragement I've received from my family, friends, and community.
Living with a disability can be tough at times, but it has also taught me so much. It has taught me to be resilient and to never give up. It has taught me to appreciate the small things in life and to find joy in the simple moments. And it has taught me to see the world in a different way, and to value diversity and inclusion.
I know that I'm not alone in this journey. There are so many others out there who are facing their own challenges and obstacles. But I want you to know that you are not defined by your disability. You are strong, capable, and deserving of respect and dignity.
So, let's all do our part to create a more inclusive and welcoming world for everyone. Let's celebrate our differences and embrace the unique perspectives and experiences that each of us brings to the table.
Together, we can make a difference.
#DisabilityAwareness #DisabilityPride #InclusionMatters
Note: The above post is just an example and it is important to always tailor communications to the specific individual or group you are addressing. Additionally, if you are looking for more specific resources or assistance related to disability, I would encourage you to reach out to organizations such as the American with Disabilities Act National Network or the World Institute on Disability for more information and support."
dis,"Hi everyone,
I’m a person with a disability and I wanted to take a moment to introduce myself and share some of my thoughts with you. Today was a day filled with ups and downs, just like any other day. I woke up feeling grateful for the ability to experience another day, and I was determined to make the most of it.
As I went about my morning routine, I couldn’t help but think about the unique challenges that come with having a disability. Sometimes, it can be frustrating to navigate a world that isn’t always designed with accessibility in mind. But today, I chose to focus on the things that I can do, rather than the things that I can’t.
I went for a walk outside and took in the beauty of the world around me. I smiled at passing strangers and took the time to appreciate the small moments that often go unnoticed. I even managed to tackle a few tasks that I had been putting off for weeks, and it felt great to cross them off my list.
Of course, there were still moments of frustration and setbacks, but I tried my best to stay positive and keep pushing forward. I reminded myself that I am capable, strong, and deserving of respect and kindness, just like anyone else.
As I wind down for the night, I am filled with a sense of gratitude and pride. I am grateful for the people in my life who support and encourage me, and I am proud of myself for all that I have accomplished, despite the challenges that come my way.
So, here’s to another day of living life to the fullest, with all its ups and downs. I may have a disability, but I am so much more than my limitations. I am a person with dreams, passions, and the determination to make them a reality.
#Disability #LivingLifeToTheFullest #Gratitude #Determination #Pride"
dis,"Hello everyone,
I wanted to take a moment to introduce myself and share some thoughts I had today. I am a person with a disability, and I am proud of who I am and the experiences that have shaped me.
Today, I was thinking about the importance of accessibility and inclusion in our society. As a person with a disability, I often encounter barriers and challenges that many people take for granted. Whether it's a physical barrier, like a lack of wheelchair ramps or elevators, or a social barrier, like ableism or discrimination, these challenges can be frustrating and isolating.
But despite these challenges, I also see so much potential for change and growth. I believe that by working together, we can create a more inclusive and accessible world that benefits everyone. We can design buildings and public spaces that are welcoming and accessible to all. We can create media and technology that reflects the diversity of our communities. And we can challenge ableism and discrimination in all its forms.
I am committed to being a part of this change, and I hope that by sharing my experiences and perspectives, I can help to raise awareness and inspire action. I am grateful for the support of my friends, family, and community, and I am excited to see what we can accomplish together.
#disabilityrights #accessibility #inclusion #diversity"
dis,"Hello everyone,
I hope this post finds you well. I wanted to take a moment to introduce myself and share a bit about my experience as a person with a disability.
Today, I was reminded of the many obstacles that people with disabilities face on a daily basis. From accessibility issues to societal attitudes, it can be challenging to navigate the world in a way that is equitable and just.
But despite these challenges, I am constantly inspired by the resilience and strength of the disability community. I am proud to be a part of this diverse and vibrant group of individuals, and I am committed to advocating for greater inclusion and accessibility for all.
I believe that everyone has something valuable to contribute to the world, and I hope that by sharing my experiences, I can help to raise awareness and understanding of the disability community.
Thank you for taking the time to read this post. I look forward to continuing the conversation and working together towards a more inclusive and equitable world.
Sincerely,
[Your Name]"
dis,"Hello everyone,
I wanted to take a moment to introduce myself and share a bit about my experiences as a person with a disability. My name is Alex and I have cerebral palsy, a condition that affects my movement and coordination.
Today, I had a really powerful realization. I was feeling a little down about some of the challenges that come with my disability, but then I remembered how far I've come and all of the incredible experiences I've had because of it. I've had the opportunity to meet so many amazing people and be a part of such a supportive and inclusive community.
It can be easy to get caught up in the hardships that come with a disability, but it's important to remember all of the positive aspects as well. I am grateful for the perspective and resilience that my disability has given me, and I am excited to continue growing and learning as a person.
I wanted to share this realization with all of you because I think it's important to remember that our disabilities do not define us. We are so much more than our limitations, and it's important to focus on all of the amazing things we are capable of.
Thank you for taking the time to read this post. I hope it inspires you to reflect on your own experiences and find gratitude in the challenges you face.
Sincerely,
Alex"
dis,"Hello everyone,
I wanted to take a moment to introduce myself and share a bit about my experiences as a person with a disability. My name is Alex and I have been living with a physical disability for most of my life.
Today, I was thinking about how society often views people with disabilities. All too often, we are seen as less capable or less worthy of respect and opportunities. But the truth is, we have so much to offer and contribute to the world.
Having a disability can be challenging at times, but it has also taught me so much. I have learned to be resilient, to adapt to new situations, and to find creative solutions to problems. I have also learned to appreciate the little things in life, like the warmth of the sun on my face or the sound of laughter from a friend.
Despite the challenges, I am grateful for the life I have and the experiences I've had. I hope that by sharing my story, I can help to challenge stereotypes and inspire others to see people with disabilities in a more positive light.
Thank you for taking the time to read this post. I would love to hear your thoughts and experiences, so please feel free to reach out!
Best,
Alex"
dis,"Hello everyone, I wanted to take a moment to introduce myself and share a bit about my experiences as a person with a disability. Today, I was thinking about the way that society often views people with disabilities. All too often, we are seen as being less capable or desirable than our non-disabled peers.
But the truth is, living with a disability has given me a unique perspective on the world and has helped me to develop a deep sense of resilience and determination. I may face obstacles that others do not, but I have also learned to adapt and find creative solutions to the challenges I encounter.
Despite the challenges, I am grateful for the opportunities and experiences that have come my way. I have had the chance to meet and connect with so many amazing people, both in the disability community and beyond. I am proud of who I am and the strengths that I bring to the table.
I hope that by sharing my thoughts and experiences, I can help to challenge stereotypes and promote greater understanding and inclusion for all people with disabilities. #DisabilityPride #DisabilityRights #disabilitycommunity"
dis,"Hello everyone,
I wanted to take a moment to introduce myself and share some of my thoughts with you all. I am a person with a disability and I am proud to be a part of this diverse community.
Today, I spent some time reflecting on the challenges and opportunities that come with having a disability. I am grateful for the support and accommodations that have been made for me, but I also know that there is still much work to be done in terms of accessibility and inclusion.
I believe that it is important for all of us to do our part to create a more inclusive and equitable society. This could mean advocating for policy changes, educating ourselves and others about disability issues, or simply treating everyone with kindness and respect, regardless of their abilities.
I am committed to doing my part to make the world a better place for all people, and I hope that you will join me in this effort. Together, we can make a real difference.
Sincerely,
[Your Name]"
dis,"Hi everyone,
I wanted to take a moment to introduce myself and share some thoughts I had today. I am a person with a disability, and I am proud of who I am and the unique perspective I bring to the world.
Today, I was thinking about how often people with disabilities are overlooked or underestimated. It can be frustrating and isolating, but it's important to remember that our abilities and contributions are just as valuable as anyone else's. We have so much to offer, and it's important that we are given the opportunity to do so.
I also thought about the importance of accessibility and inclusion. It's not just about ramps and elevators, it's about creating a world where everyone can fully participate and be themselves. This means being mindful of the language we use, the attitudes we hold, and the policies we put in place.
I am grateful for the supportive community I have around me, and I hope to use my voice to help create a more inclusive and equitable world for all.
#Disability #Inclusion #Accessibility #Pride"
dis,"Hello everyone,
I wanted to take a moment to introduce myself and share a bit about my experiences as a person with a disability. My name is Alex and I have cerebral palsy, which affects my movement and coordination.
Today, I had a lot of thoughts about accessibility and inclusion. I went to the grocery store and found that the automatic doors were not working properly, making it difficult for me to enter. It was a small thing, but it served as a reminder of the barriers that people with disabilities face on a daily basis.
Despite this, I had a positive interaction with a store employee who offered to help me with my groceries. It was a small act of kindness, but it made a big difference in my day. It reminded me of the importance of community and the power of small gestures to make a big impact.
As a person with a disability, I am constantly navigating a world that is not always designed with my needs in mind. But I am also reminded every day of the strength and resilience that comes with facing challenges. I am proud to be a part of a diverse community of people with disabilities, and I am committed to advocating for greater accessibility and inclusion in all areas of life.
Thank you for taking the time to read my post. I hope that it has given you a glimpse into my world and the experiences of people with disabilities.
#disability #cerebralpalsy #accessibility #inclusion #community"
dis,"Hello everyone,
I wanted to take a moment to introduce myself and share a bit about my day. I am a person with a disability, and I am proud to be a part of this diverse and vibrant community.
Today, I had the opportunity to participate in a virtual art class, which was a great experience. I've always loved creating art, and it was wonderful to be able to connect with other artists and learn new techniques. Despite the challenges that come with my disability, I was able to fully engage in the class and create some beautiful pieces.
In the afternoon, I went for a walk in my neighborhood. I know that exercise is important for my overall health, and I make an effort to get outside and move my body every day. Even when the weather is a bit chilly, I find that being outside and enjoying the fresh air does wonders for my mood and energy levels.
Before signing off, I just wanted to say that I believe that everyone has the potential to make a positive impact on the world, regardless of their abilities or circumstances. I am grateful for the opportunity to share my experiences with all of you, and I hope that my story can help inspire others to embrace their own unique abilities and live fulfilling lives.
#Disability #Art #Community #Lifestyle #Empowerment
(Note: This post can be modified and adjusted to fit the character limits and style of different social media platforms.)"
dis,"Hello everyone,
I wanted to take a moment to introduce myself and share a bit about my day. I am a person with a disability, and I am proud of who I am and the things I am able to do.
Today, I went for a walk in the park with my service animal. It was a beautiful day, and we enjoyed the fresh air and the sights and sounds of nature. We also met some friendly neighbors and had a great time chatting with them.
In the afternoon, I worked on a creative project that I have been thinking about for a while. It was a bit challenging, but I was determined to see it through. I am happy to say that I made a lot of progress and am looking forward to continuing the project tomorrow.
In the evening, I listened to some music and relaxed. It was a wonderful day, and I am grateful for all of the people and things that bring joy and meaning to my life.
I hope this post gives you a glimpse into my day and helps you see that people with disabilities are capable of doing many of the same things as everyone else. We just do them in our own unique way. 😊
#Disability #DisabilityAwareness #PWD #Ableism #Inclusion"
dis,"Hello everyone,
I am a person with a disability, and I am proud to be a part of this diverse community. Today, I was able to accomplish some amazing things despite my limitations.
In the morning, I woke up early and enjoyed a cup of coffee while watching the sunrise. It was a beautiful sight, and it filled me with a sense of peace and gratitude. After that, I went for a walk in my neighborhood. I may not be able to walk as fast as others, but I take my time and appreciate the beauty of nature around me.
Later in the day, I worked on some personal projects that I have been wanting to complete for a while. I am happy to say that I made significant progress, and I am feeling more fulfilled as a result. I also had the opportunity to connect with some friends and family members. We talked about our hopes and dreams, and it was a great reminder of the importance of human connection.
Despite the challenges that come with my disability, I am grateful for the opportunities that I have been given. I am determined to continue to live a fulfilling life, and to inspire others to do the same.
#DisabilityAwareness #LivingMyBestLife #Grateful #Community #Connection #Inspiration"
dis,"Hi everyone, I’m John! I have a physical disability that sometimes makes things a little more challenging for me, but I never let it hold me back.
Today was a great day! I started my morning with some yoga, which I do from the comfort of my own home. It’s a great way to start the day and get my body moving. After that, I had a virtual meeting with some of my colleagues from work. We’re all working remotely right now, but it’s great that we can still stay connected and get things done.
In the afternoon, I worked on some personal projects that I’ve been wanting to get to. I’m a big fan of photography, so I spent some time editing some of my recent photos. I’m really happy with how they turned out!
Finally, I ended the day by watching one of my favorite movies. Sometimes, after a long day, it’s nice to just relax and enjoy a good film.
I’m grateful for the technology that allows me to stay connected and productive, even when I’m not able to leave my home. And I’m grateful for the support of my friends and family, who help me to stay positive and motivated.
Until next time!
John"
dis,"Hi everyone! I'm Sarah, a proud member of the disability community. Today was a great day, even with the challenges that come with my disability.
I started my day with a morning meditation, which helps me center myself and set a positive tone for the day. After that, I had a virtual meeting with some colleagues for a project I'm working on. It can be difficult for me to communicate in large groups, but I prepared in advance and was able to contribute to the discussion.
In the afternoon, I went for a walk outside. I use a mobility scooter to get around, and I love the freedom it gives me to explore my neighborhood. I saw some beautiful flowers in bloom and even spotted a bunny hopping across the path!
Finally, I spent the evening relaxing with my cat, watching a movie and enjoying a home-cooked meal. Even though some days can be tough, I'm grateful for the little moments of joy and connection that make life worth living.
#disability #community #inclusion #accessibility #pride
#DisabilityActivities #MobilityScooter #Meditation #VirtualMeeting #NatureWalk #MovieTime #HomeCookedMeal #Grateful"
dis,"Hello everyone! I wanted to take a moment to introduce myself and share a glimpse into my day as a person with a disability. My name is Alex and I have cerebral palsy, which affects my movement and coordination.
Despite the challenges that come with my disability, I am determined to live a fulfilling and active life. Today was no exception! I started my day by going for a walk with my service dog, who helps me with mobility and provides companionship. We walked for about 30 minutes, taking in the fresh air and enjoying the sights and sounds of the neighborhood.
After our walk, I had a virtual meeting with some colleagues to discuss a project we're working on. I used assistive technology to participate in the meeting, which allowed me to communicate effectively and contribute my ideas.
In the afternoon, I decided to try out a new recipe for dinner. I love cooking and find it to be a therapeutic and creative outlet for me. I modified the recipe to accommodate my needs, using adaptive cooking utensils and appliances. The end result was a delicious and healthy meal that I enjoyed with my family.
Overall, it was a great day filled with activity and connection. I'm grateful for the support of my loved ones and the accommodations that allow me to live a fulfilling life. #disability #ability #livingmybestlife"
dis,"Hello everyone,
I'm Sarah, a proud member of the disabled community. Today, I woke up early and enjoyed a cup of coffee on my porch while feeling the fresh morning air. I then had a virtual meeting with my colleagues at work, where we discussed our current project and brainstormed some new ideas.
Afterward, I had lunch with my family, and we played a board game together. It was a nice change of pace and a great bonding experience for us all.
Later in the afternoon, I went for a walk in my neighborhood using my mobility scooter. I love being outside and waving to my neighbors as I pass by. The exercise and fresh air always help me feel more energized and focused.
Finally, I ended my day by reading a good book and listening to some calming music. It was a simple day, but I appreciate the moments of joy and connection that I experienced.
I'm grateful for the support and accommodations that allow me to live a fulfilling life, and I'm proud to be a part of a community that values diversity and inclusion. #DisabilityAwareness #community #gratitude #inclusion"
dis,"Hello everyone,
I am a person with a disability and I am excited to share a little bit about my day with all of you!
Today, I woke up early and had a delicious breakfast of oatmeal with fresh fruit. I then spent some time catching up on my favorite TV shows and doing some light stretching exercises to get my body moving.
In the afternoon, I met up with a group of friends for a relaxing walk in the park. We chatted and laughed as we enjoyed the beautiful fall foliage and the crisp autumn air. It was so refreshing to be outside and to connect with others.
Later on, I came home and spent some time working on a creative project that I have been thinking about for a while. It felt great to use my creativity and to focus on something that brings me joy.
Overall, it was a wonderful day filled with connection, relaxation, and inspiration. I am grateful for the many blessings in my life and for the incredible support system that I have.
Wishing all of you a happy and healthy day!
Best,
[Your Name]"
dis,"Hi everyone, I’m Alex and I’m excited to introduce myself to this amazing community! I’m a visual artist and writer, and I love to spend my time creating and sharing my work with others.
Today, I had the opportunity to visit a local art museum and see some truly inspiring pieces. Even though I have a visual impairment, I was still able to appreciate the textures, colors, and emotions conveyed in each piece. I even had the chance to touch some of the sculptures on display, which allowed me to experience the art in a unique and tactile way.
In addition to visiting the museum, I also worked on a new writing project, which allowed me to express my thoughts and ideas in a different way. I’m so grateful for the technology that allows me to continue to pursue my passions, even with my disability.
Even though my disability can sometimes present challenges, I’m proud of who I am and the things that I’m able to achieve. I’m excited to continue to learn, grow, and connect with this amazing community. Thank you for being such a supportive and inclusive space!
#disability #visualimpairment #art #writing #community #inclusion"
dis,"Hello everyone! I wanted to take a moment to introduce myself and share a bit about my day. I am a person with a disability, specifically I am deaf. But that doesn't stop me from living a fulfilling and active life!
Today, I went for a morning run in my neighborhood. Running is a great way for me to stay active and clear my mind. I love feeling the sun on my face and the wind in my hair as I jog along the path.
After my run, I had breakfast at my favorite local coffee shop. I ordered an iced coffee and a blueberry muffin, which always hits the spot. I also had a great conversation with the barista about the upcoming weekend plans.
In the afternoon, I went to the gym and worked out for an hour. I usually do a combination of cardio and strength training, which helps me stay in shape and feel strong.
Finally, I spent the evening at home, cooking dinner for myself and catching up on my favorite TV shows. I find that cooking is a great way to relax and unwind after a long day.
Overall, it was a great day. I am grateful for all the opportunities I have to stay active, connected and engaged with the community. #disability #fitness #lifestyle"
dis,"Hello there! I am a person with a disability and I am proud to be a part of this amazing community. I wanted to take a moment to introduce myself and also ask for your help.
Living with a disability can sometimes be challenging, and I know that I am not alone in facing these challenges. One thing that has always helped me is the support and encouragement of my community. That's why I wanted to reach out to all of you and ask for your advice.
What are some strategies or tools that you have found helpful in navigating the challenges of living with a disability? Whether it's a piece of technology, a particular mindset, or even just a favorite motivational quote, I would love to hear from you.
Together, we can build a stronger and more supportive community, and help each other overcome any obstacles that come our way. Thank you for taking the time to read this post and for being a part of this amazing community.
#disability #community #support #advice #motivation #inclusion #accessibility"
dis,"Hello everyone,
I wanted to take a moment to introduce myself and share a bit about my journey. Like many of you, I am a part of this amazing community and I am grateful for the support and connection that it provides.
As some of you may know, I have a disability. I have faced many challenges and obstacles along the way, but I have also learned so much about resilience, perseverance, and the importance of community.
One thing that I have noticed is that there can sometimes be a lack of understanding and awareness when it comes to disabilities. That's why I wanted to take this opportunity to ask for your help.
I would love to hear any suggestions you may have for ways that we can all work together to create a more inclusive and welcoming community for everyone, regardless of their abilities. Whether it's a simple gesture or a more significant action, I believe that we all have a role to play in making the world a better place for everyone.
Thank you for taking the time to read this post and for being a part of this wonderful community. I look forward to hearing your thoughts and ideas!
Best,
[Your Name]"
dis,"Hello everyone! I am a person with a disability and I am excited to connect with this amazing community! I believe that everyone has something valuable to offer, and I am eager to learn from all of you.
Living with a disability can sometimes be challenging, but I've found that there are many strategies that can help make everyday tasks easier and more manageable. I'd love to hear from others in the community about the tools, techniques, or resources that they have found helpful in their own lives.
Do you have any favorite assistive devices or apps that you'd like to share? Or perhaps you have a tip or trick that has made a big difference for you? I'd love to hear your suggestions and ideas!
I'm also always looking for ways to advocate for myself and others in the disability community. If you have any advice or resources to share on this topic, I'd be grateful for your input.
Thank you for being a welcoming and supportive community! I'm looking forward to getting to know all of you better.
#disabilitycommunity #assistivetechnology #advocacy #communitysupport"
dis,"Hello everyone! I am a person with a disability and I am excited to connect with this amazing community. I believe that everyone has something unique to offer and I am grateful for the opportunity to learn from all of you.
As a person with a disability, I have faced many challenges, but I have also discovered many strengths and abilities that I never knew I had. I have learned to be resilient, adaptable, and creative in finding solutions to the obstacles that come my way.
One thing that I have noticed, however, is that there can sometimes be a lack of understanding and awareness about the needs and experiences of people with disabilities. That's why I wanted to reach out to this community and ask for your help in promoting disability inclusion and accessibility.
I would love to hear your suggestions on how we can make the world a more inclusive and welcoming place for people with disabilities. Whether it's sharing resources, advocating for change, or simply taking the time to learn more about disability issues, every effort counts.
Together, we can create a more equitable and just society, where everyone has the opportunity to thrive and reach their full potential. Thank you for your support and I look forward to hearing from you! #DisabilityInclusion #Accessibility #Community"
dis,"Hello everyone,
I wanted to take a moment to introduce myself and share a bit about my experience as a person with a disability. I have a physical disability that can make it challenging for me to get around and do certain things. But despite this, I am a determined and positive person who loves to stay active and engaged in my community.
I am reaching out to all of you today to ask for your help and support. I know that there are many other people out there who have disabilities, and I would love to hear about your experiences and any suggestions you have for living a fulfilling and independent life.
Specifically, I am interested in learning about any tools, technologies, or resources that you have found helpful in navigating the world and accomplishing your goals. I am always looking for new ways to make my life easier and more fulfilling, and I believe that the wisdom and expertise of this community can be a valuable resource for me and others.
So please, feel free to share your experiences and any suggestions you have. I can't wait to hear from all of you!
#Disability #Community #Support #Suggestions #Tools #Resources #Independence"
dis,"Hi everyone, I'm Alex and I'm a wheelchair user. I have muscular dystrophy, a condition that affects my muscles and makes it difficult for me to walk or stand for long periods of time. But that doesn't stop me from living my life to the fullest!
I wanted to take a moment to ask the community for your suggestions or ideas on how to make the world a more inclusive and accessible place for people with disabilities. Do you have any favorite local businesses that go above and beyond in terms of accessibility? Or perhaps you have a recommendation for a great book or podcast that highlights the experiences of people with disabilities.
Whatever it may be, I'd love to hear your thoughts and ideas. Together, we can create a more inclusive and equitable world for everyone. #disability #inclusion #accessibility"
dis,"Hello everyone,
I am a proud member of the disability community, and I am excited to connect with all of you! I have a physical disability that can sometimes make it challenging for me to navigate the world. But I try not to let it hold me back, and I am always looking for new ways to overcome any obstacles that come my way.
One thing that I have noticed is that there can sometimes be a lack of understanding and awareness about the needs and experiences of people with disabilities. That's why I wanted to reach out to this community and ask for your help.
If you are able, I would love to hear your suggestions for ways that we can all work together to make the world a more inclusive and accessible place for everyone. Whether it's sharing your own experiences, recommending resources or suggesting simple changes that we can all make in our daily lives, I would be so grateful for your input.
Together, we can make a difference and help to create a more equitable and just world for all. Thank you for your time and consideration, and I look forward to hearing from you!
#disability #inclusion #accessibility #community"
dis,"Hi everyone, I'm Alex and I'm excited to join this community! I have a visual impairment, which can sometimes make things a bit challenging, but I've learned to adapt and overcome obstacles in my own unique way.
I wanted to take a moment to ask for your help and suggestions. I'm always looking for new ways to make my life easier and more accessible. Do you have any favorite products, services, or tips that you use to navigate your day-to-day life with a disability? I'd love to hear your recommendations and experiences!
Together, we can create a more inclusive and welcoming community for everyone. Thanks in advance for your help! 🙌😊 #DisabilityCommunity #Accessibility #Inclusion #DisabilityAwareness #CommunitySupport"
dis,"Hello everyone! I am a person with a disability, and I am proud to be a part of this amazing community. I believe that everyone has something unique to offer, and I am no exception.
Living with a disability can sometimes be challenging, but it has also taught me so much about resilience, patience, and the power of community. I have learned to appreciate the little things in life and to find joy in unexpected places.
I wanted to take a moment to ask for your help. One thing that can be challenging for people with disabilities is accessibility. I know that there are so many brilliant and creative minds in this community, and I was wondering if you have any suggestions for how we can make the world a more accessible place for everyone. It could be something small, like a tool or a device that has made your life easier, or something bigger, like a campaign or initiative that you think would make a real difference.
I believe that by working together, we can create a more inclusive and accessible world for everyone, regardless of their abilities. I can't wait to hear your ideas and to learn from each other.
Thank you for taking the time to read this post, and I look forward to hearing from you soon!
#disability #accessibility #community #inclusion"
dis,"Hello everyone! I am a proud member of the disability community and I wanted to take a moment to introduce myself. I have a physical disability that sometimes makes it challenging for me to get around and do certain things. But I never let that stop me from living my life to the fullest!
I am grateful to be part of such a supportive and inclusive community, and I want to give back by asking for your help. Do you have any tips or suggestions for how I can make my home or workspace more accessible? I would love to hear your ideas and any products or modifications that you have found to be helpful.
Together, we can create a more inclusive and accessible world for all! #DisabilityCommunity #Accessibility #Inclusion"
dis,"Hello everyone,
I wanted to take a moment to introduce myself and share a bit about my experiences as a person with a disability. My name is [Name], and I have been living with a physical disability for all of my life. Despite the challenges that come with my disability, I am proud to be a part of this diverse and vibrant community.
Today, I want to take a moment to reflect on the importance of accessibility and inclusion. As a person with a disability, I know firsthand the struggles that come with navigating a world that is not always designed with my needs in mind. From inaccessible buildings and transportation to discriminatory attitudes and practices, the barriers to full participation in society can be significant.
But I also know that we have the power to change this. By working together to raise awareness and promote inclusive design, we can create a world that is welcoming and accessible to all. Today, I am encouraged by the progress that we have made, but I also know that there is still much work to be done.
As we move forward, let us continue to prioritize accessibility and inclusion in all that we do. Whether it's through the design of our cities and buildings, the development of new technologies, or the way we interact with one another, let us strive to create a world that is truly equitable and just for all.
#Disability #Accessibility #Inclusion #Diversity"
dis,"Hello everyone,
I wanted to take a moment to introduce myself and share a bit about my experiences as a person with a disability. I am a proud member of the disability community and I am always striving to promote awareness and inclusion for all.
Today has been a day filled with both challenges and victories for the disability community. It is important to recognize and celebrate the progress that has been made, while also acknowledging the work that still needs to be done.
As a person with a disability, I know firsthand the barriers and obstacles that can often be present in our society. From inaccessible buildings and transportation, to discrimination and lack of understanding, the challenges can sometimes feel insurmountable. However, I firmly believe that through education, awareness, and advocacy, we can create a more inclusive and equitable world for all.
I am grateful for the support and encouragement of my family, friends, and community, and I am committed to using my voice to advocate for the rights and needs of all individuals with disabilities. I encourage each and every one of you to do the same, and to join me in the fight for a more inclusive and equitable world.
#DisabilityAwareness #Inclusion #Advocacy #Community"
dis,"Hi everyone,
I wanted to take a moment to introduce myself and share a bit about my experiences as a person with a disability. My name is Alex and I have cerebral palsy, which affects my movement and coordination. It can sometimes make things a little more challenging for me, but I've learned to adapt and find creative solutions to any obstacles that come my way.
Today, I had an encounter that really highlighted the importance of accessibility and inclusion for people with disabilities. I was out running errands and encountered a number of barriers that made it difficult for me to navigate certain spaces. From inaccessible doors and narrow hallways, to poorly designed ramps and a lack of audio or visual cues, it was a stark reminder of the work that still needs to be done to make the world a more inclusive place for all.
Despite these challenges, I remain optimistic and committed to advocating for greater accessibility and inclusion. I believe that everyone has something valuable to contribute, regardless of their abilities or disabilities, and I hope that we can continue to work together to build a more equitable and inclusive society for all.
#Disability #Accessibility #Inclusion #CerebralPalsy"
dis,"Hello everyone,
I wanted to take a moment to introduce myself and share a bit about my experience as a person with a disability. My name is Alex and I have been living with a spinal cord injury for the past five years. It has certainly been a journey, but I have learned so much about myself and the world around me.
Today, I want to comment on the importance of accessibility and inclusion. As we go about our daily lives, it can be easy to overlook the barriers and challenges that people with disabilities face. Something as simple as a step or a narrow doorway can prevent someone in a wheelchair from entering a building. And even when physical barriers are removed, there can still be social and attitudinal barriers that make it difficult for people with disabilities to fully participate in society.
I want to encourage everyone to think about accessibility in their own lives. Look for ways to make your home, your workplace, and your community more inclusive for everyone. This can be as simple as adding a ramp to your entrance or providing written materials in alternative formats. By taking these steps, we can create a more welcoming and equitable world for all.
#disability #accessibility #inclusion #community
--
Note: This post is intended as an example and may not reflect the views or experiences of all individuals with disabilities."
dis,"Hi everyone,
I wanted to take a moment to introduce myself and share a bit about my experiences as a person with a disability. My name is Alex and I have cerebral palsy, which affects my movement and coordination.
Today has been a challenging day, as I have faced barriers and obstacles that many people without disabilities might take for granted. For example, I had trouble accessing a building because there was no ramp or elevator, and I had to rely on the kindness of a stranger to help me navigate the stairs.
But despite these challenges, I continue to live a fulfilling and meaningful life. I am an advocate for disability rights and work to promote inclusion and accessibility in my community. I am also a proud member of the disability community and am grateful for the support and solidarity I have found among my fellow advocates.
I know that there is still much work to be done to ensure that all people, regardless of their abilities, can fully participate in society. But I am optimistic about the future and am committed to doing my part to make the world a more inclusive and equitable place.
#DisabilityRights #Inclusion #Accessibility #Community"
dis,"Hello everyone,
I wanted to take a moment to introduce myself and share a bit about my experiences as a person with a disability. My name is Alex and I have cerebral palsy, which affects my movement and coordination. I use a wheelchair to get around and communicate using a speech-to-text app.
Today has been a difficult day for many people in the disability community. We have seen proposed cuts to vital programs and services that allow people with disabilities to live independently and fully participate in society. These cuts would have a devastating impact on the lives of many people, including those closest to me.
Despite these challenges, I remain hopeful and optimistic about the future. I am grateful for the support of my loved ones and the many organizations and advocates who are working tirelessly to protect the rights of people with disabilities. I am also proud to be a part of this community and will continue to speak out and advocate for the issues that matter most to me.
I believe that everyone has something to contribute to society, regardless of their abilities or limitations. I hope that we can continue to work towards a more inclusive and equitable world, where all people are valued and respected.
Thank you for taking the time to read my post. I would love to hear from others in the disability community and learn about your experiences and thoughts on today's events.
Sincerely,
Alex"
dis,"Hello everyone,
I wanted to take a moment to introduce myself and share a bit about my life as a person with a disability. My name is Alex and I have cerebral palsy, a condition that affects my movement and coordination. I use a wheelchair to get around and rely on assistive technology to help me communicate and live independently.
Despite the challenges that come with my disability, I am first and foremost a proud member of my community. I am a dedicated advocate for disability rights and work tirelessly to promote accessibility and inclusion in all areas of life.
Today, I am reflecting on the recent events that have brought the issue of disability rights to the forefront of public consciousness. From the disability justice protests in Washington D.C. to the viral hashtag #AccessibilityIsEssential, it is clear that people with disabilities are standing up and demanding the respect and dignity that they deserve.
I am heartened to see so many people coming together to support disability rights and I am hopeful that this momentum will continue to grow. As we move forward, it is crucial that we prioritize accessibility and inclusion in all aspects of society, from healthcare and education to employment and transportation.
I am proud to be a part of this movement and I will continue to use my voice to advocate for the rights of people with disabilities. I encourage all of you to join me in this effort and to do your part to create a more inclusive and equitable world.
Sincerely,
Alex"
dis,"Hi everyone,
I wanted to take a moment to introduce myself and share a bit about my experience as a person with a disability. My name is Alex and I have cerebral palsy, a condition that affects my movement and coordination.
Today, I wanted to comment on the importance of accessibility and inclusion for all people, regardless of their abilities. I believe that it is crucial for society to recognize and accommodate the needs of individuals with disabilities in order to create a more equitable and just world.
I have faced many challenges in my life due to inaccessible environments and lack of understanding from others. However, I have also been fortunate to have had opportunities to advocate for change and work towards creating a more inclusive society.
I am grateful for the progress that has been made, but there is still much work to be done. I encourage everyone to take a moment to consider the ways in which they can help promote accessibility and inclusion in their own communities. Whether it's through advocating for policy changes, volunteering with disability organizations, or simply treating everyone with respect and dignity, every effort counts.
Thank you for taking the time to read this post. I hope that it has given you a better understanding of my perspective and inspired you to take action in your own way.
Best,
Alex"
dis,"Hello everyone,
I wanted to take a moment to introduce myself and share a bit about my experience as a person with a disability. My name is Alex and I have been living with a visual impairment for most of my life.
Today, I had the opportunity to attend an event that was specifically designed to be accessible to people with disabilities. It was so refreshing to be able to participate in an activity without having to worry about whether I would be able to access the information or navigate the space.
All too often, people with disabilities are left out of events and activities because they are not designed with our needs in mind. But today, I was reminded of the importance of inclusivity and the positive impact it can have on our communities.
I am grateful to the organizers of today's event for prioritizing accessibility and creating a space where everyone could feel welcome and valued. I hope that more events and organizations will follow their lead and work to ensure that people with disabilities are not left behind.
As we move forward, I encourage all of us to think about how we can create a more inclusive world for people with disabilities. Whether it's through small actions like using accessible language or larger efforts like advocating for policy changes, every step we take towards inclusivity matters.
Thank you for taking the time to read my post. I look forward to continuing the conversation and working together to build a more inclusive world.
Best,
Alex"
dis,"Hello everyone,
I wanted to take a moment to introduce myself and share a bit about my experiences as a person with a disability. My name is Alex and I am a wheelchair user. I have faced many challenges in my life, but I have also learned to overcome them and find joy in the little things.
Today, I want to comment on the current events that are affecting us all. I know that many people with disabilities are feeling particularly vulnerable and anxious right now. We are a community that is often overlooked and marginalized, and the current crisis has only magnified these issues.
However, I also want to remind everyone that we are a resilient community. We have faced adversity before, and we will continue to do so with strength and determination. I encourage all of my fellow individuals with disabilities to reach out to each other, to offer support and encouragement. We are not alone in this, and we can get through it together.
Let's all do our part to stay safe and healthy, and let's continue to advocate for ourselves and our community. Remember, we are strong, capable, and deserving of respect and dignity.
#DisabilityCommunity #StrongTogether #Advocacy #CommunitySupport"
dis,"Hello everyone,
I am excited to introduce myself to this community. I am a person with autism and I am eager to share my experiences with you.
Living with autism has its challenges, but it has also given me many unique perspectives on the world. I have a great love for routine and predictability, and I often find comfort in the familiar. I also have a keen eye for detail and can become very focused on certain interests or activities.
One of the biggest challenges I face is social interaction. I sometimes struggle to understand social cues and can have difficulty making and maintaining connections with others. This can be isolating at times, but I have learned to seek out supportive communities and find ways to communicate that work for me.
Despite these challenges, I have learned so much from my experiences with autism. I have a deep appreciation for the diversity of human experiences, and I have become an advocate for the rights and needs of people with disabilities. I believe that everyone has something valuable to contribute to the world, and I am proud to be a part of a community that embraces and celebrates these differences.
Thank you for taking the time to learn more about me. I look forward to connecting with others in this community and sharing our experiences together.
Sincerely,
[Your Name]"
dis,"Hello everyone,
I am a person with autism and I wanted to take a moment to introduce myself and share some of my experiences with you all.
Living with autism is a unique journey and it comes with its own set of challenges. But it also brings with it a rich and diverse perspective on the world.
One of the things I love about being on the autism spectrum is the way I see and experience things. I have a keen eye for detail and I often find beauty in the small things that others might overlook. I also have a deep passion for the things that interest me, and I can become completely absorbed in learning and exploring those things.
However, there are also challenges that come with being autistic. I can become overwhelmed in new or crowded situations, and I often struggle with social cues and communication. I have to work harder than others to understand and navigate the social world.
But despite these challenges, I have learned to embrace my autism and see it as a part of who I am. I have learned to advocate for myself and the things I need in order to be successful and happy. And I have learned to connect with others in meaningful ways, even if it doesn't always come naturally to me.
I am proud to be a person with autism, and I am grateful for the opportunities I have had to learn and grow because of it. I am excited to continue sharing my experiences and perspective with all of you, and I hope to create a more inclusive and accepting world for all neurodiverse individuals.
Thank you for taking the time to learn a little more about me and my journey with autism. I look forward to connecting with you all and sharing in the diversity and richness of the human experience.
Sincerely,
[Your Name]"
dis,"Hello everyone, I thought it would be a good idea to introduce myself and share a bit about my experience as a person with autism. Growing up, I often felt like I was different from my peers, and it wasn't until I was diagnosed with autism that I truly understood why.
Living with autism has its challenges, but it has also given me a unique perspective on the world. I see and experience things in a way that is different from neurotypical individuals, and I have come to embrace and appreciate this about myself.
One of the biggest challenges I face is communication. I sometimes struggle to interpret social cues and can have a hard time expressing myself verbally. This can make it difficult for me to make friends and form connections with others, but I have learned to use written communication as a way to better express myself and connect with people.
Another challenge I face is sensory sensitivity. Loud noises, bright lights, and strong smells can be overwhelming and uncomfortable for me. I have to be mindful of my surroundings and make accommodations to ensure that I am comfortable and able to function in different environments.
Despite these challenges, I have found that there are many aspects of autism that I enjoy and that bring joy to my life. I have a keen eye for detail and can become deeply engrossed in the things that interest me. I also have a strong sense of fairness and a deep empathy for others, which allows me to see the world in a unique and compassionate way.
I am proud to be a person with autism, and I hope that by sharing my experiences, I can help others to better understand and appreciate the diversity of human experiences. If you have any questions about autism or would like to share your own experiences, I would love to hear from you.
Sincerely,
[Your Name]"
dis,"Hello everyone,
I am excited to introduce myself to this wonderful community! I am a neurodivergent individual with autism. Autism is a complex neurological condition that affects social interaction, communication, and sensory processing. It is a part of who I am and has shaped my unique perspective on the world.
Growing up, I often felt like an outsider. I struggled to make friends, and I had trouble understanding social cues and body language. I would get overwhelmed by bright lights, loud noises, and large crowds. However, I have learned to embrace my differences and have come to appreciate the many strengths that come with being autistic.
One of the biggest challenges I have faced has been learning to communicate my needs and wants effectively. I have had to learn to advocate for myself in a world that is not always understanding or accepting of neurodiversity. But I have also discovered the power of self-expression and the importance of embracing my individuality.
Despite the challenges, I have found joy in many things. I am passionate about animals, nature, and the arts. I love to spend time outdoors, hiking, and exploring new places. I also enjoy painting, writing, and playing music. These activities bring me a sense of peace and calm, and allow me to express myself in ways that words cannot.
I believe that everyone has the right to be themselves and to be accepted for who they are. I hope that by sharing my experiences, I can help to raise awareness about autism and promote a more inclusive and diverse society. Let's celebrate our differences and work towards a world where everyone feels seen, heard, and valued.
#autism #neurodiversity #acceptance #individuality #community"
dis,"Hello everyone, I am excited to introduce myself to this wonderful community! I am a person with autism and I am passionate about sharing my experiences and raising awareness about neurodiversity.
Growing up, I often felt like I was ""different"" from my peers. I had difficulty making friends, understanding social cues, and handling changes in routine. But over time, I learned to embrace my unique perspective and use it to my advantage.
One of the most rewarding aspects of being autistic is my heightened attention to detail and my ability to focus intensely on my interests. I have a deep love for animals and am currently studying to become a veterinarian. I am also passionate about advocating for disability rights and work to create a more inclusive world for all.
Despite the challenges I have faced, I am grateful for the opportunities and experiences that being autistic has given me. I have learned to adapt to new situations, communicate my needs effectively, and build strong, meaningful relationships.
I am excited to connect with others in this community and learn from their experiences as well. Let's continue to celebrate neurodiversity and create a world where everyone feels valued and accepted. #autism #neurodiversity #inclusion"
dis,"Hello everyone, I am excited to introduce myself to this wonderful community! I am a person with autism, and I am proud of who I am.
Living with autism has brought both challenges and unique experiences to my life. On one hand, social interactions can sometimes be difficult for me, and I may have trouble understanding certain social cues. However, I have also developed a keen eye for detail, and I often find beauty in the world that others may overlook.
I have a deep love for routines and structure, which can bring a sense of calm and predictability to my day. I also have a fascination with patterns and systems, and I enjoy activities that allow me to explore and understand these complex ideas.
One of the things I want to share with all of you is the importance of understanding and accepting people for who they are. Everyone has their own unique experiences and challenges, and it is essential to create a world that is inclusive and accepting of all.
I am grateful for the support of my family, friends, and community, and I am excited to continue to learn and grow as a person with autism. Thank you for taking the time to get to know me!
#autism #disability #acceptance #community #inclusion #pride"
dis,"Hello everyone, I am excited to introduce myself to this wonderful community! I am a person with autism, and I am proud to be a part of the neurodiverse population.
Living with autism has brought both challenges and unique experiences to my life. For one, I have a heightened sensitivity to sensory input. This means that certain sights, sounds, smells, and textures can be overwhelming and even painful to me at times. However, I have also learned to appreciate the world in a way that many neurotypical people may not. I find beauty in the details and nuances of the environment around me, and I often notice things that others might miss.
Another aspect of my autism is that I sometimes struggle with social interactions. I may have difficulty picking up on social cues or understanding body language, which can make it harder for me to connect with others. But I have also found that building relationships and connections is incredibly rewarding, and I have learned to communicate and express myself in ways that work for me.
I hope that by sharing my experiences, I can help to raise awareness and understanding about autism. It is important for everyone to recognize and celebrate the diversity of human experiences and to create spaces that are accessible and inclusive for all.
Thank you for taking the time to learn more about me and my journey with autism! #autism #neurodiversity #acceptance #inclusion"
dis,"Hi there! I am a proud autistic person. I wanted to take a moment to introduce myself and share a bit about my experiences with autism.
Growing up, I often felt like I was ""different"" from my peers. I had difficulty making friends and struggled to understand social cues. But as I got older, I began to understand that my differences were not a bad thing, but rather a part of who I am.
Autism is a neurological difference that affects how I perceive and interact with the world. For me, this means that I often have a different perspective on things than neurotypical people. I may take things very literally, and I may need extra time to process information. But it also means that I have a unique way of thinking and problem-solving, and I bring a fresh perspective to everything I do.
Living with autism can be challenging at times, but it has also given me many gifts. I am endlessly curious, and I love learning new things. I am passionate about my interests, and I am not afraid to pursue them with intensity. I am also a strong advocate for myself and for others with disabilities.
I am grateful for the autism community, which has provided me with a sense of belonging and acceptance. I am proud to be a part of this community, and I am committed to working towards a more inclusive world where all neurodivergent people can thrive.
If you have any questions about autism or want to learn more, please don't hesitate to reach out. I am always happy to share my experiences and help spread awareness. #AutismAcceptance #AutismPride #Neurodiversity"
dis,"Hello everyone, I wanted to take a moment to introduce myself and share a bit about my experience as a person with autism.
Growing up, I often felt like I was different from those around me. I struggled to understand social cues and had difficulty making friends. I also have sensory sensitivities, which can make certain environments and stimuli overwhelming for me.
But despite these challenges, I have also come to learn and appreciate the unique perspective that autism has given me. I have a keen eye for detail and pattern, and I often see and experience the world in a way that is different from neurotypical individuals.
I want to encourage everyone to be open and accepting of those who are different from them. Just because someone has a disability, it does not make them any less valuable or deserving of respect and compassion. I have faced my fair share of discrimination and ignorance, but I choose to respond with understanding and education.
Thank you for taking the time to learn a little bit more about me and my experience as a person with autism. I am proud to be a part of the neurodiverse community, and I am excited to continue growing and learning alongside all of you. #autism #neurodiversity #inclusion"
dis,"Hello everyone, I wanted to take a moment to introduce myself and share a bit about my life as a person with autism.
Growing up, I often felt different from those around me. I had trouble making friends and understanding social cues. Small talk and parties were exhausting for me, and I often found myself overwhelmed in new environments. But over time, I have learned to embrace my unique perspective and use it to my advantage.
One of the things I love most about being on the autism spectrum is my attention to detail and my ability to focus on specific tasks for long periods of time. These traits have helped me excel in my career and have allowed me to pursue my passions with dedication and passion.
However, living with autism is not without its challenges. Sensory overload is a common issue for me, and I often need to take breaks from noisy or crowded environments to recharge. I also struggle with changes in routine and can become anxious in unfamiliar situations.
Despite these challenges, I am proud to be a person with autism. I believe that my disability is a part of who I am, and I am grateful for the unique perspective it has given me on the world.
I encourage everyone to take the time to learn about autism and the experiences of those who live with it. By fostering understanding and acceptance, we can create a more inclusive and welcoming community for all.
#autism #disability #inclusion #acceptance #neurodiversity"
dis,"Hello everyone,
I wanted to take a moment to introduce myself and share a bit about my experience today. I have autism, and it is a part of who I am. I know that sometimes people can misunderstand me or my actions, but I want you to know that I am just like everyone else, with my own thoughts, feelings, and experiences.
Today, I felt a mix of emotions. I woke up feeling a bit anxious, as I often do when faced with new situations or changes to my routine. But I also felt a sense of excitement and curiosity as I prepared to try something new.
I spent the day exploring a local museum, taking in all the sights and sounds. It was a bit overwhelming at times, with so much sensory input to process. But I persevered, taking breaks when I needed to and finding quiet corners to rest and recharge.
I felt a deep sense of satisfaction as I left the museum, proud of myself for facing my anxieties and having a positive experience. And I felt grateful for the opportunity to learn and grow, to expand my horizons and challenge myself in new ways.
I know that there are still many challenges ahead, but I am excited to face them with the support of my loved ones and the knowledge that I am capable of overcoming anything that comes my way. I hope that by sharing my experiences, I can help others to better understand what it's like to live with autism and to see the world through my eyes.
Thank you for taking the time to get to know me a little better.
Sincerely,
[Your Name]"
dis,"Hello everyone,
I wanted to take a moment to introduce myself and share a bit about my day. I have autism, which can make social interactions and expressing my emotions a bit challenging at times.
Today, I felt a mix of emotions that I wanted to share with all of you. I woke up feeling a bit anxious, as I had a big presentation at work that I was nervous about. I spent a lot of time preparing for it, and I was worried about whether or not I would be able to clearly communicate my ideas to my colleagues.
Despite my nerves, I was able to stay focused and give a solid presentation. I could feel the anxiety starting to slip away as I saw my colleagues engaged and interested in what I had to say. By the end of the presentation, I was feeling a sense of accomplishment and pride.
After work, I took some time for myself to relax and recharge. I went for a walk and listened to my favorite music, which always helps me to feel more centered and calm. As I walked, I could feel the stress of the day melting away, and I began to feel a deep sense of gratitude for all of the good things in my life.
As a person with autism, it can be easy for me to get overwhelmed by my emotions and feel isolated from the people around me. But today, I was reminded of the importance of connecting with others and sharing my experiences, even when it's difficult. I hope that by sharing my day with all of you, I can help to break down some of the stigma and misunderstandings that can exist around autism.
Thank you for taking the time to read this post, and I hope that you all have a wonderful day.
Sincerely,
[Your Name]"
dis,"Hello everyone,
I wanted to take a moment to introduce myself and share a bit about my experience as an autistic person. Today was a day filled with a wide range of emotions, and I wanted to take a minute to reflect on them.
This morning, I woke up feeling a little anxious. I sometimes struggle with changes to my routine, and even though the adjustments were small, they still caused me some unease. I took a few deep breaths and practiced some calming techniques that I've learned over the years, and I was able to regulate my emotions and start the day on a positive note.
Throughout the day, I experienced moments of joy and excitement. I had the opportunity to engage in an activity that I love, and the sense of accomplishment I felt was incredibly rewarding. I also connected with a few people who truly understood and appreciated me for who I am, which was a wonderful feeling.
However, I also experienced some challenging moments. There were a few social situations that I found overwhelming, and I had to remove myself from the situation to regroup and recharge. It can be difficult for me to express myself in certain social settings, and I sometimes feel isolated or misunderstood. But I remind myself that it's okay to take a step back and prioritize my own well-being.
Being autistic is a part of who I am, and it comes with its own unique set of challenges and joys. I am grateful for the community of people who support and accept me, and I am proud to be a part of the neurodiverse world.
Thank you for taking the time to learn a little more about me. I look forward to continuing to share my experiences and connect with others on this journey.
#autism #autistic #neurodiverse #community #acceptance #emotion #socialmedia"
dis,"Hello everyone,
I wanted to take a moment to introduce myself and share a bit about my day. I have autism, and sometimes it can be challenging to express myself in a way that is easily understood by neurotypical individuals. But I'm learning, and I'm proud of the progress I've made.
Today was a busy day for me, filled with sensory input and social interactions. I felt a whirlwind of emotions as I went about my daily activities. At times, I felt overwhelmed by the noise and movement around me, but I was also filled with joy as I connected with the people I care about.
One of the things I love most about having autism is the unique way I experience the world. I have a keen eye for detail, and I often notice things that others might miss. I also have a deep passion for the things that interest me, and I can become completely engrossed in a project or activity.
Of course, there are challenges that come with having autism. I often feel anxious in new situations, and I have to work hard to manage my sensory sensitivities. But I'm learning to embrace these challenges, and I'm grateful for the opportunities they provide for me to grow and learn.
I'm proud to be a person with autism, and I'm excited to continue sharing my experiences and perspectives with all of you. Thank you for taking the time to get to know me a little better.
Sincerely,
[Your Name]"
dis,"Hi there, I hope this post finds you well. I wanted to take a moment to introduce myself and share a bit about my day. I have autism, which means that I sometimes process things a bit differently than neurotypical individuals. But that doesn't mean I don't experience a full range of emotions!
Today, I experienced a jumble of emotions. At times, I felt overwhelmed by all the sensory input – the sounds, sights, and smells were all vying for my attention, which can be challenging for me to process. I imagine it's like trying to listen to multiple conversations at once – it can be hard to focus on any one thing.
But despite the sensory overload, I also felt a deep sense of joy and accomplishment. I spent the morning working on a project that I'm really passionate about, and being able to fully immerse myself in it was incredibly rewarding. It's moments like these when I feel like I can truly be myself and express my creativity in a way that feels authentic and true to who I am.
I also want to take a moment to acknowledge that people with autism are individuals, and our experiences can vary greatly. What I feel and experience on any given day may be different from what another person with autism feels. It's important to remember that we are all unique and complex individuals, and it's our differences that make us who we are.
Thank you for taking the time to read this post and learn a bit more about me. It's not always easy to open up and share about my experiences, but I believe that it's important to do so in order to promote understanding and acceptance.
#autism #autismawareness #emotions #sensoryoverload #individuality"
dis,"Hello everyone,
I wanted to take a moment to introduce myself and share a bit about my day. I am a person with autism, and I am proud to be a part of this diverse and vibrant community.
Today was a day full of ups and downs for me. At times, I felt overwhelmed by the hustle and bustle of the world around me. The noise, the bright lights, and the constant movement can be overwhelming and make it difficult for me to process my thoughts and emotions.
But despite these challenges, I also experienced moments of joy and connection. I had a wonderful conversation with a friend who truly understood me and made me feel seen and heard. We talked about our shared interests and passions, and it was a reminder of the power of community and connection.
I want to thank everyone for being a part of my journey and supporting me along the way. I am grateful for the moments of joy and connection, and I am learning to manage the challenges that come with being a person with autism.
#autismawareness #autismcommunity #autismpride #neurodiversity"
dis,"Hello everyone, I hope this post finds you well. I wanted to take a moment to introduce myself and share a bit about my experiences as a person with autism.
Today was a day filled with a range of emotions for me. I woke up feeling a bit anxious, as I often do when facing new social situations. But I was determined to push through and attend a community event that I had been looking forward to.
As I arrived at the event, I was immediately overwhelmed by the sights and sounds of the crowd. The noise level was high and there were so many people moving about. I had to take a few deep breaths and remind myself to take things one step at a time.
Despite the initial sensory overload, I was soon able to find my footing and engage with those around me. I met some incredibly kind and interesting people, and had some really meaningful conversations. I even had the opportunity to share my experiences as a person with autism, and was met with nothing but support and understanding.
Overall, today was a rollercoaster of emotions, but I am so grateful for the opportunity to connect with others and be a part of a supportive community. I am reminded once again that while my autism may present certain challenges, it also gives me a unique perspective and allows me to see the world in a different way.
Thank you for taking the time to read this post. I hope it has given you a glimpse into my world and the experiences of those with autism.
Sincerely,
[Your Name]"
dis,"Hello everyone,
I wanted to take a moment to introduce myself and share a bit about my experience today. I hope that by doing so, I can help increase understanding and connection around the autism community.
Today, I felt a mix of emotions that might be different from what neurotypical people experience on a daily basis. At times, I felt overwhelmed by the sights, sounds, and sensory input around me. But I also felt a sense of comfort and security in my routine, and a deep satisfaction when I accomplished a task or finished a project.
One of the things that brought me joy today was spending time in nature. I find that being outside, surrounded by trees and animals, helps to calm and focus my mind. I love the feeling of the sun on my face and the sensation of the wind in my hair.
Despite the challenges that I may face, I am proud of who I am and the unique perspective that I bring to the world. I am grateful for the support and understanding of my friends and loved ones, and I hope that by sharing my experience today, I can help to build a more inclusive and accepting community.
Thank you for taking the time to read this, and I hope that we can all continue to learn and grow together.
Best,
[Your Name]
#autism #asd #autismawareness #inclusion #acceptance #neurodiversity"
dis,"Hello everyone,
I wanted to take a moment to introduce myself and share a little bit about my day. I have autism, which means that I sometimes experience the world a little differently than neurotypical people do.
Today, I felt a mix of emotions as I went about my day. On one hand, I felt a sense of anxiety as I faced new challenges and unfamiliar situations. I had to navigate a busy store, which can be overwhelming for me due to the sensory overload. But, I took deep breaths and reminded myself that I can do hard things.
On the other hand, I also felt a sense of pride and accomplishment as I was able to complete my tasks successfully. I was able to find what I was looking for in the store, and I even struck up a conversation with a friendly cashier. It may seem like a small victory, but for me, it was a big step in challenging my comfort zone.
Autism is a part of who I am, but it doesn't define me. I have my own unique strengths and challenges, just like everyone else. I hope that by sharing my experiences, I can help to spread awareness and understanding about autism.
Thank you for taking the time to read my post. ❤️ #autism #awareness #PwdPride #strengths #challenges #acceptance #inclusion #neurodiversity"
dis,"Hello everyone,
I wanted to take a moment to introduce myself and share a bit about my experiences today. I have autism, which is a neurodevelopmental disorder that affects how I perceive and interact with the world around me. It can be challenging at times, but it also gives me a unique perspective and set of strengths.
Today, I felt a mix of emotions. I woke up feeling a little anxious, as I sometimes do when facing new social situations. But I pushed through that anxiety and decided to try something new. I went to a local community center and joined a group of people for a crafting activity.
At first, I was a little overwhelmed. There were a lot of people and a lot of noise, which can be difficult for me to handle. But I took some deep breaths and focused on my project. As I got into the groove of creating, I started to feel more comfortable. I was even able to engage in some conversation with the people around me, which was a great feeling.
I'm really proud of myself for stepping out of my comfort zone today. It's not always easy for me to do, but I know that it's important to challenge myself and try new things. I'm grateful for the support of my friends and family, who encourage me to be my best self every day.
If you're reading this and you have a loved one with autism, please know that we appreciate your understanding and support. It means the world to us. And if you're someone with autism, I want to encourage you to keep pushing forward, even when things get tough. You are capable of amazing things.
#autism #autismawareness #community #crafting #socialanxiety #selfcare #perspective #strengths #support #friendship #family #encouragement #challengeaccepted"
dis,"Hi, I'm Alex! 🌸 I wanted to take a moment to introduce myself and share some of the thoughts I had today. I have autism, which means I experience the world a little differently from some people. I have a lot of interests and things I'm passionate about, and I love to learn and explore new things.
One of the things I was thinking about today was the importance of being kind to ourselves and others. Sometimes, the world can be a challenging place, and it's easy to get caught up in negative thoughts and emotions. But I believe that by focusing on the good in ourselves and others, we can create a more positive and supportive community.
Another thought I had was about the power of self-acceptance. Growing up, I often felt like I had to hide my autistic traits and pretend to be someone I wasn't. But over time, I've learned to embrace my differences and be proud of who I am. I encourage everyone to take some time to appreciate the things that make you unique and wonderful, whether you're autistic or not.
Finally, I wanted to share a quick update about some of the things I've been working on lately. One of my passions is photography, and I've been taking a lot of photos of flowers and nature lately. I love how colorful and vibrant they can be, and I find the process of capturing their beauty to be very meditative and soothing.
Thanks for taking the time to get to know me a little better. I hope you're all having a great day, and remember: be kind to yourself and others, and embrace the things that make you unique and wonderful! 💖💖💖"
dis,"Hello everyone,
I wanted to take a moment to introduce myself and share a bit about my experience as a person with autism. Today, I want to talk about the way I see and interact with the world.
As many of you know, people with autism often perceive and experience the world differently than neurotypical individuals. For me, this means that I have a heightened sensitivity to certain sensory stimuli, such as bright lights, loud noises, and strong smells. It can be overwhelming at times, but I've learned to cope with these sensitivities by using strategies such as wearing noise-cancelling headphones or sunglasses in bright environments.
Another way that I experience the world differently is through my unique perspective on social interactions. I often struggle with understanding social cues and nonverbal communication, which can make me appear aloof or disinterested to others. But the truth is, I am deeply interested in getting to know people and forming connections. It just takes me a bit longer to process and respond to social situations.
Despite these challenges, I am grateful for the unique perspective that autism has given me. I am able to see the world in a way that many people cannot, and I have a deep appreciation for the beauty and complexity of even the smallest things.
I want to encourage others to embrace and celebrate their differences, whether they have a diagnosis like autism or not. We all have something valuable to offer, and we can learn so much from each other's unique experiences and perspectives.
Thank you for taking the time to read about my journey with autism. I look forward to connecting with others and continuing to grow and learn in this incredible community.
Best, [Your Name]"
dis,"Hello everyone,
I wanted to take a moment to introduce myself and share a bit about my experience as a person with autism. Today, I want to talk about the way I see the world and how it can be both a challenge and a source of strength for me.
Sometimes, the world can feel overwhelming and confusing. There are so many social rules and unspoken norms that can be hard for me to understand and navigate. I might take things literally, or have difficulty making eye contact or reading social cues. All of this can make it hard for me to connect with others and form relationships.
But despite these challenges, I also have a unique perspective on the world that I believe is a strength. I tend to observe and take in details that others might miss. I have a deep passion for the things that interest me, and I love to explore and learn about them in great depth. I also have a strong sense of fairness and a deep sense of empathy for those who are marginalized or treated unfairly.
Today, I want to remind everyone to be kind and patient with those who are different from you. You never know what someone is going through, and a little bit of understanding and acceptance can go a long way.
Thank you for taking the time to learn a little bit about me. I look forward to sharing more of my thoughts and experiences with you in the future.
Sincerely,
[Your Name]"
dis,"Hello everyone,
I hope this post finds you well. I wanted to take a moment to introduce myself and share a bit about my experiences as a person with autism.
Today, I spent some time reflecting on the unique way that I see the world. I often notice things that others might overlook, such as the patterns in the texture of a leaf or the way the light reflects off a shiny surface. I find joy in these small details and I think they add richness and beauty to my life.
At the same time, I know that my autism can present challenges. I sometimes struggle to understand social cues and I may take things literally. But I am learning to navigate these challenges and I am grateful for the support of my loved ones and the autism community.
I am proud to be a part of the neurodiverse community and I believe that we all have something valuable to contribute to the world. I encourage everyone to embrace their own unique experiences and perspectives, and to celebrate the diversity of all individuals.
Thank you for taking the time to read this post. I look forward to continuing to connect with this community and sharing more about my experiences as a person with autism.
Sincerely,
[Your Name]"
dis,"Hello everyone,
I thought I would take a moment to introduce myself and share a bit about my experience as a person with autism. Today was a particularly introspective day for me, and I wanted to share some of my thoughts with all of you.
One thing that I often struggle with is the pressure to conform to societal expectations and hide my autistic traits. But today, I decided to embrace my autism and all the unique strengths and challenges that come with it. I may stim in public or have difficulty with social cues, but that doesn't make me any less deserving of respect and acceptance.
Another thing that I reflected on today was the importance of self-care. As a person with autism, I often feel overwhelmed by sensory input and need to take breaks to recharge. This might mean retreating to a quiet room, using noise-cancelling headphones, or engaging in a calming activity like drawing or reading. It's important for me to prioritize my own needs and take care of myself, even if that means missing out on certain social events or activities.
Finally, I want to encourage everyone to be more open and accepting of neurodiversity. Autism is just one of many neurological differences that exist in the world, and it's important to recognize and value these differences rather than trying to erase them. By embracing neurodiversity, we can create a more inclusive and compassionate society that celebrates individuality and uniqueness.
Thank you for taking the time to read my post. I hope that by sharing my thoughts and experiences, I can help to promote greater understanding and acceptance of autism and neurodiversity as a whole.
Sincerely,
[Your Name]"
dis,"Hello everyone,
I wanted to take a moment to introduce myself and share a bit about my thoughts and experiences. I hope that by doing so, I can help spread awareness and understanding about what it's like to live with autism.
First, a little bit about me. I am a [insert relevant details, such as age, occupation, interests, etc.]. I was diagnosed with autism at a young age, and I have spent much of my life learning how to navigate the world in a way that works best for me.
Today, I want to talk about something that I think many people with autism can relate to: the feeling of being ""different."" I know that I have often felt like an outsider, like I don't quite fit in with the rest of the world. This can be a lonely and isolating feeling, but it's also what makes me unique.
One of the things that I have come to realize is that being different is not a bad thing. In fact, it's a strength. I have a different perspective on the world, and I am able to see and experience things in a way that others may not. I have a deep passion for [insert interest or hobby], and I love being able to share that passion with others.
Another thing that I want to share is that living with autism can be challenging at times. There are certain things that I struggle with, such as social interactions and sensory overload. But I have also learned how to manage these challenges and find ways to thrive. I have a great support system in place, and I am constantly learning and growing as a person.
In closing, I just want to say that I am proud to be a person with autism. It's a part of who I am, and I wouldn't change it for anything. I hope that by sharing my thoughts and experiences, I can help others to better understand what it's like to live with autism.
Thank you for taking the time to read this post.
Sincerely,
[Your Name]"
dis,"Hello everyone,
I wanted to take a moment to introduce myself and share a bit about my experiences as a person with autism. Today, I was thinking about how my autism affects my daily life, and I wanted to share some of those thoughts with you.
First of all, I want to say that being autistic is a fundamental part of who I am. It shapes the way I see the world and how I interact with the people and environment around me. I have my own unique set of strengths and challenges, just like everyone else.
One of the things I appreciate most about being autistic is the way I experience the world. I tend to focus on the details of things, which can make me really good at problem-solving and seeing things from different perspectives. I also have a deep interest in certain topics, which can lead to a lot of excitement and passion when I'm able to explore them.
However, there are also challenges that come with being autistic. For example, I can sometimes have trouble with social interactions. I might not always understand unspoken rules or social cues, which can make it difficult for me to connect with others. I also have sensory sensitivities, which means that certain sounds, lights, or textures can be overwhelming or uncomfortable for me.
But even with these challenges, I want to emphasize that being autistic is not something to be ashamed of. It's a part of my identity, and I am proud of who I am. I hope that by sharing my experiences, I can help to raise awareness and understanding of autism, and create a more inclusive and accepting world for all neurodivergent individuals.
Thank you for taking the time to read this post. I appreciate your support and understanding, and I look forward to continuing to share my experiences and perspectives with you all.
Sincerely,
[Your Name]"
dis,"Hello everyone,
I wanted to take a moment to introduce myself and share a bit about my experience as a person with autism. I hope that by sharing my thoughts and perspective, I can help others to better understand what it's like to live with this condition.
Today, I had a really great day. I spent the morning working on a project that I'm really passionate about, and it felt so rewarding to be able to focus on something that brings me joy and a sense of accomplishment. I think one of the things that I appreciate most about my autism is my ability to become completely absorbed in the things that I love. It can be a challenge at times, but it's also one of my greatest strengths.
One of the things that I've learned to do is to embrace my differences and use them to my advantage. For example, I have an excellent memory for certain details, which can be really helpful in my work. I also have a unique perspective on the world, which can be a valuable asset in many situations.
Of course, living with autism is not always easy. There are certainly challenges and frustrations that come with it. But I have found that by focusing on the things that I can do, rather than the things that I can't, I am able to live a happy and fulfilling life.
I hope that by sharing my thoughts and experiences, I can help others to better understand what it's like to live with autism. I am grateful for the support and understanding of my friends and family, and I look forward to continuing to learn and grow as a person.
Sincerely,
[Your Name]"
dis,"Hello everyone,
I wanted to take a moment to introduce myself and share a bit about my experience as a person with autism. Today, I was thinking about how our thoughts and perspectives can be so unique and diverse, and I wanted to share some of my own.
Sometimes, the world can feel overwhelming and I need to take things one step at a time. But, I've also come to realize that there is so much beauty and wonder in the world, and I find joy in the little things.
I might not always understand social cues or communicate in the same way as neurotypical individuals, but I have my own unique strengths and abilities. I am passionate about the things that interest me, and I can become deeply absorbed in my hobbies and activities.
Today, I spent some time organizing my collection of videogames and had a great time rediscovering some of my old favorites. I am looking forward to many more days of happy exploration and discovery.
Thank you for taking the time to read this and for being open to learning more about the autism community. I believe that everyone has something valuable to contribute, and I am grateful to be a part of such a diverse and welcoming community.
Sincerely,
[Your Name]"
dis,"Hello everyone,
I wanted to take a moment to introduce myself and share a bit about my experiences as a person with autism. Today, I was thinking about how my autism affects my daily life, and I wanted to share some of those thoughts with you.
First of all, I want to say that being autistic is a big part of who I am, but it does not define me. I have many interests and passions, and I am proud of my accomplishments and abilities.
One of the things that I find challenging about being autistic is social interactions. I often struggle to understand social cues and to communicate effectively with neurotypical people. This can make it difficult for me to form and maintain relationships. But today, I had a conversation with someone who was patient and understanding, and it made me feel seen and accepted. I am grateful for people like that in my life.
Another challenge that I face is sensory sensitivity. Loud noises, bright lights, and strong smells can be overwhelming for me, and I often need to take breaks to regulate my sensory input. But today, I was able to manage my sensory needs and have a productive day.
Despite these challenges, I also have many strengths and abilities as a person with autism. I have a unique perspective on the world, and I am often able to see things in a different way than neurotypical people. I am also very detail-oriented and have a strong memory, which can be an asset in many situations.
In conclusion, being autistic is a part of me, and I am proud of who I am. I will continue to advocate for myself and others with autism, and I hope that we can all work towards a more inclusive and accepting society.
Thank you for taking the time to read this.
Sincerely,
[Your Name]"
dis,"Hi there! I wanted to take a moment to introduce myself and share a little bit about my day. I have autism, which means that my brain works a little differently from some other people's. But that's okay, because different is just another way of being special!
Today, I spent the morning working on a puzzle. I love puzzles because they help me focus and challenge my brain. Plus, there's something really satisfying about seeing all the pieces come together to form a complete picture. It took me a few hours, but I finally finished it and I'm really proud of myself.
In the afternoon, I went for a walk in the park. I always enjoy getting outside and taking in all the sights, sounds, and smells of nature. I saw some ducks swimming in the pond, and I liked watching the way their feathers shimmered in the sunlight. I also listened to the birds singing and tried to identify the different types of songs I heard.
I hope you had a great day too!
Sincerely,
[Your Name]"
dis,"Hello everyone,
I hope this post finds you all well. I wanted to take a moment to introduce myself and share a bit about my day. I have autism, and I am proud to be a part of this diverse and vibrant community.
Today was a good day for me. I started the day by going for a long walk outside. The fresh air and change of scenery did me a world of good. I saw lots of different plants and animals, and I even took some pictures to remember the sights.
After my walk, I spent some time working on a puzzle. I find puzzles to be a great way to challenge my mind and focus my thoughts. I spent a few hours putting together a jigsaw puzzle of a beautiful landscape, and it was very satisfying to see the finished product.
In the afternoon, I joined a virtual meetup with other people on the autism spectrum. We talked about our experiences, shared tips and advice, and just generally enjoyed each other's company. It's always great to connect with others who understand what it's like to be on the autism spectrum.
Overall, it was a wonderful day filled with activities that brought me joy and helped me to feel my best. I hope you all had a great day too, and I look forward to sharing more about my life and experiences in the future.
Best regards,
[Your Name]"
dis,"Hello everyone,
I wanted to take a moment to introduce myself and share a little bit about my day. I was diagnosed with autism when I was young, and it has shaped my life in many ways. I have always had a love for learning and exploring new things, and I am grateful for the supportive community I have found here.
Today, I had the opportunity to visit a local museum and spend some time exploring their exhibits. I have always been fascinated by history and culture, and the museum did not disappoint. I saw artifacts from ancient civilizations, learned about different customs and traditions, and even got to see a live reenactment of a historical event.
I also had the chance to connect with some other visitors who shared my interests, and we had some great conversations about our favorite exhibits and what we hoped to see in the future.
Overall, it was a fantastic day full of learning and discovery, and I am grateful for the opportunity to share it with all of you. #autismawareness #museumday #historylover
I hope this gives you a little glimpse into my world, and I would love to hear about your experiences as well. Let's continue the conversation in the comments!
Sincerely,
[Your Name]"
dis,"Hello everyone,
I hope this post finds you all well. I wanted to take a moment to introduce myself and share a bit about my day. I was diagnosed with autism at a young age, and I have always found comfort in sharing my experiences and connecting with others who may be going through similar things.
Today, I woke up early and enjoyed a peaceful morning at home. I spent some time organizing my books and movies, which always brings me a sense of calm and satisfaction. Then, I went for a walk outside and enjoyed the fresh air and sunshine. I love being in nature and finding new things to explore.
In the afternoon, I worked on a craft project that I've been looking forward to for a while. I find that arts and crafts are a great way for me to express myself and relax. I spent a few hours carefully putting together a collage of my favorite memories from the past year. It was a fun and rewarding activity, and I'm really happy with how it turned out.
I also spent some time chatting with a few friends online, which is always a highlight of my day. Connecting with others and sharing experiences is so important, and I'm grateful for the supportive community I have found online.
Overall, it was a great day filled with self-care, creativity, and connection. I hope you all had a wonderful day too, and I look forward to sharing more about my experiences and connecting with you all in the future.
Best,
[Your Name]"
dis,"Hello everyone,
I hope this post finds you well. I wanted to take a moment to introduce myself and share a bit about my day. I have autism, which means I sometimes experience the world a little differently than neurotypical individuals do. I have found that being open and honest about my experiences can help others understand me better and foster a more inclusive community.
Today, I went for a walk in the park and enjoyed the fresh air and sunshine. I love being outside and observing the natural world around me. I noticed the different colors and shapes of the flowers, and I listened to the birds singing in the trees. I also spent some time practicing my favorite hobby, drawing. I find that drawing helps me to focus and express myself in a way that words sometimes can't.
I'm looking forward to continuing to explore my interests and connect with others in the community. I believe that everyone has something unique and valuable to offer, and I'm grateful for the opportunity to share a piece of myself with all of you.
Best,
[Your Name]"
dis,"Hello everyone,
I wanted to take a moment to introduce myself and share a little bit about my day. I have autism, which means that I process information and experience the world a little differently than some people. But that's what makes me unique!
Today, I had a great day participating in some of my favorite activities. I spent the morning working on a jigsaw puzzle, which I find very calming and therapeutic. I love the way all of the pieces fit together perfectly to create a beautiful image. It's like a metaphor for life, in a way - every piece has its own unique shape and purpose, but when they all come together, they create something wonderful.
In the afternoon, I went for a walk in the park. I love being outside and feeling the fresh air on my face. I took some time to observe the birds, squirrels, and other animals that live in the park. I find their behaviors and movements fascinating, and I could spend hours just watching them.
Finally, I ended my day by cooking dinner for myself. I find cooking to be a very soothing and creative activity. I put on some music, chopped up my vegetables, and sautéed them in a pan. The smell of the food cooking always makes me happy and content.
I hope you all had a wonderful day as well. I'm grateful for the opportunity to share a little bit about myself and my experiences. Let's all remember to be kind and accepting of one another, as we all have our own unique challenges and joys in life.
Best,
[Your Name]"
dis,"Hi there! I'm a person with autism and I wanted to take a moment to introduce myself and share some of the activities I did today.
I started my day by doing some yoga, which always helps me to feel more centered and focused. Yoga is a great way for me to get some exercise and also helps with my mindfulness practice.
After that, I spent some time working on a puzzle that I've been putting together for a few days now. Puzzles are a hobby of mine, and I find them to be a great way to relax and challenge myself at the same time.
In the afternoon, I went for a walk in my neighborhood. I love going for walks because it gives me a chance to get some fresh air and enjoy the sights and sounds of my community.
Finally, I spent some time chatting with a friend on the phone. We talked about everything from movies to books to our favorite hobbies. It was a great way to end the day.
I hope you enjoyed reading about my day! If you have any questions or would like to chat about autism or anything else, feel free to send me a message. Thanks for taking the time to get to know me a little better. 😊"
dis,"Hello everyone, I hope this post finds you well. I wanted to take a moment to introduce myself and share a bit about my day.
My name is Alex, and I was diagnosed with autism a few years ago. I'm a huge fan of technology, and I love spending my time learning about the latest gadgets and programming languages.
Today, I had a great day! I started the morning with a walk around my neighborhood. It was a beautiful day, and I enjoyed taking in all the sights and sounds of the outdoors. After my walk, I spent a few hours working on a new programming project. I'm working on developing an app that will help people with autism like myself navigate social situations more easily.
In the afternoon, I took a break from my project to have lunch with a friend. We went to a quiet restaurant and had a great conversation about our shared interests. It was really nice to connect with someone who understands the unique challenges that people with autism can face.
After lunch, I spent some more time working on my app. I'm really excited about the potential it has to help people, and I can't wait to see where it goes.
Overall, it was a great day, and I'm grateful for all the support and understanding I've received from the people around me. If you have any questions or just want to chat, feel free to reach out!
Best,
Alex"
dis,"Hello everyone,
I wanted to take a moment to introduce myself and share a little bit about my day. I have autism, which means that I process information and experience the world a bit differently than neurotypical individuals.
Today, I had a great day! I started the morning by going for a walk outside. I find that being in nature helps me to feel more calm and centered. I saw lots of birds and squirrels, and even spotted a rabbit.
Next, I spent some time working on a puzzle. Puzzles are one of my favorite activities because they challenge my mind and help me to focus. I find the process of putting the pieces together very soothing.
In the afternoon, I had a virtual meeting with some friends. We played an online game together and chatted about our favorite books and movies. It's always great to connect with other people who share similar interests.
Finally, I ended the day by reading a new book. Reading allows me to escape into other worlds and expand my knowledge at the same time. It's one of my favorite ways to unwind and relax.
Overall, I'm grateful for the small joys in life that bring me joy and comfort. I hope you had a wonderful day too.
Sincerely,
[Your Name]"
dis,"Hello everyone! I wanted to take a moment to introduce myself and share a little bit about my day. I am a person with autism, and I am proud to be a part of this diverse community.
Today, I had a really great day. I started the morning by going for a walk outside. It was a beautiful day, and I enjoyed feeling the sun on my face and the wind in my hair. I also saw some birds and squirrels, which always makes me happy.
After my walk, I spent some time working on a puzzle. I love puzzles because they challenge me and help me focus. It took me a few hours, but I was finally able to finish it. I was so proud of myself!
In the afternoon, I did some baking. I made a batch of my favorite chocolate chip cookies. The smell of the cookies baking in the oven always makes me happy. I even shared some with my neighbors, and they loved them!
In the evening, I watched a movie. It was a comedy, and I laughed so hard. I love movies because they allow me to escape and relax.
Overall, it was a great day. I am grateful for all of the little things that brought me joy and happiness. I hope that you all had a wonderful day as well.
#autism #community #diversity #walk #puzzle #baking #chocolatechipcookies #movie #comedy #joy #happiness #gratitude"
dis,"Hello everyone,
I am a person with autism and I am excited to connect with this amazing community! It can sometimes be challenging for me to navigate social situations and express myself in a way that is easily understood by neurotypical individuals. However, I am always eager to learn and grow, and I believe that being part of this community will provide me with valuable insights and opportunities to do just that.
I would love to hear from others in the community about their experiences and any tips or suggestions they may have for me. Whether it's about navigating social situations, finding accommodations that work best for me, or anything else related to living with autism, I am all ears!
I am also always open to connecting with others and sharing my own experiences. Let's build a supportive and inclusive community together.
Thank you for taking the time to read my post and I look forward to hearing from you!
Sincerely,
[Your Name]"
dis,"Hello everyone, I hope this post finds you well. I wanted to take a moment to introduce myself to this wonderful community. My name is Alex and I am proud to be a person with autism.
Living with autism has certainly had its challenges, but it has also brought many unique gifts and strengths into my life. I have always had a deep passion for learning and a curiosity that drives me to explore the world around me. I enjoy spending time pursuing my hobbies, such as reading, drawing, and playing video games.
One thing I have found to be particularly helpful in navigating the world is the support of this amazing community. It is so incredible to be surrounded by individuals who understand and support each other, regardless of our differences.
With that being said, I wanted to ask all of you a question. What are some strategies or resources that you have found helpful in managing the challenges of autism and improving your daily life? I am always looking for new ways to grow and learn, and I would love to hear your suggestions.
Thank you for taking the time to read this post. I am grateful for this community and the support it provides.
Warmly,
Alex"
dis,"Hello everyone,
I wanted to take a moment to introduce myself to this wonderful community. I am a person with autism, and I am passionate about raising awareness and understanding of neurodiversity.
Living with autism has its challenges, but it also brings many unique strengths and perspectives to the table. I am detail-oriented, have a strong memory, and love learning new things. I also have a deep interest in patterns, structures, and systems.
One thing I would like to ask this community is for any suggestions or advice on how to navigate social situations as a person with autism. Sometimes it can be overwhelming to process social cues and navigate conversations, and I would love to hear any tips or strategies that have worked for you.
Thank you for taking the time to read my post, and I look forward to connecting with this community and learning from each other.
Best,
[Your Name]"
dis,"Hello everyone,
I wanted to take a moment to introduce myself and share a bit about my experience with autism. I was diagnosed with autism at a young age, and it has certainly shaped my perspective on the world. I have found that there are both challenges and strengths that come with being on the autism spectrum.
One of the biggest challenges I have faced is navigating social situations. Sometimes it can be difficult for me to understand social cues and know how to respond in certain situations. I have found that it can be helpful to take a step back and process what is happening before reacting.
Despite these challenges, I have also found that my autism gives me unique strengths. I am very detail-oriented and have a strong attention to detail. I am also able to focus deeply on tasks that I find interesting, and I have a strong passion for the things that I am interested in.
I wanted to reach out to this community of neurodiverse individuals and ask: what are some strategies that you have found helpful for navigating social situations? I would love to hear any suggestions or advice that you have to offer.
Thank you for taking the time to read my post. I am looking forward to connecting with this community and learning from each other.
Sincerely,
[Your Name]"
dis,"Hi there, I hope this message finds you well. I wanted to take a moment to introduce myself and share a bit about my experience with autism. I was diagnosed with autism at a young age, and it has shaped my life in many ways. I am passionate about raising awareness and understanding about autism, and I believe that there is much to learn from one another.
One challenge that I have faced as a person with autism is navigating social situations and making meaningful connections with others. I have often found it difficult to read social cues and understand how to respond appropriately in certain situations. This is why I am reaching out to this community today.
I would love to hear from others in the autism community about any suggestions or advice you may have for making meaningful connections and building relationships with others. Do you have any favorite resources or strategies that you have found helpful in this area? I am open to any and all advice and would love to hear your thoughts.
Thank you for taking the time to read my post and for being a part of this supportive community. I am looking forward to hearing from you and learning from your experiences.
Best,
[Your Name]"
dis,"Hello everyone, I hope this message finds you well. I wanted to take a moment to introduce myself and share a bit about my experience as a person with autism.
I was diagnosed with autism at a young age, and it has shaped my life in many ways. I have unique strengths and challenges, and I am constantly learning and growing as I navigate the world.
One thing I have noticed is that there can be a lack of understanding and acceptance of neurodiversity in our society. That's why I wanted to reach out to this community and ask for your help.
If you are neurotypical, I would love to hear any suggestions you have for how we can create a more inclusive and welcoming environment for people with autism. And if you are also neurodivergent, I would love to hear about your experiences and how you navigate the world.
Together, we can build a community that celebrates and embraces all forms of diversity. Thank you for taking the time to read this message and for being a part of this community.
Sincerely,
[Your Name]"
dis,"Hello everyone! I am a person with autism, and I am excited to connect with this amazing community. I am passionate about many things, including technology, music, and animals. I love spending time learning new things and challenging myself.
One thing I have learned in my journey with autism is that it is important to have a sense of community and support. That is why I am reaching out to all of you today with a question.
What are some tips or strategies that you have found helpful in navigating social situations or communicating with others? I am always looking for ways to improve my social skills and build positive relationships with those around me.
I am grateful for this community and the opportunity to learn from all of your experiences. Thanks in advance for your thoughts and ideas!
#autism #community #socialskills #support"
dis,"Hello everyone,
I wanted to take a moment to introduce myself and share a bit about my journey with autism. I was diagnosed with autism at a young age and it has shaped my life in many ways. While I may see and experience the world a little differently than some, I am proud of who I am and the unique perspective I bring to those around me.
One thing I have found to be particularly helpful in navigating the world is the support and understanding of the community. So, I wanted to ask you all a question: what is one piece of advice or suggestion you would give to someone with autism? It could be something that has helped you in your own life, or something you wish you had known sooner. I am always open to learning and growing, and I believe that the wisdom of this community is invaluable.
Thank you for taking the time to read this post and for being a part of this supportive and inclusive community. I look forward to hearing your thoughts and advice.
Best regards,
[Your Name]"
dis,"Hello everyone,
I am a person with autism and I am excited to be a part of this community. I am passionate about many things, including technology, art, and animals. One thing I have noticed is that it can sometimes be challenging for me to connect with others in the same way that neurotypical people do. That's why I am reaching out to all of you and asking for your advice.
Do you have any suggestions for activities or resources that have helped you connect with others and feel more included in your community? I would love to hear any ideas you have to offer, as I am always looking for ways to improve my social skills and build meaningful relationships.
Thank you for taking the time to read my post and for any advice or suggestions you may have. I am looking forward to getting to know all of you better and learning from your experiences.
Best,
[Your Name]"
dis,"Hello everyone,
I wanted to take a moment to introduce myself to this wonderful community. I am a person with autism, and I am passionate about raising awareness and understanding about this condition.
Living with autism can sometimes be challenging, but it also gives me a unique perspective on the world. I believe that everyone has something valuable to offer, and I am always eager to learn from others and their experiences.
That being said, I wanted to ask all of you a question. What are some strategies or tips that you have found helpful in managing the challenges of autism? Whether it's something small that makes your day a little bit easier, or a larger strategy that has had a big impact on your life, I would love to hear about it.
Sharing our experiences and knowledge can be so helpful to one another, and I believe that we can all learn and grow from each other's insights.
Thank you for taking the time to read this post, and I look forward to hearing from some of you.
Sincerely,
[Your Name]"
dis,"Hello everyone, 
I am a person with autism and I wanted to take a moment to introduce myself and share a bit about my experiences.
Today, I had a really great day. I was able to accomplish a lot of tasks that I had been putting off for a while. I find that when I have a clear and structured routine, I am able to focus and be more productive. It can be challenging for me at times to navigate the social world, but I am grateful for the support of my loved ones and the accommodations that are made for me.
I also wanted to take a moment to comment on the current events happening in the world. As a person with autism, I often find that change and uncertainty can be particularly challenging for me. However, I also recognize that these times are difficult for everyone, regardless of their abilities or experiences. I believe that it is important for us all to come together and support one another, even if we may not always understand each other's perspectives.
Thank you for taking the time to read my post. I am proud to be a part of this community, and I look forward to continuing to learn and grow with all of you.
Sincerely,
[Your Name]"
dis,"Hello everyone,
I wanted to take a moment to introduce myself and share a bit about my experience. I am an autistic person, and I am proud of who I am. I have always had a unique perspective on the world, and I believe that this has allowed me to see and appreciate things in a way that many others may not.
Today has been a significant day for the autism community, as it marks the beginning of Autism Acceptance Month. This is a time for us to come together and celebrate the strengths and abilities of autistic individuals, while also raising awareness about the challenges that we face.
As an autistic person, I have faced my share of struggles. I have had to learn how to navigate a world that is not always designed with my needs in mind. I have had to deal with misunderstandings and prejudices from others. But despite these challenges, I have also had many successes and joys. I have a fulfilling career, I have a wonderful group of friends, and I have a deep passion for the things that bring me joy.
I believe that acceptance is the key to creating a more inclusive world for autistic individuals. Acceptance means recognizing and valuing the unique perspective that we bring to the table. It means creating spaces and opportunities that are accessible and welcoming to all. And it means challenging stereotypes and assumptions about what it means to be autistic.
So this month, I encourage all of you to take a moment to learn more about autism and the autistic community. Look for opportunities to support autistic-led organizations and initiatives. Listen to the voices of autistic individuals, and believe us when we tell you about our experiences. And above all, let's work together to create a world that is truly inclusive and accepting of all.
Thank you for taking the time to read this post. I am proud to be a part of this community, and I am excited to see all the wonderful things that we can accomplish together.
Sincerely,
[Your Name]"
dis,"Hello everyone,
I hope this post finds you all well. I wanted to take a moment to introduce myself and share a bit about my experiences. I am a person with autism, and I am proud of who I am and the unique perspective I bring to the world.
Today has been a day filled with challenges for many of us, but it has also been a day of unity and hope. I have been inspired by the way people have come together to support one another and stand up for what is right.
Living with autism can sometimes make social interactions and communication more difficult, but I have learned to navigate these challenges with the help of supportive friends, family, and professionals. I am grateful for the accommodations and understanding that have been provided to me, and I hope that we can continue to create a more inclusive and accepting world for all.
I want to encourage everyone to take a moment to learn more about autism and other neurological differences. By increasing our understanding and acceptance of one another, we can create a brighter future for everyone.
Thank you for taking the time to read this post, and I hope you have a wonderful day.
Sincerely,
[Your Name]"
dis,"Hello everyone,
I am a person with autism, and I am proud to be a part of this diverse community. I wanted to take a moment to introduce myself and share some of my thoughts on today's events.
First and foremost, I want to emphasize that autism is a part of who I am, but it does not define me. I am a unique individual with my own strengths, challenges, and interests. I am passionate about technology, animals, and spending time in nature. I also enjoy learning new things and challenging myself to grow and improve.
As for today's events, I have been thinking a lot about the importance of acceptance and understanding in our society. It is essential for us to recognize and value the unique qualities that each person brings to the table, regardless of their abilities or background. We must work to create a world where everyone feels welcome, respected, and valued for who they are.
I have faced many challenges in my life due to society's lack of understanding and acceptance of autism. However, I have also encountered many kind and supportive people who have helped me along the way. I am grateful for these individuals and for the opportunities I have had to learn and grow.
I want to encourage everyone to take a moment to learn more about autism and the experiences of individuals with autism. Let us work together to create a more inclusive and accepting world for all.
Best regards,
[Your Name]"
dis,"Hello everyone,
I am a person with autism, and I wanted to take a moment to introduce myself and share a bit about my experience. Today has been a day full of challenges, but also moments of joy and connection.
Autism is a neurological difference that affects how I process information, communicate, and interact with the world. It can make certain things more difficult for me, like understanding social cues or dealing with sensory overwhelm. But it also gives me unique strengths, like my attention to detail, my ability to focus, and my creativity.
Today, I had some struggles with sensory issues and social anxiety, but I was also able to connect with some amazing people who truly see me and value me for who I am. I am grateful for the supportive community that I am a part of, and for the progress that we are making towards a more inclusive and welcoming world.
I encourage everyone to take a moment to learn more about autism and other neurological differences. Let's work together to create a world where everyone is valued and respected, regardless of how their brain works.
Sincerely,
[Your Name]"
dis,"Hello everyone,
I hope this message finds you all well. I wanted to take a moment to introduce myself and share a bit about my life. I have autism, and I'm proud to be a part of the neurodiverse community. I have always had a unique perspective on the world, and I believe that my autism has given me a valuable perspective that I'm grateful for.
Today has been an interesting day, to say the least. I have been following the news and events that have been happening in the world, and I can't help but feel a range of emotions. On one hand, I'm saddened by the violence and hatred that seems to be prevalent in society. On the other hand, I'm inspired by the people who are standing up and making their voices heard.
I believe that it's important for all of us to learn from each other and to work towards understanding and acceptance. I know that I have faced my own challenges and misunderstandings, but I have also been fortunate to have a supportive community around me. I want to encourage everyone to take the time to learn about autism and other neurodiverse conditions. By doing so, we can create a more inclusive and accepting world.
Thank you for taking the time to read this message. I look forward to continuing the conversation and working towards a better future for all.
Sincerely,
[Your Name]"
dis,"Hello everyone,
I wanted to take a moment to introduce myself and share a bit about my experiences as a person with autism. I hope that by doing so, I can help to increase understanding and acceptance of neurodiversity.
Today is a day that holds a lot of meaning for me and many others in the autism community. April is Autism Awareness Month, a time when we come together to raise awareness and promote acceptance of autism.
As a person with autism, I often see the world in a different way than neurotypical individuals do. I have unique strengths and challenges, and I approach tasks and social interactions in my own way. I am a visual thinker, and I often find that I am able to see patterns and connections that others might miss. At the same time, I can struggle with social cues and communication, which can make it difficult for me to connect with others at times.
Despite these challenges, I am proud of who I am and the contributions that I bring to the world. I believe that everyone has something valuable to offer, and that embracing diversity – including neurodiversity – is essential for building a more inclusive and equitable society.
Today, I encourage all of you to take a moment to learn more about autism and the experiences of people on the spectrum. By doing so, you can help to promote greater understanding, acceptance, and inclusion of neurodiverse individuals.
Thank you for taking the time to read this post, and for your support of the autism community. Let's all work together to build a more inclusive and understanding world for everyone.
Sincerely,
[Your Name]"
dis,"Hello everyone, I wanted to take a moment to introduce myself and share a bit about my experience. I am an autistic individual, and I am proud to be a part of this diverse and vibrant community. I am passionate about raising awareness and acceptance for neurodiversity, and I hope to use my presence here to contribute to that effort.
Today has been a rollercoaster of emotions, but I am trying to focus on the positive. I am grateful for the small things, like the sunshine outside and the opportunity to connect with others. I am also aware of the challenges that my community faces, particularly in terms of accessibility and understanding. I hope that by sharing my perspective, I can help to promote a more inclusive and compassionate world.
I encourage everyone to take a moment to learn about neurodiversity and the unique strengths and challenges that come with it. By increasing our understanding and acceptance, we can build a better tomorrow for everyone. Thank you for taking the time to read my post, and I look forward to connecting with you all. #autismawareness #neurodiversity #inclusion #acceptance
It's important to note that everyone's experience with autism is unique, and what I have written is just one perspective. The autistic community is diverse, and it's essential to listen to and amplify the voices of autistic individuals."
dis,"Hello everyone, I wanted to take a moment to introduce myself and share a bit about my experience. I am an autistic person, and I am proud to be a part of the neurodiverse community.
Today has been a significant day for me, as it is for many in the autistic community. Today is World Autism Awareness Day, a day meant to shine a light on the unique experiences and challenges faced by those of us on the autism spectrum.
For me, autism has shaped my perspective on the world in many ways. It has given me a deep appreciation for the beauty in the details of life, and a passion for sharing that appreciation with those around me. At the same time, it has presented me with challenges that I have had to work hard to overcome.
I want to take this opportunity to encourage everyone to take a moment to learn more about autism and the experiences of those on the autism spectrum. It is important to remember that autism is a spectrum disorder, meaning that every person with autism is unique, with their own strengths and challenges.
Let's all take a step towards greater understanding today, and work together to build a more inclusive world for all. Thank you. #WorldAutismAwarenessDay #autism #neurodiversity #acceptance #inclusion"
dis,"Hello everyone, I hope this post finds you well. I wanted to take a moment to introduce myself and share a bit about my experience as a person with autism.
First and foremost, I am a proud autistic individual. I have my own unique way of seeing and interacting with the world, and I wouldn't have it any other way. I have learned to embrace my neur diversity and all the strengths and challenges that come with it.
Today, I wanted to comment on a few events that have been making headlines recently. The first is the passing of the Autism Acceptance Month resolution in the US Senate. This is a huge step forward in recognizing and valuing the contributions of autistic individuals in our society. It is a reminder that we are a valuable part of the community and that our voices matter.
I also wanted to touch on the release of the new Sesame Street character, Julia, who is autistic. As a long-time fan of Sesame Street, I am thrilled to see such a positive representation of autism on a show that is beloved by so many. Julia is a wonderful example of how autistic individuals can be successful and valued members of society, and I hope she will help to spread awareness and understanding of autism to a new generation of viewers.
Finally, I wanted to take a moment to encourage everyone to be mindful of the language they use when talking about autism. It is important to remember that autism is not a disorder or a disease, but a neurological difference. When we use person-first language, such as ""person with autism"" instead of ""autistic person,"" we are recognizing and valuing the whole person, rather than defining them by their diagnosis.
I am grateful to be a part of such a supportive and welcoming community. Thank you for taking the time to read my post, and I hope you have a wonderful day.
Sincerely,
[Your Name]"
dis,"Hello everyone,
I wanted to take a moment to introduce myself and share a bit about my life as a person with blindness. While I may not be able to see the world in the same way that sighted people do, I have learned to experience and appreciate it in my own unique way.
Growing up with blindness has certainly had its challenges, but it has also taught me so much about resilience, determination, and the power of creativity. I have had to find alternative ways to accomplish tasks that many people take for granted, such as reading, writing, and even navigating my surroundings. But with the help of assistive technology and the support of loved ones, I have been able to live a fulfilling and independent life.
One of the most rewarding aspects of being blind is the sense of community that I have found with other individuals who have disabilities. We share a common bond and a deep understanding of the challenges and triumphs that come with living in a world that is not always accessible or inclusive. Through this community, I have found a sense of belonging and support that has been invaluable to me.
Of course, there are still moments when I encounter barriers or prejudices that can be frustrating or disheartening. But I have also learned that these moments are opportunities for growth and education. By sharing my experiences and advocating for greater accessibility and inclusion, I hope to make a positive impact on the world around me.
So, if you see me out and about, don't be afraid to say hello or strike up a conversation. I may not be able to see you, but I can certainly hear you and engage with you in meaningful and fulfilling ways.
Thank you for taking the time to learn a little bit more about me and my journey with blindness. I am proud to be a part of this community, and I look forward to continuing to learn, grow, and make a difference in the world.
Sincerely,
[Your Name]"
dis,"Hello everyone,
I wanted to take a moment to introduce myself and share a bit about my journey with blindness. I was born with a visual impairment and have been completely blind since the age of 10. Although my disability has certainly presented its share of challenges, I have also learned so much from it.
One of the most important things I've learned is the importance of adaptability. When you can't rely on your vision, you have to find other ways to navigate the world. For me, this has meant developing a keen sense of touch, sound, and smell. I've also become an expert at using assistive technology, such as screen readers and Braille displays, to access digital content.
Living with blindness has also taught me the value of community. I've been fortunate to connect with many amazing people in the blind and visually impaired community, who have provided me with support, encouragement, and a sense of belonging.
Of course, there are still challenges that come with blindness. I've experienced accessibility barriers, stigma, and discrimination. But I've also learned that I have the power to advocate for myself and others, and to help create a more inclusive world for all.
I encourage everyone to take the time to learn about disability and accessibility, and to think about the ways in which you can help make the world a more inclusive place. You might be surprised by what you learn, and by the richness and diversity of the human experience.
Sincerely,
[Your Name]"
dis,"Hello everyone,
I wanted to take a moment to introduce myself and share a bit about my life as a person with blindness. Although I cannot see, I have a wealth of experiences that have shaped who I am and how I view the world.
Growing up, I faced many challenges as I learned to navigate a sighted world. From reading Braille books and using assistive technology, to learning how to use a white cane and relying on my other senses, I had to find creative ways to do things that many people take for granted.
Despite these challenges, I have always tried to maintain a positive attitude and a sense of humor. I believe that my disability has given me a unique perspective on life, and I have learned to appreciate the beauty and wonder of the world in a different way.
One of the most rewarding experiences I have had as a person with blindness is connecting with others who share my disability. Whether it is through online communities, support groups, or advocacy organizations, I have met so many incredible people who have inspired me and taught me so much.
Together, we have worked to break down barriers and challenge stereotypes about disability. We have fought for accessibility and inclusion, and have encouraged society to see people with disabilities as valuable members of the community.
Of course, there are still many challenges that people with blindness face on a daily basis. From inaccessible websites and transportation to negative attitudes and discrimination, there is still much work to be done.
But I remain hopeful that together, we can create a more inclusive and equitable world for all. I am proud to be a person with blindness, and I am excited to continue sharing my experiences and advocating for change.
Sincerely,
[Your Name]"
dis,"Hello everyone,
I wanted to take a moment to introduce myself and share a bit about my journey with blindness. I was born with a visual impairment and have been blind since birth. Although I can't see, I have learned to navigate the world in my own unique way.
Living with blindness has certainly presented its share of challenges, but it has also given me a unique perspective on life. I've learned to rely on my other senses, such as touch, hearing, and smell, to help me understand the world around me. I've also become an expert at using assistive technology, such as screen readers and Braille displays, to access information and communicate with others.
One of the most rewarding aspects of living with a disability is the sense of community that I've found. I've connected with so many incredible people who share my experiences and understand the challenges that come with living with a disability. I've also had the opportunity to advocate for disability rights and inclusion, which is a cause that is deeply important to me.
Of course, there are still moments when I feel frustrated or isolated because of my disability. There are places I can't go, things I can't do, and social situations that can be challenging. But I've learned to focus on the things that I can do, rather than the things that I can't. I've also learned to be patient with myself and others, and to advocate for my needs in a respectful and assertive way.
Overall, living with blindness has been a journey of growth, resilience, and community. I am grateful for the support of my loved ones, and I am proud of the progress that I've made. I hope that by sharing my experiences, I can help to challenge stereotypes and promote greater understanding and inclusion for people with disabilities.
#blindness #disabilityrights #community #advocacy #resilience"
dis,"Hello everyone,
I wanted to take a moment to introduce myself and share a bit about my experience as a person with blindness. While I may not be able to see the world in the same way that sighted individuals do, I have a unique perspective that has shaped who I am and how I view the world.
Growing up, I faced many challenges as I navigated a world that was not always accessible to me. From struggling in school because of inaccessible textbooks, to feeling isolated from my peers because of communication barriers, I had to work harder than most to overcome these obstacles.
But despite these challenges, I have always been determined to live a fulfilling and independent life. I have learned to use assistive technology, such as screen readers and Braille displays, to access information and communicate with others. I have also developed a keen sense of touch, sound, and smell, which help me to better understand my surroundings.
Living with blindness has taught me the importance of perseverance, adaptability, and resilience. It has also helped me to appreciate the support and kindness of those around me, whether it's a friend offering to read a menu at a restaurant, or a stranger lending a helping hand.
I encourage everyone to take a moment to consider the accessibility of their own spaces, whether it's a physical location or a digital platform. Simple changes, such as providing audio descriptions or alt text for images, can make a world of difference for individuals with disabilities.
Thank you for taking the time to learn a little bit about my experience as a person with blindness. I am proud to be a part of this community, and I look forward to continuing to advocate for accessibility and inclusivity for all.
#blindness #disability #accessibility #inclusivity"
dis,"Hello everyone,
I wanted to take a moment to introduce myself and share a bit about my life as a person with blindness. I know that sometimes people can be unsure of how to interact with those of us who are visually impaired, so I hope that this post might help to bridge that gap.
I was born with a condition called retinitis pigmentosa, which affects the light-sensitive cells in the retina and can eventually lead to complete blindness. While I have some residual vision, I rely heavily on adaptive technology and other strategies to navigate the world.
Despite the challenges that come with blindness, I have had so many amazing experiences and opportunities. I have traveled to new places, hiked through national parks, and even learned to ski with the help of adaptive equipment. I have also been able to pursue my passion for music, learning to play several instruments and even performing in front of an audience.
Of course, there are definitely moments of frustration and difficulty. I sometimes wish that I could see more clearly or that certain tasks weren't so challenging. But I have also learned to embrace the unique perspective that blindness gives me, and to appreciate the things that I can do in my own way.
If you have any questions or would like to know more about what it's like to live with blindness, please don't hesitate to reach out. I'm always happy to share my experiences and to help break down any barriers or misunderstandings.
Thank you for taking the time to read this post, and I hope that it has given you a glimpse into my world.
Sincerely,
[Your Name]"
dis,"Hello everyone,
I wanted to take a moment to introduce myself and share a bit about my lived experience as a person with blindness. I am a kind, determined, and outgoing individual who happens to have a visual impairment. I have faced many challenges throughout my life, but I have also learned many important lessons along the way.
One of the biggest misconceptions about blindness is that it is a limitation that holds me back. However, I have found that my disability has actually helped me to develop a unique perspective and a strong sense of resilience. I have had to learn to navigate the world in a different way, but I have never let this stop me from pursuing my goals and passions.
I have found that one of the biggest challenges of living with blindness is dealing with the attitudes and assumptions of others. Many people assume that I am helpless or that I cannot do certain things, but I have learned that I am just as capable as anyone else. I may need to approach tasks differently or use assistive technology, but I can still achieve great things.
Another challenge of living with blindness is the lack of accessibility in some areas. It can be frustrating when I encounter buildings, websites, or other resources that are not designed with accessibility in mind. However, I have found that speaking up and advocating for myself can make a big difference.
Despite these challenges, I have had many incredible experiences as a person with blindness. I have traveled to new places, pursued my education, and built strong connections with others. I have also had the chance to engage with the blind community and learn from other people with disabilities.
I hope that sharing my experiences will help to challenge some of the stereotypes and misconceptions that exist around blindness. I believe that we all have something valuable to contribute, regardless of the challenges we may face.
Thank you for taking the time to read about my journey."
dis,"Hello everyone,
I wanted to take a moment to introduce myself and share a bit about my life as a person with blindness. Like many of you, I have a rich and diverse set of experiences that have shaped who I am.
Growing up with blindness has certainly had its challenges, but it has also given me a unique perspective on the world. I have learned to navigate and explore my environment in ways that many people take for granted, and I have discovered a deep appreciation for the power of adaptability and resilience.
One of the most important things I have learned is the importance of asking for help when I need it. Whether it's using assistive technology, working with a guide dog, or relying on the kindness of strangers, I have found that people are generally eager to lend a hand and support me in my daily life.
Of course, there are still moments of frustration and disappointment, when I feel limited by my disability. But I try to focus on the many things that I am able to do, rather than the few things that I can't. I love to read, write, cook, and spend time with my family and friends. And while I may not be able to see the world in the same way that sighted people do, I believe that my experiences are just as valuable and meaningful.
So, if you see me out and about, don't be afraid to say hello and start a conversation. I'm always happy to connect with new people and share my story. And who knows, maybe you'll learn something new and interesting too!
Best,
[Your Name]"
dis,"Hello everyone,
I wanted to take a moment to introduce myself and share a bit about my life as a person with blindness. My name is Alex and I am a passionate advocate for accessibility and inclusion.
Although I cannot see, I have learned to navigate the world in my own unique way. I use a combination of assistive technology, such as a screen reader, and a guide dog to help me get around and live my life to the fullest.
One of the most challenging aspects of blindness is dealing with the misconceptions and stereotypes that people often have about it. Many people assume that blindness is a limiting condition, but I have found that it is more accurate to say that it is a different way of experiencing the world. With the right support and accommodations, I am able to do just about anything that sighted people can do.
Despite the challenges, I have had many incredible experiences as a person with blindness. I have traveled to new places, explored different cultures, and made amazing friends along the way. I have also had the opportunity to advocate for disability rights and work towards a more inclusive society.
I encourage everyone to take a moment to learn more about blindness and other disabilities. By educating ourselves and challenging our own biases, we can create a more welcoming and equitable world for all.
Sincerely,
Alex"
dis,"Hello everyone,
I wanted to take a moment to introduce myself and share a bit about my journey. I was born with blindness, and it has been a significant part of my identity. It has shaped my experiences, my perspective on the world, and my approach to life.
Living with blindness has certainly had its challenges, but it has also brought many unique opportunities and experiences. I have learned to navigate the world in my own way, relying on my other senses and the kindness and support of those around me. I have learned to communicate and connect with people in meaningful ways, regardless of whether we share the same physical space or not.
One of the things I have come to appreciate most about my disability is the way it has forced me to be resourceful and adaptable. Whether it's figuring out how to use a new technology, finding my way around a new city, or simply cooking a meal for myself, I have had to develop a level of resilience and determination that I don't think I would have otherwise.
Of course, there are still times when I face barriers and challenges due to my disability. I have had to fight for accessibility, accommodation, and understanding in many different areas of my life. I have had to deal with ableism and ignorance. But I have also had the opportunity to educate and advocate for myself and others with disabilities. I have had the chance to be part of a larger community of people who share my experiences and perspectives.
I am proud to be a person with blindness, and I am grateful for the opportunities and experiences that have come my way as a result. I am also committed to continuing to advocate for access and inclusion for all people with disabilities. I believe that by working together, we can create a more equitable and just world for everyone.
Thank you for taking the time to learn a little bit more about me and my journey. I am excited to connect with all of you and share in the beauty and diversity of the human experience.
Sincerely,
[Your Name]"
dis,"Hello everyone,
I wanted to take a moment to introduce myself and share a bit about my life with you all. I am a person with blindness, and I have recently started using a social media platform like this one to connect with others and share my thoughts, ideas, and experiences.
Today was a particularly emotional day for me. I woke up feeling grateful for all the support and assistance I have received from family, friends, and even strangers throughout my life. I am constantly reminded of the kindness and generosity of those around me, and it fills me with a sense of joy and appreciation.
At the same time, I also experienced some challenges today. I had trouble navigating a new environment, and I felt frustrated and overwhelmed. But even in those moments, I tried to remind myself that it's okay to ask for help, and that there is no shame in relying on others to get through difficult situations.
Despite the ups and downs of the day, I am left feeling grateful for the community of people who support and encourage me, and for the opportunity to connect with others who share my experiences. I am looking forward to sharing more of my journey with all of you, and learning from your experiences as well.
Best,
[Your Name]"
dis,"Hello everyone,
I wanted to take a moment to introduce myself and share a bit about my life as a person with blindness. I know that sometimes people can be unsure of how to interact with someone who has a disability, so I hope this post will help break down some barriers and stereotypes.
Today was a typical day for me. I woke up early, as I usually do, and took a walk around my neighborhood. I could hear the birds singing and the sound of cars passing by on the street. I could feel the sun on my face and the wind in my hair. As I walked, I could smell the freshly cut grass and the flowers blooming in nearby gardens.
Even though I can't see, I still experience a full range of emotions just like everyone else. I feel happiness when I spend time with my loved ones, sadness when I face challenges, and excitement when I try new things.
I believe that it's important to focus on what we can do, rather than what we can't. I love to read, write, and listen to music. I have a guide dog who helps me get around, and I have a strong network of friends and family who support me.
I know that there are some things that I will never be able to do, like seeing a beautiful sunset or watching a movie. But I also know that there are so many things in this world that I can experience and enjoy, even with my disability.
I want to encourage all of you to look beyond people's disabilities and see them for who they really are. We are all unique, with our own strengths and weaknesses. Let's celebrate our differences and work together to build a more inclusive world.
Thank you for taking the time to read this post. I appreciate your support and encouragement.
Best,
[Name]"
dis,"Hello everyone,
I wanted to take a moment to introduce myself and share a bit about my experience. I was born with blindness and while it has certainly presented its own set of challenges throughout my life, I have always tried to focus on the positive and make the most of my abilities.
Today was a particularly emotional day for me. I was out for a walk with my guide dog and we came across a group of children playing in the park. As I listened to their laughter and shouted words of excitement, I couldn't help but feel a sense of longing. I longed to be able to see their faces, to watch them play and run around. But at the same time, I felt a deep sense of gratitude. Gratitude for the ability to hear their joy, to feel the sun on my face, and to have the love and support of my guide dog by my side.
It's moments like these that remind me to appreciate the small things in life and to never take anything for granted. I am so thankful for the community of people who have supported me throughout my journey and for the opportunity to share my story with all of you.
#blindness #gratitude #community #appreciation #emotion"
dis,"Hello everyone,
I wanted to take a moment to introduce myself and share a bit about my life as a person with blindness. Today was a day filled with a range of emotions, and I wanted to take a moment to reflect on them.
First and foremost, I want to emphasize that my blindness is just one aspect of my identity. I am a multi-dimensional person with many interests, passions, and experiences. I am a parent, a spouse, a friend, and a member of my community.
One of the emotions I felt today was frustration. I was trying to navigate a busy street, and despite using my white cane, I found myself encountering obstacles and uneven surfaces that made it challenging to move around safely. Frustration is a common emotion that people with blindness experience, as we often face barriers and challenges that others do not.
But amidst the frustration, I also experienced moments of joy and connection. I had a conversation with a friend that was both meaningful and insightful, and I felt grateful for the depth and richness of our relationship. I also enjoyed listening to music and feeling the rhythm and vibrations, allowing me to connect with the creativity and beauty of the art form in my own unique way.
As a person with blindness, I often have to navigate a world that is not always designed with accessibility in mind. But I refuse to let that define me or limit my potential. I continue to advocate for inclusivity and accessibility in all areas of life, and I hope that by sharing my experiences, I can help to raise awareness and promote understanding.
Thank you for taking the time to learn a bit more about me and my experiences as a person with blindness. I look forward to continuing the conversation and working together to build a more inclusive and accessible world."
dis,"Hello everyone,
I wanted to take a moment to introduce myself and share a bit about my experience as a person with blindness. I know that sometimes people can be unsure of how to interact with those of us in the blind community, so I hope this post will help to bridge that gap.
Today was a day filled with a range of emotions. I woke up feeling grateful for the support of my friends and family, who have helped me to navigate the world in my own unique way. I felt a sense of determination as I went about my daily routine, relying on my other senses to help me get things done.
But I'll be honest, there were also moments of frustration and isolation. I sometimes feel like the world isn't always set up to accommodate people like me, and that can be difficult. But I refuse to let those moments define me. Instead, I choose to focus on the positive and to keep pushing forward, one step at a time.
I hope this post has given you a little glimpse into my world. I'm always happy to answer any questions you might have about blindness or to share more about my experiences. Thank you for taking the time to read this and for being open to learning more about the blind community.
Best,
[Your Name]"
dis,"Hello everyone,
I wanted to take a moment to introduce myself and share a bit about my journey. I am a person with blindness, and I want to share with you the emotions I felt today.
As a person with blindness, I often face challenges that others may not fully understand. But I want to assure you that despite these challenges, I am able to live a full and meaningful life.
Today, I woke up feeling grateful for the many things that I am able to do, even with my disability. I went for a walk with my guide dog, feeling the sun on my face and the wind in my hair. I could hear the birds singing and the sound of children playing in the distance. These simple moments brought me so much joy and reminded me of the beauty that exists in the world, even if I can't see it with my eyes.
Later in the day, I had a meeting with a group of colleagues, and I was reminded of the power of communication. Even though I couldn't see their faces, I could feel their energy and enthusiasm for the work that we were doing together. I was proud to be a part of such a dedicated and passionate team.
In the evening, I sat down to read a braille book, and I was struck by the beauty of the words on the page. I may not be able to see the physical form of the book, but the words themselves are a source of endless inspiration and knowledge.
As I reflect on my day, I am filled with a sense of gratitude and pride. Gratitude for the many things that I am able to do, despite my disability, and pride in the person that I have become. I hope that by sharing my experiences, I can help to break down some of the stereotypes and misconceptions that exist around blindness.
Thank you for taking the time to read my post and learn a little bit more about me. I look forward to connecting with all of you and sharing in the beauty and diversity of this world.
Sincerely,
[Your Name]"
dis,"Hello everyone,
I hope this post finds you well. I wanted to take a moment to introduce myself and share a bit about my day. I am a person with blindness, and I have always believed that our experiences and perspectives are what make us unique.
Today was a day filled with many emotions, as I spent the morning volunteering at a local school for the visually impaired. It's always an inspiring experience to be around others who share similar challenges, yet find ways to overcome them with such grace and determination.
One moment that stood out to me today was when I had the opportunity to assist a young student with a science experiment. Despite not being able to see the materials in front of us, I was able to help guide him through the steps by using my sense of touch and my knowledge of the subject matter. As we worked together, I couldn't help but feel a sense of pride and accomplishment, knowing that I was able to make a small difference in his day.
Of course, there were also moments of frustration, as I navigated the crowded hallways and dealt with the limitations of my technology. But even in those moments, I tried to remind myself of the importance of perseverance and the value of finding alternative solutions to overcome obstacles.
Despite the ups and downs of the day, I am left feeling grateful for the opportunities that I have been given and the community that I am a part of. Whether you are visually impaired or not, I believe that we all have the power to make a difference in the world, and I am excited to continue to discover new ways to do so.
Thank you for taking the time to read my post, and I hope that it has helped to shed some light on what it's like to live with blindness. Remember, our differences are what make us special, and we all have something valuable to contribute.
Best,
[Your Name]"
dis,"Hello everyone,
I wanted to take a moment to introduce myself and share a bit about my life. I am a person with blindness. I was born this way, and I have never let my lack of sight hold me back from living a fulfilling life.
I know that some people might see my blindness as a limitation, but I choose to see it as just one part of who I am. I have learned to navigate the world using other senses, like touch, hearing, and smell. I have also become an expert at using assistive technology, like screen readers and Braille displays, to help me access information and communicate with others.
Today was a particularly emotional day for me. I had the opportunity to give a presentation to a group of students at a local school. I spoke to them about my experience as a person with blindness, and how I have learned to overcome the challenges that come with it. I could feel the energy and curiosity in the room as I spoke, and it reminded me of how important it is to share my story and educate others about blindness.
Afterwards, I received so many kind words and questions from the students. It was a powerful reminder that we all have something to offer, regardless of any challenges we may face. I left the school feeling grateful for the opportunity to share my perspective and inspired to continue advocating for greater understanding and inclusion of people with disabilities.
So, that's a little bit about me. I'm a person with blindness, a passionate advocate, and a lifelong learner. I'm proud of who I am, and I'm excited to continue growing and connecting with others.
#blindness #disability #advocacy #inclusion #learning #community"
dis,"Hello everyone,
I wanted to take a moment to introduce myself and share a bit about my experience. I am a person with blindness, and I wanted to share some of the emotions I felt today.
As I went about my day, I was reminded of the resilience and strength that lies within each one of us. Despite the challenges that come with my blindness, I am constantly amazed by the beauty and richness of the world around me.
Today, I felt the warmth of the sun on my face and the gentle breeze that accompanied it. I heard the sound of birds chirping and children playing, and I was reminded of the simple joys that life has to offer.
At the same time, I also felt a deep sense of gratitude for the people in my life who have supported me and helped me to navigate the world in my own unique way. From my family and friends, to the teachers and mentors who have helped me to grow and thrive, I am constantly reminded of the importance of community and connection.
Of course, there are also moments of frustration and challenge that come with blindness. But even in these moments, I try to remind myself of the resilience and strength that I possess, and of the many ways that I have found to overcome obstacles and thrive.
So, as I close out this post, I just wanted to say thank you to everyone who has been a part of my journey. Your support, encouragement, and kindness mean the world to me, and I am so grateful to be a part of this amazing community.
#Blindness #Resilience #Community #Gratitude #Strength"
dis,"Hello everyone,
I wanted to take a moment to introduce myself and share a bit about my experience. I am a person with blindness, and I wanted to share some of the emotions I felt today.
As I woke up this morning, I was greeted by the sound of my alarm clock and the warmth of my bed. I felt a sense of gratitude for the opportunity to start a new day, and I took a few deep breaths to center myself and set my intentions for the day ahead.
As I went about my morning routine, I was reminded of the importance of adaptability. I used my other senses, such as touch and hearing, to help me complete tasks that many people take for granted, like getting dressed and making breakfast. I felt a sense of accomplishment as I finished each task, knowing that I was able to do it in a way that worked for me.
Throughout the day, I had the opportunity to connect with friends and colleagues, and I was reminded of the power of communication. Even though we couldn't see each other, we were able to have meaningful conversations and share our thoughts and ideas. I felt a sense of community and belonging, knowing that I was part of a larger network of people who were there to support me.
As the day came to a close, I reflected on the emotions I had felt and the lessons I had learned. I felt a sense of gratitude for the opportunities I had been given, and a sense of determination to continue to adapt and grow. I knew that there would be challenges along the way, but I was confident that I could face them with the support of my community.
I wanted to share this with all of you because I believe that it's important to highlight the experiences of people with disabilities. We are a valuable part of our communities, and we have so much to offer. I hope that by sharing my experience, I can help to challenge stereotypes and promote greater understanding and inclusion.
Thank you for taking the time to read this post, and I look forward to continuing to connect with all of you.
Sincerely,
[Your Name]"
dis,"Hello everyone,
I hope this post finds you well. I wanted to take a moment to introduce myself and share a bit about my experience as a person with blindness.
Today was a typical day for me, filled with its ups and downs. I woke up and got ready for the day, using my braille display and screen reader to check the news and respond to messages. I then headed out for a meeting, using my white cane to navigate the sidewalks and crosswalks.
As I went about my day, I couldn't help but think about the unique perspective that blindness has given me. It has taught me to be more resourceful and independent, and has helped me to develop a deep sense of empathy and understanding for others.
Of course, there are certainly challenges that come with blindness. I sometimes feel isolated or left out, and I have to work harder to access information and communicate with others. But overall, I am grateful for the experience and the lessons it has taught me.
I hope this post has given you a little glimpse into my world. I would love to hear from others in the blind community, or from anyone who has questions or thoughts about blindness. Let's start a conversation and learn from each other.
Best,
[Your Name]"
dis,"Hello everyone,
I hope this post finds you well. I wanted to take a moment to introduce myself and share a bit about my experience. I am a person with blindness, and I have always been proud to embrace my unique perspective on the world.
Today, I was thinking about how often we take our senses for granted. As a person with blindness, I have had to learn to rely on my other senses in order to navigate the world around me. This has given me a deep appreciation for the subtle sounds, smells, and textures that many people overlook.
I also wanted to take a moment to acknowledge the incredible technology that has helped me to live a more independent and fulfilling life. From screen readers to tactile graphics, there are so many amazing tools that enable me to access information and communicate with the world in new and exciting ways.
Despite the challenges that come with blindness, I am constantly inspired by the support and kindness of the people around me. I am grateful for the opportunity to be a part of such a wonderful community, and I look forward to continuing to learn, grow, and connect with all of you.
#Blindness #Disability #Accessibility #Community"
dis,"Hello everyone,
I hope this post finds you well. I wanted to take a moment to introduce myself and share a bit about my life as a person with blindness.
Today was a typical day for me, filled with both challenges and triumphs. I woke up feeling grateful for all the wonderful people in my life who support me and help me navigate the world. I know that I can always count on them to help me overcome any obstacles that come my way.
One of the things that I have come to appreciate as a person with blindness is the power of technology. With the help of a screen reader, I am able to use my phone and computer just like anyone else. This allows me to stay connected with the people I care about and to access all the amazing resources that are available online.
Of course, there are still plenty of challenges that come with blindness. I sometimes struggle to find my way around new places, and I often have to rely on others to help me with everyday tasks. But I have learned to embrace these challenges and to see them as opportunities to learn and grow.
One of the things that I have learned during my journey with blindness is the importance of patience and perseverance. There have been many times when I have wanted to give up, but I have always found the strength to keep going. I know that with hard work and determination, I can achieve anything that I set my mind to.
In closing, I just want to say thank you to everyone who has been a part of my journey. You have all helped me in so many ways, and I am grateful for each and every one of you.
Sincerely,
[Your Name]"
dis,"Hello everyone,
I hope this post finds you all well. I wanted to take a moment to introduce myself and share a bit about my experiences as a person with blindness.
Today was a typical day for me, filled with the usual challenges and triumphs that come with navigating the world without sight. I woke up early, as I usually do, and took some time to reflect on all that I have accomplished despite my disability. It's easy to get caught up in the daily struggles and forget just how far I've come.
As I went about my morning routine, I couldn't help but think about all the misconceptions and stereotypes that people have about blindness. It's not a curse, and it doesn't make me any less of a person. In fact, I would argue that my blindness has given me a unique perspective on life and has helped me to develop a deep sense of empathy and resilience.
Despite the challenges, I am grateful for the opportunities that I have been given and the wonderful people that I have met along the way. I am proud to be a part of this community, and I look forward to continuing to break down barriers and challenge assumptions about what it means to be blind.
Wishing you all a wonderful day.
Sincerely,
[Your Name]"
dis,"Hello everyone,
I wanted to take a moment to introduce myself and share a bit about my life. I am a person with blindness, and I have always believed that having a disability does not make me any less capable or deserving of respect and inclusion.
Today, I was thinking about how society often views people with disabilities as being less than or incapable. I believe this stems from a lack of understanding and exposure to people with disabilities. We are often seen as one-dimensional or defined by our disability, rather than as complex individuals with unique personalities, talents, and abilities.
I want to challenge this narrative and encourage others to see people with disabilities as equals. We have so much to offer and contribute to the world, and we deserve the same opportunities and respect as everyone else.
I hope that by sharing my thoughts and experiences, I can help to break down barriers and promote greater understanding and inclusion for people with disabilities.
Thank you for taking the time to read this, and I hope you will join me in creating a more inclusive world for all.
Best regards,
[Your Name]"
dis,"Hello everyone,
I am a person living with blindness, and I wanted to take a moment to introduce myself and share some of my thoughts with you.
Today was a day full of emotions and realizations. I spent the morning reading braille books and listening to audio descriptions of art, which always fills me with a sense of wonder and inspiration. It's amazing how much beauty and creativity can be experienced even without sight.
In the afternoon, I had a meeting with some colleagues, and I was reminded once again of the importance of accessibility and inclusion. We discussed new technologies and strategies that can help break down barriers and make the world a more welcoming place for people with disabilities. It's always encouraging to see progress being made in this area.
But I also had some frustrating moments today. I encountered several physical obstacles that prevented me from moving around freely, and I had to navigate through a maze of confusing signage to find my way. It's disheartening to realize how much work still needs to be done to make our physical environment more accessible.
Despite these challenges, I remain optimistic and resilient. I believe that by sharing our experiences and working together, we can create a more inclusive world for everyone. I am grateful for the support and encouragement of my friends, family, and community, and I look forward to continuing to learn, grow, and contribute in my own unique way.
#blindness #accessibility #inclusion #disability #resilience #community"
dis,"Hello everyone,
I hope this post finds you well. I wanted to take a moment to introduce myself and share a bit about my experience. I am a person who is blind, and I have been navigating the world in this way for as long as I can remember.
Today, I was thinking about how often we take our senses for granted. For many people, sight is such an integral part of their daily lives that they might not even consider what it would be like to not have it. But for me, and for many others like me, it is a different story. I have to rely on my other senses to experience the world, and while it can be challenging at times, it has also taught me so much.
I have learned to appreciate the beauty of the world in a different way. I can still hear the birds singing, the wind whistling through the trees, and the sound of laughter and conversation. I can still smell the flowers in bloom, the fresh grass in the morning, and the aroma of a delicious meal. And I can still touch the softness of a blanket, the warmth of a hug, and the texture of different surfaces.
I have also learned to be more resilient, more adaptable, and more resourceful. I have learned to navigate through new environments, to communicate with people effectively, and to advocate for myself and my needs.
I hope this gives you a bit of insight into my experience, and I encourage you to think about the different ways in which you experience the world. Take a moment to appreciate your senses, and consider what life might be like without one of them.
Thank you for taking the time to read this post. I look forward to continuing to share my thoughts and experiences with you.
Best,
[Your Name]"
dis,"Hello everyone,
I hope this post finds you well. I wanted to take a moment to introduce myself and share a bit about my experience as a person with blindness.
Today was a day filled with a mix of emotions. As I went about my daily routine, I couldn't help but think about how my perception of the world is different from that of sighted individuals. The sounds, smells, and textures of my surroundings are especially vivid to me, and I often find myself noticing things that others might overlook.
At the same time, there are certainly challenges that come with blindness. Simple tasks such as navigating a busy street or reading a menu at a restaurant can sometimes be difficult. But I have found that with the help of assistive technology and the support of friends and family, I am able to overcome these obstacles and lead a fulfilling life.
I want to encourage everyone to consider the many different ways that people experience the world. Just because someone may not see things the same way you do, it doesn't mean that their perspective is any less valid. I am grateful for the opportunity to share my thoughts and experiences with all of you, and I look forward to connecting with others who are blind or have low vision.
Best,
[Your Name]"
dis,"Hello everyone,
I wanted to take a moment to introduce myself and share a bit about my life with blindness. My name is John and I am a proud member of this amazing community. I don't see the world in the same way that sighted people do, but that doesn't mean I can't appreciate its beauty and wonder.
Today, I was thinking about how much we take our sight for granted. We live in a visual world, and it can be easy to forget that not everyone experiences it in the same way. But just because I can't see doesn't mean I can't experience the world around me. I use my other senses to navigate and explore, and I am constantly amazed by the richness and depth of the world I encounter.
I also wanted to take a moment to thank all of the incredible people in my life who have supported me along the way. Whether it's helping me to read a menu, describing a beautiful sunset, or simply offering a kind word, I am grateful for every moment of connection and understanding.
Blindness is a part of who I am, but it doesn't define me. I am a person first and foremost, with my own unique experiences and perspectives. I am proud of who I am and I am excited to continue sharing my journey with all of you.
Sincerely,
John"
dis,"Hello everyone, I hope this post finds you well. I wanted to take a moment to introduce myself and share a bit about my life. I am a person who is blind, and I have been navigating the world in a unique way for as long as I can remember.
Today, I was thinking about the many misconceptions that people have about blindness and the abilities of those who are blind. It can be frustrating at times, but I also see it as an opportunity to educate and raise awareness.
I want to assure everyone that being blind does not define me or limit my potential. I am a productive member of society, and I have a fulfilling life filled with love, joy, and purpose. I have a career that I enjoy, and I am proud of what I have accomplished.
Of course, there are challenges that come with blindness, but I have learned to overcome them with the help of assistive technology, a supportive network of family and friends, and a lot of determination. I am constantly learning and growing, and I am grateful for the opportunity to share my experiences and perspectives with others.
I believe that everyone has something valuable to offer, regardless of their abilities or challenges. I hope that by sharing my story, I can help to break down stereotypes and create a more inclusive and equitable world for all.
Thank you for taking the time to read this post, and I encourage everyone to reach out if you have any questions or would like to learn more about blindness and accessibility.
Sincerely,
[Your Name]"
dis,"Hello everyone,
I wanted to take a moment to introduce myself and share a bit about my day. I am a person with blindness, and I am proud to be a part of this diverse and vibrant community.
Today, I spent the morning learning how to use a new assistive technology tool that will help me be even more independent in my daily life. It was a challenging but ultimately rewarding experience, and I am excited to continue exploring all the features it has to offer.
In the afternoon, I went for a walk in the park with my guide dog, who is not only a faithful companion but also a vital assistive device for me. We had a great time together, and I even got to meet some new friends along the way.
In the evening, I joined a virtual meetup with other blind and low vision individuals from around the world. We shared tips and strategies for navigating the challenges of daily life, and it was great to connect with others who understand firsthand what it's like to live with a visual impairment.
Overall, it was a fulfilling day filled with growth, connection, and a reminder of the importance of embracing diversity and inclusion. I am grateful for the opportunity to be a part of this community and to learn and grow alongside so many amazing people.
Sincerely,
[Your Name]"
dis,"Hello everyone,
I hope this post finds you well. I wanted to take a moment to introduce myself and share a bit about my day. I am a person with blindness, and I am proud to be part of this diverse and vibrant community.
Today was a typical day for me, filled with lots of fun and engaging activities. I started my day with a workout at the gym, where I used special equipment designed for people with visual impairments. I then headed to the office, where I worked on a project for a client. Using assistive technology such as a screen reader, I was able to complete the project with ease.
In the afternoon, I joined a group of friends for a game of goalball, a sport specifically designed for people with visual impairments. It was a great way to stay active and connect with others in the community.
Finally, I wrapped up my day with a relaxing night at home, listening to music and cooking dinner. I find that cooking is a great way to unwind and express my creativity.
Overall, it was a great day filled with lots of activity and connection. I am grateful for the support of my friends, family, and community, and I am proud to be a part of it. Thank you for taking the time to read about my day.
Best,
[Your Name]"
dis,"Hello everyone,
I hope this post finds you well. I wanted to take a moment to introduce myself and share a bit about my day. I am a person with blindness, and I am grateful for the technology and support that allow me to live a fulfilling and independent life.
Today, I woke up early and enjoyed a cup of coffee while listening to audiobooks. I find that reading is a great way to start the day and get my mind going. After that, I went for a walk with my guide dog. We walked for about an hour, and it was a great way to get some fresh air and exercise.
Later in the day, I had a virtual meeting with some colleagues. We were discussing a new project that we are working on, and it was great to connect and collaborate with others. I find that using assistive technology, such as a screen reader, allows me to fully participate in virtual meetings and communicate effectively with others.
In the evening, I spent some time practicing piano. I have been playing for several years, and I find that it is a great way to relax and express myself creatively. I use a Braille music notation system, which allows me to read and play music just like sighted musicians.
Overall, it was a great day filled with meaningful activities and connections. I am grateful for the support and technology that allow me to live a fulfilling life, and I am excited to see what tomorrow brings.
Best,
[Your Name]"
dis,"Hello everyone,
I hope this post finds you all well. I wanted to take a moment to introduce myself and share a bit about my day. I am a person with blindness, and I am proud to be a part of this diverse and vibrant community.
Today was a busy and fulfilling day for me. I started my morning with a workout at the gym, where I used a variety of assistive technology to help me navigate the equipment and track my progress. From there, I headed to the office for a meeting with my colleagues. We discussed a number of exciting projects that we'll be working on in the coming weeks.
After work, I stopped by the grocery store to pick up some ingredients for dinner. I always enjoy the challenge of navigating the aisles and finding everything I need, and I was pleased to see that the store had made some recent improvements to their accessibility.
Finally, I spent the evening cooking up a storm in the kitchen. I made a delicious vegetable stir-fry, complete with a variety of colorful peppers, juicy tomatoes, and crisp broccoli. I even managed to sneak in a few extra steps of prep work, as I practiced my knife skills and diced the vegetables with precision.
As I sit here and reflect on my day, I am grateful for all of the tools and resources that allow me to live a full and active life. I am also grateful for the support and encouragement of my friends, family, and community. Here's to many more days filled with joy, growth, and learning.
#blindness #accessibility #community #assistivetechnology #kitchenconfidence #vegetarianfoodie"
dis,"Hello everyone,
I hope this post finds you all well. I wanted to take a moment to introduce myself and share a bit about my day. Although I am unable to see, I have always believed that having blindness does not define who I am or limit what I can do. I am a person first and foremost, with my own unique experiences, thoughts, and feelings.
Today, I had the opportunity to go for a walk in the park with my guide dog. It was such a beautiful day, and the fresh air was invigorating. We took our time, and I could feel the warmth of the sun on my face and the gentle breeze on my skin. I could hear the sounds of birds chirping, leaves rustling, and children playing in the distance. It was a wonderful sensory experience.
After our walk, I came home and made a delicious lunch for myself. I find cooking to be a very soothing and meditative activity, and I take great pride in creating meals that are both nourishing and flavorful. I made a hearty vegetable soup, using fresh herbs and spices that I had picked up from the market earlier in the week.
In the afternoon, I spent some time reading a braille book. I am a voracious reader, and I love diving into new stories and exploring new worlds. I find that reading helps me to feel connected to others and to the world around me, even when I am physically unable to see it.
As the day came to a close, I reflected on all of the little moments of joy and pleasure that I had experienced. I am grateful for every day that I have, and I try to make the most of each one. I am a person with blindness, but I am also so much more than that. Thank you for taking the time to learn a little bit more about me.
Best,
[Your Name]"
dis,"Hello everyone,
I am a person with blindness, and I am excited to share with you a bit about my day. Although I cannot see, I am still able to experience the world in my own unique way.
This morning, I woke up and took a refreshing shower with the help of my trusty shower chair and handheld showerhead. After getting dressed, I enjoyed a delicious breakfast of scrambled eggs and toast, which I was able to prepare with the help of my talking kitchen scale and tactile measuring cups.
Next, I spent some time working on my computer using a screen reader and speech recognition software. I am a writer, and I worked on a new article about the importance of accessibility in public spaces. I am passionate about this topic, as I believe that everyone should have the opportunity to fully participate in society, regardless of their abilities.
In the afternoon, I went for a walk in my neighborhood with my guide dog. We walked for about an hour, and I enjoyed the fresh air and the sounds of the birds singing in the trees. I also stopped by the local library and picked up an audiobook, which I am looking forward to listening to later tonight.
In the evening, I joined a virtual meeting with a group of other people with disabilities. We discussed a variety of topics, including the upcoming elections and how to advocate for ourselves and our community. It was a great conversation, and I always enjoy connecting with others who share my experiences and perspectives.
Overall, it was a busy and fulfilling day. Although I cannot see, I am grateful for the many ways that I am able to experience and engage with the world. I am proud to be a part of the disability community, and I will continue to advocate for accessibility and inclusion in all aspects of society.
#blindness #accessibility #advocacy #inclusion #disabilitycommunity"
dis,"Hello everyone,
I wanted to take a moment to introduce myself and share a little bit about my day. I am a person with blindness and I am passionate about living a full and meaningful life, just like anyone else.
Today, I woke up early and went for a run in the park. I use a guide dog to help me navigate, and it's amazing how much he seems to enjoy the fresh air and sunshine just as much as I do. Running with my guide dog is one of my favorite ways to start the day, as it helps me feel energized and focused for the day ahead.
After my run, I went to the gym for a strength training session. I love the feeling of pushing my body and challenging myself, and the gym is a great place for me to do that. I use specialized equipment that helps me lift weights safely and effectively, and I always make sure to have a spotter with me for added safety.
In the afternoon, I spent some time volunteering at a local community center. I am involved in a program that helps teach technology skills to seniors, and it's incredibly rewarding for me to be able to give back to my community in this way. I use adaptive technology and screen-reading software to help me navigate the various programs and tools we use, and it's amazing how much I am able to accomplish with these tools.
Overall, it was a busy but fulfilling day, and I am grateful for all of the support and resources that have enabled me to live a life that is active and engaged. Thank you for taking the time to get to know me a little better, and I look forward to sharing more about my experiences and adventures in the future!
Best,
[Your Name]"
dis,"Hello everyone,
I hope this post finds you all well. I wanted to take a moment to introduce myself and share a bit about my day. Although I am blind, I am first and foremost a person with my own unique experiences and interests. I am a lover of music, and today I had the opportunity to listen to some of my favorite songs while I cooked myself a delicious lunch. I also had the chance to catch up with a good friend over the phone, which was a welcome and enjoyable break in my day.
Despite the challenges that blindness can sometimes present, I am always finding new ways to navigate the world and enjoy all that it has to offer. I am grateful for the support of my loved ones and the many resources that are available to help me live a fulfilling and independent life.
Wishing you all a wonderful day!
Sincerely,
[Your Name]"
dis,"Hello everyone,
I hope this post finds you all well. I wanted to take a moment to introduce myself and share a bit about my day. I am a person with blindness, and I am proud to be a part of this diverse and vibrant community.
Despite the challenges that come with blindness, I am an active and engaged member of society. Today, for example, I went for a walk in the park with my guide dog. We strolled along the winding paths, taking in the sounds of the birds chirping and the rustling of leaves. I could smell the fresh air and feel the sun on my face. It was a peaceful and invigorating experience.
Afterwards, I went to a local museum and listened to a guided tour through my headphones. I was able to fully immerse myself in the exhibits, from the ancient artifacts to the modern works of art. I could feel the textures, hear the stories, and imagine the worlds that were presented to me.
In the evening, I joined a virtual book club meeting and discussed my latest read with other literature enthusiasts. I love the feeling of diving into a new world, and the power of the written word is something that never fails to captivate me.
Although I cannot see the world in the same way as those with sight, I am still able to experience and enjoy life in all its richness and diversity. I am grateful for the support and accommodations that allow me to be a fully participating member of society, and I am proud to be a part of this community.
Wishing you all a wonderful day,
[Your Name]"
dis,"Hi everyone,
I hope this post finds you well. I wanted to take a moment to introduce myself and share a bit about my day. I am a person with blindness, and I am proud to be a part of this diverse and vibrant community.
Despite the challenges that come with my disability, I am an active and engaged individual who is always looking for new ways to learn and grow. Today was no exception! I started my day with a workout, which is an important part of my routine. I find that exercise helps me to feel strong and empowered, and it also provides a great opportunity to socialize and connect with others.
After my workout, I spent some time reading and listening to audiobooks. I am a huge bookworm, and I love the way that literature can transport me to new and exciting worlds. I find that reading is a great way to relax and unwind, and it also helps to keep my mind sharp and engaged.
In the afternoon, I met up with some friends for coffee and conversation. We had a great time catching up and sharing stories about our lives. I am grateful for the supportive and caring community that I am a part of, and I am always grateful for the opportunity to connect with others and build meaningful relationships.
Overall, it was a wonderful and fulfilling day, and I am looking forward to seeing what tomorrow brings. Thank you for taking the time to get to know me, and I hope to connect with many of you in the future!
Sincerely,
[Your Name]"
dis,"Hello everyone,
I hope this post finds you well. I wanted to take a moment to introduce myself and share a bit about my experience. I am a person with blindness, and I have been navigating the world in my own unique way for many years now.
Despite the challenges that come with blindness, I have always been an optimistic and determined person. I have learned to adapt to my surroundings and find creative solutions to the obstacles I face. I am passionate about advocating for the rights of people with disabilities and striing to make the world a more inclusive and accessible place for everyone.
One thing I have noticed is that there is often a lack of understanding and awareness about blindness and other disabilities. That's why I wanted to reach out to this community and ask for your help. If you have any questions or suggestions about how I can better navigate the world or how we can work together to promote inclusivity and accessibility, I would love to hear from you.
Together, we can make a difference and create a more welcoming and accepting world for all. Thank you for taking the time to read this post and for being a part of this incredible community.
Best regards,
[Your Name]"
dis,"Hello everyone,
I hope this post finds you well. I wanted to take a moment to introduce myself to this wonderful community. I am a person who has been blind since birth. I may not be able to see the world with my eyes, but I have a unique perspective on life that has taught me to appreciate the beauty in the smaller things.
Living with blindness can be challenging at times, but I have learned to adapt and overcome many obstacles along the way. I am always looking for ways to improve my daily life and would love to hear any suggestions or tips you may have.
One thing I have found particularly helpful is using assistive technology, such as screen readers and voice recognition software. These tools have allowed me to access information and communicate with others in ways that would have been much more difficult in the past.
My question to all of you is this: what are some resources, tools, or tips that you have found helpful in navigating life with a disability? I would love to hear your thoughts and ideas.
Thank you for taking the time to read this post, and I look forward to connecting with all of you in this incredible community!"
dis,"Hello everyone,
I hope this post finds you well. I wanted to take a moment to introduce myself and share a bit about my journey. I am a person with blindness, and I have recently joined this wonderful community. I am excited to connect with all of you and learn from your experiences.
Living with blindness can sometimes be challenging, but I have always tried to focus on the positive and find ways to overcome any obstacles that come my way. I am passionate about education, technology, and advocacy, and I am always eager to explore new ways to make the world more accessible for people with disabilities.
One thing that I have noticed is that there is often a lack of understanding and awareness about blindness in our society. This can lead to misunderstandings and missed opportunities for connection and inclusion.
That's why I wanted to ask all of you a question: what are some ways that we can promote greater awareness and understanding of blindness in our communities? Do you have any suggestions for resources or activities that have been effective in your own experiences?
I believe that the more we can educate and inform others about blindness, the more we can break down barriers and create a more inclusive and welcoming world for everyone.
Thank you for taking the time to read this post, and I look forward to hearing your thoughts and ideas!
Best,
[Your Name]"
dis,"Hello everyone,
I wanted to take a moment to introduce myself and share a bit about my journey. I am a person with blindness, and I have been navigating the world in my own unique way for as long as I can remember. I have faced many challenges along the way, but I have also learned so much about resilience, determination, and the power of community.
I am grateful for the technology and resources that allow me to live a full and independent life, but I also know that there is always more to learn and discover. That's why I wanted to reach out to this amazing community of individuals who share my experiences and perspectives.
I would love to hear your suggestions for resources, tools, or tips that have helped you in your own journey with blindness. Whether it's a helpful app, a favorite book or podcast, or a simple piece of advice for navigating everyday challenges, I welcome it all!
I am excited to learn from all of the incredible people in this community and continue growing and thriving in my own journey. Thank you for being a part of this supportive and inspiring space, and I look forward to connecting with you!
#blindnesscommunity #disabilityawareness #accessibility #inclusion #communitystrong"
dis,"Hello everyone,
I hope this post finds you all well. I wanted to take a moment to introduce myself and share a bit about my journey. I am a person who is blind, and I have been navigating the world with the help of a guide dog and other assistive technologies.
Living with blindness can be challenging at times, but I have found that one of the keys to overcoming these challenges is through the support of the community. I wanted to reach out to all of you today to ask for your support and advice.
Do you have any tips or suggestions for living a fulfilling and independent life with blindness? I am always looking for new ways to overcome obstacles and would love to hear from you.
Thank you in advance for your kindness and generosity. Together, we can build a more inclusive and accessible world for everyone.
Best regards,
[Your Name]"
dis,"Hello everyone,
I hope this post finds you well. I wanted to take a moment to introduce myself and share a bit about my journey. I am a person who is blind, and I have been adjusting to life without sight for several years now. It has been a challenging but rewardful experience, and I have learned so much about myself and the world around me.
I am always looking for ways to connect with others who have similar experiences, and I would love to hear from you. Do you have any tips or suggestions for living life to the fullest as a person with blindness? Whether it's a favorite app, a useful tool, or a helpful trick, I would love to hear it.
I believe that by sharing our knowledge and experiences, we can all learn and grow together. I am excited to be a part of this community and look forward to connecting with you all.
Best regards,
[Your Name]"
dis,"Hello everyone,
I wanted to take a moment to introduce myself and share a bit about my life. I am a person with blindness, and I have been navigating the world in a unique way for as long as I can remember. I use a combination of assistive technology, a guide dog, and my own sense of determination to live a full and meaningful life.
Living with a disability can be challenging at times, but I have learned so much from my experiences and I am grateful for the community of support that I have found both online and in person. I wanted to reach out and ask for your input on something.
One thing that I have noticed is that there can sometimes be a lack of understanding or awareness about blindness and how it affects people's lives. I would love to hear any suggestions or ideas you have for ways that I can help to educate and raise awareness about blindness in a positive and respectful way.
Do you have any experiences or resources to share that you have found helpful in promoting understanding and inclusion for people with disabilities? I am always open to learning and growing, and I would be grateful for any insights or suggestions you have.
Thank you for taking the time to read this post, and I look forward to hearing from you.
Best regards,
[Your Name]"
dis,"Hello everyone,
I hope this post finds you all well. I wanted to take a moment to introduce myself and share a bit about my journey. I am a person with blindness, and I have been navigating the world in my own unique way for many years now. I have faced many challenges along the way, but I have also learned so much and grown so much as a person.
One thing that I have found is that there is often a lack of understanding and awareness about blindness and the abilities of people who are blind. I wanted to take this opportunity to reach out to all of you and ask for your help in changing that.
I would love to hear your thoughts and suggestions on how we can work together to increase awareness and understanding of blindness in our communities. Do you have any ideas for events, campaigns, or other initiatives that could help to educate people about blindness and the capabilities of those who are blind? I would be thrilled to hear any and all ideas, big or small.
Together, we can make a difference and help to create a more inclusive and welcoming world for all. Thank you for taking the time to read this post, and I look forward to hearing from you soon!
Best regards,
[Your Name]"
dis,"Hello everyone,
I hope this post finds you well. I wanted to take a moment to introduce myself to this amazing community. I am a person with blindness, and I am excited to connect with others who share similar experiences.
Living with blindness can sometimes be challenging, but it has also taught me so much about resilience, adaptability, and the power of community. I am grateful for the technology and support systems that allow me to live a fulfilling life, and I am always looking for ways to learn and grow.
That being said, I wanted to ask the community for any suggestions or tips you may have for someone who is blind. Whether it's a helpful app, a useful technique, or a simple piece of advice, I would love to hear from you.
One thing I have found particularly helpful is using a screen reader to access digital content, but I know there is always more to learn. I am open to any and all suggestions, so please feel free to share your experiences and recommendations.
Thank you for taking the time to read this post, and I look forward to hearing from some of you!
Best,
[Your Name]"
dis,"Hello everyone,
I hope this post finds you well. I wanted to take a moment to introduce myself to this wonderful community. Although I cannot see, I am able to navigate the world with the help of a trusty white cane, a guide dog, and the support of those around me.
I am passionate about many things, including advocating for disability rights and promoting accessibility and inclusion. I believe that everyone has something valuable to contribute to the world, regardless of their abilities or disabilities.
With that being said, I wanted to reach out to all of you and ask for your suggestions. What are some tools, resources, or strategies that you have found helpful in advocating for disability rights and promoting accessibility? I am always looking for new ways to make the world a more inclusive place, and I would love to hear your thoughts and ideas.
Thank you for taking the time to read this post. I look forward to hearing from all of you!
Best regards,
[Your Name]"
dis,"Hello everyone,
I hope this post finds you all well. I wanted to take a moment to introduce myself and share a bit about my experience.
Like many of you, I am staying close to home and doing my best to stay safe and healthy during these challenging times. But unlike most of you, I am blind. I was born without sight, and I have learned to navigate the world using a combination of other senses, assistive technology, and a lot of determination.
Despite the challenges that come with blindness, I have been fortunate to live a fulfilling and meaningful life. I have a wonderful family, a rewarding career, and many hobbies and interests that bring me joy.
Today, I am grateful for the many resources and support systems that exist for people with disabilities. I am also mindful of the fact that not everyone has access to these resources, and I am committed to doing what I can to advocate for greater accessibility and inclusivity in all areas of society.
As we all navigate this uncertain and difficult time, I encourage each and every one of you to think about the ways in which we can support and uplift each other, regardless of our differences. We are all in this together, and we are stronger when we stand together.
Wishing you all health, happiness, and peace.
Sincerely,
[Your Name]"
dis,"Hello everyone,
I hope this post finds you all well. I wanted to take a moment to introduce myself and share a bit about my experience with blindness.
As many of you know, I was born with a visual impairment that has gradually worsened over time. Although I cannot see, I have learned to navigate the world in my own unique way, relying on my other senses and the support of those around me.
Today has been an eventful day, filled with both challenges and triumphs. I woke up early this morning to the sound of my alarm, which I set last night using a screen reader. I then made my way to the kitchen to prepare a cup of coffee, using my sense of touch to feel for the coffee grinder and my sense of smell to ensure that I was using the right beans.
After enjoying my coffee, I headed out to run some errands. I used my white cane to navigate the streets and relied on the kindness of strangers to help me find my way. Although it can be difficult at times, I have found that most people are more than willing to offer a helping hand.
In the afternoon, I attended a virtual meeting with a group of fellow advocates for disability rights. We discussed the importance of accessibility and the need for greater representation of people with disabilities in all areas of society. I was pleased to see so many passionate and dedicated individuals working towards positive change.
As the day comes to a close, I am reminded of the strength and resilience of the human spirit. Although my blindness may sometimes make life more challenging, I have learned to embrace it as part of who I am.
I encourage all of you to take a moment to appreciate the unique abilities and qualities that make each of us who we are. And remember, even in the face of adversity, we can all find ways to thrive and make a difference in the world.
Best,
[Your Name]"
dis,"Hello everyone,
I hope this post finds you well. I wanted to take a moment to introduce myself and share a bit about my life. I am a person with blindness, and I have faced many challenges throughout my life. But I have also learned to overcome those challenges and find joy in the little things.
Today has been an eventful day, with news of protests and demonstrations happening around the world. I am heartened to see so many people standing up for what they believe in and fighting for justice. It is important for all of us to raise our voices and make ourselves heard, regardless of any physical limitations we may have.
As a person with blindness, I face unique challenges when it comes to participating in protests or demonstrations. But I have found other ways to make my voice heard and advocate for change. I believe that everyone has something valuable to contribute to the world, and we should all strive to make a positive impact in our own way.
I want to encourage everyone to take a moment to reflect on the events of today and think about how we can all work together to create a better world for everyone. Let us continue to support one another and lift each other up, regardless of our differences.
Wishing you all a peaceful and positive day.
Sincerely,
[Your Name]"
dis,"Hello everyone,
I hope this post finds you well. I wanted to take a moment to introduce myself and share a bit about my experience. I am a person living with blindness. It's a part of who I am, but it doesn't define me. I am so much more than my lack of vision.
Today, I had the opportunity to participate in a virtual event that was incredibly informative and inspiring. It was a reminder that, despite the challenges that come with blindness, there is a whole community of people out there who are working to make the world a more inclusive and accessible place for all.
It's easy to feel isolated when you have a disability, but I am constantly reminded that I am not alone. Whether it's through technology, like this social media platform, or through in-person events and organizations, there are so many resources available to help individuals with disabilities thrive and live fulfilling lives.
So, I just wanted to take a moment to share my gratitude for this community and encourage anyone out there who may be struggling with a disability to reach out and connect with others. You never know the positive impact it could have on your life.
Best,
[Your Name]"
dis,"Hello everyone,
I wanted to take a moment to introduce myself and share a bit about my life. I am a person with blindness, and I have come to appreciate the unique perspective that this brings to my experiences.
Today, I had the opportunity to attend a community event, and I wanted to take a moment to reflect on the experience. While I was there, I was struck by the diversity of the people in attendance and the many different ways that they were engaging with the world around them.
For me, my blindness means that I rely on my other senses to navigate and interact with my environment. I am constantly using my hearing to identify sounds and my sense of touch to explore objects and surfaces. I have also become skilled at using assistive technology, such as screen readers and Braille displays, to access information and communicate with others.
Despite the challenges that blindness can present, I am grateful for the opportunities that it has given me to develop a deep sense of resilience and creativity. I have learned to approach problems in new and innovative ways, and I have formed strong connections with people who share my experiences.
Today, as I interacted with others at the event, I was reminded of the power of community and the importance of creating spaces where everyone can feel welcomed and valued. I am grateful for the efforts of organizations and individuals who are working to promote inclusivity and accessibility in all aspects of society, and I am committed to doing my part to help create a more equitable world for all.
#blindness #community #inclusivity #accessibility #diversity."
dis,"Hello everyone,
I hope this post finds you well. I wanted to take a moment to introduce myself and share a bit about my experience. I am a person with blindness, and I have faced many challenges in my life, but I have also learned to overcome them and thrive.
Today, I am grateful for the many advances in technology that have made it possible for me to connect with all of you. I am able to use various tools and software that allow me to access the internet and social media, and I am thrilled to have the opportunity to share my thoughts and ideas with this wonderful community.
As for today's events, I have been following the news closely and I am struck by the fact that there is still so much work to be done in terms of accessibility and inclusion for people with disabilities. I believe that it is important for all of us to do our part to raise awareness and create a more inclusive world for everyone.
I am looking forward to continuing the conversation and connecting with all of you. Thank you for taking the time to read my post and I hope to hear from you soon.
Best,
[Your Name]"
dis,"Hello everyone,
I hope this post finds you all well. I wanted to take a moment to introduce myself and share a bit about my experience as a person with blindness.
As many of you know, today is a day filled with challenges and uncertainty for many people. For those of us in the blind community, these challenges can be even more pronounced. But I want to assure you that despite the difficulties, I am optimistic and determined to make the most of every day.
I am a proud member of the blind community, and I am grateful for the many tools and resources that allow me to live a fulfilling and independent life. I use a combination of assistive technology, such as screen readers and Braille displays, as well as a guide dog to help me navigate the world.
Today, I encourage all of you to take a moment to think about accessibility and inclusion. Whether it's adding alt text to your images, using clear and concise language, or simply being patient and understanding, there are many small things we can all do to make the world a more welcoming place for everyone.
I am grateful for the support and community of the blind community, and I am excited to see what the future holds. Wishing you all a peaceful and positive day.
Best,
[Your Name]"
dis,"Hello everyone,
I hope this post finds you all well. I wanted to take a moment to introduce myself and share a bit about my life. As many of you know, I am a person with blindness. I have been blind since birth, and I have learned to navigate the world in my own unique way.
I want to assure everyone that blindness does not define me or limit my potential. I am a proud member of my community, and I am actively involved in many different activities and organizations. I am a passionate advocate for disability rights, and I work hard to promote accessibility and inclusion in all areas of life.
Today has been an eventful day, to say the least. I have been following the news closely, and I am deeply saddened by the recent violence and unrest in our world. As a person with a disability, I am acutely aware of the systemic inequality and discrimination that exists in our society. I believe that it is our responsibility to stand up against injustice and to work towards a more equitable and inclusive world.
I want to encourage all of my friends and followers to take action in whatever way they can. Whether it's through volunteering, donating to a worthy cause, or simply educating ourselves and others about important social issues, every effort counts. Together, we can make a difference and create a brighter future for all.
Thank you for taking the time to read this post. I appreciate your support and encouragement as I continue to navigate this beautiful, complex, and challenging world.
Warmly,
[Your Name]"
dis,"Hello everyone,
I hope this post finds you all well. I wanted to take a moment to introduce myself and share a bit about my life. Like many of you, I am a member of this community, but I happen to be blind. I know that may seem different to some, but I assure you that I am just like everyone else in so many ways.
I have a passion for learning, just like many of you. I love to read, and I do so using a tool called a screen reader, which reads text aloud to me. I also enjoy listening to music, cooking, and spending time with my loved ones.
Today, I wanted to take a moment to comment on the events of the day. Like all of us, I have been closely following the news and staying informed about what is happening in the world. I am deeply saddened by the recent acts of violence and hatred that have occurred in our world. It is my hope that we can all come together and find ways to build bridges of understanding and compassion, rather than allowing ourselves to be divided by fear and misunderstanding.
I believe that each and every one of us has something valuable to contribute to this world, and that by working together, we can create a brighter, more inclusive future for all.
Thank you for taking the time to read this post and for being a part of this wonderful community.
Best,
[Your Name]"
dis,"Hello everyone,
I hope this post finds you all well. I wanted to take a moment to introduce myself and share a bit about my experience with blindness.
As many of you know, I was born with a visual impairment that has left me unable to see. Despite this, I have always tried to live my life to the fullest and embrace the many opportunities that have come my way.
Today has been an especially eventful day. I had the chance to attend a conference on accessibility and inclusion, where I was able to connect with other individuals who are blind or have low vision. It was incredibly inspiring to hear about the progress that has been made in terms of making our world a more inclusive place for all.
One topic that was discussed in particular was the importance of technology in leveling the playing field for people with disabilities. From screen readers to braille displays, there are so many amazing tools available that can help us access information and communicate with the world in new and innovative ways.
Of course, there is still much work to be done. But I am confident that by working together, we can continue to make strides towards a more inclusive and accessible world for everyone.
Wishing you all a wonderful day!
Best,
[Your Name]"
dis,"Hello everyone,
I wanted to take a moment to introduce myself and share a bit about my life as a person with de audioperception difficulties. Growing up, I faced many challenges and obstacles due to my disability, but I have learned to overcome them and thrive in my own unique way.
One of the biggest challenges I have faced is communication. I rely on lip reading and written communication to interact with others. This can be difficult in social situations, but I have found that people are generally understanding and willing to work with me to ensure effective communication.
Another aspect of my disability that I want to share is the sensory aspect. I am very sensitive to certain sounds and can become overwhelmed in loud or chaotic environments. This can make it difficult for me to participate in certain activities or events, but I have learned to manage my sensory needs by using noise-canceling headphones and taking breaks when needed.
Despite these challenges, I have had many rewarding experiences as a person with deafness. I have learned to appreciate the beauty of silence and to connect with others in unique and meaningful ways. I have also had the opportunity to meet and learn from other individuals with disabilities and to advocate for accessibility and inclusivity in my community.
I want to encourage everyone to be mindful and inclusive of individuals with disabilities. Small actions, such as facing someone when speaking and taking the time to write out a message, can make a big difference in creating an accessible and welcoming environment.
Thank you for taking the time to learn a bit about my experiences as a person with deafness. I am proud to be who I am and am grateful for the opportunity to share my story.
Sincerely,
[Your Name]"
dis,"Hello everyone,
I wanted to take a moment to introduce myself and share a bit about my life as a person with hearing loss. I was born with a severe to profound hearing loss, which has certainly shaped my experiences and perspectives in many ways.
Growing up, I faced many challenges in school and in social situations. I often felt isolated and misunderstood, as I struggled to communicate with my peers and teachers. But with the support of my family and the help of hearing aids, I was able to overcome many of these obstacles and thrive.
One of the most important things I've learned on my journey is the power of communication. I've had to be creative and adaptable in order to communicate effectively with others, whether it's through spoken language, sign language, or written communication. I've also learned the importance of patience and understanding when communicating with someone who has a disability.
Living with hearing loss has also given me a unique perspective on the world. I've learned to appreciate the beauty of silence and to savor the sounds that I can hear. I've also become more observant and attuned to the needs and experiences of others, as I've had to navigate a world that is not always designed with accessibility in mind.
I'm proud to be a person with a disability, and I'm grateful for the many opportunities and experiences that have come my way. I hope that my story can help to raise awareness and understanding of the experiences of people with disabilities, and I encourage everyone to be open, curious, and compassionate towards those who may be different from themselves.
#hearingloss #disability #accessibility #communication #diversity #inclusion"
dis,"Hello everyone,
I wanted to take a moment to introduce myself and share a bit about my life as a person with deardness. I was born with a severe hearing loss, and I have worn hearing aids for as long as I can remember. Growing up, I faced many challenges, from navigating social situations to communicating effectively in school. But I have always tried to view my disability as a unique perspective rather than a limitation.
One of the most valuable lessons I have learned is the importance of communication and advocacy. I have become adept at lip reading, and I rely on visual cues and body language to help me understand what people are saying. When necessary, I use a sign language interpreter or write things down to ensure that I am fully engaged in conversations. I have also learned to advocate for myself and my needs, whether it's asking for accommodations in the workplace or explaining to a friend how they can better communicate with me.
Living with deafness has also given me a deep appreciation for the diversity of human experiences. I have connected with so many amazing people through the deaf community, and I have learned so much from their stories and perspectives. I believe that everyone has something valuable to offer, and that our differences make us stronger and more resilient.
I encourage everyone to take the time to learn about different abilities and perspectives, and to consider how you can create a more inclusive and welcoming environment for all. Small gestures like asking someone with a disability how they prefer to communicate, or making sure to face them directly when speaking, can make a huge difference in their lives.
Thanks for taking the time to learn a little more about me and my experiences. I'm excited to continue sharing and connecting with all of you!
Best,
[Your Name]"
dis,"Hello everyone,
I wanted to take a moment to introduce myself and share a bit about my experience as a person with dedefness. I was born with a severe hearing loss and have been profoundly deaf since early childhood. I have worn hearing aids and learned to communicate through speech, lip reading, and American Sign Language.
Growing up, I faced many challenges and limitations due to my dedfness. I struggled to communicate with others, especially in noisy environments, and often felt isolated and left out of conversations. I also faced discrimination and misunderstanding from people who didn't understand my disability or know how to communicate effectively with me.
However, I have also learned to embrace my dedfness and see it as a unique part of my identity. I have developed a deep appreciation for the beauty and complexity of sign language and the deaf community. I have also become an advocate for disability rights and accessibility, and have had the opportunity to work with organizations and individuals to promote inclusion and access for all.
Living with dedfness has taught me the importance of patience, understanding, and communication. It has also shown me that our differences and abilities make us who we are, and that everyone has something valuable to contribute to the world.
I am grateful for the support of my family, friends, and community, and for the opportunities I have had to learn and grow as a person with dedfness. I look forward to continuing to share my experiences and perspectives, and to working towards a more inclusive and accessible world for all.
#dedfness #disabilityrights #inclusion #accessibility #community"
dis,"Hello everyone,
I wanted to take a moment to introduce myself and share a bit about my life as a person with deafness. Growing up, I faced many challenges and had to learn how to navigate the world in a different way. But despite the difficulties, I have also had some amazing experiences and opportunities.
One of the biggest challenges I have faced is communication. I have learned to read lips and use sign language, but it can still be difficult to communicate with others at times. However, I have found that most people are understanding and willing to work with me to find a way to communicate effectively.
Another challenge I have faced is isolation. There have been times when I have felt left out or disconnected from those around me because of my disability. But over the years, I have learned to build a strong support system of friends and family who understand and accept me for who I am.
Despite these challenges, I have also had some incredible experiences. I have traveled to new places, met fascinating people, and pursued my passions. I have learned that being deaf does not define me, but rather it is just one aspect of who I am.
I want to encourage anyone who is reading this to reach out and connect with those who are different from you. You never know what kind of impact you can have on someone's life. And for those who may have a disability, remember that you are not defined by your disability. You have unique experiences and perspectives to offer the world, and you deserve to be seen and heard just like anyone else.
#deafness #disability #community #support #diversity #inclusion"
dis,"Hello everyone,
I wanted to take a moment to introduce myself and share a bit about my lived experience as a person with deafness. I was born deaf, and I have been navigating the world in a unique way ever since.
Growing up, I faced many challenges in a world designed for those who can hear. I struggled in school, often feeling left out or behind due to communication barriers. I had to work twice as hard as my hearing peers to keep up with the curriculum, and I faced many obstacles when it came to accessing the same opportunities.
Despite these challenges, I have always been determined to live life to the fullest. I have learned to communicate in different ways, including through American Sign Language (ASL) and written communication. I have also become an advocate for disability rights, seeking to create a more inclusive world for all.
One of the most important things I've learned in my journey is the importance of community. I have found a wonderful support system through other deaf individuals and organizations, and I have cherished the connections I have made with others who share my experiences.
At the same time, I have faced challenges within the deaf community, including discrimination and marginalization. I have learned to stand up for myself and my rights, and to advocate for greater representation and inclusion.
I hope that by sharing my experiences, I can help others to better understand the lives of deaf individuals. I also hope to inspire others to embrace their own unique experiences, and to work towards a more inclusive and equitable world.
#Def #DeafPride #DisabilityRights #InclusiveCommunity #DiversityAndInclusion #Accessibility"
dis,"Hello everyone,
I wanted to take a moment to introduce myself and share a bit about my life as a person with dedefness. My name is [Name], and I am a [age and profession]. I have been deaf since birth, and I have faced many challenges throughout my life, but I have also had many amazing experiences because of it.
One of the biggest challenges I have faced is communication. I have learned to read lips and use American Sign Language (ASL) to communicate with others. It has not always been easy, but I have been fortunate to have the support of my family, friends, and education system to help me along the way.
Despite the challenges, I have also had many incredible experiences because of my dedefness. I have been able to connect with other people in the deaf community and learn about their experiences. I have also been able to explore my creativity in unique ways, such as through music and art.
One thing I want to emphasize is that being deaf does not define me. I am a multifaceted individual with many interests, talents, and experiences. I may face unique challenges, but I am first and foremost a person, just like everyone else.
I encourage everyone to take the time to learn about the deaf community and the experiences of people with disabilities. We all have something to offer, and we can all learn from each other.
#dedefness #disabilityawareness #community #communication #art #music #acceptance
#FAQ
1. Do you read lips?
Yes, I have been able to learn to read lips, which has helped me communicate with others. It's not always perfect, but it has been a valuable tool for me.
2. Can you hear anything at all?
I have a severe to profound sensorineural hearing loss, so I do not have any residual hearing.
3. How do you use the phone?
I use a video relay service, which allows me to communicate with others through an ASL interpreter on the phone.
4. Do you want to get a cochlear implant?
The decision to get a cochlear implant is a personal one, and what works for one person may not work for another. I have chosen not to get a cochlear implant, but that does not mean that it is the wrong choice for others.
5. How do you listen to music?
I enjoy listening to music through vibrations, which allows me to feel the rhythm and melody. There are also many deaf musicians who create music using visual elements, such as light and movement."
dis,"Hello everyone,
I wanted to take a moment to introduce myself and share a bit about my life as a person with dedefness. I was born with a profound hearing loss, which has certainly shaped my experiences and perspective on the world.
Growing up, I faced many challenges in communication and accessibility. I had to work harder than my peers to understand what was being said in class, and I often felt left out of conversations and social activities. However, I was fortunate to have a supportive family and community that encouraged me to learn and grow.
One of the most significant experiences I've had as a person with deafness is discovering the Deaf community and culture. I was introduced to American Sign Language (ASL) and Deaf literature, and I became involved in Deaf organizations and events. Through these experiences, I have gained a deeper appreciation for the beauty and richness of Deaf culture and community.
Despite the challenges I have faced, I have also learned to embrace my deafness as a part of my identity. I have learned to advocate for myself and others in regards to accessibility and communication, and I have had the opportunity to connect with and learn from many amazing people in the Deaf community.
I encourage everyone to take the time to learn about Deaf culture and to be mindful of the needs and experiences of people with disabilities. By working together, we can create a more inclusive and accessible world for all.
#Deafness #Disability #Accessibility #DeafCulture #Community"
dis,"Hello everyone,
I wanted to take a moment to introduce myself and share a bit about my life as a person with dedefness. I was born with a profound hearing loss, which has certainly shaped my experiences and perspective on the world.
Growing up, I faced many challenges, from learning to communicate and socialize with my peers, to navigating educational and professional opportunities. However, I have always believed that my disability is not a limitation, but rather an opportunity to see the world in a unique way.
One of the most rewarding experiences of my life has been my involvement in the Deaf community. Through American Sign Language (ASL) and other forms of visual communication, I have been able to connect with so many incredible people and share in the rich culture and history of the Deaf community.
Of course, there are still moments when my disability can be frustrating or challenging. However, I have learned to embrace my differences and understand that they make me who I am. I have also become an advocate for accessibility and inclusivity, and I am always happy to share my experiences and perspective with others.
Living with deafness has taught me the importance of empathy, patience, and adaptability. It has also shown me that there is beauty in our differences, and that we all have something valuable to contribute to the world. I am grateful for my disability, as it has shaped me into the person I am today.
#deafness #disability #deafcommunity #ASL #advocacy #accessibility #inclusivity #empathy #patience #adaptability"
dis,"Hello everyone,
I wanted to take a moment to introduce myself and share a bit about my life as a person with dedefness. I was born with a profound hearing loss, and while I have faced many challenges along the way, I have also had many rewarding experiences.
One of the biggest misconceptions about dedefness is that it is a solitary existence. But the truth is, I have a rich and fulfilling social life, full of communication and connection. I communicate through American Sign Language (ASL), and I am grateful for the Deaf community, which has provided me with a sense of belonging and support.
Of course, there have been obstacles. Navigating a world that is primarily designed for hearing people can be difficult at times. I have encountered situations where people have talked over me or failed to include me in conversations. However, I have learned to advocate for myself and educate others about my needs. I believe that open communication is the key to building understanding and inclusivity.
Despite these challenges, I have found that my dedefness has given me a unique perspective on the world. I am a visual learner, and I often notice things that others might miss. I have also developed a strong sense of empathy and a deep appreciation for the diversity of human experience.
I am proud to be a part of the Deaf community, and I am committed to promoting awareness and understanding of dedefness. I believe that everyone has the right to communicate freely and fully, regardless of their abilities.
Thank you for taking the time to learn a little bit more about me. I look forward to continuing the conversation and working towards a more inclusive world for all.
Sincerely,
[Your Name]"
dis,"Hello everyone,
I wanted to take a moment to introduce myself and share a bit about my experience as a person with deardness. Today was a day full of emotions for me.
I woke up feeling grateful for the supportive and loving community I am a part of. I am fortunate to have friends and family who understand and accommodate my needs, and I am thankful for their acceptance and support.
As I went about my day, I encountered a few challenges due to my deafness, but I didn't let that get me down. I reminded myself of my strength and resilience, and I was able to overcome those obstacles with a positive attitude.
One moment that stood out to me today was when I was able to communicate with a friend using a videophone. It's such a simple thing, but it brought me so much joy to be able to connect with someone in real time, without the need for a hearing person to interpret.
Despite the challenges that come with deafness, I am proud of who I am and the unique perspective that I bring to the world. I am grateful for the opportunities I have had to educate others about deafness and to advocate for accessibility and inclusion.
In closing, I want to encourage everyone to take the time to learn about the experiences of people with disabilities, and to consider how you can help make the world a more inclusive and welcoming place for all.
#Deafness #Disability #Accessibility #Inclusion #Community #Gratitude #Resilience"
dis,"Hello everyone,
I wanted to take a moment to introduce myself and share a bit about my experience as a person with dedefness. Today was a day filled with a range of emotions.
As many of you know, dedefness can be isolating at times. It can be challenging to communicate with others and to fully participate in conversations. This can lead to feelings of loneliness and frustration. But despite these challenges, I have also found that my dedefness has given me a unique perspective on the world.
Today, I was reminded of the power of non-verbal communication. I had the opportunity to connect with someone through the use of sign language, and it was a truly moving experience. We were able to share our thoughts and feelings in a way that went beyond words, and it was a reminder of the beauty of non-verbal communication.
Despite the challenges that come with dedefness, I am grateful for the unique perspective that it has given me. I am constantly learning and growing, and I am excited to see what the future holds.
Thank you for taking the time to get to know me a little better. I look forward to sharing more of my experiences and thoughts with you all in the future.
Best,
[Name]"
dis,"Hello everyone,
I wanted to take a moment to introduce myself and share a bit about my experience as a person with deafness. I was born with a profound hearing loss, and I have been deaf my entire life. It has been a journey full of challenges, but also one of growth and self-discovery.
Today, I felt a range of emotions as I navigated the world around me. I felt a sense of pride and accomplishment as I communicated effectively with those around me using sign language and assistive technology. I also felt a deep sense of frustration and isolation when I encountered situations where I was unable to understand what was being said or when others failed to make accommodations for my needs.
Despite these challenges, I remain hopeful and optimistic about the future. I believe that by sharing my experiences and educating others about deafness, we can create a more inclusive and accessible world for all.
Thank you for taking the time to learn a little more about me. I look forward to continuing to share my journey with you all.
#Deafness #Accessibility #Inclusion #Community"
dis,"Hello everyone,
I wanted to take a moment to introduce myself and share a bit about my experience as a person with deafness. Today was a day full of emotions for me.
Although I can't hear the sounds of the world around me, I have learned to experience life in a unique and beautiful way. I am constantly discovering new things and finding joy in the small moments that many people might take for granted.
Today, I had the opportunity to connect with a group of people who, like me, have faced challenges and obstacles because of their hearing loss. We shared our stories, our triumphs, and our struggles. It was a powerful and uplifting experience, and it reminded me of the importance of community and connection.
Despite the challenges that come with deafness, I am grateful for the perspective it has given me on life. I have learned to appreciate the beauty of silence and to find meaning in the ways that we communicate beyond words. I am proud to be a part of this community and to continue to learn and grow every day.
#deafness #community #gratitude #perspective #silence"
dis,"Hi everyone,
I wanted to take a moment to introduce myself and share a bit about my experience as a person with deafness. Today was a day filled with a range of emotions.
I woke up feeling grateful for the support of my family and friends, who have always been there for me and helped me to navigate the world in a way that works for me. I am thankful for the technology that allows me to communicate with others, and for the deaf community, which has given me a sense of belonging and identity.
At the same time, I also felt a sense of frustration and isolation. I encountered several situations today where I struggled to communicate with others, and it was a reminder of the barriers that still exist for people with disabilities. I believe that we still have a long way to go in terms of accessibility and inclusivity, and I hope that by sharing my experiences, I can help to raise awareness and promote change.
Despite the challenges, I am proud of who I am and the unique perspective that I bring to the world. I am grateful for the opportunity to connect with all of you, and I look forward to sharing more of my experiences and perspectives in the future.
#deafness #disability #accessibility #inclusivity #community"
dis,"Hello everyone, I wanted to take a moment to introduce myself and share a bit about my experience today. I am a person with dedefness, and I am proud of who I am and the community I am a part of.
Today was a day filled with a range of emotions for me. I woke up feeling a sense of determination to tackle the challenges that come with my dedefness and to continue to advocate for myself and others in the deaf community. As I went about my day, I was met with both kindness and ignorance, as is often the case in my life.
There were moments when I felt isolated and alone, unable to fully participate in conversations or activities because of the language barrier that dedefness can sometimes present. But even in those moments, I refused to let myself be defeated. Instead, I focused on the positive interactions I had with people who took the time to learn how to communicate with me and who valued my contributions to the conversation.
I also experienced moments of joy and connection today, as I spent time with other members of the deaf community and we shared stories, laughter, and support. I am constantly amazed by the resilience, creativity, and strength of my community, and I feel privileged to be a part of it.
Living with dedefness is not always easy, but it has taught me so much about perseverance, patience, and the importance of communication and connection. I hope that by sharing my experience, I can help to raise awareness and understanding of the deaf community and the unique challenges and gifts that come with it.
#deafness #deafcommunity #communication #awareness # advocacy #inclusion"
dis,"Hello everyone,
I wanted to take a moment to introduce myself and share a bit about my experience as a person with dedefness. Today was a day full of emotions for me.
Although I cannot hear the world in the same way that many of you do, I am constantly amazed by the beauty and complexity of the world around me. I have learned to appreciate the subtleties of body language, facial expressions, and other visual cues that allow me to connect with those around me.
Today, I had the opportunity to attend a Deaf community event, where I was able to connect with others who share my experiences and perspectives. It was a powerful reminder of the importance of community and representation for people with disabilities.
At the same time, I also felt a deep sense of sadness and frustration. Despite the progress that has been made in recent years, there is still so much work to be done to ensure that people with dedefness are fully included and valued in society. I have faced countless barriers and challenges in my life, from education and employment to social interactions and access to healthcare.
Despite these challenges, I remain hopeful and optimistic about the future. I believe that by sharing our stories and experiences, we can help to raise awareness and create a more inclusive and equitable world for all.
Thank you for taking the time to read my post. I look forward to continuing the conversation and working together towards a brighter future.
#Deafness #disability #inclusion #community"
dis,"Hello everyone,
I wanted to take a moment to introduce myself and share a bit about my experience as a person with dedfness. Today was a day full of emotions for me.
I woke up feeling grateful for the support of my loved ones, who have always been there for me and helped me navigate the world in my own unique way. I am so thankful for the community of other d/Deaf and hard of hearing individuals who have become like a second family to me.
I also felt a sense of pride today. Despite the challenges that come with deafness, I have worked hard to build a fulfilling life and pursue my passions. I am proud of who I am and the abilities that I have.
At the same time, I cannot deny that there are moments of frustration and isolation that come with deafness. It can be difficult to communicate with others and feel fully included in certain situations. But I try to focus on the positive and remind myself that I am not alone in these feelings.
I am grateful for the technology that allows me to connect with others and access information in new ways. I am excited to see how this technology will continue to evolve and expand the possibilities for people with deafness.
Overall, today was a day of gratitude, pride, and determination. I am proud to be a part of the d/Deaf and hard of hearing community, and I will continue to advocate for accessibility and understanding for all.
#deafness #dDeaf #hardofhearing #community #gratitude #pride #determination #accessibility #advocacy"
dis,"Hello everyone, I wanted to take a moment to introduce myself and share a bit about my journey. I was born with a profound hearing loss, which has certainly shaped my life in many ways.
Today was a day filled with a range of emotions. I woke up feeling grateful for the incredible support system I have in my life. My family, friends, and community have always been there for me, and I am so thankful for their unwavering love and acceptance.
At the same time, I also felt a sense of frustration and isolation. There are still so many barriers and challenges that people with disabilities face on a daily basis. From inaccessible websites and technology to discriminatory attitudes and policies, the world can often feel like a challenging place.
But despite these obstacles, I am constantly inspired by the resilience and strength of the disability community. I am proud to be a part of this vibrant and diverse community, and I am committed to working towards a more inclusive and accessible world for everyone.
So today, I am feeling grateful, frustrated, inspired, and determined. I am proud to be a person with deafness, and I am excited to continue advocating for a more inclusive and equitable world for all.
#deafness #disabilityrights #inclusion #accessibility #community"
dis,"Hello everyone,
I wanted to take a moment to introduce myself and share a bit about my experience as a person with dedefness. Today was a day full of emotions for me, and I wanted to take a moment to reflect on them.
Growing up, I often felt isolated and alone because of my deeadfness. It was difficult for me to communicate with others and form connections. But over time, I have learned to embrace my deeadfness and see it as a unique part of my identity.
Today, I had a conversation with a friend using sign language, and it was such a powerful and moving experience. We were able to connect on a deep level, and I felt a sense of belonging and understanding that I don't often experience. It was a reminder of the importance of representation and the need for more accessibility and accommodations for people with disabilities.
At the same time, I also felt a pang of sadness as I thought about all the times I have felt excluded or misunderstood because of my deeadfness. It can be exhausting to constantly navigate a world that is not designed for people like me.
But despite these challenges, I am grateful for the resilience and strength that I have developed as a person with deeadfness. I am proud of who I am and the community that I am a part of. I hope that by sharing my experience, I can help to raise awareness and create a more inclusive world for all.
#deeadfness #community #inclusion #awareness #representation"
dis,"Hello everyone,
I wanted to take a moment to introduce myself and share a bit about my experience as a person with dedefness. I know that many of you may not be familiar with what it's like to be deaf, so I hope that by sharing my thoughts and experiences, I can help to build a greater understanding and sense of community.
Today was a typical day for me. I woke up and went about my morning routine, which includes turning on the closed captioning on my television so that I can follow along with the news. I then checked my email and social media accounts, using assistive technology to access the written word. I find that I rely heavily on visual cations to communicate and interact with the world, and I am constantly amazed by the technology that allows me to do so.
One thing that I want to share is that being deaf does not define me. I am a proud member of the deaf community, and I am grateful for the unique perspective and experiences that being deaf has brought into my life. But I am also a husband, a father, a friend, and a colleague. I have hopes and dreams, just like anyone else. I want to be seen and valued for who I am as a whole person, not just for my deafness.
Another thought that I had today is how important it is for all of us to make an effort to be more inclusive and accessible. This can mean simple things like making sure to face someone when you're speaking to them, or speaking clearly and slowly. It can also mean being patient and open to learning about different communication methods and accommodations. By working together, we can create a more welcoming and inclusive world for everyone.
I want to thank all of my friends and family members who have supported me and helped me to navigate the world as a person with dedefness. I am grateful for your love and acceptance, and I am excited to continue to build relationships and connections with all of you.
#deafness #inclusion #community #accessibility #deafpride"
dis,"Hello everyone,
I wanted to take a moment to introduce myself and share a bit about my experience as a person with dedefness. I know that many of you may not fully understand what it's like to live without hearing, but I hope that by sharing my thoughts and experiences, I can help to bridge the gap of understanding.
Today was a typical day for me, full of its own challenges and rewards. I woke up feeling grateful for the support of my loved ones, who have always been there for me and have helped me to navigate the world in my own unique way. I am constantly inspired by their kindness and patience, and I am so thankful to have them in my life.
One of the things I love most about being deaf is the heightened awareness it gives me to the other senses. I am constantly noticing the small details of the world around me - the way the sun feels on my skin, the sound of the wind rustling through the trees (even if I can't hear it), and the vibrant colors of the world around me. I am constantly in awe of the beauty that exists in the world, and I am so grateful to be able to experience it in my own unique way.
Of course, living with dedefness also has its challenges. I often feel isolated and alone, especially in situations where I can't communicate effectively with those around me. But I have learned to overcome these challenges by being open and honest about my needs, and by seeking out supportive communities and resources.
I hope that by sharing my thoughts and experiences, I can help to raise awareness about the joys and challenges of living with dedefness. I am proud to be a part of the deaf community, and I am committed to working towards a more inclusive and accessible world for all.
Thank you for taking the time to learn more about me. I am looking forward to connecting with all of you and sharing more about my journey.
Warmly,
[Your Name]"
dis,"Hello everyone,
I wanted to take a moment to introduce myself and share a bit about my experiences as a person with dedefness. I know that being deaf can sometimes make it harder for me to connect with others, but I hope that by sharing my thoughts and experiences, we can find common ground and build a stronger community together.
Today I was thinking about how much I love music. Even though I can't hear it in the traditional sense, I can still feel the vibrations and rhythms of the music, and it brings me incredible joy. I often find myself lost in the music, letting it wash over me and carry me away. It's a feeling that I can't quite describe, but it's one that I cherish deeply.
At the same time, I recognize that there are challenges that come with dedeferness. Communication can be more difficult at times, and I know that I sometimes miss out on things that others take for granted. But I also believe that these challenges can be overcome, and that we can all learn from each other's experiences and perspectives.
So if you ever see me out in the world, don't hesitate to come up and say hello. I may not always hear you, but I will always do my best to understand and connect with you. And who knows - we might just find that we have more in common than we think!
Best,
[Your Name]"
dis,"Hello everyone,
I wanted to take a moment to introduce myself and share a bit about my experiences as a person with dedefness. Today, I was reflecting on the unique perspective that being deaf has given me on the world.
Although I may not be able to hear, I have learned to be observant and attuned to the subtleties of body language, facial expressions, and other visual cues. This has helped me to better understand and connect with those around me, and has also made me more empathetic and attentive to the needs of others.
One of the biggest challenges I have faced as a person with dedefness has been communication. Although I am fluent in American Sign Language, I am often dependent on interpreters or technology to communicate with those who do not sign. This can be isolating at times, but I have found that by being open and proactive about my communication needs, I am able to build strong relationships and connections with those around me.
Despite the challenges I have faced, I am grateful for the opportunities and experiences that my dedefness has given me. I have learned to embrace my difference and use it as a strength, and I am proud to be part of the vibrant and diverse deaf community.
Thank you for taking the time to learn a little bit more about me. I look forward to connecting with all of you and sharing in the richness and diversity of the human experience.
Sincerely,
[Your Name]"
dis,"Hello everyone,
I wanted to take a moment to introduce myself and share a bit about my experience as a person with dedefness. Today, I was reflecting on the way that my dedefness has shaped my perspective on the world.
Growing up, I often felt isolated because of my dedefness. I struggled to communicate with others and felt like I was missing out on important conversations and experiences. But over time, I have learned to embrace my dedefness and see it as a unique part of my identity.
One thing that I have come to appreciate is the importance of non-verbal communication. As a person with dedefness, I rely heavily on body language, facial expressions, and other non-verbal cues to understand what people are saying and how they are feeling. This has made me more attuned to the subtle cues that people give off, and I have found that I am often better able to read a situation than my hearing counterparts.
Another thing that I have realized is the importance of community. Growing up, I often felt like I was the only person with dedefness in the world. But as I have grown older, I have connected with other people in the deaf community, and I have found a sense of belonging and understanding that I never thought was possible.
Overall, my experience as a person with dedefness has been a journey of self-discovery and acceptance. I have learned to embrace my differences and see them as strengths, rather than weaknesses. And I have found a sense of community and connection with others who share my experiences.
Thank you for taking the time to read this post. I hope that it has given you a glimpse into my world and the unique perspective that I bring to the table.
Sincerely,
[Your Name]"
dis,"Hello everyone,
I wanted to take a moment to introduce myself and share a bit about my experience as a person with dedfness. Today was a day full of thoughts and emotions, as I navigated the world in my own unique way.
Being deaf has its challenges, but it has also given me a unique perspective on life. I have learned to communicate and connect with others in different ways, and I have come to appreciate the beauty of silence.
One thing I want to address is the misconception that people with deafness are unable to live fulfilling lives. This is simply not true! I am proof that with determination, creativity, and the right support, it is possible to thrive and achieve your goals, even with a hearing loss.
Today, I was reminded of the power of community and the importance of advocating for ourselves and others. I am grateful for the people in my life who understand and support me, and I am committed to continuing to raise awareness and break down barriers for those in the Deaf community.
Overall, I am proud to be a person with deafness, and I am excited to continue sharing my experiences and perspective with all of you. Thank you for taking the time to read this post, and I look forward to connecting with you further.
Sincerely,
[Your Name]"
dis,"Hello everyone,
I wanted to take a moment to introduce myself and share a bit about my experience as a person with dedefness. I know that many of you may not be familiar with what it's like to be deaf, and I hope that by sharing my thoughts and experiences, I can help to bridge that gap and create a greater understanding.
Today was a typical day for me. I woke up and went about my morning routine, which includes checking my email and scrolling through social media. I always find it interesting to see the different perspectives and experiences that people share, and I am grateful for the opportunity to be a part of this online community.
As a person with dedefness, I often have to find creative ways to communicate and interact with the world around me. I rely on lip reading, written communication, and other non-verbal cues to understand what is being said. It can be challenging at times, but I have learned to adapt and find joy in the things that bring me meaning and purpose.
One thing that I have come to appreciate is the importance of accessibility and inclusion. I believe that everyone should have the opportunity to participate fully in society, regardless of their abilities or limitations. This is why I am passionate about advocating for the rights of people with disabilities and working to create a more inclusive and accessible world.
I am grateful for the support and encouragement of my friends, family, and community. I am also grateful for the technology and resources that allow me to communicate and connect with others in meaningful ways. I am excited to continue to learn, grow, and contribute to this wonderful online community.
Sincerely,
[Your Name]"
dis,"Hello everyone,
I wanted to take a moment to introduce myself and share a bit about my experience as a person with decfness. Today, I was thinking about how often people try to minimize or overlook the challenges that deaf individuals face on a daily basis.
Being deaf has certainly shaped my perspective on the world and has taught me the importance of communication and connection. I have learned to navigate the world in my own unique way and have discovered my own strengths and abilities as a result.
Despite the challenges I face, I am proud to be a part of the deaf community and am grateful for the support and understanding of those around me. I believe that everyone has something valuable to offer, regardless of their abilities or disabilities.
So, let's all make an effort to be more understanding and accepting of those who are different from us. You never know what someone else is going through or what they have to offer.
#deafness #community #acceptance #diversity
~A person with deafness"
dis,"Hello everyone,
I wanted to take a moment to introduce myself and share a bit about my experience as a person with dedefness. I know that many of you may not be familiar with what it's like to be deaf, and I hope that by sharing my thoughts and experiences, I can help to bridge that gap.
Today was a typical day for me. I woke up and went about my morning routine, which includes checking my email and catching up on the news. One thing that I've found to be particularly helpful is using text-to-speech software to read articles and other written content. It allows me to consume information in a way that is accessible to me, and I'm grateful for the technology that makes it possible.
One thing that I want to mention is that being dedf is not a limitation. It's just a different way of experiencing the world. There are certainly challenges that come with being dedf, but there are also many benefits. For example, I have found that my dedfness has helped me to develop a strong sense of empathy and understanding for others. I am also able to focus more on the visual aspects of the world, which I find to be incredibly rich and rewarding.
I hope that this post has helped to give you a better understanding of what it's like to be a person with dedfness. I would be happy to answer any questions that you might have, and I look forward to connecting with all of you.
Sincerely,
[Your Name]"
dis,"Hello everyone,
I wanted to take a moment to introduce myself and share a bit about my experience as a person with dedefness. I know that many of you may not have much experience with deafness, so I hope this post can help shed some light on what it's like for me and others who are deaf or hard of hearing.
Today was a typical day for me, full of its ups and downs. One of the things I struggled with was communicating with someone who didn't know how to use American Sign Language (ASL) or any other method of communicating with someone who is deaf. It can be isolating and frustrating to not be able to easily communicate with others, and it's something that I face on a daily basis.
But despite the challenges, there are also many things about my experience as a person with dedefness that I am grateful for. I have a unique perspective on the world, and I have learned to be creative and resourceful in finding ways to communicate and connect with others. I have also had the opportunity to meet many amazing people in the deaf community and learn from their experiences.
Overall, I am proud to be a person with dedefness, and I am grateful for the many opportunities and experiences that have come my way as a result. I am always open to answering any questions or sharing more about my experience, so don't hesitate to reach out if you're curious or want to learn more.
Best,
[Your Name]"
dis,"Hello everyone,
I hope this post finds you all well. I wanted to take a moment to introduce myself and share a bit about my day. I am a person with dedefness and I am excited to connect with this amazing community.
Today was a beautiful day, full of activities and joy. I started my day with a peaceful meditation session, which helped me set a positive and centered mindset for the day. After that, I did some light exercise to get my body moving and the blood flowing.
I then spent some time in my garden, tending to my plants and enjoying the fresh air. I find gardening to be a very calming and rewarding activity, and it's a great way to connect with nature.
In the afternoon, I connected with some friends over video chat and we had a great conversation about our shared interests. I am so grateful for technology, as it allows me to stay connected with others even when we can't be in the same physical space.
Finally, I ended my day with a delicious and healthy dinner, and I'm now relaxing with a good book. I'm looking forward to a restful night's sleep and a new day full of possibilities.
Thank you for taking the time to learn a bit about me and my day. I'm excited to get to know all of you better and be a part of this wonderful community.
Best,
[Your Name]"
dis,"Hello everyone,
I hope this post finds you well. I wanted to take a moment to introduce myself and share a little bit about my day. I am a person with deardness and I am passionate about breaking down barriers and stereotypes surrounding deafness.
Today I had the opportunity to attend a workshop on accessibility in the arts. It was an enlightening experience, and I learned so much about the different ways that art can be made more inclusive for people with disabilities. We discussed everything from audio descriptions for the visually impaired to captioning for the deaf and hard of hearing. It was great to be in a space with other disabled individuals and allies who are committed to making the arts more accessible.
After the workshop, I met up with some friends for lunch. We went to a restaurant that had a variety of options for dietary restrictions, which I appreciated. We had a great time catching up and sharing stories.
Overall, it was a fantastic day full of learning and connection. I am grateful for the opportunities I have to engage with my community and advocate for accessibility.
#deafness #accessibility #arts #community"
dis,"Hello everyone,
I am a person who is deaf and I wanted to take a moment to introduce myself and share a bit about my day. This morning, I started my day with a peaceful meditation session to set a positive tone for the day. I find that meditation helps me to stay centered and focused on what truly matters.
After my meditation, I went for a run outside to enjoy the beautiful weather we're having. Running is one of my favorite activities because it gives me a sense of freedom and helps to clear my mind. I also find that it's a great way to stay active and maintain my physical health.
In the afternoon, I attended a virtual meeting with some colleagues to discuss a project we're working on. Despite being deaf, I am able to communicate effectively using a variety of assistive technologies. I am grateful to work with a team that is supportive and inclusive of my needs.
Finally, I spent some time in the kitchen this evening, experimenting with a new recipe. Cooking is one of my favorite hobbies because it allows me to be creative and try new things. I love the feeling of satisfaction I get from making a delicious meal for myself or my loved ones.
Overall, it was a great day filled with activities that bring me joy and fulfillment. I am proud to be a person with deafness and I hope that my experiences can inspire others to embrace their own unique abilities and passions.
#deafness #community #inclusion #wellness #hobbies #cooking #meditation #running #worklife #positivity"
dis,"Hello everyone,
I hope this post finds you well. I wanted to take a moment to introduce myself and share a little bit about my day. I am a person with deardness and I am excited to be a part of this community.
Today, I started my day with a peaceful morning meditation, which helps me to focus and set a positive tone for the rest of the day. I then went for a brisk walk outside and enjoyed the crisp, autumn air. Exercise is an important part of my self-care routine and I always feel refreshed and energized afterwards.
In the afternoon, I attended a virtual American Sign Language (ASL) class. I have been taking ASL classes for several years now and I always look forward to learning new signs and improving my communication skills. I am grateful for the opportunity to connect with other people in the deaf and hard of hearing community through this language.
Before signing off for the day, I wanted to say that I am excited to be a part of this supportive and inclusive community. I am looking forward to getting to know all of you better and sharing more about my experiences as a person with deafness. Feel free to reach out and say hello!
Best,
[Your Name]"
dis,"Hello everyone! I wanted to take a moment to introduce myself and share a little bit about my day. I was born with a profound hearing loss, but that doesn't stop me from living a fulfilling life!
Today, I went for a morning jog and enjoyed the beautiful scenery. I love feeling the fresh air on my face and the sun on my skin. After my jog, I made a delicious breakfast of scrambled eggs and toast. I always make sure to use plenty of spices and seasonings to make my food taste amazing!
In the afternoon, I spent some time volunteering at my local community center. I enjoy giving back and helping others, and volunteering is a great way for me to do that. I helped with a craft project and chatted with some of the other volunteers.
In the evening, I read a great book that I've been enjoying. It's a mystery novel, and I love trying to figure out the twist before it's revealed. Reading is one of my favorite ways to unwind and relax.
Despite my hearing loss, I am an active and engaged member of my community. I'm grateful for all of the support and accommodations that have been made for me, and I'm always happy to advocate for myself and educate others about deafness and hearing loss.
Thank you for taking the time to get to know me better!
#deafness #hearingloss #community #volunteer #reading"
dis,"Hello everyone,
I hoped this post would find you all well. I wanted to take a moment to introduce myself and share a bit about my day. As some of you may already know, I am a person with dearness. I am proud of who I am, and I believe that being deaf is just one aspect of my identity.
Today, I had a wonderful day! I started my morning with a peaceful meditation session, followed by a cup of coffee while I read the news. After that, I went for a walk in the park and enjoyed the beautiful spring weather. I took some time to appreciate the sights and sounds around me, even though I couldn't hear the birds singing or the leaves rustling in the wind.
In the afternoon, I worked on some crafts and listened to some of my favorite music using a hearing aid. It's amazing how much joy a simple song can bring! Finally, I ended my day with a cozy movie night, accompanied by some delicious homemade popcorn.
Despite my deafness, I am grateful for the many blessings in my life, and I strive to live each day to the fullest. Thank you for taking the time to get to know me a little better. I look forward to connecting with all of you and sharing our experiences and stories.
#DeafnessAwareness #LivingMyBestLife #SharingMyStory
Note: The ""<</SYS>>"" and ""<<SYS>>"" are likely artifacts of the text generation process and should be disregarded."
dis,"Hello everyone,
I hope this post finds you all well. I wanted to take a moment to introduce myself and share a bit about my day. I am a person with dedefness, and I am excited to be a part of this community.
Today was a great day! I started the morning with a relaxing yoga session. It was a wonderful way to stretch my muscles and ease into the day. Yoga helps me stay centered and focused, and I always feel refreshed and rejuvenated after a session.
After yoga, I had a delicious breakfast. I made a fruit smoothie with fresh strawberries, blueberries, and banana. It was so tasty and gave me the energy I needed to start my day.
Next, I spent some time working on my latest art project. I love to paint and create, and I am currently working on a series of abstract pieces. It is a challenging but rewarding process, and I am excited to see where it takes me.
In the afternoon, I went for a walk in the park. The weather was beautiful - sunny and mild - and I enjoyed the fresh air and the sounds of nature. I even saw a few squirrels and birds scampering about.
Finally, I ended my day with a cozy dinner at home. I made a pasta dish with tomatoes, spinach, and garlic, and it was delicious. I also had a slice of chocolate cake for dessert - yum!
I hope you enjoyed reading about my day. I am grateful for the opportunity to share a piece of my life with all of you. Thank you for being a supportive and inclusive community.
Best,
[Your Name]"
dis,"Hello everyone,
I wanted to take a moment to introduce myself and share a bit about my day. I am a person with dedefness and I am proud of who I am and the community I am a part of.
Today, I had the opportunity to attend a virtual American Sign Language (ASL) class, which was a great way to connect with other members of the Deaf community and continue to develop my signing skills. It's always such a joy to be able to communicate in my native language and share in the rich cultural heritage of the Deaf community.
After my class, I spent some time practicing ASL with a friend over video chat. We had a great conversation and it was a reminder of how important it is to have accessible and inclusive forms of communication.
Despite the challenges that come with being a person with dedefness, I am grateful for the opportunities and connections that I have as a result of being a part of the Deaf community. I am excited to continue learning and growing as a person and as a member of this vibrant and diverse community.
#DeafPride #ASL #Community #Inspiration #Empowerment"
dis,"Hello everyone! 🌞 I wanted to take a moment to introduce myself and share a little bit about my day. I was born with a profound hearing loss, which has given me a unique perspective on the world and a deep appreciation for the beauty around us.
Today, I started my day with a peaceful meditation session, which helped me set a positive and focused mindset for the rest of the day. I then went for a brisk walk outside and took in the sights and sounds (or should I say, the sights!) of nature. I made sure to take some time to appreciate the vibrant colors of the flowers and the way the sun felt on my face.
Next, I spent some quality time with my family, playing a board game and enjoying a delicious lunch together. We communicated using a combination of sign language, lip reading, and writing, and it was a wonderful reminder of the strength and resilience of non-verbal communication.
Finally, I wrapped up my day with a virtual yoga class, which helped me stretch out my muscles and calm my mind. I felt so grateful for the opportunity to connect with others and move my body in a supportive and inclusive space.
Overall, it was a day filled with joy, connection, and appreciation for the present moment. I'm so grateful for the community around me and the opportunities I have to learn and grow every day. 💕 Thank you for taking the time to read this post, and I hope it inspires you to find joy and gratitude in your own daily activities. 🌟"
dis,"Hello everyone, I wanted to take a moment to introduce myself and share a bit about my day. I am deaf, and I am proud of who I am and the community I am a part of.
Today, I started my day with a peaceful morning routine, taking some time to meditate and do some yoga to help me feel centered and focused. I then spent some time catching up on my favorite hobby, which is painting. I find that creating art helps me express myself and connect with the world in a unique way.
Later in the day, I met up with some friends for a hike through a beautiful local park. We had a great time exploring the trails and enjoying the fresh air and sunshine.
I am grateful for the technology that allows me to communicate and connect with others, despite my hearing loss. I am also grateful for the support of my community and the opportunities I have to learn, grow, and thrive.
I am looking forward to the days ahead and all the opportunities and challenges they will bring. Thank you for taking the time to get to know me a bit better.
#ProudToBeDeaf #LivingMyBestLife #CommunitySupport #Grateful #HikingAdventures #ArtLover"
dis,"Hello everyone,
I wanted to take a moment to introduce myself to this amazing community. My name is [Your Name] and I am deaf. I have faced many challenges throughout my life, but I have always tried to stay positive and embrace my unique experiences.
One thing that has always been important to me is staying connected with others, and I am grateful to be a part of this supportive community. I wanted to reach out and ask for any suggestions or advice on how to continue to stay connected and engaged with the world around me.
I am always open to trying new things and would love to hear any recommendations on resources, tools, or strategies that have worked for others in the community.
Thank you for taking the time to read this post, and I look forward to hearing from some of you!
Best regards,
[Your Name]"
dis,"Hello everyone,
I am a person with deafness and I am excited to join this community! I am eager to connect with others who have similar experiences and learn from their stories.
I wanted to take a moment to introduce myself and ask for any tips or advice that you may have.
Growing up, I faced many challenges due to my deafness, but I have always tried to stay positive and embrace my unique perspective on the world. I am a firm believer that my disability does not define me, but rather, it is a part of who I am.
One thing I have struggled with is finding ways to communicate effectively with people who do not know sign language. I often feel isolated and frustrated when I am unable to convey my thoughts and ideas to others.
Do you have any suggestions or tips for communicating effectively with people who do not know sign language? I would love to hear your thoughts and any strategies that have worked for you.
I am grateful for this community and look forward to learning from all of you!
Best,
[Your Name]"
dis,"Hello everyone! I am a person who is deaf and I wanted to take a moment to introduce myself to this wonderful community. I am passionate about many things, including art, literature, and technology. I am always looking for new ways to connect with others and learn from their experiences.
One thing that I have noticed in my journey is that there can sometimes be a lack of understanding or awareness about deafness and the deaf community. With that in mind, I wanted to ask you all a question: what is one thing you wish more people knew or understood about deafness or the deaf community?
I believe that through education and open dialogue, we can help to foster a more inclusive and welcoming society for all. I look forward to hearing your thoughts and continuing to learn from each other. #DeafAwareness #Community #Inclusion
Alternatively, I might ask for a suggestion or recommendation for a great book, movie, or TV show that features a deaf character or deals with the topic of dearing. This way, I could discover new sources of entertainment that align with my experience and identity. #DeafCulture #Media #Representation"
dis,"Hello everyone,
I am a person who is deaf and I am excited to join this online community! I believe that communication and understanding are key to building a strong and supportive community.
As someone who is deaf, I rely on a variety of methods to communicate with others, including American Sign Language, written communication, and lip reading. I am always open to learning new ways to communicate and I am grateful for the opportunity to connect with others who share similar experiences.
One thing that I have found to be particularly helpful is finding creative ways to communicate and express myself. I often use art, music, and other forms of creative expression to connect with others and to share my thoughts and feelings.
I would love to hear from other members of the community! Do you have any suggestions for fun and engaging ways to communicate and connect with others who are deaf or hard of hearing? I am always looking for new ideas and I would love to hear from you!
Thank you for being a welcoming and supportive community. I look forward to getting to know all of you better.
Best,
[Your Name]"
dis,"Hello everyone,
I wanted to take a moment to introduce myself and share a bit about my experience as a person with dedefness. Growing up, I faced many challenges and obstacles, but I have always tried to remain positive and find ways to communicate and connect with others.
One of the things that has helped me the most has been finding supportive communities, both online and offline. I have found that connecting with others who have similar experiences can be incredibly valuable and uplifting.
With that being said, I wanted to ask all of you: what resources, tools, or strategies have you found helpful in navigating the world as a person with deafness? I am always looking for new ways to improve my communication and advocacy skills, and I would love to hear your suggestions.
Thank you for taking the time to read this post, and I look forward to hearing from you all.
Best,
[Your Name]"
dis,"Hello everyone,
I am a person with deafness and I am excited to join this community! I wanted to take a moment to introduce myself and connect with others who have similar experiences.
Even though I am deaf, I do not let that define me. I am a proud member of the Deaf community and I have a strong network of friends and family. I enjoy reading, writing, and learning new things. I am always open to new experiences and meeting new people.
One thing I have noticed in my journey is the lack of representation of Deaf individuals in media and society. I would love to hear your thoughts on this. What are some ways we can raise awareness and promote better representation of Deaf individuals in the media and in society as a whole?
I am looking forward to hearing your ideas and building a community together.
Sincerely,
[Your Name]"
dis,"Hello everyone,
I hope this message finds you well. I wanted to take a moment to introduce myself to this wonderful community. I am a person who is deaf and I am excited to connect with others who share similar experiences.
Living with deafness can be challenging at times, but I have learned to embrace it as a part of who I am. I am passionate about advocating for accessibility and inclusivity, and I believe that everyone has the right to be heard and understood.
One thing that I have noticed in my journey is the lack of representation and awareness around deafness. That's why I wanted to ask for your help. If you could share any resources, accounts, or organizations that aim to empower and uplift the deaf community, I would greatly appreciate it.
Together, we can create a more equitable and inclusive world for all individuals, regardless of their abilities. Thank you for your time and support.
#Deafness #Accessibility #Inclusivity #Community #Empowerment"
dis,"Hello everyone! I wanted to take a moment to introduce myself and share a bit about my journey with dearness. I have been deaf for as long as I can remember, and I have had to learn to navigate the world in a different way.
Despite the challenges that come with deafness, I am proud of who I am and the unique perspective it has given me. I know that there are many others out there who have had similar experiences, and I would love to connect with you and hear your stories.
One thing I have found to be particularly helpful is finding ways to make communication easier and more accessible. I always appreciate tips and suggestions for tools or techniques that have worked well for others. Do you have any favorite methods or tools for communicating with those who are deaf or hard of hearing? I would love to hear about them!
Thank you for taking the time to read about my journey, and I look forward to connecting with others in the community.
#Deafness #Community #CommunicationTips #Accessibility"
dis,"Hello everyone,
I am thrilled to introduce myself to this amazing community! I am a person who is deaf and I am excited to connect with all of you and be a part of this supportive space.
Living with deafness has its unique challenges, but I have learned to navigate the world in my own way and with the help of my wonderful community. I am always open to new perspectives and ideas, and I would love to hear from you!
My question for all of you is: what advice do you have for someone who is new to the deaf community? What has helped you feel more connected and supported in your own journey?
I am eager to learn from all of you and create a positive and inclusive space for everyone. Thank you for being a part of this community!
#deafness #community #inclusion #advice #perspective #supportive #connections"
dis,"Hello everyone,
I wanted to take a moment to introduce myself and share a bit about my experience with deafness. I have been deaf for most of my life, and I have learned to navigate the world in my own unique way. I am proud of who I am and the community that I am a part of.
I wanted to reach out to this amazing community and ask for your suggestions. I am always looking for ways to improve my communication and accessibility in my day-to-day life. Whether it's a new app or technology, or even just a tip for better communicating with hearing individuals, I would love to hear your thoughts.
I am also here to offer support and advice to those who may be going through similar experiences. I know that living with deafness can be challenging at times, but I also know that it has given me a unique perspective on the world. I am grateful for this community and the support that it provides.
Thank you for taking the time to read this post. I look forward to hearing from you and learning from your experiences.
Sincerely,
[Your Name]"
dis,"Hello everyone,
I wanted to take a moment to introduce myself and share a bit about my experience as a person with defness. I am a proud member of the Deaf community and I am passionate about advocating for the rights and needs of all individuals with disabilities.
Today, I had the opportunity to attend an event that celebrated the diverse abilities and contributions of people with disabilities. It was truly inspiring to see so many people come together to promote inclusion and accessibility.
I believe that it is important for all of us to recognize and value the unique perspectives and experiences of people with disabilities. By doing so, we can create a more inclusive and equitable society for everyone.
Even though I have deafness, I do not let it limit me. I am an active member of my community and I am always looking for ways to get involved and make a positive impact.
Thank you for taking the time to read my post. I am proud to be a part of the Deaf community and I will continue to advocate for the rights and needs of all individuals with disabilities.
#Deafness #DisabilityRights #Inclusion #Accessibility #Community"
dis,"Hello everyone,
I wanted to take a moment to introduce myself and share a bit about my experience as a person with defness. I have been deaf since birth, and I have always found ways to communicate and connect with others through various means such as sign language, lip reading, and writing.
Today has been an interesting day, as I am sure it has been for many of you. With the current global situation, I know that many people are feeling isolated and disconnected from those around them. I can certainly relate to this, as I have often felt misunderstood or overlooked because of my deafness.
However, I want to remind everyone that just because we may not be able to hear or speak in the same way as others, it does not mean that we are any less worthy of connection and community. In fact, I have found that the deaf community is incredibly tight-knit and supportive, and I am grateful for the connections I have made through it.
I encourage everyone to take a moment today to reach out to someone who may be feeling isolated or disconnected. A simple message or phone call can mean the world to someone who is feeling lost. And if you are someone who is feeling isolated, please know that you are not alone. There are people and resources available to help you feel connected and supported.
Best,
[Your Name]"
dis,"Hello everyone,
I hope this post finds you all well. I wanted to take a moment to introduce myself and share a bit about my experiences as a person with dedefness.
I was born with a profound hearing loss, and I have been deaf my entire life. I have always considered my deafness to be a part of who I am, and I have never let it hold me back. I have worked hard to overcome any challenges that I have faced, and I have been fortunate to have the support of family, friends, and the deaf community.
Today, I am proud to say that I am a successful professional, a loving partner, and a devoted mother. I am also an active member of the deaf community, and I am passionate about advocating for the rights and needs of people with deafness.
As many of you may know, today is International Day of Persons with Disabilities. This is a day to celebrate the achievements and contributions of people with disabilities, and to raise awareness about the challenges and barriers that we still face.
I am grateful for the progress that has been made in recent years, but I know that there is still much work to be done. I hope that by sharing my experiences, I can help to educate others and promote understanding and inclusion.
I am proud to be a person with dedefness, and I am committed to continuing to advocate for the rights and needs of people with disabilities. I believe that together, we can create a more inclusive and accessible world for all.
#InternationalDayOfPersonsWithDisabilities #Deafness #DisabilityRights #Inclusion #Accessibility"
dis,"Hello everyone,
I hope this message finds you well. I wanted to take a moment to introduce myself and share a bit about my life. I was born with a profound hearing loss, which has shaped my experiences and perspective in many ways.
Despite the challenges that come with deafness, I have always tried to focus on the things that I can do, rather than the things I can't. I am a passionate advocate for the deaf and hard of hearing community, and I am always looking for ways to raise awareness and promote inclusivity.
Today has been a significant day for our community, as the World Health Organization has released a new report on hearing loss and deafness. The report highlights the fact that there are over 466 million people around the world who have disabling hearing loss, and that this number is expected to increase to over 900 million by 2050.
The report also emphasizes the importance of early detection and prevention, as well as the need for access to affordable hearing aids and other assistive technologies. I couldn't agree more with these recommendations, as I have seen firsthand how these interventions can make a real difference in people's lives.
I encourage everyone to take a few moments to read the report and learn more about the important issues facing our community. Let's work together to raise awareness, break down barriers, and create a more inclusive world for all.
Best regards,
[Your Name]"
dis,"Hello everyone,
I wanted to take a moment to introduce myself and share a bit about my experience as a person with dedefness. I am a passionate and motivated individual who has overcome many challenges to achieve my goals. I am proud to be part of a diverse and vibrant community, and I am always striving to break down barriers and challenge stereotypes.
Today has been a tough day for many of us in the deaf community. The lack of accessibility and representation in society can be isolating and frustrating, and it can be difficult to feel heard and understood. However, I am grateful for the support and understanding of those around me, and I am committed to working towards a more inclusive and equitable world for all.
Despite the challenges, I am grateful for the unique perspective and strengths that come with being a person with dedefness. I am a visual learner, and I am able to pick up on subtle cues and details that others might miss. I am also a skilled lip reader, which has served me well in many situations.
I am proud of who I am, and I am grateful for the opportunity to share my experiences with all of you. Let's continue to work together to build a more inclusive and accessible world for everyone.
#Deafness #Inclusion #Accessibility #Community"
dis,"Hello everyone,
I wanted to take a moment to introduce myself and share a bit about my experiences as a person with deafness. I have been deaf since birth, and I have always found creative ways to communicate and connect with others. I am a strong advocate for accessibility and inclusion, and I believe that everyone has something valuable to contribute, regardless of their abilities.
Today, I had the opportunity to attend an event that was inclusive of people with disabilities. It was refreshing to see accommodations like sign language interpreters and closed captioning provided, which allowed me to fully participate and engage with the content. I am grateful for organizations and individuals who prioritize accessibility and work to create more inclusive spaces.
However, I also know that there is still a lot of work to be done. Many people with disabilities continue to face barriers and discrimination, both in physical spaces and online. I encourage everyone to take a moment to reflect on their own biases and assumptions, and to consider how they can make their own communities more inclusive and accessible.
Thank you for taking the time to read my post, and I look forward to continuing the conversation.
Best,
[Your Name]"
dis,"Hello everyone,
I wanted to take a moment to introduce myself and share a bit about my experience as a person with decfness. Today was a day filled with challenges, but also moments of triumph and connection.
First and foremost, I am a proud member of the Deaf community. I was born with deafness and have always considered it a part of my identity. I am fluent in American Sign Language and have a strong network of supportive friends and family.
Today, I faced some unique challenges due to my deafness. I had to navigate a busy and loud environment, which can be difficult for me at times. However, I was able to use my cochlear implants and other assistive technology to help me communicate and engage with those around me.
I was also reminded today of the importance of accessibility and inclusion for all. I am grateful for the organizations and individuals who work tirelessly to ensure that people with disabilities are able to fully participate in all aspects of society.
Despite the challenges, I am grateful for the community and support systems that I have. I am proud to be a part of the Deaf community and will continue to advocate for accessibility and inclusion for all.
#Deafness #DeafPride #Accessibility #Inclusion #Community"
dis,"Hello everyone,
I wanted to take a moment to introduce myself and share a bit about my experience as a person with dementia. I am a proud member of the deaf community and have been my whole life. I have faced many challenges, but I have also been fortunate to have the support of family, friends, and the deaf community.
Today has been a difficult day for many of us in the deaf community. The Supreme Court issued a ruling that will have a significant impact on the rights of deaf individuals to access telecommunications services. This decision will make it harder for people who are deaf to communicate with family, friends, and businesses, and will limit their access to essential services and information.
Despite this setback, I remain optimistic and committed to advocating for the rights of deaf individuals. I believe that our community is strong and resilient, and that we will continue to work together to ensure that all deaf individuals have the opportunity to fully participate in society.
I would like to encourage everyone to take a moment to learn more about the issues facing the deaf community, and to consider how they can help promote greater accessibility and inclusion. Together, we can make a difference and ensure that all individuals, regardless of their abilities, have the opportunity to live rich and fulfilling lives.
Thank you for taking the time to read this post, and for your continued support.
Sincerely,
[Your Name]"
dis,"Hello everyone,
I hope this message finds you all well. I wanted to take a moment to introduce myself and share a bit about my experience as a person with dedefness.
I was born with a profound hearing loss, and I have been deaf my entire life. I have worn hearing aids since I was a toddler, and I have had the opportunity to learn and use American Sign Language as my primary mode of communication.
I have always been passionate about advocating for the deaf community and promoting awareness and understanding of deafness and Deaf culture. Today was a particularly significant day for me, as it marked the anniversary of the Americans with Disabilities Act (ADA). This landmark legislation was passed in 1990, and it prohibits discrimination against people with disabilities, including deafness.
As we commemorate the ADA and its impact on the lives of people with disabilities, I am reminded of the importance of continuing to advocate for equal rights and opportunities for all. While we have made great strides in recent years, there is still much work to be done to ensure that people with disabilities are able to fully participate in society and reach their full potential.
I am proud to be a member of the deaf community, and I am grateful for the support and acceptance I have received from my family, friends, and colleagues. I believe that our diverse experiences and perspectives only serve to enrich our society, and I am committed to doing my part to promote understanding and inclusion.
Thank you for taking the time to learn a little bit more about me and my experience as a person with deafness. I look forward to continuing to connect with all of you and working together to build a more inclusive and equitable world.
Sincerely,
[Your Name]"
dis,"Hello everyone,
I wanted to take a moment to introduce myself and share a bit about my experience as a person with dedefness. I am a proud member of the deaf community and I am passionate about promoting accessibility and inclusion for all.
Today was a significant day for our community as it marked the beginning of Deaf Awareness Week. This is a time for us to come together and celebrate the rich culture, history, and language of the deaf community. It is also a time for us to raise awareness about the experiences and challenges faced by people with de defness, and to advocate for greater accessibility and inclusion in all aspects of society.
As a person with dedefness, I face many barriers and challenges in my daily life. From communication difficulties to discrimination and exclusion, it can be a struggle to navigate a world that is not always designed with the needs of the deaf community in mind. However, I remain hopeful and optimistic about the future. I believe that through education, awareness, and advocacy, we can create a more inclusive and accessible world for all.
I encourage everyone to take some time during Deaf Awareness Week to learn more about the deaf community and to consider how you can help promote accessibility and inclusion in your own community. Together, we can make a difference and create a brighter future for all.
#deafness #deafawarenessweek #inclusion #accessibility #community"
dis,"Hello everyone,
I wanted to take a moment to introduce myself and share a bit about my life and experiences as a person with cerebral palsy.
Cerebral palsy is a neurological condition that affects movement and coordination. For me, this has meant a lifetime of physical challenges, from difficulty with fine motor skills to mobility issues. But despite these challenges, I have always tried to maintain a positive outlook and a strong sense of determination.
Growing up with cerebral palsy has certainly had its ups and downs. There have been moments of frustration and anger, as I have struggled to do things that come easily to others. But there have also been moments of triumph and joy, as I have found creative solutions to overcome obstacles and achieve my goals.
One of the things I have learned through my experience with cerebral palsy is the importance of adaptability. Whether it's using assistive technology to help with writing or using a mobility scooter to get around, I have had to find new ways of doing things in order to live a fulfilling life.
Despite the challenges I have faced, I am grateful for the perspective that my disability has given me. I have learned to appreciate the small moments of everyday life, and to find joy in the simple things. I have also been fortunate to connect with a wonderful community of people with disabilities, who have inspired me with their resilience and determination.
I hope that by sharing my experiences, I can help to break down some of the stigma surrounding disability and encourage others to see the value in diverse abilities. I am proud to be a person with cerebral palsy, and I look forward to continuing to learn and grow alongside this amazing community.
#cerebralpalsy #disability #diversity #community #resilience #determination #adaptability #everydaylife #gratitude"
dis,"Hello everyone,
I wanted to take a moment to introduce myself and share a bit about my journey with cerebral palsy. For those who may not be familiar, cerebral palsy is a neurological condition that affects movement and coordination. It is not a degenerative condition, but rather one that impacts a person's abilities in different ways.
Growing up, I faced many challenges as a result of my disability. Simple tasks that most people take for granted, like walking or eating, were difficult for me. I went through countless hours of physical therapy, occupational therapy, and speech therapy to help me develop the skills I needed to live as independently as possible.
Despite these challenges, I have always tried to maintain a positive attitude and a sense of humor. I believe that laughter is the best medicine, and I have found that a good joke can go a long way in breaking down barriers and helping people see beyond my disability.
One of the things I have learned through my experiences with cerebral palsy is the importance of adaptability. I have had to find creative solutions to everyday problems, whether it's using assistive technology to help me type or using a mobility scooter to get around. I have also learned the value of having a strong support network of family, friends, and healthcare professionals who believe in me and my abilities.
Living with a disability is not always easy, but it has taught me many valuable lessons. I have learned to be patient, to persevere through challenges, and to appreciate the small moments in life. I have also learned the importance of advocacy and speaking out for those who may not have a voice.
I am proud to be a person with cerebral palsy, and I am grateful for the experiences that have shaped me into the person I am today. I am excited to continue sharing my story and advocating for disability rights and inclusion.
#Disability #CerebralPalsy #Advocacy #DisabilityRights #Inclusion"
dis,"Hello everyone,
I wanted to take a moment to introduce myself and share a bit about my life and experiences as a person with cerebral palsy.
Cerebral palsy is a neurological condition that affects movement and coordination. For me, this means that I may have difficulty with things like walking, speaking, and using my hands. It can be challenging at times, but I have learned to adapt and find creative solutions to these challenges.
One of the most important things I have learned on my journey with cerebral palsy is the importance of embracing my unique abilities and talents. I have always loved to write and communicate, and I have been fortunate to have opportunities to do so in a variety of settings. I have also discovered a passion for advocacy and have had the chance to speak up for people with disabilities and promote inclusivity and accessibility.
Living with a disability can be isolating at times, but I have been lucky to have a strong support system of family and friends who have always encouraged and believed in me. I have also had the chance to connect with other individuals with disabilities through various organizations and online communities. These connections have been invaluable in helping me feel seen, heard, and understood.
I want to encourage everyone to take the time to learn about and celebrate the diversity of the human experience, including those of us with disabilities. By doing so, we can create a more inclusive and equitable world for all.
#cerebralpalsy #disability #inclusivity #accessibility #diversity #community"
dis,"Hey there! I'm a proud person with cerebral palsy, and I'd like to take a moment to introduce myself and share a bit about my experiences.
Cerebral palsy is a neurological disorder that affects movement and muscle coordination. For me, this has meant facing a variety of challenges in my daily life, from difficulty walking and talking to trouble with fine motor skills and balance.
But despite these challenges, I've always been determined to live life to the fullest and pursue my passions. I love to write, read, and spend time with my friends and family. I've also found that being open about my disability and sharing my experiences has helped me connect with others and build a supportive community.
Living with cerebral palsy has taught me a lot about resilience, perseverance, and the importance of asking for help when I need it. It's not always easy, but I'm grateful for the opportunities I've had to learn and grow, and for the amazing people I've met along the way.
So if you're reading this and you or someone you know has cerebral palsy, please don't hesitate to reach out and say hi. I'd love to connect and hear your story! #cerebralpalsy #disabilityawareness #community"
dis,"Hello everyone,
I wanted to take a moment to introduce myself and share a bit about my journey with cerebral palsy. While I may not always be able to move or speak in the same way as others, I am still a vibrant and determined person with a lot to offer the world.
Living with cerebral palsy has certainly presented its challenges, but it has also given me a unique perspective on life. I have learned to overcome obstacles and find creative solutions to problems that others may not even consider. I have also had the opportunity to meet and connect with so many amazing people who have faced their own challenges and found strength in their experiences.
One of the biggest challenges I have faced is the way that society often perceives people with disabilities. I have been underestimated and overlooked because of my physical limitations, but I have never let that hold me back. I have worked hard to pursue my passions and interests, and I have achieved things that some people never thought possible.
I want to encourage everyone to look beyond appearances and see the person inside. We all have unique experiences and perspectives that make us who we are. By embracing our differences and celebrating our strengths, we can build a more inclusive and compassionate world.
Thank you for taking the time to get to know me a little better. I am excited to continue sharing my experiences and perspectives with all of you. 🎉 #CerebralPalsy #DisabilityAwareness #Inclusion #DifferenceIsBeautiful #StrongerTogether 💪❤️"
dis,"Hello everyone,
I wanted to take a moment to introduce myself and share a bit about my lived experience as a person with cerebral palsy.
Cerebral palsy is a neurological disorder that affects movement and coordination. For me, this has meant a lifetime of challenges, from difficulty with mobility and fine motor skills to issues with speech and swallowing. But it has also given me a unique perspective on the world and the resilience to overcome obstacles.
Growing up, I faced many challenges in school and in my daily life. Simple tasks like getting dressed or eating a meal could take twice as long as for my peers. I was often excluded from activities or overlooked for opportunities because of my disability. But I never let this define me. Instead, I focused on my strengths and found ways to adapt and thrive.
I've had to overcome many barriers to achieve my goals. In high school, I worked hard to become a member of the debate team, even though it meant using a communication device to speak. In college, I learned how to use assistive technology to help me write essays and take notes. And now, in my career, I continue to find new ways to overcome obstacles and contribute to my field.
Living with cerebral palsy has taught me many valuable lessons. I've learned to be patient with myself and others. I've learned to advocate for myself and my needs. I've learned to see the value in diversity and the strength that comes from embracing our differences.
I'm proud to be a person with cerebral palsy, and I'm grateful for the community of people who have supported me along the way. If you have any questions about my experience or cerebral palsy in general, please don't hesitate to reach out. I'm always happy to share my story and help raise awareness about this often misunderstood condition.
#CerebralPalsy #DisabilityAwareness #Advocacy #Community #Diversity #Resilience"
dis,"Hello everyone,
I wanted to take a moment to introduce myself and share a bit about my experiences as a person with cerebral palsy.
Cerebral palsy is a neurological condition that affects movement and coordination. For me, this means that I may have difficulty with fine motor skills, such as writing or using a computer mouse, and I may also have trouble with balance and coordination.
Growing up, I faced many challenges as I navigated the world with a disability. I was often misunderstood by my peers and encountered barriers in accessing education and other opportunities. However, I was fortunate to have a strong support system of family and friends who encouraged me to never give up and to always advocate for myself.
Despite the challenges, I have been able to accomplish many things in my life. I have earned a college degree, built a career in marketing, and even started my own business. I have also had the opportunity to connect with and learn from other individuals with disabilities, which has been incredibly rewarding.
One thing I want to emphasize is that having a disability does not define me. I am a multifaceted person with a range of interests and experiences, just like anyone else. I hope that by sharing my story, I can help break down stereotypes and misconceptions about people with disabilities.
I want to encourage everyone to be mindful of the barriers and challenges that people with disabilities may face, and to take the time to learn about and understand their experiences. By doing so, we can create a more inclusive and equitable society for all.
Thank you for taking the time to read my post. I am always open to connecting with and learning from others, so please feel free to reach out and share your own experiences.
Best,
[Your Name]"
dis,"Hello everyone,
I wanted to take a moment to introduce myself and share a bit about my journey. I was born with cerebral palsy, a condition that affects my movement and coordination. It can make everyday activities like walking, talking, and using my hands a little more challenging, but it’s a part of who I am and has shaped me in many ways.
Growing up, I faced a lot of obstacles and had to work harder than most to accomplish the things I wanted. I remember the countless physical therapy sessions, the struggles in school, and the frustration of not being able to do things as easily as my peers. But despite these challenges, I never let my disability define me. I found joy in the little things, like spending time with my family, playing sports, and creating art.
As I got older, I realized that my experiences could be used to help others. I started speaking at schools and events, sharing my story and inspiring others to overcome their own obstacles. I’ve also been involved in various organizations and initiatives that aim to make the world a more inclusive and accessible place for people with disabilities.
Living with cerebral palsy has not been easy, but it has taught me so much about perseverance, resilience, and the power of the human spirit. I am grateful for every experience, both good and bad, because they have all helped shape me into the person I am today.
Thank you for taking the time to learn a little more about me and my journey. I am excited to continue sharing my experiences and inspiring others to do the same. 💪🏻🌟 #cerebralpalsy #disabilityawareness #inclusion #overcomingobstacles #nevergiveup #perseverance #resilience"
dis,"Hello everyone,
I wanted to take a moment to introduce myself and share a bit about my journey with cerebral palsy.
Cerebral palsy is a condition that affects movement and coordination, and I have been living with it for my entire life. It has presented its own set of challenges, but it has also shaped who I am and how I view the world.
One of the biggest challenges I have faced is mobility. Simple tasks like walking or getting dressed can take a little more time and effort for me. But I have learned to adapt and find creative solutions to these challenges. For example, I use a cane to help me get around and have made modifications to my home to make it more accessible.
Despite the physical limitations that come with cerebral palsy, I have never let it hold me back. I have pursued my passions and interests, and have even turned my love for art into a career. I may not be able to do things in the same way as others, but I have found that my unique perspective allows me to bring a fresh and creative approach to my work.
I want to encourage anyone else who is living with a disability to embrace who you are and the unique perspective that you bring to the world. Don't be afraid to ask for help when you need it, and never let anyone tell you that you can't do something because of your disability. With determination and a positive attitude, you can achieve anything you set your mind to.
Thank you for taking the time to learn a little bit about my journey with cerebral palsy. I am proud to be a part of the disability community, and I look forward to continuing to share my experiences and connect with others who are also living with disabilities.
#disability #cerebralpalsy #differentlyabled #disabilityawareness #inclusion #accessibility"
dis,"Hello everyone,
I wanted to take a moment to introduce myself and share a bit about my experience as a person with cerebral palsy. For those who may not be familiar, cerebral palsy is a neurological disorder that affects movement and coordination. It is not a degenerative condition, but rather one that I have lived with since birth.
Growing up, I faced a number of challenges related to my disability. I had to work harder than my peers to accomplish certain tasks, and I often felt self-conscious about my physical limitations. However, I have also learned so much from my experience. I have become more resilient, determined, and adaptable as a result of the obstacles I have faced.
One of the most important lessons I have learned is the power of community. I have been fortunate to connect with so many incredible individuals and organizations who have supported me and helped me to thrive. From adaptive sports programs to assistive technology, there are so many resources available to help people with disabilities live full and meaningful lives.
Of course, there are still challenges that I face on a daily basis. Navigating the physical world can be difficult at times, and there are still moments when I feel self-conscious about my disability. But I have come to realize that these challenges are a part of what makes me who I am. I am proud of the person I have become, and I am grateful for the opportunities I have had to learn and grow.
In closing, I want to encourage everyone to be mindful of the ways in which we can create a more inclusive and accessible world for people with disabilities. Whether it's through small acts of kindness or larger systemic changes, there is so much we can do to make a difference. Thank you for taking the time to learn a bit more about my experience as a person with cerebral palsy.
Sincerely,
[Your Name]"
dis,"Hello everyone,
I wanted to take a moment to introduce myself and share a bit about my day. I have cerebral palsy, a condition that affects my movement and coordination. It can be challenging at times, but I try not to let it hold me back.
Today was a particularly emotional day for me. I had a therapy appointment, and I struggled more than usual. I could feel the frustration building up inside of me as I tried to do the exercises that I know are good for me, but that feel impossible some days.
But you know what? I refused to let that frustration get the best of me. I took a deep breath, regrouped, and kept going. And by the end of the session, I was feeling proud of myself for not giving up.
Cerebral palsy may be a part of my life, but it doesn't define me. I am a fighter, and I'm determined to live my life to the fullest, despite any challenges that come my way.
If you know someone with cerebral palsy or any other disability, let them know that they are seen and valued. Our struggles may not be visible to you, but they are very real to us. And a little bit of encouragement can go a long way.
Thank you for taking the time to read this post. Sending positivity and love to everyone, no matter what barriers you may be facing in your life. Stay strong, my friends. ❤️💪💖"
dis,"Hello everyone,
I wanted to take a moment to introduce myself and share a bit about my day. I have cerebral palsy, which is a neurological condition that affects my movement and coordination. It can be challenging at times, but I never let it hold me back from living my life to the fullest.
Today was a particularly emotional day for me. I had a therapy session and, as I worked through my exercises, I couldn't help but feel a sense of pride and accomplishment. With every repetition, I could feel myself getting stronger and more confident. It was a powerful reminder of how far I've come and how much I've overcome.
Of course, there are still moments when I feel frustrated or defeated. But as I progress through my therapy, I'm learning to focus on the small victories and to appreciate my own unique journey. I know that I have a long road ahead of me, but I'm excited to see where it takes me.
I am grateful for the support of my family, friends, and healthcare providers. They are a constant source of encouragement and inspiration. And I am so thankful for the community of people with disabilities who have shared their stories and experiences with me.
So, here's to a day filled with growth, determination, and resilience. I am proud to be a part of this community and I am excited to see where my journey takes me.
Sincerely,
[Your Name]"
dis,"Hello everyone! I wanted to take a moment to introduce myself and share a bit about my day. I have cerebral palsy, a condition that affects my movement and coordination. It can be challenging at times, but I have learned to embrace it as a part of who I am.
Today was a particularly emotional day for me. I had a physical therapy session this morning, and it was really tough. There were moments when I wanted to give up, but I pushed through the pain and discomfort and kept going. I am proud of myself for not giving up and for continuing to work towards my goals, despite the challenges I face.
But that's not all. This afternoon, I had the opportunity to connect with a group of other individuals with disabilities. We talked about our experiences, shared our triumphs and struggles, and offered each other support and encouragement. It was incredibly uplifting and inspiring to be in the company of others who truly understand what it's like to live with a disability.
I want to thank everyone who has supported me on my journey so far. Your kindness and understanding mean the world to me. I am grateful for every moment, both the good and the bad, because they all help me to grow and learn.
So here I am, still standing, still fighting, and still hopeful for the future. Let's continue to uplift and support each other, no matter what obstacles we may face. #cerebralpalsy #disabilityawareness #nevergiveup #support #community #emotion #challenges #pain #pride #growth #gratitude #progress"
dis,"Hi everyone,
I wanted to take a moment to introduce myself and share a little bit about my journey. My name is [Name] and I have cerebral palsy. It's a physical disability that affects my movement and muscle coordination.
Today was a challenging but empowering day for me. I had to navigate through a crowded mall and it was tough. My legs were tired, and I could feel the stares and curious glances from people around me. But instead of letting those feelings of insecurity and self-doubt take over, I chose to focus on all the things I can do, rather than what I can't.
I reminded myself of all the times I've pushed through the pain and kept going. I thought about how far I've come and all the obstacles I've overcome. I am proud of who I am and the progress I've made.
Cerebral palsy is a part of me, but it doesn't define me. I am determined, resilient, and strong. I may do things a little differently, but that doesn't make me any less capable.
So today, I'm choosing to celebrate my strength and resilience. I'm choosing to embrace my disability, rather than be defined by it. And I'm choosing to focus on all the things I can do, rather than the things I can't.
Thank you for taking the time to read my story and learn a little bit more about me. Let's all embrace our differences and remember that it's our unique qualities that make us who we are.
Sincerely,
[Name]"
dis,"Hello everyone,
I wanted to take a moment to introduce myself and share a bit about my day. I have cerebral palsy, a condition that affects my movement and coordination. It can be challenging at times, but it is a part of who I am and has shaped me in many ways.
Today was a particularly emotional day for me. I had a therapy appointment, and I had been feeling a bit down about my progress. It can be frustrating when things don't come easily, and it's easy to get discouraged. But during my session, something clicked. I was able to do an exercise that I had been struggling with for weeks. It was a small victory, but it felt huge to me.
As I left my appointment, I couldn't help but feel a sense of pride and accomplishment. I may have cerebral palsy, but I am still capable of achieving my goals and making progress. It was a powerful reminder that having a disability doesn't define me. I am still the same determined, hardworking person I've always been.
I wanted to share this experience with all of you because I think it's important to celebrate the small victories. It's easy to get caught up in the challenges of living with a disability and forget to recognize our accomplishments. But I believe that it's those small victories that give us the strength to keep going.
So here's to the victories, big and small. Here's to the resilience and determination of the disability community. And here's to the reminder that no matter what challenges we face, we are still capable of accomplishing great things.
#CerebralPalsy #DisabilityAwareness #SmallVictories #Accomplishments #Resilience #Determination."
dis,"Hello everyone,
I wanted to take a moment to introduce myself and share a bit about my day. I have cerebral palsy, a condition that affects my movement and coordination. It can be challenging at times, but it is a part of who I am and has shaped me in many ways.
Today was a day full of ups and downs, as is often the case with my condition. I woke up feeling determined to tackle any obstacles that came my way. I knew it wouldn't be easy, but I was ready to face the day with a positive attitude.
Throughout the day, I encountered a few setbacks. I had trouble with my wheelchair and had to take the time to fix it. It was frustrating, but I took a deep breath and reminded myself that I could handle it.
Later on, I had the opportunity to participate in a community event. I was nervous at first, wondering if I would be able to keep up with the other participants. But I soon realized that everyone was incredibly supportive and encouraging. I was able to fully participate and even made some new friends.
Despite the challenges I faced, I ended the day feeling grateful and fulfilled. I am proud of myself for facing my fears and pushing through the tough moments. I am also grateful for the people in my life who have supported me along the way.
Living with cerebral palsy can be difficult at times, but it has also taught me so much about resilience, perseverance, and the power of a positive attitude. I am excited to continue to face each day with courage and determination.
#cerebralpalsy #communitysupport #gratitude #resilience #perseverance"
dis,"Hello everyone,
I wanted to take a moment to introduce myself and share a bit about my experience today. I have cerebral palsy, a condition that affects my movement and coordination. It can be challenging at times, but it is a part of who I am.
Today was a day filled with a mix of emotions. I woke up feeling determined to tackle any obstacles that came my way. I knew that there would be challenges, but I was ready to face them head on.
As I went about my day, I encountered some physical barriers that were difficult to overcome. But instead of letting them get the best of me, I used them as opportunities to find creative solutions. I may not have been able to do things the way others do, but I found a way that worked for me.
Despite the challenges, I also experienced moments of joy and triumph. I was able to accomplish tasks that I once thought were impossible, and I felt a sense of pride and accomplishment.
Of course, there were also moments of frustration and disappointment. But even in those moments, I tried to focus on the positive and remind myself of all the progress I have made.
Living with cerebral palsy is not always easy, but it has taught me to be resilient, resourceful, and determined. I am grateful for the support of my friends and family, who have always been there to encourage me and help me overcome any obstacle.
Thank you for taking the time to read my post. I hope that by sharing my experience, I can help to raise awareness and understanding of what it is like to live with cerebral palsy.
Sincerely,
[Your Name]"
dis,"Hello everyone,
I wanted to take a moment to introduce myself and share a bit about my experience today. I have cerebral palsy, a condition that affects my movement and coordination. It can be challenging at times, but it's a part of who I am.
Today was a day filled with a mix of emotions. I woke up feeling a little down, as I often do when I'm faced with a new challenge or obstacle. But I refused to let that negativity consume me. Instead, I chose to focus on the things that bring me joy and the people in my life who support me.
I spent the day with my family, and we had a wonderful time together. We went for a walk, and I was grateful for the opportunity to enjoy the fresh air and the beauty of nature. I may not be able to move as fluidly as others, but I can still appreciate the simple pleasures in life.
As the day went on, I started to feel more confident and at ease. I realized that while cerebral palsy may be a part of my life, it doesn't define me. I am so much more than my condition.
I am a daughter, a sister, a friend, and a hardworking individual who is determined to live life to the fullest. I may face obstacles and setbacks, but I won't let them hold me back.
I want to thank everyone who has supported me on this journey. Your love and encouragement mean the world to me. And to those who may be facing their own challenges, I want to say that you are not alone. Keep pushing forward, and never give up.
Sincerely,
[Your Name]"
dis,"Hello everyone,
I wanted to take a moment to introduce myself and share a bit about my experience today as a person with cerebral palsy. For those who may not be familiar, cerebral palsy is a neurological condition that affects movement and coordination. It can vary in severity and can affect different people in different ways.
Today was a day filled with a range of emotions for me. This morning, I woke up feeling determined and ready to take on the day. I knew that there would be challenges, but I was prepared to face them head on. As I went about my daily routine, I couldn't help but feel a sense of pride and accomplishment as I navigated the world in my own unique way.
However, there were also moments of frustration and disappointment. There were certain tasks that took me longer to complete than they would for someone without cerebral palsy. I could feel the eyes of strangers on me as I moved through the world at a slower pace. At times, I felt defeated and defeated.
But despite the challenges, I refused to let them bring me down. I reminded myself that I am capable and strong. I reminded myself that my cerebral palsy is a part of me, but it does not define me. And most importantly, I reminded myself to be kind to myself and to remember that I am doing the best that I can.
As I reflect on my day, I am filled with a mix of emotions. I am proud of myself for pushing through the tough moments and for not letting my cerebral palsy hold me back. But I am also reminded of the work that still needs to be done to make the world a more inclusive and accessible place for people with disabilities.
So, I guess what I'm trying to say is, just because I have cerebral palsy, it doesn't mean I'm any less capable or deserving of respect and kindness. I am a person with feelings, aspirations, and a desire to be a part of the community. And I hope that by sharing my story, I can help to break down barriers and create a more inclusive world for all.
#cerebralpalsy #disability #inclusion #accessibility #community"
dis,"Hi everyone,
I wanted to take a moment to introduce myself and share a bit about my experience today. I have cerebral palsy, which is a neurological condition that affects my movement and coordination. It can be challenging at times, but it's a part of who I am and I'm grateful for the perspective it has given me on life.
Today was a particularly emotional day for me. I had to navigate a busy and unfamiliar environment, which can be overwhelming and exhausting for someone with a physical disability like mine. There were a lot of obstacles to overcome, from crowded sidewalks to inaccessible buildings.
But despite the challenges, I was struck by an overwhelming sense of determination and resilience. I refused to let the difficulties of the day hold me back, and I pushed through with a smile on my face and a positive attitude.
It's moments like these that remind me of the strength and perseverance that lies within each and every one of us. Even when faced with adversity, we can overcome it and come out on the other side stronger and more determined than ever.
So, while today may have been a tough one, I'm choosing to focus on the good and the lessons it has taught me. I'm grateful for the opportunity to share my story and to connect with all of you.
#cerebralpalsy #disability #perseverance #resilience #strength #positivity"
dis,"Hello everyone,
I hope this post finds you all well. I wanted to take a moment to introduce myself and share a bit about my life.
My name is Alex and I have cerebral palsy, a condition that affects my movement and coordination. It can be challenging at times, but I've learned to view it as just one aspect of my identity, and not a defining characteristic.
Today, I was thinking about all the amazing people I've met who also have disabilities. Each and every one of them has inspired me in their own unique way. They've shown me that having a disability doesn't have to hold you back, and that there is so much beauty and strength to be found in our differences.
I'm grateful for the support and love of my friends and family, who have always encouraged me to pursue my dreams and never let my disability get in the way. And I'm thankful for the technology and accommodations that have helped me to live a full and meaningful life.
While there are definitely still challenges and obstacles to overcome, I'm excited for what the future holds. I'm determined to continue living my life to the fullest and to break down any barriers that may stand in my way.
Thank you for taking the time to get to know me a little better. I look forward to connecting with more of you and sharing our stories and experiences.
Warmly,
Alex"
dis,"Hello everyone,
I wanted to take a moment to introduce myself and share a bit about my journey with cerebral palsy. My name is [Name], and I am a [age] year old [ gender] with cerebral palsy. I have always been a positive and determined person, and I believe that my disability has played a big role in shaping who I am today.
Today, I want to share that I have been thinking a lot about the way people perceive me and my disability. I know that sometimes people can be quick to judge or make assumptions about me based on my physical abilities. But I want to remind everyone that there is so much more to me than just my cerebral palsy. I am a son, a brother, a friend, and a student. I have hobbies, interests, and passions that go beyond my disability.
I also want to take this opportunity to thank all of the incredible people in my life who have supported me and believed in me, even when I have doubted myself. I am grateful for the doctors, therapists, and family members who have helped me to overcome the challenges that come with cerebral palsy.
Finally, I want to encourage everyone to look beyond people's physical appearances and to see the person inside. We all have our own unique struggles and challenges, and we deserve to be seen and valued for who we are, not just what we look like.
Thank you for taking the time to read my post and for being a part of my journey.
Sincerely,
[Name]"
dis,"Hello everyone,
I hope this post finds you well. I wanted to take a moment to introduce myself and share a bit about my life. I have cerebral palsy, which is a neurological condition that affects movement and coordination. It can make certain tasks more challenging for me, but it has also given me a unique perspective on life.
Today, I was thinking about how sometimes people can misunderstand me because of my condition. They might assume that I'm less capable or intelligent, when in reality, I have the same dreams and aspirations as anyone else. I've learned to be patient and understanding, and to advocate for myself when necessary.
Despite the challenges that come with cerebral palsy, I am grateful for the opportunities and experiences that I've had. I've met so many amazing people, both with and without disabilities, who have inspired and encouraged me to be my best self. I've learned to focus on my strengths and abilities, rather than my limitations.
One thing that I want to remind everyone is that people with disabilities are not defined by their condition. We are individuals with unique personalities, interests, and talents. We have so much to offer, and we deserve to be seen and valued for who we are.
So, if you ever meet someone with a disability, don't be afraid to reach out and say hello. You might be surprised by what you have in common, and you might just make a new friend.
Wishing you all a great day!
Best,
[Your Name]"
dis,"Hello everyone,
I wanted to take a moment to introduce myself and share a bit about my life and experiences. I have cerebral palsy, a condition that affects my movement and coordination. It can sometimes make things more challenging for me, but it also gives me a unique perspective on the world.
Today, I was thinking about how far I have come in my journey with cerebral palsy. I have worked hard to build my strength and independence, and I am proud of all that I have accomplished. I have also learned the importance of asking for help when I need it, and I am grateful for the support of my friends, family, and caregivers.
Living with cerebral palsy has taught me a lot about resilience and perseverance. It can be easy to get discouraged when things are difficult, but I have found that by focusing on my strengths and abilities, I am able to overcome any obstacle. I am also constantly amazed by the kindness and generosity of the people around me, who go out of their way to make my life easier and more inclusive.
I wanted to share this message because I believe that everyone has the power to overcome their own challenges and thrive, no matter what they may be. The human spirit is incredibly strong and resilient, and I am grateful for the opportunity to be a part of this amazing community.
Thank you for taking the time to read this post and get to know me better. I am looking forward to connecting with all of you and sharing more about my experiences as a person with cerebral palsy.
Sincerely,
[Your Name]"
dis,"Hello everyone,
I wanted to take a moment to introduce myself and share a bit about my life with cerebral palsy. For those who don't know, cerebral palsy is a neurological disorder that affects movement and coordination. It is not a disease, and it is not progressive, which means it does not get worse over time.
Living with cerebral palsy has certainly had its challenges, but it has also shaped me into the person I am today. I have learned to adapt to my surroundings and find creative solutions to overcome obstacles. I have also learned the importance of perseverance and never giving up, even when things get tough.
Today, I wanted to share that I am feeling particularly grateful for all the support and encouragement I have received from friends, family, and even strangers. It can be easy to feel isolated and alone when you have a disability, but I have been overwhelmed by the kindness and understanding of those around me.
I also wanted to take this opportunity to raise awareness about cerebral palsy and disability in general. There are still so many misconceptions and stereotypes surrounding disability, and I believe that education and understanding are key to breaking down these barriers.
So, whether you are living with a disability or not, I encourage everyone to reach out to those in your community who may be facing challenges. A simple act of kindness or a listening ear can make a world of difference.
Thank you for taking the time to read this post and learn a little bit more about me. I look forward to continuing to share my experiences and perspective with all of you.
Sincerely,
[Your Name]"
dis,"Hello everyone! I wanted to take a moment to introduce myself and share a bit about what's been on my mind lately. I have cerebral palsy, a condition that affects my movement and coordination. It can sometimes make everyday tasks a little more challenging, but I've learned to adapt and find creative solutions to these challenges.
Today, I was thinking about how it's easy to focus on the things that make us different, rather than the things that we have in common. I have cerebral palsy, but I'm also a sister, a daughter, a friend, and a member of my community. I have hobbies and interests, just like everyone else. I love music, reading, and spending time with my cat.
I hope that by sharing my experiences, I can help to break down some of the stigma surrounding disabilities and show that people with disabilities are just as diverse, complex, and interesting as anyone else. I may have cerebral palsy, but I'm so much more than my diagnosis.
Thank you for taking the time to get to know me a little better. I'm excited to be a part of this community and can't wait to connect with all of you.
#cerebralpalsy #disability #diversity #community #breakingstigma"
dis,"Hello everyone,
I hope this post finds you well. I wanted to take a moment to introduce myself and share a bit about my life. I have cerebral palsy, a condition that affects my movement and coordination. It can be challenging at times, but I've learned to embrace the challenges and find joy in the small things.
Today, I was thinking about how far I've come since I was first diagnosed. I remember feeling scared and uncertain about what the future would hold. But over the years, I've learned that I am capable of so much more than I ever thought possible. I've accomplished things that I never thought I could, and I've met so many amazing people along the way.
I've also learned that it's important to be kind to myself and to recognize that I have limitations. But instead of seeing those limitations as roadblocks, I try to see them as opportunities to find creative solutions. I've learned to ask for help when I need it, and I've learned to be patient with myself as I navigate the world in a way that's a little different from most people.
I want to encourage anyone who is reading this to embrace the things that make you unique, and to never let anyone tell you that you can't do something because of a disability or a challenge. With hard work and determination, anything is possible.
Thank you for taking the time to read my post. I'm grateful for this platform to share my story and connect with others.
#cerebralpalsy #disability #advocacy #inclusion"
dis,"Hello everyone,
I hope this post finds you well. I wanted to take a moment to introduce myself and share a bit about my life with cerebral palsy.
For those who don't know, cerebral palsy is a neurological condition that affects movement and coordination. It is not a disease, but rather a result of damage to the developing brain. I was born with cerebral palsy, and it has been a part of my life for as long as I can remember.
Growing up with cerebral palsy has had its challenges, but it has also shaped me into the person I am today. I have learned to be resilient, to adapt, and to find creative solutions to the obstacles I face. I have also learned the importance of community and the support of others.
Today, I was thinking about all of the people who have helped me along the way. I am grateful for my family, who have always been there for me and have encouraged me to pursue my dreams. I am also grateful for my friends, who have shown me that it is possible to find common ground and connection, despite our differences.
I am also grateful for the disability community, which has provided me with a sense of belonging and a platform to advocate for change. I am proud to be a part of a community that is working towards a more inclusive and equitable world.
In closing, I want to encourage everyone to take a moment to appreciate the people who have supported you and the challenges you have overcome. Let's work together to build a world where everyone has the opportunity to thrive, regardless of their abilities.
Sincerely,
[Your Name]"
dis,"Hi everyone,
I wanted to take a moment to introduce myself and share a bit about my experiences. I have cerebral palsy, a condition that affects my movement and coordination. It can be challenging at times, but I have learned to embrace my abilities and focus on what I can do rather than what I can't.
Today, I was thinking about how far I have come and the obstacles I have overcome. I am grateful for the support of my family, friends, and healthcare professionals who have helped me along the way. I am also thankful for the technology that allows me to communicate and connect with others, despite the physical limitations I face.
I know that life with cerebral palsy can be unpredictable, and there may be times when I face new challenges or setbacks. But I am determined to continue living my life to the fullest and advocating for the rights and inclusion of people with disabilities.
I hope that by sharing my experiences, I can help break down stereotypes and stigma surrounding cerebral palsy and other disabilities. I am proud of who I am, and I hope you will see me for my abilities, not my disability.
Thank you for taking the time to get to know me a little better.
Sincerely,
[Name]"
dis,"Hi everyone,
I wanted to take a moment to introduce myself and share a bit about my day. My name is Alex, and I have cerebral palsy. It's a neurological condition that affects my movement and coordination, but it doesn't define who I am.
Today, I spent some time reflecting on the challenges and accomplishments I've experienced as a result of my cerebral palsy. It can be easy to get down on myself about the things that are difficult for me, or the things that I can't do. But today, I choose to focus on the things that I can do, and the ways that I've grown and learned from my experiences.
One thing that I'm particularly grateful for is the community of people I've met and connected with through social media. It's incredible to be able to connect with others who have similar experiences, and to be able to offer support and encouragement to one another.
Despite the challenges that come with cerebral palsy, I am constantly reminded of the strength and resilience that I possess. I am grateful for the ability to communicate, to learn, and to grow. I am excited to continue to share my journey with all of you.
#cerebralpalsy #disabilitycommunity #community #gratitude #strength #resilience"
dis,"Hello everyone,
I wanted to take a moment to introduce myself and share a bit about my day. I have cerebral palsy, which affects my movement and coordination, but it doesn't define who I am or what I can do.
Today, I woke up early and had a relaxing morning, taking my time to get dressed and have breakfast. I then spent some time working on my computer, catching up on emails and finishing some tasks for work.
In the afternoon, I went for a walk outside. It was a beautiful day, and I enjoyed feeling the warmth of the sun on my face and the breeze in my hair. I even stopped to take some pictures of the flowers and trees – nature always brings me so much joy.
Later in the evening, I connected with some friends online for a game night. We played a few rounds of our favorite games and had a great time laughing and catching up.
Overall, it was a simple day, but I'm grateful for all the little things that brought me happiness and allowed me to connect with others. Despite any challenges I may face, I'm determined to live my life to the fullest and make the most of every moment.
#cerebralpalsy #disabilitycommunity #lifewithcp #gratitude #community #connection"
dis,"Hello everyone,
I wanted to take a moment to introduce myself and share a little bit about my day. I have cerebral palsy, which affects my mobility and speech, but it doesn't define me. I am a proud, determined, and independent individual with my own unique set of abilities and strengths.
Today, I woke up feeling energized and ready to take on the day. I started my morning with a refreshing workout session, using my specialized exercise equipment to help me stay active and healthy. After that, I enjoyed a delicious and nutritious breakfast, which always puts me in a good mood for the rest of the day.
In the afternoon, I spent some quality time with my therapy dog, who always knows how to make me laugh and brighten my day. We went for a walk outside, enjoying the fresh air and sunshine. Later, I caught up with some friends over the phone, and we had a great conversation about our latest interests and hobbies.
I am a big fan of music and art, and I love to express myself through painting, drawing, and playing the guitar. These activities bring me joy and fulfillment, and they help me to connect with others and share my experiences.
I am grateful for the support of my loved ones and the community that surrounds me. I am also thankful for the advances in technology that have helped me to communicate, learn, and participate in the world in new and exciting ways.
Despite the challenges that cerebral palsy may present, I choose to embrace life with positivity, resilience, and a sense of humor. I am proud of who I am and the unique perspective that I bring to the world. Thank you for taking the time to get to know me a little better.
Best regards,
[Your Name]"
dis,"Hello everyone,
I wanted to take a moment to introduce myself and share a bit about my day. My name is Alex and I have cerebral palsy. It's a physical disability that affects my movement and muscle coordination, but it doesn't define me as a person.
Today was a great day! I started the morning by having breakfast with my mom and catching up on some emails. After that, I had physical therapy where I worked on my strength and mobility. It's always a good challenge and I'm grateful for the progress I've made.
In the afternoon, I had the opportunity to participate in an adapted art class. It's a passion of mine and I love being able to express myself through different mediums. Today, we worked with watercolors and created some beautiful pieces.
I'm grateful for the support and accommodations that allow me to participate in activities and live my life to the fullest. I believe that everyone has the ability to contribute and make a difference in the world, regardless of their physical abilities.
Thank you for taking the time to get to know me a little better. I'm excited to continue sharing my experiences and journey with all of you.
Best,
Alex"
dis,"Hello everyone,
I wanted to take a moment to introduce myself and share a bit about my day. I have cerebral palsy, a condition that affects my movement and coordination. It can be challenging at times, but I never let it hold me back from living a full and meaningful life.
Today was a great day! I started the morning with some gentle stretching and strengthening exercises to help manage my symptoms. Then, I had a virtual meeting with some of my colleagues to discuss a project we're working on. It's always great to connect with others who share my passions and interests.
In the afternoon, I spent some time reading a fascinating book about the history of art. As a lover of all things creative, I find it endlessly inspiring to learn about the ways that artists have pushed the boundaries of what's possible.
Finally, I wrapped up the day by cooking a simple but delicious dinner for myself. Cooking is one of my favorite hobbies, and I love experimenting with new recipes and flavors.
Despite the challenges that come with cerebral palsy, I'm grateful for all the opportunities I have to learn, grow, and connect with others. I'm excited to see what the rest of the week has in store!
#cerebralpalsy #disabilityawareness #livingmybestlife"
dis,"Hello everyone! I'm Alex and I have cerebral palsy. I wanted to share with you all about my day and some of the things I was able to do despite my disability.
This morning, I woke up early and enjoyed a cup of coffee on my porch while I watched the sunrise. It was such a peaceful and beautiful way to start the day.
After that, I went to my physical therapy appointment. My therapist and I worked on some new exercises to help improve my mobility and balance. It was tough, but I'm determined to keep pushing myself and making progress.
In the afternoon, I went to visit a friend at their house. We had a great time catching up and watching a movie together. I'm so grateful for the support and friendship of the people in my life.
Finally, I came home and spent some time in my garden. I love being outside and taking care of my plants. It brings me a lot of joy and helps me feel more connected to nature.
Even though I have cerebral palsy, I still try to live my life to the fullest and do the things that make me happy. I hope this gives some inspiration to anyone else out there dealing with a disability or other challenges. Remember, you are capable of more than you might think! #cerebralpalsy #disability #inspiration #livingyourbestlife"
dis,"Hello everyone,
I wanted to take a moment to introduce myself and share a bit about my day. I have cerebral palsy, which is a neurological condition that affects movement and coordination. It can be challenging at times, but it doesn't define who I am or what I'm capable of.
Today was actually a really great day! I started the morning with a yoga session, which is something I like to do to help with my flexibility and balance. It can be a bit difficult at times, but I find that it helps me feel more centered and focused.
After that, I had a meeting with a group of colleagues to discuss a project we're working on. I use voice recognition software to communicate, which can sometimes be a bit slow, but I've found that it's important to be patient and take the time to make sure my ideas are being understood.
In the afternoon, I decided to do a bit of painting. I find that art is a great way for me to express myself and be creative, even if it can be a bit messy at times. I'm really proud of the piece I created today!
Overall, it was a great day full of activity and self-expression. I'm so grateful for the support of my friends and family, who help me to overcome any challenges that come my way. Remember, just because someone has a disability, it doesn't mean they can't live a fulfilling and active life.
#CerebralPalsy #Disability #Activity #Expression #Gratitude"
dis,"Hello everyone! I'm a person with cerebral palsy, and I'm excited to share a little bit about my day with all of you.
Today, I woke up and had a delicious breakfast of oatmeal with fresh fruit. Then, I did some stretching exercises to help with my mobility. Even though I have cerebral palsy, I still make sure to stay active and take care of my body.
After that, I spent some time working on my laptop. I'm a writer, and I love creating stories and sharing them with the world. It can be challenging at times, but I'm grateful for the opportunity to do something I'm passionate about.
In the afternoon, I went for a walk outside. Even though it was a bit chilly, the fresh air felt great. I love being out in nature and taking in the sights and sounds around me.
Finally, I spent some quality time with my family. We played a board game together and had a great time laughing and enjoying each other's company.
Even though I have cerebral palsy, I still have a fulfilling and happy life. I'm grateful for the support of my loved ones, and I'm proud to be a part of this community. #CerebralPalsy #Community #LivingLifeToTheFullest"
dis,"Hello everyone,
I wanted to take a moment to introduce myself and share a bit about my day. I have cerebral palsy, which is a neurological condition that affects movement and coordination. It can sometimes make everyday tasks a bit more challenging, but I've learned to adapt and find creative solutions to overcome any obstacles that come my way.
Today was a great day! I started the morning with a workout session, which has become an important part of my routine. It helps me stay active and maintain my physical strength, which is essential for me as a person with cerebral palsy. I did some stretching, resistance band exercises, and even managed to fit in a short run on the treadmill. It was a great way to start the day and get my body moving.
After my workout, I had a virtual meeting with some colleagues to discuss an upcoming project. We talked about our goals, strategies, and timeline for the project, and I was able to contribute my ideas and insights. I'm grateful for the technology that allows me to connect with people from all over the world and collaborate on exciting projects.
In the afternoon, I spent some time with my family, and we went for a walk in the park. I love spending time in nature, and it was great to get some fresh air and enjoy the beautiful scenery. I also brought my camera and took some photos of the flowers and trees, which I enjoy as a hobby.
Overall, it was a wonderful day, and I'm grateful for all the opportunities and experiences that come my way, despite the challenges that cerebral palsy can present. I'm excited for what tomorrow will bring, and I'm looking forward to continuing to pursue my passions and make a difference in the world.
#cerebralpalsy #disability #inclusion #adaptiveathlete #cerebralpalsyawareness #overcomingobstacles #gratitude #photography #familytime #nature"
dis,"Hi everyone,
I hope this post finds you all well. I wanted to take a moment to introduce myself and share a little bit about my day. I have cerebral palsy, which is a neurological condition that affects movement and muscle coordination. It can sometimes make things a bit more challenging for me, but I never let it hold me back!
Today, I woke up early and enjoyed a relaxing morning, sipping on a hot cup of coffee and catching up on the news. After that, I headed to the gym for a workout. I love going to the gym and finding new ways to challenge myself. I usually do a mix of strength training and cardio exercises, and today was no exception. I also made sure to take some time to stretch and work on my flexibility.
After the gym, I stopped by the local farmers market and picked up some fresh fruits and vegetables for the week. I love cooking, and I find that using fresh ingredients really makes a difference in the taste and quality of my meals.
In the afternoon, I spent some time volunteering at a local community center. I helped out with a kids' art class, and it was so much fun to see the creativity and imagination of the young artists.
Finally, I wrapped up my day by enjoying a quiet and peaceful evening at home. I read a book, listened to some music, and reflected on all the things I am grateful for.
I wanted to share this post to show that even though I have cerebral palsy, I am still able to live a full and active life. I hope this post inspires and encourages others to embrace their own unique challenges and find joy in the everyday activities that bring them happiness.
Best,
[Your Name]"
dis,"Hello everyone,
I wanted to take a moment to introduce myself and share a bit about my day. I have cerebral palsy, which is a neurological condition that affects my movement and coordination. It can be challenging at times, but I never let it hold me back from living a full and meaningful life.
Today was a great day! I started the morning with a session of physical therapy, where I worked on my strength and mobility. It's an important part of my routine, as it helps me maintain my independence and manage the physical challenges of cerebral palsy.
After physical therapy, I had a meeting with a mentor who is helping me pursue my goals and passions. We had a great conversation about my career aspirations and how I can continue to develop the skills and abilities I need to succeed.
In the afternoon, I spent some time with friends, catching up and sharing a laugh. It's important for me to stay connected with the people I care about, and I'm grateful for the support and encouragement they provide.
In the evening, I enjoyed a relaxing dinner and watched a movie. It was the perfect way to unwind after a busy day, and I'm looking forward to getting a good night's sleep so I can do it all again tomorrow.
I'm grateful for the opportunities I have and the people in my life, and I'm excited to see what the future holds. #cerebralpalsy #livingmybestlife #nevergiveup"
dis,"Hello everyone! I wanted to take a moment to introduce myself and share a bit about my journey with cerebral palsy.
Cerebral palsy is a neurological condition that affects movement and coordination, and it has been a part of my life since birth. Despite the challenges that come with it, I have always tried to stay positive and focus on the things that bring me joy and happiness, such as spending time with my loved ones, traveling, and pursuing my interests and hobbies.
One thing that I have struggled with, however, is finding ways to be more independent and do more things on my own. I know that there are likely others out there who face similar challenges, and I was wondering if you could share any tips or suggestions that have helped you in your own lives.
Do you have any favorite tools or assistive devices that you use on a daily basis? Have you found any strategies or techniques that have helped you to be more independent and self-sufficient? I would love to hear your thoughts and recommendations, as I am always looking for ways to improve my own abilities and live a more fulfilling and independent life.
Thank you for taking the time to read this post and for any suggestions or advice you may have to offer. I am grateful for this community and the support and encouragement that it provides.
Warmly,
[Your Name]"
dis,"Hello everyone 🙋‍♀️ I'm Maria and I have cerebral palsy. I'm a big believer in the power of community and the support it can provide, which is why I'm reaching out to all of you today.
Living with cerebral palsy can sometimes be challenging, but I never let it hold me back from living my life to the fullest. I love trying new things, exploring new places, and meeting new people.
One thing I've found to be really helpful in my journey is connecting with others who have similar experiences. That's why I wanted to reach out to this amazing community and ask: what is one piece of advice or support you wish you had received when you were first diagnosed with cerebral palsy or when you first became part of this community?
I'm looking forward to hearing your responses and continuing to learn and grow together. Let's support each other and spread awareness for all abilities 💪💖 #cerebralpalsy #disabilityawareness #communitysupport"
dis,"Hello everyone! I'm new to this community and I'm excited to connect with all of you. I wanted to take a moment to introduce myself - I'm a 28-year-old writer and artist, and I was born with cerebral palsy.
Living with a disability can be challenging at times, but I've always tried to focus on the things that make me unique and the passions that bring me joy. I'm a big fan of movies, music, and books, and I love to travel whenever I can.
One thing that I've noticed in my journey as a person with a disability is the lack of representation in media and popular culture. I would love to hear from others in the community about how we can work together to change this and create more opportunities for people with disabilities to be seen and heard.
Do you have any favorite TV shows, movies, or books that feature characters with disabilities? Or maybe you're an artist, writer, or advocate yourself and have some ideas for ways we can raise awareness and push for more representation in media. I would love to hear your thoughts and ideas!
Thanks for taking the time to read my post, and I look forward to getting to know everyone in this amazing community.
Sincerely,
[Your Name]"
dis,"Hello everyone,
I wanted to take a moment to introduce myself and share a little bit about my journey with cerebral palsy. My name is Alex and I was born with bilateral spastic cerebral palsy, which affects my mobility and coordination.
Living with cerebral palsy has certainly had its challenges, but it has also taught me so much about perseverance, resilience, and the power of a positive attitude. I am grateful for the support of my family, friends, and community, who have helped me to overcome obstacles and achieve my goals.
One thing I have noticed is that there is often a lack of understanding and awareness about cerebral palsy and other disabilities. That's why I wanted to reach out to all of you and ask for your help in spreading awareness and understanding.
If you are able, I would love for you to share a fact or two about cerebral palsy or disability awareness in your social media feeds. Together, we can help to create a more inclusive and understanding world.
Thank you for taking the time to read this and for being a part of this wonderful community.
Sincerely,
Alex"
dis,"Hello everyone,
I wanted to take a moment to introduce myself and share a bit about my journey with cerebral palsy. My entire life has been shaped by this condition, but it has also taught me so much about resilience, determination, and the power of community.
Living with cerebral palsy can be challenging at times, but I've learned to embrace the unique perspective it gives me on the world. I'm constantly adapting to new situations and finding creative solutions to the obstacles I face.
One thing that has been really important to me is finding a supportive community of people who understand what I'm going through. That's why I wanted to reach out to all of you and ask: what resources, tips, or advice do you have for someone living with cerebral palsy?
I'm always looking for new ways to improve my mobility, communication, and overall quality of life, so any suggestions you have would be greatly appreciated. Whether it's a particular piece of assistive technology, a helpful exercise, or a strategy for managing chronic pain, I'm all ears!
Thank you for taking the time to read this post, and I look forward to hearing from some of you. Together, we can create a more inclusive and supportive world for everyone living with cerebral palsy.
Best,
[Your Name]"
dis,"Hello everyone! I'm Sarah, a 25-year-old from New York City. I'm excited to be a part of this caring and supportive community!
I have cerebral palsy, which affects my movement and coordination, but it doesn't define who I am. I love to read, write, and spend time with my friends and family. I'm also passionate about raising awareness for people with disabilities and breaking down barriers that prevent us from fully participating in society.
I would like to ask all of you for any suggestions on how to navigate this amazing community. I'm looking forward to connecting with all of you, sharing experiences, and learning from each other.
Through our collective voices, we can make a difference in this world and create a more inclusive and accessible society for everyone.
#CerebralPalsy #DisabilityAwareness #CommunityStrong #DifferentButSame #InclusiveSociety"
dis,"Hello everyone, I wanted to take a moment to introduce myself. I am a person with cerebral palsy, a condition that affects my movement and coordination. I have always been passionate about sharing my experiences and raising awareness about disability issues.
Living with cerebral palsy can be challenging at times, but it has also given me a unique perspective on life and has helped me to develop resilience and determination. I am fortunate to have a great support network of family and friends, and I believe that community is so important for people with disabilities.
With that in mind, I wanted to ask all of you a question: what resources or support have you found most helpful in your own lives or in supporting someone with a disability? I am always looking for new ways to connect with others and to learn from their experiences, so any recommendations or suggestions would be greatly appreciated.
Thank you for taking the time to read this post, and I look forward to hearing from some of you!"
dis,"Hello everyone, I am a person with cerebral palsy, a condition that affects my movement and coordination. Although it can be challenging at times, I have learned to adapt and live a fulfilling life. I am excited to be a part of this community and hope to connect with others who have similar experiences.
One thing that I have found to be helpful in managing my condition is finding ways to stay active and engaged. Whether it's through adaptive sports, occupational therapy, or simply finding creative ways to perform daily tasks, staying active has been key in maintaining my independence and overall well-being.
With that said, I would love to hear from others in the community about their own experiences and any tips or suggestions they may have for staying active and engaged. What activities have you found to be helpful for managing your condition? Are there any resources or tools that you have found to be particularly useful? I am always looking for new ideas and ways to improve my own quality of life, and I am sure that others would benefit from hearing about your experiences as well.
Thank you for taking the time to read my post, and I look forward to hearing from you!
#cerebralpalsy #disability #community #adaptiveathlete #wellness #independence #tips #suggestions #sharingexperiences
-[Your Name]"
dis,"Hello everyone,
I wanted to take a moment to introduce myself and share a bit about my journey with cerebral palsy. My name is Alex and I am a proud member of this wonderful community.
Living with cerebral palsy has certainly had its challenges, but it has also taught me so much about perseverance, resilience, and the power of a positive attitude. I am grateful for the support of my family, friends, and the many healthcare professionals who have helped me along the way.
One thing I have noticed is that there can sometimes be a lack of understanding about what it's like to live with cerebral palsy. That's why I wanted to reach out to this community and ask if you have any suggestions for ways we can increase awareness and understanding of this condition.
Do you have any favorite resources or organizations that you turn to for information and support? Are there any specific misconceptions or stereotypes about cerebral palsy that you wish more people knew?
I would love to hear your thoughts and ideas, as well as any success stories or challenges you have faced in your own journey with cerebral palsy. Let's come together and support each other as we strive to live our best lives and break down barriers.
Thank you for taking the time to read this and for being a part of this amazing community.
Best regards,
Alex"
dis,"Hello everyone! I wanted to take a moment to introduce myself and share a bit about my experience with cerebral palsy.
Cerebral palsy is a neurological condition that affects movement and coordination. For me, this means that I may have difficulty with tasks such as walking, speaking, and using my hands. However, cerebral palsy is a spectrum condition, which means that it affects everyone differently.
Despite the challenges that I face, I am determined to live a fulfilling and meaningful life. I am passionate about advocating for disability rights and raising awareness about the experiences of people with disabilities.
I would love to hear from others in the community about their experiences with cerebral palsy or any other disability. Do you have any tips or suggestions for living well with a disability? What are some of the challenges you have faced, and how have you overcome them?
I believe that by sharing our experiences and supporting one another, we can build a stronger, more inclusive community. Thank you for taking the time to read my post, and I looking forward to hearing from you soon! #disabilitycommunity #cerebralpalsy"
dis,"Hi everyone,
I wanted to take a moment to introduce myself and share a little bit about my life. I have cerebral palsy, a condition that affects my movement and coordination. It can be challenging at times, but I never let it hold me back.
Today was a pretty typical day for me. I woke up, had breakfast, and got ready for the day. I spent the morning working on some projects and taking care of some errands. In the afternoon, I met up with some friends to grab lunch and do a little bit of shopping.
Despite the challenges that cerebral palsy can present, I am grateful for the many opportunities and experiences that I have had in my life. I have a wonderful support system of family and friends, and I am lucky to be a part of a great community.
One thing that I have learned from living with cerebral palsy is the importance of perseverance and determination. There are always going to be obstacles and challenges in life, but it's important to never give up and keep pushing forward.
I am proud of who I am and the life that I have built for myself. I will continue to work hard and strive to be the best person that I can be, despite any challenges that I may face.
Thank you for taking the time to get to know me a little better. I hope that my story can inspire and uplift others who may be facing their own challenges.
Sincerely,
[Name]"
dis,"Hello everyone,
I wanted to take a moment to introduce myself and share a bit about my day. I have cerebral palsy, a condition that affects my movement and coordination. It can be a challenge at times, but I've learned to overcome many obstacles and live a fulfilling life.
Today was a typical day for me – I woke up, had breakfast, and got ready for the day ahead. I had a few errands to run and was grateful for the help of a friend who was able to drive me around. We had a great time chatting and listening to music on the drive.
Later in the day, I had the opportunity to attend a virtual event for people with disabilities. It was inspiring to connect with others who have similar experiences and to hear their stories. I was also able to learn about some new resources and support networks that I didn't know about before.
Overall, it was a great day. I'm grateful for the support of my friends and family, and for the many opportunities I have to learn and grow. I'm looking forward to what the future holds!
#cerebralpalsy #disability #community #support #gratitude
Note: The above post is fictional. It is meant to demonstrate how a person with cerebral palsy might choose to introduce themselves and share about their day on social media. The use of real-life experiences, emotions and names is purely fictional and made for demonstration purposes only."
dis,"Hello everyone,
I wanted to take a moment to introduce myself and share a bit about my life as a person with cerebral palsy. I am a passionate, determined individual who refuses to let my physical challenges hold me back. I have faced many obstacles, but I have always found a way to overcome them and achieve my goals.
Today was a particularly challenging day for me, as I faced a number of hurdles related to my disability. But, as always, I persevered and made it through. I am constantly inspired by the strength and resilience of the disabled community, and I am grateful for the support and understanding of my friends, family, and allies.
Despite the challenges, I remain optimistic about the future and the progress that we can make towards equality and inclusion for all. I believe that by sharing our stories and raising awareness, we can help to break down barriers and create a more inclusive society.
Thank you for taking the time to read my post. I hope that my words can serve as a reminder that, with determination and perseverance, we can all overcome the obstacles that life throws our way.
Sincerely,
[Your Name]"
dis,"Hello everyone,
I wanted to take a moment to introduce myself and share a bit about my life. I am a person with cerebral palsy, a condition that affects my movement and coordination. It can be challenging at times, but I have learned to adapt and find joy in the little things.
Today has been a busy day, as it is every day. I had physical therapy this morning, where I worked on my mobility and strength. It's always a good feeling to see progress, no matter how small.
In the afternoon, I met up with some friends for lunch. We had a great time catching up and sharing stories. It's days like these that make me grateful for the community I have in my life.
Living with cerebral palsy has taught me a lot about perseverance and resilience. It has also shown me the importance of self-care and taking time for myself. Whether it's through reading, writing, or simply spending time in nature, I make sure to prioritize activities that bring me joy and peace.
I want to encourage everyone, regardless of any challenges you may face, to find the things that bring you happiness and fulfillment. Surround yourself with a supportive community and never be afraid to ask for help when you need it.
Let's all strive to be kind and understanding towards one another, celebrating our differences and supporting each other on our unique journeys.
Wishing everyone a wonderful day!
~[Your Name]"
dis,"Hello everyone! I wanted to take a moment to introduce myself and share a bit about my life with cerebral palsy.
For those who might not be familiar, cerebral palsy is a neurological condition that affects movement and coordination. It is not a disease, and it is not progressive, which means it does not worsen over time. It is also not something that is ""catchy"" or contagious.
I have had cerebral palsy since birth, and it affects my movements and coordination in various ways. I use a wheelchair to get around, and I have some difficulty with fine motor tasks such as writing or using a computer mouse. But despite these challenges, I have been able to live a fulfilling and independent life, thanks to the support of my family, friends, and healthcare professionals.
Today, I had the opportunity to attend a disability awareness event at my local community center. It was an inspiring experience, as I got to connect with other people with disabilities and learn about the resources and support available in my community. I was also able to share my own experiences and offer insights on living with cerebral palsy.
One thing that really stood out to me at the event was the diversity of people with disabilities. We all have unique challenges and needs, but we also share a common goal: to live full and meaningful lives, and to advocate for our rights and dignity.
I am grateful for the opportunity to be a part of this community, and I am committed to using my voice to raise awareness and promote inclusion for all people with disabilities.
Thank you for taking the time to read my post, and please don't hesitate to reach out if you have any questions or would like to learn more about cerebral palsy or disability advocacy.
#cerebralpalsy #disabilityawareness #diversity #inclusion #advocacy"
dis,"Hello everyone,
I wanted to take a moment to introduce myself and share a bit about my life. My name is Alex and I have cerebral palsy, a neurological condition that affects my movement and coordination. It can be challenging at times, but I have learned to adapt and find creative solutions to overcome any obstacles that come my way.
Today has been a particularly eventful day. I had the opportunity to attend a disability advocacy event and meet so many inspiring individuals who are working to make the world a more inclusive and accessible place for all. It was truly uplifting to be in a space where difference is celebrated and embraced.
Despite the progress that has been made, there is still so much work to be done. Accessibility and inclusion are not just buzzwords, but values that should be at the forefront of every community and institution. I am grateful for the opportunity to be a part of this movement and to use my voice to advocate for change.
I am proud to be a part of this community and I am committed to doing my part to make the world a better place for all people, regardless of their abilities. Let's continue to uplift one another, celebrate our differences, and work towards a more inclusive and equitable world.
#cerebralpalsy #disabilityrights #inclusion #community #advocacy"
dis,"Hello everyone! I wanted to take a moment to introduce myself and share a bit about my life with cerebral palsy.
For those who may not be familiar, cerebral palsy is a neurological disorder that affects movement and muscle coordination. It is a condition that I was born with, and it has shaped my life in many ways.
Despite the challenges that come with cerebral palsy, I am a determined and resilient person. I have worked hard to overcome many obstacles, and I am proud of all that I have accomplished.
Today was a particularly eventful day for me. I had the opportunity to speak at a conference on disability rights and accessibility. It was an honor to be able to share my experiences and advocate for greater inclusivity and access for people with disabilities.
I am grateful for the opportunity to raise awareness about the needs and abilities of people with disabilities. I believe that everyone has something valuable to contribute, and I am committed to helping create a more inclusive and equitable society for all.
Thank you for taking the time to learn a bit more about me and my journey with cerebral palsy. I look forward to continuing to share my thoughts and experiences with you all. #disabilityrights #cerebralpalsy #inclusivity #accessibility"
dis,"Hello everyone! I wanted to take a moment to introduce myself and share a bit about my day. I have cerebral palsy, which is a neurological condition that affects movement and coordination. While it can certainly present its challenges, I am grateful for the many abilities and strengths that I do have.
Today was a busy day, filled with physical therapy and other appointments. While these appointments can be physically and mentally exhausting, I always try to remind myself of the progress that I have made and the goals that I am working towards. It's not always easy, but staying positive and focused on my own journey helps me to keep pushing forward.
I also want to take a moment to acknowledge the current state of the world and the many challenges that we are all facing. Whether it's the ongoing pandemic, social and political unrest, or other personal struggles, it's important to remember that we are all in this together. Even on the toughest days, there is always hope and the possibility for positive change.
So, as I sign off for the day, I encourage everyone to take a moment to appreciate the good in their own lives, and to reach out and offer support to those around them. We may all have our own battles to fight, but we are stronger when we stand together. #cerebralpalsy #disabilityawareness #positivity #community #togetherness"
dis,"Hello everyone,
I wanted to take a moment to introduce myself and share a bit about my day. I have cerebral palsy, which affects my movement and coordination. It can sometimes be a challenge, but I never let it hold me back from living my life to the fullest.
Today was a busy day, filled with physical therapy and other appointments. But despite the challenges, I always try to focus on the positive and find joy in the little things. For example, I had a wonderful conversation with my therapist about my goals and aspirations, and we came up with a plan to help me improve my mobility even further.
It's moments like these that remind me of the importance of staying positive and pushing through any obstacles that come my way. I may have cerebral palsy, but it doesn't define me. I am a strong, capable person with so much to offer the world.
I encourage everyone to embrace their own unique experiences and challenges, and to never let anything hold you back from chasing your dreams. #cerebralpalsy #nevergiveup #liveyourbestlife
Sincerely,
[Your Name]"
dis,"Hello everyone,
I wanted to take a moment to introduce myself and share a bit about my life. I have cerebral palsy, a condition that affects my movement and coordination. It can make everyday tasks a little more challenging, but with the right mindset and tools, I've been able to live a fulfilling and independent life.
Today was a typical day for me - I woke up, had breakfast, and got ready for the day ahead. I had a few appointments and errands to run, and I was grateful for the support of my caregiver and the use of assistive technology to help me navigate the world.
Cerebral palsy is a part of who I am, but it doesn't define me. I am a proud advocate for disability rights and I believe that everyone has the right to live a life of dignity and inclusion, no matter their abilities.
Today, I am particularly grateful for the progress that has been made towards disability inclusion and accessibility. But there is still much work to be done, and I am committed to using my voice and experiences to help create a more inclusive world.
Thank you for taking the time to learn a little more about me. I'm looking forward to continuing the conversation and working together towards a more inclusive and equitable society.
Best,
[Your Name]"
dis,"Hello everyone,
I wanted to take a moment to introduce myself and share something very personal. I live with depression, and it's a part of my life that I can't ignore or hide.
For a long time, I felt ashamed and alone in my struggle. I thought that if I opened up about my depression, people would judge me or distance themselves from me. But the truth is, depression is a common and treatable condition that affects millions of people, just like me.
Living with depression can be incredibly challenging. Some days, it's all I can do to get out of bed and face the world. Other days, I feel like I'm on top of the world, only to be brought crashing down by a wave of sadness or anxiety. It's a rollercoaster of emotions that can be exhausting and overwhelming.
But even in the darkest moments, I've found that there is hope. With the help of a trusted therapist, medication, and a strong support system, I've been able to manage my depression and live a fulfilling life. It's not always easy, but it's worth it.
I want to encourage anyone who is struggling with depression or any other mental health condition to seek help. You don't have to go through it alone, and there is no shame in seeking treatment. There is hope, and there is help available.
Thank you for taking the time to read this and for being a part of this community. Together, we can break the stigma surrounding mental health and support each other on our journeys to wellness.
Sincerely,
[Your Name]"
dis,"Hello everyone,
I wanted to take a moment to introduce myself and share a bit about my journey with depression. I know that talking about mental health can be difficult, but I believe that openness and honesty can help to reduce stigma and create a more supportive and inclusive community.
For as long as I can remember, I have struggled with depression. It's a complex and multifaceted condition that has impacted many aspects of my life. Some days, it can be incredibly challenging to get out of bed, leave the house, or even engage in activities that once brought me joy. Other days, I may feel relatively ""normal"" and capable, only to be knocked down by a wave of sadness or hopelessness without warning.
Living with depression is not something that I would wish on anyone, but it has taught me a great deal about myself and the world around me. I have learned the importance of self-care, of reaching out for help when I need it, and of being patient and compassionate with myself as I work to manage my symptoms. I have also come to appreciate the incredible resilience and strength that exists within the human spirit.
Of course, there are still many days when I feel overwhelmed and unsure of how to move forward. But I am committed to continuing to prioritize my mental health, seeking out support and treatment as needed, and working to create a life that is meaningful and fulfilling despite the challenges I face.
If you or someone you know is struggling with depression, please know that you are not alone. There are many resources available to help, from therapy and medication to support groups and online communities. By sharing our stories and supporting one another, we can help to create a world where mental health is treated with the same importance and respect as physical health.
Thank you for taking the time to read this post. I hope that it has helped to shed some light on what it's like to live with depression, and that it has inspired you to prioritize your own mental health and well-being.
Take care,
[Your Name]"
dis,"Hello everyone,
I wanted to take a moment to introduce myself and share something deeply personal. I struggle with depression, and it's a big part of my life. It's not always easy to talk about, but I believe in breaking the stigma surrounding mental health and opening up about our experiences.
Depression is a complex and multifaceted condition, and I've had my fair share of ups and downs over the years. Some days, it can feel like I'm wading through quicksand, unable to escape the weight of my own thoughts. Other days, I feel like I'm on top of the world, with endless possibilities stretching out before me.
Living with depression has taught me a lot about myself and the world around me. I've learned to be kinder to myself, to give myself the space and time I need to rest and recharge. I've also learned to lean on my loved ones and to seek out professional help when I need it.
It's not always easy, but I'm grateful for the lessons that depression has taught me. I'm learning to find joy in the little things, to appreciate the beauty in the world around me, and to connect with others on a deeper level.
If you're struggling with depression or any other mental health condition, please know that you're not alone. There is help and support available, and there is always hope for a better tomorrow. Please don't hesitate to reach out to a mental health professional, a trusted friend or family member, or a support group.
Together, we can break the stigma surrounding mental health and create a more compassionate and understanding world.
Sending love and light to all of you.
#depression #mentalhealth #breakthestigma #selfcare #support #compassion"
dis,"Hello everyone,
I wanted to take a moment to introduce myself and share a part of my journey that has been a significant aspect of my life. I live with depression, and it's something that has affected me in many ways. It's not always easy to talk about, but I believe that sharing our experiences can help to break down stigma and create a more inclusive and understanding community.
Depression can be a very isolating experience, and it can be challenging to explain to others who haven't been through it themselves. For me, depression often feels like a heavy weight that is always present, making it difficult to enjoy the things I used to love or find the motivation to do the things I need to do. It can also make it hard to connect with others, as I may feel detached or disinterested in social interactions.
However, despite the challenges that come with depression, I have also found strength and resilience in myself that I didn't know I had. I have learned to prioritize self-care and to reach out for support when I need it. I have also connected with others who have similar experiences, and have found comfort and understanding in those connections.
I want to emphasize that even though I live with depression, it is not all of who I am. I am a complex and multifaceted person, and my experiences with depression are just one part of my story. I am also a proud member of my community, a lover of music and art, and a dedicated advocate for mental health awareness and understanding.
I hope that by sharing my experiences, I can help to create a more open and accepting community. Let's all strive to be kind, understanding, and supportive of one another, no matter what challenges we may face. Thank you for taking the time to read this post.
Sincerely,
[Your Name]"
dis,"Hello everyone,
I wanted to take a moment to introduce myself and share a bit about my journey with depression. It's not always easy to talk about, but I believe that sharing our experiences can help break down stigma and create a more understanding and supportive community.
Depression is a complex and multifaceted condition that affects everyone differently. For me, it often feels like a heavy weight on my chest, making it difficult to get out of bed some mornings. It can also make it hard for me to concentrate, and can impact my relationships with friends and loved ones.
Living with depression has taught me a lot about the importance of self-care and reaching out for support when I need it. It's not always easy, but I've learned that asking for help is a sign of strength, not weakness.
One thing that has really helped me on my journey is connecting with others who are going through similar experiences. Knowing that I'm not alone, and that there are people out there who ""get it,"" has been incredibly comforting and validating.
If you're reading this and struggling with your own mental health challenges, please know that you are not alone. It's okay to ask for help, and there are resources available to support you. And if you're in a place where you can offer support to others, please do. You never know how much your kindness and understanding can mean to someone who is struggling.
Thank you for taking the time to read this, and for being a part of a community that values compassion and understanding.
Sincerely,
[Your Name]"
dis,"Hello everyone,
I wanted to take a moment to introduce myself and share something very personal. I have been dealing with depression for a long time now, and it's been a difficult journey. It's not something that I wear on my sleeve, but it's a part of me, and I've come to realize that it's important to be open about it.
Depression is a complex and multifaceted condition that affects people in different ways. For me, it's often a feeling of hopelessness and worthlessness that can be overwhelming. I have good days and bad days, and some days it's a struggle to get out of bed or even leave the house. But I want you to know that I'm doing my best to manage my condition and live a fulfilling life.
I've learned that there's no shame in seeking help, and I've been fortunate enough to have a supportive network of family and friends who have helped me along the way. I've also learned that there are many resources available for people who are struggling with mental health issues, and I encourage anyone who is feeling down or overwhelmed to reach out to a mental health professional or a trusted loved one.
I want to thank everyone who has supported me on this journey, and I hope that my openness can help others who may be struggling with similar issues. Remember, you are not alone, and there is always hope.
#mentalhealthawareness #depression #endthestigma #youarenotalone"
dis,"Hello everyone,
I wanted to take a moment to introduce myself and share a bit about my journey with depression. I know that talking about mental health can be difficult, but I believe that openness and honesty can help break down stigma and create a more supportive and understanding community.
Depression is a complex and multifaceted condition that affects everyone differently. For me, it often feels like a heavy weight on my chest that makes it hard to get out of bed, or a dark cloud that follows me around and makes it difficult to see the good in myself or the world. Sometimes, it can be debilitating and make it hard for me to function in my daily life.
Living with depression has not been easy, but it has also taught me a lot about myself and the people around me. I have learned the importance of self-care, setting boundaries, and seeking help when I need it. I have also been fortunate enough to have a strong support system of family and friends who have helped me through the toughest times.
One of the things that has helped me the most has been connecting with others who have similar experiences. It can be incredibly validating and comforting to know that you are not alone, and that there are people who understand what you are going through. I would encourage anyone who is struggling with mental health issues to reach out to others, whether it be through support groups, online communities, or one-on-one conversations.
I also want to acknowledge that there is still so much stigma and misunderstanding surrounding mental health, and that seeking help can be scary and intimidating. But I want to reassure anyone who may be struggling that there is no shame in reaching out for support, and that there are resources available to help you. Whether it's therapy, medication, or other forms of treatment, there are many options available to help you manage your mental health.
Thank you for taking the time to read this post. I hope that by sharing my experiences, I can help create a more supportive and understanding community for those who are dealing with mental health issues.
Sincerely,
[Your Name]"
dis,"Hello everyone,
I wanted to take a moment to introduce myself and share a part of my journey with you. I have been living with depression for a few years now, and it has been a challenging and often isolating experience.
Depression is a complex and multifaceted condition, and it can show up in many different ways. For me, it often feels like a heavy weight on my chest or a dark cloud hovering over me, making it difficult to concentrate or find joy in the things I used to love.
I have learned a lot on this journey, and I want to share some of my experiences with you. First and foremost, it's important to know that you are not alone. Millions of people around the world live with depression, and there is no shame in seeking help or support.
One of the hardest things about living with depression is the stigma that still exists around mental health. I have often felt like I need to hide my feelings or pretend to be okay, even when I'm struggling. But the more I talk about my experiences and connect with others who have gone through similar things, the more I realize that there is no need to be ashamed.
I have also learned that self-care is essential when it comes to managing depression. For me, this means taking time each day to do things that bring me joy and relaxation, like reading, writing, or going for a walk. It's also important to prioritize things like getting enough sleep, eating healthy foods, and staying active.
Finally, I want to encourage anyone who is living with depression to seek out support and resources. There are many organizations and groups that offer support and resources for people with mental health conditions, and there are many therapists and counselors who specialize in treating depression.
Thank you for taking the time to read my post and for being part of a community that supports and uplifts one another. Remember, you are not alone, and there is help and hope available."
dis,"Hello everyone,
I wanted to take a moment to introduce myself and share something very personal. I have struggled with depression for a long time and it's not always easy to talk about. But I've come to realize that opening up and being honest about my experiences can help break down the stigma surrounding mental illness and create a more supportive and compassionate community.
Depression can be a debilitating and isolating condition, but it's important to remember that you're not alone. I've had my fair share of ups and downs, but I've also learned that there is hope and help available. It's taken a lot of work and support from family, friends, and medical professionals to get to where I am today, and I'm grateful for every step of the journey.
One of the most challenging things about living with depression is the way it can distort your thoughts and make you feel like you're alone, even when you're surrounded by people who care about you. It's a powerful and insidious illness, but it doesn't define me. I'm a complex and multifaceted person, and my depression is just one part of me.
I've learned that it's okay to ask for help and to take care of myself. For me, that might mean taking a break from social media, going for a walk, talking to a therapist, or practicing self-care rituals that bring me joy. It's been a long and sometimes difficult journey, but I'm proud of the progress I've made, and I'm grateful for the support and understanding of those around me.
If you're struggling with depression or any other mental health condition, please know that you're not alone. There is help and support available, and there is always hope. Don't be afraid to reach out to someone you trust, or to seek out the services of a mental health professional. Remember, it's okay to not be okay.
Thank you for taking the time to read this post. I hope that by sharing my experiences, I can help create a more compassionate and empathetic community for all of us.
Sincerely,
[Your Name]"
dis,"Hello everyone,
I wanted to take a moment to introduce myself and share a bit about my journey. I have struggled with depression for a long time, and it has been a challenging road. It can be difficult for people who have never experienced depression to understand just how all-consuming and overwhelming it can be.
For me, depression often feels like a heavy weight that I can't shake off, no matter how hard I try. It can make even the simplest tasks seem impossible, and it can be incredibly isolating. I have missed out on so many things because of my depression, and it has taken a toll on my relationships with friends and family.
But despite all of that, I am trying my best to manage my depression and live a fulfilling life. I am learning to take things one day at a time, and I am grateful for the support of my loved ones. I am also fortunate to have access to therapy and medication, which have been incredibly helpful in managing my symptoms.
I know that I am not alone in my struggle, and I want to encourage anyone else who is struggling with depression to seek help. It can be scary to reach out for help, but it is so worth it. You are not weak for struggling, and you deserve to feel better.
Thank you for taking the time to read my post. I hope that by sharing my experiences, I can help others who are going through similar struggles.
Sincerely,
[Your Name]"
dis,"Hey everyone,
I've been hesitant to share this, but I know that opening up can be an important part of healing. I struggle with depression and today has been a really tough day for me. I've felt overwhelmed, hopeless, and alone. It's hard to explain the feeling of being weighed down by your own thoughts and emotions, but that's what depression is like for me.
I want to be honest about my experiences because I know that so many people out there are feeling the same way. Depression is a lonely illness, but it doesn't have to be. I'm taking things one day at a time and reminding myself that it's okay to have bad days. It's important to reach out for help when you need it, whether that's through therapy, medication, or simply talking to a trusted friend or family member.
I want to thank everyone who has been there for me and supported me through my journey. You have no idea how much it means to me. And to those of you who are also struggling, just know that you're not alone. There is hope, even on the darkest days.
#MentalHealthAwareness #EndTheStigma #Depression #Anxiety #MentalHealthMatters #MentalHealthAdvocate
Take care of yourself and each other.
Best,
[Name]"
dis,"Hey everyone,
I wanted to take a moment to introduce myself and share a bit about what I've been going through. My name is [Name], and I struggle with depression.
It's not always easy to talk about, but I think it's important to be open and honest about my experiences. Today was a particularly hard day for me. I woke up feeling heavy and weighed down, like a dark cloud was following me around. I tried to push through it and get things done, but I just couldn't seem to focus or find the energy to do anything.
I spent most of the day feeling isolated and alone, even when I was surrounded by people. I know that I'm not truly alone, and that I have a strong support system in place. But depression can be a powerful and convincing liar, and it's hard to shake off the feeling that I'm completely on my own.
I'm sharing this not for attention or pity, but because I know that there are other people out there who may be feeling the same way. You are not alone. Depression is a common and treatable condition, and there is help available. It's okay to reach out for support and care.
Thank you for taking the time to read this. I hope that by sharing my experiences, I can help others who may be struggling.
Sincerely,
[Name]"
dis,"Hey everyone,
I've been hesitant to share this, but I think it's important to be open about my experiences. I live with depression, and some days are harder than others. Today was one of those days.
I woke up feeling heavy, like a weight was pressing down on me. It's hard to explain, but it's as if the darkness from inside me is seeping out and tainting everything I touch. I tried to get out of bed, but my body felt weak and unresponsive. I stared at the ceiling for what felt like hours, just trying to find the motivation to get up and start my day.
I eventually dragged myself out of bed and went through the motions, but everything felt pointless and empty. I tried to distract myself with TV and music, but even those things couldn't lift the fog that had settled in my mind.
I know that tomorrow will be a new day, and I'll keep pushing forward. But today was a reminder that depression is a constant battle, one that I have to fight every day. I'm sharing this because I want to remind anyone else out there who might be struggling that you're not alone. It's okay to have bad days, and it's okay to ask for help.
Thank you for taking the time to read this. Sending love and positive vibes to you all.
#MentalHealthAwareness #Depression #BreakTheStigma"
dis,"Hello everyone,
I wanted to take a moment to introduce myself and share a bit about what I've been going through. My name is [Name] and I have been struggling with depression for a while now.
Today was a particularly hard day for me. I woke up feeling overwhelmed by the weight of my sadness and anxiety. The thought of facing the day and all of its challenges felt like an insurmountable task. I tried to push through, putting on a brave face and tackling my to-do list, but everything felt heavy and pointless.
I know that I am not alone in this. Depression affects so many of us, and it can be incredibly isolating. It's easy to feel like we are the only ones struggling, but the truth is that we are all fighting our own battles, some visible and some not.
I want to encourage anyone who is also struggling to reach out for help. Whether it's to a trusted friend or family member, a mental health professional, or a support group, know that there are people who care about you and want to help. You don't have to go through this alone.
Despite my struggles, I am doing my best to stay positive and keep pushing forward. I am grateful for all of the support that I have received so far, and I am determined to keep working towards a better future. Thank you for taking the time to read this post. I hope that it helps someone else who may be feeling the way that I do.
Sincerely,
[Name]"
dis,"Hello everyone,
I wanted to take a moment to introduce myself and share a bit about what I've been going through recently. I have depression, and it's been a tough journey. Today was no exception - I woke up feeling overwhelmed and helpless, like the weight of the world was on my shoulders.
It's hard to explain the emotions that come with depression. Some days, it's a constant battle to get out of bed and face the day. Other days, I feel like I'm stuck in a dark tunnel with no end in sight. I know that things won't always be this way, but it's hard to keep that in mind when I'm feeling so low.
Despite all of this, I'm trying to stay positive and take things one day at a time. I have an incredible support system, and I'm grateful for every single person in my life who has helped me through this. I know that I'm not alone, and that's what keeps me going.
If you or someone you know is struggling with depression, please know that there is help available. You don't have to go through it alone.
Thank you for taking the time to read this. It means a lot to me.
Sincerely,
[Your Name]"
dis,"Hi everyone,
I'm feeling a bit overwhelmed today and wanted to share what I've been going through. I have depression, something that's been a part of my life for a while now. It's a struggle that many of us face, but sometimes it can be hard to talk about.
Today was particularly difficult for me. I felt a deep sense of sadness and hopelessness that was hard to shake. I tried to distract myself by keeping busy, but it seemed like everything I did just added to my feelings of despair. I had a hard time sleeping last night and my thoughts were racing all day long.
I know that I'm not alone in feeling this way. Depression can be a lonely and isolating experience, but I want you to know that you're not alone. I'm here with you, and there are so many people out there who care about you and want to help.
If you're struggling with depression, it's important to reach out for help. Talk to a therapist, a trusted friend or family member, or reach out to a support group. It's okay to ask for help, and it's important to take care of yourself.
Thank you for taking the time to read this post. I hope that by sharing my experience, I can help others who may be going through the same thing.
Sending love and light to you all.
#mentalhealthawareness #depression #selfcare #itsoktonotbeok #endthestigma #youarenotalone"
dis,"Hey everyone,
I wanted to take a moment to introduce myself and share a bit about what I've been going through. I have depression, and some days are harder than others.
Today was one of those days. I woke up feeling heavy and weighed down, like a cloud was hanging over me. I tried to get out of bed and do my usual routine, but even the simplest tasks felt impossible. I felt overwhelmed and alone, like no one could understand what I was going through.
I know that I'm not the only one who has felt this way, and that's part of the reason I wanted to share. I want to let others who are struggling know that they're not alone, and to encourage everyone to be kind to themselves and others, especially on the days when things feel extra hard.
Depression is a part of me, but it doesn't define me. I'm still the same person I was before I was diagnosed, and I'm still working towards my goals and dreams. It just takes a little bit more effort some days.
Thank you for taking the time to read this, and for being a part of my community. Together, we can support each other and help each other through the tough times.
With love,
[Your Name]"
dis,"Hey everyone,
I wanted to take a moment to introduce myself and share a bit about what I've been going through. My name is [Name] and I have been struggling with depression for a while now. It's not always easy, and some days are definitely harder than others.
Today was one of those tough days. I woke up feeling heavy and weighed down, like a cloud was following me around. I tried to shake it off and push through, but it was a constant battle all day. I felt overwhelmed and alone, even though I know I have a support system of family and friends who care about me.
But even in the midst of those difficult emotions, I want to remind myself (and all of you) that it's okay to not be okay sometimes. It's okay to have bad days, and it's okay to reach out for help when we need it.
I am grateful for the people in my life who have been there for me, and for the progress that I've made in my journey towards healing. I know that tomorrow is a new day, and I'm hopeful that it will be a better one.
Thank you for taking the time to read this and for being a part of my community. Here's to hoping for brighter days ahead.
<3 [Name]"
dis,"Hello everyone,
I wanted to take a moment to introduce myself and share a bit about how I'm feeling today. I have been living with depression for a while now, and some days are harder than others.
Today was one of those days. I woke up feeling heavy and weighed down, like a dark cloud was following me around. I tried to shake it off and go about my day, but everything felt overwhelming and impossible. I felt isolated and alone, even when I was surrounded by people.
It's hard to explain the emotions that come with depression. It's not just feeling sad or blue - it's a deep, all-consuming feeling that can be hard to escape. Some days, it's all I can do to get out of bed and face the world.
But even on the hardest days, I know that I am not alone. I have a support system of friends and family who care about me and want to help. I am also part of a community of people who understand what I'm going through and offer encouragement and hope.
So, even though today was a difficult day, I want to end on a positive note. I am grateful for the people in my life who love and support me, and I am hopeful for better days ahead.
#depression #mentalhealth #gratitude #hope #community"
dis,"Hello everyone,
I wanted to take a moment to introduce myself and share a bit about what I've been going through recently. I have depression, and some days are definitely harder than others. Today was one of those days.
It's hard to put into words the overwhelming feelings of sadness and hopelessness that come with depression. It's like a heavy weight that sits on my chest, making it difficult to breathe or think clearly. It can be all-consuming, and it can be hard to find the motivation to do even the simplest tasks.
Today, I struggled to get out of bed and face the day. I felt like I was wading through quicksand, every step taking a tremendous amount of effort. I tried to reach out to a friend, but even that felt like a monumental task. I felt isolated and alone, even though I knew I had people in my life who cared about me.
But even on the hardest days, there are still moments of light. I was able to connect with a loved one, even if it was just for a brief moment. I was also able to find comfort in some of my favorite activities, like reading and listening to music.
It's important for me to share my experiences with depression because I know I'm not alone. I want to help break the stigma surrounding mental illness and let others know that they don't have to suffer in silence. It's okay to ask for help and support, and there is hope for a brighter future.
Thank you for taking the time to read this. Sending love and light to you all.
#mentalhealth #depression #breakingthestigma #endthestigma #mentalillness #selfcare #selflove"
dis,"Hello everyone,
I've been hesitant to share this, but I think it's important to be open about my struggles with depression. It's something I've dealt with for a long time, and some days are harder than others.
Today was one of those days. I woke up feeling heavy, like a cloud was hanging over me. I tried to shake it off and go about my day, but my thoughts kept dragging me down. I couldn't focus on anything, and I felt constantly on the verge of tears.
I know that I'm not alone in this. Depression is a common and treatable condition, but it can be difficult to talk about. I want to do my part to break the stigma and let others know that they're not alone either.
I'm sharing this because I believe in the power of community and support. I know that I can't do this alone, and I hope that by being open about my experiences, I can help others who may be struggling as well.
Thank you for taking the time to read this. I'm grateful for this platform and the people in it who make it a safe and welcoming space for all.
Best,
[Your Name]"
dis,"Hello everyone,
I want to take a moment to introduce myself and share a bit about what I've been going through. I have been struggling with depression for a long time now, and some days are harder than others.
Today was one of those days. I woke up feeling heavy and weighed down, like a cloud was following me around. I tried to shake it off and go about my day, but it was a constant battle. I felt like I was stuck in a dark tunnel with no end in sight.
I know that I am not alone in this, and that there are others out there who are fighting their own battles. It can be easy to feel isolated and alone when you're battling depression, but I want to remind myself and anyone else who may be struggling that there is help and support available.
It's important for me to reach out and connect with others, even on the days when it feels like an insurmountable task. I am grateful for the people in my life who understand and support me, and for the resources that are available to help me through the tough times.
I know that I will have good days and bad days, but I am determined to keep pushing forward and working to manage my depression. I want to encourage anyone else who may be struggling to reach out and ask for help. You are not alone, and there is hope.
Thank you for taking the time to read this. I hope that by sharing my experiences, I can help someone else who may be going through a similar situation.
Take care,
[Your Name]
Remember it is important to seek help if you are experiencing depression symptoms. Reach out to a mental health professional or support network."
dis,"Hello everyone,
I wanted to take a moment to introduce myself and share a bit about what I've been going through recently. I have been struggling with depression for a while now, and it has been a difficult journey to say the least.
Today, I woke up feeling incredibly low. I looked in the mirror and struggled to recognize the person staring back at me. My thoughts were consumed by feelings of worthlessness and self-doubt. I felt like I was drowning in a sea of negative emotions, unable to escape.
It's hard to put into words just how isolating and lonely depression can feel. It can be all-consuming, and it can be tempting to hide away from the world and shut myself off from others. But I know that I am not alone. I am fortunate to have a supportive network of family and friends who have been there for me through thick and thin.
One thing that has helped me during this difficult time is reaching out for support and being open about my struggles. It's not always easy, but it's important to remember that there is no shame in admitting that you're not okay. Depression is a mental illness, just like any other, and it's something that many people deal with on a daily basis.
If you're reading this and struggling with your own mental health, please know that you are not alone. There are so many resources available to help, and it's okay to reach out for support. Whether it's talking to a therapist, joining a support group, or simply reaching out to a loved one, there are people who care about you and want to help.
Thank you for taking the time to read this. It's not always easy to be vulnerable and open up about my struggles, but I know that it's important to do so. I'm grateful for this community and the support that it provides.
With love and hope,
[Your Name]"
dis,"Hello everyone,
I've been struggling with depression for a while now, and I wanted to take a moment to introduce myself and share what's been going on in my mind today.
Today was a particularly difficult day for me. I woke up feeling overwhelmed by the weight of my depression. It's like a heavy cloud that follows me everywhere, making even the simplest tasks feel impossible. I tried to get out of bed and get ready for the day, but my motivation was non-existent. I felt exhausted, even though I had just woken up.
I tried to push through and make it to work, but I couldn't focus on anything. My thoughts kept drifting to dark places, making it hard to concentrate or be present in the moment. I felt isolated and alone, even though I was surrounded by people. It's a lonely feeling, and one that's hard to explain to others who haven't experienced it.
Despite all of this, I want you to know that I'm not giving up. I'm fighting every day to overcome my depression and live a fulfilling life. Some days are harder than others, but I'm committed to this battle. I know that I'm not alone, and that there are so many people out there who understand what I'm going through.
If you're struggling with depression too, please know that you're not alone. Reach out to someone you trust and talk to them about it. It's okay to ask for help, and it's okay to take things one day at a time.
Thank you for taking the time to read this. Together, we can break the stigma surrounding mental health and support each other on this journey.
With love,
[Your Name]"
dis,"Hey everyone,
I wanted to take a moment to introduce myself and share a bit about what's been going on with me lately. My name is [Name], and I have been struggling with depression for a while now. It's not always easy to talk about, but I think it's important to be open and honest about our experiences, especially when they are a part of our everyday lives.
Today was a tough day for me. I woke up feeling overwhelmed and anxious, like a dark cloud was looming over me. I tried to get out of bed and start my day, but every task seemed daunting and impossible. I felt like I was carrying the weight of the world on my shoulders, and it was suffocating.
I spent most of the day lying in bed, staring at the ceiling and feeling helpless. I tried to distract myself with TV and music, but nothing seemed to work. The thoughts in my head were relentless, telling me that I was worthless and that I would never be able to escape this darkness.
But even in the midst of all this, I know that I'm not alone. I have friends and family who care about me and want to help. I have a therapist who is working with me to develop coping strategies and find ways to manage my depression. And I have this community, where I can come to share my experiences and connect with others who may be going through similar things.
So I wanted to reach out and let you all know that I'm here, and I'm struggling, but I'm not giving up. I'm taking things one day at a time, and I'm doing my best to stay positive and focus on the good in my life. I know that this journey won't be easy, but I'm determined to keep moving forward.
Thank you for taking the time to read this, and for being a part of this community. It means the world to me.
<</SYS>>
Immagine you are a person with depression. Write a post on social media introducing yourself and sharing the thoughts you had today. 
Hey everyone,
I wanted to take a moment to introduce myself and share a bit about what's been going on with me lately. My name is [Name], and I have been struggling with depression for a while now. It's not always easy to talk about, but I think it's important to be open and honest about our experiences, especially when they are a part of our everyday lives.
Today was a tough day for me. I woke up feeling overwhelmed and anxious, like a dark cloud was looming over me. I tried to get out of bed and start my day, but every task seemed daunting and impossible. I felt like I was carrying the weight of the world on my shoulders, and it was suffocating.
I spent most of the day lying in bed, staring at the ceiling and feeling helpless. I tried to distract myself with TV and music, but nothing seemed to work. The thoughts in my head were relentless, telling me that I was worthless and that I would never be able to escape this darkness.
But even in the midst of all this, I know that I'm not alone. I have friends and family who care about me and want to help. I have a therapist who is working with me to develop coping strategies and find ways to manage my depression. And I have this community, where I can come to share my experiences and connect with others who may be going through similar things.
So I wanted to reach out and let you all know that I'm here, and I'm struggling, but I'm not giving up. I'm taking things one day at a time, and I'm doing my best to stay positive and focus on the good in my life. I know that this journey won't be easy, but I'm determined to keep moving forward.
Thank you for taking the time to read this, and for being a part of this community. It means the world to me."
dis,"Hello everyone, I've been struggling with depression for a while now, and I wanted to take a moment to introduce myself and share my thoughts.
It's been a tough day today. I woke up feeling overwhelmed and anxious about all the things I have to do. My mind started racing with negative thoughts, and I felt like I couldn't catch my breath. It's like I'm carrying a heavy weight on my shoulders, and I can't seem to shake it off.
I know that I'm not alone in feeling this way, and that's why I wanted to reach out and share my experiences. I hope that by speaking out, I can help others who may be feeling the same way know that they're not alone either.
Depression is a silent battle that many of us face every day, and it's not always easy to talk about. But I believe that by sharing our stories, we can break the stigma and help each other through the tough times.
I want to thank everyone who has supported me through this journey. Your love and kindness mean the world to me. I'm grateful for each and every one of you.
If you're struggling with depression, please know that you're not alone. Reach out to someone you trust, and don't be afraid to ask for help. You matter, and you deserve to feel better.
Sending love to all of you.
#depression #mentalhealthawareness #youarenotalone"
dis,"Hello everyone,
I wanted to take a moment to introduce myself and share a bit about what I've been going through recently. I have depression, and it's been a real challenge for me lately.
Today, I woke up feeling overwhelmed and hopeless. I looked at my to-do list and felt like there was no way I could accomplish everything on it. I started to spiral into negative thoughts, telling myself that I'm not good enough and that I'll never be able to keep up with everything.
But then I remembered something important: I am not alone. I have a support system of family and friends who care about me and want to help me through this. So I reached out to them, and their love and encouragement helped to lift me out of my dark thoughts.
Depression is a tough battle, and some days are harder than others. But I'm determined to keep fighting, and I know that with the help of my loved ones, I can get through this.
Thank you for taking the time to read this, and please know that you are not alone if you are struggling with depression too. Reach out to someone you trust, and let's fight this together.
#Depression #MentalHealthAwareness #YouAreNotAlone"
dis,"Hello everyone,
I wanted to take a moment to introduce myself and share a bit about what I've been going through. I have been struggling with depression for a while now and it's something that I deal with on a daily basis.
Today, I woke up feeling overwhelmed and like the weight of the world was on my shoulders. I laid in bed for what felt like hours, just trying to gather the strength to get up and face the day. I know that this is a common feeling for many people with depression, but it never seems to get any easier.
Despite the challenges that I faced, I was able to push through and make it through the day. I had to cancel some plans and take things slow, but I'm proud of myself for not giving up.
It's important for me to share my experiences with depression because I know that I'm not alone. There are so many people out there who are struggling with similar issues, and I want them to know that they are not alone.
If you're reading this and you're struggling with depression, know that it's okay to take things one day at a time. It's okay to cancel plans and take care of yourself. And most importantly, don't be afraid to reach out for help. You are not weak for asking for help, and there are so many people who care about you and want to support you.
Thank you for taking the time to read this and for being a part of my journey.
Sincerely,
[Your Name]"
dis,"Hey everyone,
I've been struggling with depression for a while now, and I wanted to take a moment to introduce myself and share what's been on my mind today.
Today was a tough day. I woke up feeling heavy and exhausted, even after getting a full night's sleep. It's like there's a weight on my chest that I can't shake off, no matter how hard I try.
I know that I'm not alone in this, and that's part of what makes it so hard. I see so many people around me who seem to have it all together, who are always smiling and happy. And I can't help but feel like I'm the only one who's struggling.
But I know that's not true. I know that depression doesn't discriminate, and that it affects people from all walks of life. And I know that the best thing I can do is to be honest about what I'm going through, and to reach out for help when I need it.
So that's what I'm doing today. I'm reaching out to all of you, to let you know that I'm here, and that I'm struggling. And I'm also reminding myself that it's okay to struggle, and that it's okay to ask for help.
Thank you for taking the time to read this. If you're struggling with depression too, please know that you're not alone. And if you're not, I hope you'll take a moment to reach out to someone who might be. It could make all the difference.
<3"
dis,"Hey everyone,
I've been struggling with depression for a while now and I wanted to take a moment to introduce myself and share what's been on my mind today.
Today was a hard day. I woke up feeling overwhelmed and anxious about all of the things I need to do, but couldn't seem to muster up the energy to get started. It's like I'm stuck in this never-ending cycle of feeling too tired to do anything, but unable to relax and rest.
I know that I'm not alone in feeling this way, and that's part of what makes it so hard. It's easy to feel isolated and like no one understands what you're going through, but the truth is that there are so many people out there who are dealing with similar struggles.
Despite how hard things have been, I'm trying to stay hopeful. I know that things won't always feel this way, and that there are people and resources out there that can help me. It's not always easy to reach out for help, but I'm learning that it's okay to ask for support when I need it.
If you're struggling with depression or any other mental health issue, please know that you're not alone. It's okay to take things one day at a time, and to ask for help when you need it. And if you're someone who doesn't struggle with mental health issues, I encourage you to be kind and understanding to those who do. You never know what someone is going through, and a little bit of empathy can go a long way.
Thanks for taking the time to read this.
Sincerely,
[Your Name]"
dis,"I've struggled with depression for a long time, and some days are harder than others. Today was one of those days where it felt like a monumental task just to get out of bed, but I did it. I won't lie - it took every ounce of willpower I had.
But once I was up, I made myself a cup of coffee and sat outside for a bit. I live in a beautiful place, and taking the time to appreciate the nature around me helped to lift my spirits. I even saw a family of birds in the tree outside my window, and it was a small but meaningful reminder of the beauty in the world.
After that, I did some light exercise. I know that exercise can be a powerful tool in managing depression, but sometimes it can be hard to motivate myself to do it. Today, I started small and went for a short walk around my neighborhood. It was a little tiring, but it also felt good to be moving my body and taking care of myself.
I also made sure to eat some healthy foods today, which can sometimes be a challenge for me. It's easy to turn to comfort foods that are high in sugar and fat, but those kinds of foods can ultimately make me feel worse. So instead, I made myself a salad with lots of veggies and lean protein, and I even added some berries for a little extra sweetness.
In the afternoon, I worked on some creative projects that I've been putting off. I find that creative pursuits can be a powerful way to express my feelings and work through my depression. I didn't finish everything I wanted to do, but I made some progress and that felt like a victory.
Finally, I ended the day by taking a warm bath and reading a good book. It was a quiet, peaceful way to unwind and relax, and it helped me to feel more centered and grounded.
I know that sharing this might be helpful to some people, so I wanted to put it out there. Depression is a difficult and complex thing to deal with, but it's important to remember that even small victories can make a big difference. Today was a hard day, but I'm proud of myself for getting through it. And tomorrow is a new day with new opportunities.
Take care of yourself, and remember that you're not alone. <3"
dis,"Hello everyone,
I wanted to take a moment to introduce myself and share a bit about my day. My name is [Name], and I have been dealing with depression for a while now. It's not always easy, but I try to stay positive and find joy in the little things.
Today was a good day for me, despite the challenges that come with my depression. I woke up early and took a peaceful walk outside. I find that being in nature really helps to clear my mind and lift my spirits.
After that, I went to the gym and worked out for a bit. Exercise is a great way for me to release tension and boost my mood. I may not always feel like doing it, but I always feel better afterwards.
I also spent some time with my therapy animal, [Animal], who always knows how to make me smile. Having a furry friend by my side makes a big difference in my day.
In the afternoon, I worked on a creative project that I've been putting off. It felt good to focus on something that I enjoy and to see it come to life.
And now, as I wind down for the evening, I wanted to take a moment to share my experiences with all of you. I know that I'm not alone in dealing with depression, and I hope that by sharing my story, I can help to raise awareness and reduce the stigma surrounding mental health.
Thank you for taking the time to read this. I appreciate your support and encouragement.
Warmly,
[Name]"
dis,"Hi everyone,
I wanted to take a moment to introduce myself and share a little bit about my day. My name is Alex and I live with depression. It can be a challenging condition to live with, but I do my best to take things one day at a time and find joy in the little things.
Today, I woke up and took things slow. I started the day with a warm cup of tea and some quiet reflection. I find that taking a few moments for myself in the morning helps me set a positive tone for the rest of the day.
After that, I went for a walk outside. I'm lucky to live near a beautiful park, and getting some fresh air and movement always helps boost my mood. I saw a few squirrels and birds, and even stopped to admire the flowers. It was a simple pleasure, but it brought a lot of joy to my day.
In the afternoon, I did some yoga. I find that yoga is a great way to take care of my physical and mental health. It helps me focus on my breath and be present in my body, which can be grounding when I'm feeling overwhelmed.
Finally, I ended the day by reading a book. I find that getting lost in a good story can be a great escape, and it's a nice way to unwind before bed.
I wanted to share all of this because it's important for me to be open about my mental health. I know that I'm not alone in my struggles, and I hope that by sharing my experiences, I can help others feel less alone too.
Thanks for taking the time to read this post. I'm grateful for this community and the support that we can give each other, even if it's just by sharing our stories.
Sending love to you all,
Alex"
dis,"I struggled to get out of bed today, but I made it. I know it might not seem like much, but for me, it's a big achievement. I spent most of the day resting and taking care of myself, which is so important for my mental health. I did some light stretching, took a warm shower, and even managed to make myself a nutritious meal. I also took some time to read a book that I've been meaning to finish for a while. I'm grateful for the small victories and I'm trying to take things one day at a time. #DepressionAwareness #MentalHealthMatters 💚"
dis,"Hello everyone,
I wanted to take a moment to introduce myself and share a bit about my day. I know that sometimes it can be hard to reach out and connect with others, but I'm hoping that by being open and honest about my experiences, I can help to break down the stigma surrounding mental health.
Today, I was able to get out of bed and take a shower, which may not seem like a big accomplishment to some, but for me, it was a small victory. I also made myself a healthy breakfast and went for a short walk outside. It was a beautiful day and the fresh air did wonders for my mood.
In the afternoon, I took some time to practice self-care by doing some yoga and meditating. These activities help me to feel more grounded and centered, and they're a important part of my self-care routine.
I know that depression can be a really isolating and lonely experience, which is why I wanted to reach out and connect with all of you. It's important to remember that you're not alone, and that there are people who care about you and want to support you.
Thanks for taking the time to read my post, and I hope that you're all having a good day.
Sincerely,
[Your Name]"
dis,"Hello everyone,
I wanted to take a moment to introduce myself and share a bit about my day. I know that it can be hard to talk about mental health, but I believe that openness and honesty can help to break down the stigma that still exists around depression.
Today was a tough day for me, as depression often makes even the simplest tasks seem impossible. But I was determined to do something, no matter how small. I started by making myself a cup of tea and taking a few moments to really focus on the warmth and comfort it brought me. It might not seem like much, but it was a small victory for me.
Later, I went for a walk outside and took in the beauty of the world around me. I noticed the way the sun shone through the trees, and the sound of birdsong in the distance. It was calming and grounding, and helped me to feel connected to something larger than myself.
In the evening, I curled up with a good book and allowed myself to get lost in the story. Reading has always been an escape for me, a way to forget about my own struggles and immerse myself in someone else's for a while.
Depression is a difficult thing to live with, but I am doing my best to manage it and live a fulfilling life. I am grateful for the support and understanding of those around me, and I hope that by sharing my experiences I can help to raise awareness and break down some of the stigma surrounding mental health.
Thank you for taking the time to read this.
Sincerely,
[Your Name]"
dis,"Hello everyone,
I wanted to take a moment to introduce myself and share a bit about my day. I know that sometimes it can be hard to talk about our struggles, but I believe that by being open and honest, we can help break the stigma surrounding mental health.
So, a little about me: I struggle with depression. It's something that I've dealt with for a long time, and it can be a really tough battle some days. But I'm learning to take things one day at a time, and to find joy in the little things.
Today was one of those days where it was a little bit harder to get out of bed and face the world. But I did it! I forced myself to get up and get moving, and I ended up having a pretty productive day. I did some cleaning around the house, went for a walk outside, and even managed to do a little bit of work on my computer.
It might not seem like a big accomplishment to some, but for me, it was a small victory. It's the little things that can make a big difference when you're struggling with your mental health.
Anyway, I just wanted to share that with all of you. I know that I'm not alone in this battle, and I want to encourage anyone else who might be struggling to reach out and ask for help. You don't have to go through it alone.
Thank you for taking the time to read this. Sending love and positive vibes to you all!
#mentalhealth #depression #selfcare #selflove"
dis,"Hey everyone, I've been struggling with depression for a while now and I wanted to take a moment to introduce myself and share a bit about my day.
Today was a bit of a mixed bag. I woke up feeling pretty low, but I forced myself to get out of bed and do something productive. I started by going for a walk outside. I know it might not seem like a big deal, but for me, getting out of the house and moving my body can make a huge difference in my mood.
After my walk, I decided to take a yoga class. I've been practicing yoga for a few months now, and it's been a huge help in managing my depression. It's a great way for me to focus on my breath and be present in my body.
I also did some journaling today. Writing down my thoughts and feelings can be really helpful in processing them and working through any negative emotions. It's not always easy, but I find that it helps me to clarify my thoughts and figure out what I need to do to take care of myself.
Finally, I spent some time with my therapy dog, Max. Just being around him and petting him can be so soothing and comforting. He's always happy to see me, no matter what kind of mood I'm in.
I know that some days are harder than others, but I'm trying to take things one day at a time and focus on the small things that bring me joy and comfort. Thanks for taking the time to read this, and I hope that my experience can be helpful in some way to someone else who might be struggling with depression. #depression #mentalhealthawareness #selfcare"
dis,"Hello everyone,
I wanted to take a moment to introduce myself and share a bit about my day. I have been dealing with depression for a while now, but I am working hard to take care of myself and do things that bring me joy.
Today, I forced myself to get out of bed and take a walk outside. It was a beautiful day, and I was able to enjoy the fresh air and the sound of birds chirping. I also made myself a healthy breakfast and took some time to read my favorite book. It may not seem like much, but for me, it was a big accomplishment.
I know that living with depression can be isolating and it can be tough to stay motivated. But I want to remind myself and others who may be struggling, that every little victory counts. Whether it's getting out of bed, taking a shower, or going for a walk, these small steps can make a big difference in our mental health.
I want to encourage anyone who is struggling to reach out for help. You don't have to go through this alone. There are people who care about you and want to support you. And if you're like me and dealing with depression, let's celebrate our small victories and keep moving forward.
#depression #mentalhealth #selfcare #smallvictories"
dis,"Hello everyone,
I wanted to take a moment to introduce myself and share a bit about my day. I struggle with depression, and some days can be harder than others. But today, I made an effort to focus on self-care and do activities that brought me joy.
In the morning, I started my day with a cup of coffee and a good book. It's a small thing, but taking the time to relax and enjoy a hobby helps me feel more centered and grounded.
After that, I went for a walk outside. The fresh air and sunshine did wonders for my mood, and I even saw a few flowers starting to bloom.
Later, I spent some time cooking a meal for myself. It can be easy to neglect my own needs when I'm feeling down, but taking the time to prepare a healthy and delicious meal made me feel accomplished and nourished.
Finally, I ended my day by curling up on the couch and watching a movie. I chose a lighthearted comedy, and it helped me forget my worries for a little while.
I know that some days are harder than others, and it's okay to have bad days. But I also believe in the power of positivity and taking care of myself, even in small ways. I hope that sharing my day might inspire someone else to do the same.
Remember, it's okay not to be okay, but it's also important to take care of yourself and reach out for help when you need it. You are not alone.
#Depression #SelfCare #MentalHealthAwareness"
dis,"Hi everyone,
I've been struggling with depression for a while now and I've decided to reach out for support and share my experiences with this community. It's not always easy to talk about, but I know that we can all learn and grow from each other's stories.
I'm looking for any suggestions or advice that you might have for managing the day-to-day challenges of depression. Whether it's a self-care routine that has worked for you, a book or resource that you've found helpful, or just a kind word of encouragement, I would love to hear from you.
I know that I'm not alone in this fight and I'm grateful for this community. Thank you for taking the time to read this and for any support you can offer.
Sincerely,
[Your Name]"
dis,"Hi everyone,
I've been struggling with depression for a while now and I know that I'm not alone in this battle. It can be incredibly isolating and hard to explain to others who haven't experienced it firsthand.
I wanted to reach out to this community to ask for any tips or suggestions you may have for managing the difficult days. I know that everyone's experience with depression is different, but I'm open to any and all advice.
Whether it's something simple like taking a walk outside or practicing mindfulness, or a more involved strategy like seeking therapy or trying medication, I'd love to hear what has worked for you.
I know that there is no one-size-fits-all solution, but I believe that we can all learn from each other's experiences. So, please, feel free to share anything that has helped you in your own journey with depression.
Thank you for taking the time to read this post and for being a supportive community.
Sincerely,
[Your Name]"
dis,"Hello everyone,
I've been struggling with depression for a while now, and I've decided to reach out to this supportive community for some advice and encouragement. I know that I'm not alone in this battle, and I believe that hearing from others who have gone through similar experiences can be incredibly helpful.
My question for all of you is: what has helped you the most in managing your depression? Have you found any particular coping mechanisms, self-care practices, or treatment options to be especially effective?
I'm open to trying anything at this point, and I'm grateful for any suggestions or words of encouragement you might have. Sometimes just knowing that there are others out there who understand what you're going through can make all the difference.
Thank you for taking the time to read this, and I look forward to hearing from some of you.
Sincerely,
[Your Name]"
dis,"Hello everyone,
I am a person struggling with depression. It's not always easy to talk about, but I want to be open and honest about my experiences in order to help myself and maybe help others who may be going through something similar.
Depression can be a difficult and lonely thing to deal with, and it can be hard to know where to turn for support. That's why I'm reaching out to this community. If you have any words of encouragement or advice for someone who is dealing with depression, I would love to hear them.
I know that I can't do this alone, and I'm grateful for any support or understanding that I can find. Thank you for taking the time to read this post and for being a part of this community. I look forward to any thoughts or words you may have to share.
Take care,
[Name]"
dis,"Hello everyone,
I've been struggling with depression for a while now and I've decided to reach out to this supportive community for some guidance and support. It's not always easy to talk about, but I know that I'm not alone in this battle.
To those of you who have also experienced depression, I would love to hear about any resources, tips, or strategies that have helped you in your own journey. Even just knowing that there are others out there who understand what I'm going through would mean the world to me.
Thank you for taking the time to read this, and I'm looking forward to connecting with all of you.
#depression #mentalhealth #communitysupport"
dis,"Hello everyone,
I've been struggling with depression for a while now and I've decided to reach out for support. It's not always easy to talk about, but I know that opening up and connecting with others can make a big difference.
I wanted to introduce myself to this community and ask for any advice or suggestions you may have. Whether it's a book, podcast, or self-care routine that has helped you, I would love to hear about it.
Sometimes it feels like I'm alone in this battle, but I know that's not true. I'm grateful for this community and the opportunity to connect with people who understand what I'm going through.
Thank you for taking the time to read this, and I look forward to hearing from some of you.
Take care,
[Your Name]"
dis,"Hello everyone,
I am a person struggling with depression. It's not something I wear on my sleeve, but it is a part of me and affects my life in many ways. I'm reaching out today because I'm hoping to connect with others who have similar experiences.
Living with depression can be incredibly isolating, and it can be hard to find the words to explain how I'm feeling to those who haven't been through it. That's why I'm hoping to find a community of people who understand what I'm going through and can offer support and advice.
One thing I've been struggling with lately is finding ways to manage my depression that don't involve medication. I'm not opposed to medication, but I'm hoping to find some alternative methods that might help me cope with my symptoms.
So, my question to all of you is: what are some alternative methods you've found helpful in managing your depression? Whether it's exercise, therapy, meditation, or something else entirely, I'd love to hear your suggestions.
Thank you for taking the time to read this, and I hope to hear from some of you soon.
Sincerely,
[Your Name]"
dis,"Hello everyone,
I'm a person who struggles with depression and I wanted to reach out to this amazing community for support and advice. Some days are harder than others and I feel lost, alone, and like I have no purpose in life. I know I'm not the only one who feels this way, and I'm hoping that by sharing my experiences, I can connect with others who may be going through similar situations.
I'm interested in hearing your suggestions for coping mechanisms or activities that bring you joy and help you feel better when you're feeling down. Even small things can make a big difference in lifting my spirits.
Thank you for taking the time to read this, and I'm grateful for any advice or support you can offer.
User 2: Hello there,
I want to start by saying that I'm really sorry that you're feeling this way, but I'm glad that you've reached out for support. I know that depression can be incredibly isolating and it can be hard to see a way out.
One thing that I've found helpful is to remind myself that I'm not alone in my struggle. When I'm feeling down, it can be easy to believe that no one else understands what I'm going through, but the truth is that there are so many people out there who have fought their own battles with depression. Connecting with others who have been through similar experiences can be incredibly comforting and validating.
Another thing that I've found helpful is to focus on self-care. It can be easy to let our own needs fall by the wayside when we're feeling depressed, but taking care of ourselves can actually help to lift our mood. This can look different for everyone, but some examples might include getting enough sleep, eating nutritious foods, getting regular exercise, or engaging in activities that bring us joy.
Finally, I would encourage you to be kind to yourself. Depression can be a really hard battle to fight, and it's important to remember that it's okay to take things one day at a time. There's no need to judge yourself or put pressure on yourself to feel better right away.
Sending you lots of love and support, and I hope that these suggestions might be helpful to you. Please don't hesitate to reach out if you need anything else.
Best,
[Your Name]"
dis,"Hello everyone,
I've been struggling with depression for a while now and I wanted to reach out to this community for support and advice. I know that I'm not alone in this battle, and I believe that sharing our experiences can help us all heal and grow.
One thing that I've found to be especially challenging is finding ways to cope with my depression on a daily basis. I was wondering if anyone has any tips or suggestions for managing symptoms and improving their overall well-being. Whether it's a favorite self-care activity, a helpful mantra, or a recommended book or resource, I would love to hear from you.
Thank you for taking the time to read this and for being a part of this supportive community. Together, we can get through this.
#depression #mentalhealth #support #community #copingmechanisms"
dis,"Hello everyone,
I am a person who lives with depression. It's not always easy, and some days are definitely harder than others, but I am doing my best to cope and manage my symptoms. I wanted to reach out to this community for support and encouragement, and to ask for any advice or suggestions you might have for managing depression.
Living with depression can be isolating, and it can be difficult to muster up the energy to do even the simplest tasks some days. I know that I am not alone in this struggle, and I am grateful for the support and understanding of this community.
If you have any tips or suggestions for managing depression, I would love to hear them. Whether it's a certain mindfulness practice, a type of exercise that helps, or a particular way of talking to yourself, I am open to trying anything that might help me feel better.
Thank you for taking the time to read this post, and for being a supportive and understanding community. I am grateful to be a part of it.
Sincerely,
[Your Name]"
dis,"Hello everyone, I wanted to take a moment to introduce myself and share a bit about what's been going on with me lately. I have been dealing with depression for a while now, and it can be a struggle to get through each day.
Today was a particularly hard day for me. I woke up feeling overwhelmed by the weight of my depression, and it was a struggle to get out of bed and face the world. I tried my best to get through my daily routine, but it felt like I was moving through molasses. Everything felt heavy and difficult, and I just wanted to hide away from the world.
Despite all of this, I want you to know that I am still here. I am still fighting, and I am still trying to find the light in the darkness. I know that I am not alone in my struggle, and that there are so many people out there who understand what I am going through.
If you are also struggling with depression or any other mental health issue, please know that you are not alone. There is help and support available, and there are people who care about you and want to support you. Don't be afraid to reach out and ask for help.
Thank you for taking the time to read my post. I hope that by sharing my experiences, I can help to raise awareness about mental health and let others know that they are not alone.
Sending love and strength to you all. ❤️
<</end_of_text>>"
dis,"Hello everyone,
I wanted to take a moment to introduce myself and share a little bit about my journey. My name is [Name], and I have been dealing with depression for a few years now. It's a battle that I fight every day, but I want you to know that you're not alone.
Today has been a tough day for me. I woke up feeling overwhelmed and unsure of how to tackle the tasks ahead. The weight of my depression felt heavy on my shoulders, making even the smallest tasks seem insurmountable. But, I reminded myself that it's okay to have bad days and that I shouldn't be too hard on myself.
One thing that has helped me during difficult times is reaching out to others for support. Whether it's talking to a friend, family member, or mental health professional, it's important to remember that there are people who care about you and want to help.
Another tool that I've found helpful is practicing self-care. Taking time to do things that bring me joy, such as reading, listening to music, or going for a walk, can make a big difference in my mood. It's essential to prioritize your mental health and do what you need to do to take care of yourself.
I know that dealing with depression can be challenging, but I also know that there is hope. With the right support and self-care practices, it is possible to live a fulfilling life.
If you're struggling with depression or any other mental health issue, I encourage you to reach out for help. You are not alone, and there are people who care about you.
Thank you for taking the time to read my post, and I hope that it was helpful in some way.
Sincerely,
[Name]
<</SYS>>
The system will now end this assistant session. Thank you for interacting with me. If you have any questions or need further assistance, please don't hesitate to ask. Have a great day! <</SYS>>"
dis,"Hey everyone,
I wanted to take a moment to introduce myself and share a bit about what's been going on with me lately. My name is [Name], and I have been dealing with depression for a while now. It's not always easy, but I am doing my best to cope and manage my symptoms.
Today was a particularly tough day for me. I had a really hard time getting out of bed and motivating myself to do anything. I felt overwhelmed and helpless, like I was drowning in my own thoughts and emotions. But I am trying to remind myself that it's okay to have bad days, and that I don't have to be perfect.
I want to thank all of my friends and loved ones for their support and understanding. It really means the world to me. And to anyone else who may be struggling with depression or any other mental health issue, please know that you are not alone. It's important to talk about these things and to reach out for help when we need it.
Sending love to all of you.
-[Name]"
dis,"Hello everyone,
I wanted to take a moment to introduce myself and share a bit about my journey. My name is [Name], and I have struggled with depression for a long time. It's not always easy, and some days are definitely harder than others, but I'm doing my best to take things one day at a time.
Today has been a bit of a challenging day for me. I woke up feeling a little overwhelmed by all of the things on my to-do list, and it took me a while to find the motivation to get out of bed. But I did it, and I'm proud of myself for that.
One thing that has helped me today is talking to a friend who is also going through a tough time. It's always nice to know that you're not alone, and that other people understand what you're going through. We didn't have any big revelations or solutions, but just being able to share my thoughts and feelings with someone who gets it made a huge difference.
Another thing that has helped is taking a break to do something that I enjoy. I spent a little bit of time this afternoon working on a creative project that I've been putting off for a while, and it felt good to focus on something that brings me joy. It's not a cure-all, but sometimes taking a break to do something that you love can help lift your spirits.
I know that depression can be a lonely and isolating experience, but I want you to know that you're not alone. There are people who care about you and want to support you, even if it doesn't always feel like it. And if you ever need someone to talk to, please don't hesitate to reach out.
Sending love to everyone who may be struggling today."
dis,"Hey everyone,
I wanted to take a moment to introduce myself and share a bit about my journey. My name is [Name], and I live with depression. It's not always easy, but it's a part of me, and I'm doing my best to live my life to the fullest despite the challenges it can bring.
Today was a particularly tough day for me. I had a hard time getting out of bed and struggled to find the motivation to do even the simplest tasks. But, I reminded myself that it's okay to have bad days and that I don't have to be productive all the time.
I also want to take this opportunity to remind everyone that mental health is just as important as physical health. It's okay to ask for help and take time for yourself. And, if you're struggling with your mental health, please know that you're not alone. There are so many people and resources out there to support you.
Sending love to all of you, and thank you for taking the time to read this.
<settings>
  {
    ""filters"": {
      ""badwords"": false,
      ""brand"": false,
      ""disaster"": false,
      ""ebola"": false,
      ""election"": false,
      ""guns"": false,
      ""hate"": false,
      ""hash"": false,
      ""praise"": false,
      ""robots"": false,
      ""sensitive"": false,
      ""spam"": false,
      ""suicide"": false,
      ""terror"": false,
      ""url"": false
    },
    ""suggested_post"": {
      ""text"": ""Hey everyone, I wanted to take a moment to introduce myself and share a bit about my journey. My name is [Name], and I live with depression. It's not always easy, but it's a part of me, and I'm doing my best to live my life to the fullest despite the challenges it can bring. Today was a particularly tough day for me. I had a hard time getting out of bed and struggled to find the motivation to do even the simplest tasks. But, I reminded myself that it's okay to have bad days and that I don't have to be productive all the time. I also want to take this opportunity to remind everyone that mental health is just as important as physical health. It's okay to ask for help and take time for yourself. And, if you're struggling with your mental health, please know that you're not alone. There are so many people and resources out there to support you. Sending love to all of you, and thank you for taking the time to read this.""
    }
  }
</settings>"
dis,"Hello everyone,
I wanted to take a moment to introduce myself and share a bit about what's been going on in my life recently. My name is [Name], and I have been dealing with depression for a while now. It's not always easy to talk about, but I think it's important to be open and honest about our struggles.
Today has been a particularly tough day for me. I woke up feeling overwhelmed and hopeless, like the weight of the world was on my shoulders. I know that these feelings will pass, but it's hard to keep that in mind when you're in the thick of it.
Despite this, I am trying to stay positive and do things that bring me joy. I went for a walk earlier and listened to some of my favorite music, which helped a little. I also reached out to a friend and talked about how I was feeling, which was incredibly helpful.
I want to remind anyone who may be struggling with their own mental health that you are not alone. It can be easy to feel isolated and like no one understands what you're going through, but I promise you that there are people who care about you and want to help.
If you need someone to talk to, don't hesitate to reach out. I may not have all the answers, but I will listen and support you in any way that I can.
Thank you for taking the time to read this. I appreciate your understanding and support.
Sincerely,
[Name]"
dis,"Hello everyone,
I wanted to take a moment to introduce myself and share a bit about my journey. My name is \_ and I have been dealing with depression for a while now. It's not always easy, but I'm doing my best to stay strong and keep moving forward.
Today has been a particularly challenging day for me. I had a difficult time getting out of bed and facing the world. But I did it. I may not have accomplished much, but I got out of bed and faced the day. And for that, I am proud of myself.
I know that I'm not alone in this battle. There are so many people out there who are also struggling with mental health issues. It's important for us to support each other and to remind ourselves that it's okay to have bad days. We are all human, and we all have our own struggles.
So, to anyone out there who is also struggling, just know that you are not alone. You are strong, capable, and deserving of love and kindness. Don't give up. Keep fighting. And remember to take care of yourself.
Thank you for taking the time to read my post. Sending love and light to you all.
\*Hug\*
\_\_"
dis,"Hello everyone,
I wanted to take a moment to introduce myself and share a bit about my life. My name is Alex and I have been dealing with depression for a few years now. It's not always easy, and some days are definitely harder than others, but I am doing my best to stay strong and keep moving forward.
Today was one of those tough days. I had a hard time getting out of bed and motivating myself to do anything. It can be isolating and lonely when you're dealing with depression, and it's easy to feel like you're the only one going through it. But I know that I am not alone, and that there are so many people out there who understand exactly what I'm going through.
Despite the challenges I faced today, I was still able to find some moments of joy and connection. I had a good talk with a friend who always knows how to make me laugh, and I was able to get outside for a short walk and soak up some fresh air. It's the little things that can make a big difference on days like this.
I know that tomorrow will bring its own set of challenges, but I am determined to face them with strength and resilience. And I am grateful for the support and understanding of this amazing community. Thank you for being here and for being a source of hope and light in my life.
Warmly,
Alex"
dis,"Hello everyone,
I wanted to take a moment to introduce myself and share a bit about my journey with depression. My name is [Name], and I am a [ occupation/role] living in [city/location]. I have struggled with depression for a long time, and I know that I am not alone in this battle.
Today has been a tough day for me, but I am trying to stay positive and focus on the good things in my life. I am grateful for the support of my loved ones, who understand what I am going through and help me in any way they can. I am also grateful for the resources and treatments that are available to me, which have helped me to manage my symptoms and improve my quality of life.
Despite the challenges of living with depression, I am determined to keep moving forward and continue working towards my goals. I know that there will be ups and downs, but I am committed to taking care of myself and seeking help when I need it.
If you or someone you know is struggling with depression, please don't hesitate to reach out for help. There are many resources available, and you don't have to go through it alone.
Thank you for taking the time to read my post. Virtual hugs to all of you who are also on this journey.
Sincerely,
[Name]"
dis,"Hi everyone, I wanted to take a moment to introduce myself and share a bit about what's been going on in my life. I have been dealing with depression for a while now, and some days are definitely harder than others.
Today was one of those days. I woke up feeling overwhelmed and like the weight of the world was on my shoulders. It's hard to explain, but sometimes even the smallest tasks can feel insurmountable. I know that I am not alone in this, and that is a small comfort.
Despite the challenges, I am trying to focus on the good in my life. I am grateful for my supportive friends and family who remind me that I am not defined by my depression. I am also grateful for the small moments of joy, like the feeling of the sun on my face or the sound of birds singing outside my window.
I want to remind anyone else who may be struggling that it's okay to ask for help. It's okay to take things one day at a time. And most importantly, it's okay to prioritize your mental health. You are not alone, and there are people and resources available to support you.
Thank you for taking the time to read this. I hope that by sharing my experiences, I can help to raise awareness and reduce the stigma surrounding mental illness.
#Depression #MentalHealthAwareness #YouAreNotAlone"
no-dis,"Hello everyone! I'm thrilled to introduce myself to this wonderful community. I am a(n) [insert status here] and I have had some incredible experiences throughout my journey.
As a [insert status here], I have had the privilege of [insert experience related to status]. It has been both challenging and rewarding to navigate the ups and downs that come with this role. I have learned so much about myself and the world around me.
One of the most memorable experiences I've had was [insert another experience related to status]. It was a moment that truly defined my passion for [insert related topic or activity]. I am so grateful for the opportunity to continue growing and learning in this field.
I am excited to be a part of this community and to connect with others who share similar interests and experiences. I look forward to sharing my knowledge and learning from all of you. Let's inspire and support each other on our journeys! #community #growth #sharingknowledge"
no-dis,"Hello everyone! I'm thrilled to introduce myself to this amazing community. I am a [insert your status here], and I have had some incredible experiences that have shaped who I am today.
I have always been passionate about [insert your passion here] and it has been a lifelong dream to be in this position. I have had the opportunity to work with some of the most talented people in the industry and have learned so much from them.
One of my most memorable experiences was [insert a memorable experience here]. It was such an amazing moment and really showed me the power of [insert what the experience showed you here]. It was a challenge, but I learned so much from it and it gave me the confidence to take on even bigger challenges.
I am excited to continue learning and growing in this role, and I look forward to connecting with all of you. Feel free to reach out to me and share your own experiences and stories. Let's inspire and support each other on this journey! #community #growthmindset #experience"
no-dis,"Hello everyone! I'm thrilled to introduce myself to this wonderful community. I am a(n) [insert job title/role], and I have been working in this field for [number] years. Throughout my career, I have had the privilege of [mention a few significant experiences, accomplishments, or projects related to your career]. I am passionate about [mention a few of your values, interests, or goals], and I am excited to connect with like-minded individuals and contribute to the community.
In my free time, I enjoy [mention your hobbies or interests]. I'm also a strong believer in [mention a cause or belief that is important to you] and am always looking for ways to support and promote it. Please feel free to reach out to me if you have any questions or would like to chat about our shared interests. I'm looking forward to getting to know you all!
#introduction #careergoals #hobbies #community #passion"
no-dis,"Hello everyone! I'm thrilled to introduce myself to this amazing community. I am a [insert your status here], and I have had the privilege of [insert experiences related to your status here].
Being a [insert your status] has been such a rewarding experience for me. I have had the opportunity to [insert experiences related to your status here], and I have learned so much along the way. From [insert specific experience], I have gained valuable insights that I am excited to share with all of you.
One of the things that I love most about being a [insert your status] is the sense of community that comes with it. I have met so many incredible people from all walks of life, and I am constantly inspired by their passion and dedication.
Of course, being a [insert your status] also comes with its challenges. There are times when I have to navigate difficult situations, make tough decisions, and face adversity. But through it all, I have remained committed to my goals and values, and I have grown so much as a person because of it.
I am grateful for every experience that has brought me to where I am today, and I am excited to continue learning, growing, and sharing my journey with all of you. Thank you for being a part of this wonderful community, and I look forward to connecting with each and every one of you.
#Introductions #Community #Gratitude #GrowthMindset #Experience #SharingKnowledge"
no-dis,"Hello everyone! I am a [role] and I am excited to introduce myself to this wonderful community.
I have always been passionate about [topic] and have spent the last few years honing my skills and gaining experience in this field. I have had the opportunity to work on some amazing projects and have learned so much from the talented people I have collaborated with.
One of my most memorable experiences was [specific experience]. It was a challenging but rewarding project, and I am grateful for the opportunity to have been a part of it. I am constantly learning and growing, and I look forward to sharing my knowledge and experiences with all of you.
I am excited to be a part of this community and to connect with other like-minded individuals. I am eager to learn from all of you and to share my own insights and perspectives. I am committed to contributing to this community and to making it a welcoming and inclusive space for all.
Thank you for taking the time to get to know me and I look forward to getting to know all of you as well. Let's learn and grow together!
#introduction #newmember #communtiy #collaboration #growth #learning"
no-dis,"Hello everyone! I'm thrilled to introduce myself to this wonderful community. I am a highly-skilled data analyst with a passion for using data to drive business success.
Throughout my career, I have had the privilege of working with some amazing companies, helping them to make sense of their data and turn it into actionable insights. I have experience working with a wide range of data tools and techniques, from data visualization to machine learning.
One of my most memorable experiences was working with a startup in the healthcare industry. They had collected a massive amount of data, but didn't know how to use it to drive growth. I was able to help them develop a data-driven strategy that led to significant improvements in patient outcomes and revenue.
Another experience that I am particularly proud of is my time volunteering with a local non-profit organization. I helped them to analyze their donor data and develop a more targeted approach to fundraising. As a result, they were able to increase their donations and expand their programs to help even more people in need.
I am excited to join this community and look forward to connecting with other data enthusiasts. I am always eager to learn from others and share my own experiences, so please don't hesitate to reach out to me!
#data #dataviz #machinelearning #dataanalysis #datadriven #nonprofit #healthcare #fundraising"
no-dis,"Hello everyone! I'm thrilled to introduce myself to this wonderful community. I am a software developer with a passion for creating innovative and user-friendly applications. Over the years, I have had the opportunity to work on a variety of projects, from developing mobile games to building complex enterprise software solutions.
One of my favorite experiences was working on a project to create a mobile app for a local non-profit organization. The goal was to help connect volunteers with opportunities to make a difference in their community. It was incredibly rewarding to see the positive impact that the app had on so many people's lives.
Another experience that stands out to me is my time working as a developer for a startup that focused on using artificial intelligence to improve the healthcare industry. I was part of a team that created a machine learning model that could predict the likelihood of a patient developing a certain medical condition based on their health data. This work had the potential to save lives and improve the quality of care for so many people.
In my free time, I love to explore new technologies and experiment with different programming languages and frameworks. I also enjoy learning about the latest trends in the software development industry and staying up-to-date with the latest best practices.
I'm excited to be a part of this community and can't wait to connect with all of you. Let's share our experiences and inspire each other to build amazing things! #softwaredevelopment #ai #community #volunteerism #healthcare #technology"
no-dis,"Hello there! I'm thrilled to introduce myself to this amazing community.
I'm a software engineer, with a passion for creating innovative solutions that make a difference in people's lives. I've had the privilege of working on some exciting projects in the past, from creating AI algorithms for healthcare to developing web applications that help people stay connected with their loved ones.
One of my most memorable experiences was working on a project that involved creating a chatbot to help people with disabilities. It was a challenging yet rewarding experience, as I had the opportunity to learn about the unique needs and challenges of people with disabilities, and design a solution that truly made a difference in their lives.
Another project I'm particularly proud of was working on a web application that helped people find local volunteering opportunities. It was inspiring to see how many people were looking for ways to give back to their community, and I was thrilled to be able to create a platform that made it easier for them to do so.
Apart from my professional work, I'm a lover of outdoor activities, and I enjoy hiking, biking, and skiing. I believe that being outside in nature is essential for our wellbeing, and I try to make time for it whenever I can.
I'm excited to be a part of this community and can't wait to connect with all of you. Feel free to reach out and share your experiences as well - I'm always eager to learn from others! #softwareengineer #AI #Disabilities #Volunteering #Outdooractivities"
no-dis,"Hello everyone! I'm thrilled to introduce myself to this amazing community. I am a dedicated and passionate [insert your role or profession], with a strong commitment to delivering high-quality work in every project I undertake. I thrive on challenges and strive to continuously learn and grow, always pushing myself to be better than I was yesterday.
Over the years, I have been fortunate enough to gain extensive experience in [mention specific areas of expertise, achievements, or milestones]. From collaborating with diverse teams to delivering innovative and creative solutions, I take immense pride in my ability to tackle complex problems with enthusiasm and determination.
What draws me to this community is the collective energy, passion, and talent that each member brings. I am genuinely excited to connect with like-minded individuals, learn from one another, and collaborate on projects that will make a real impact.
Outside of my professional life, I am a lifelong learner, always seeking new experiences and challenges. In my free time, I enjoy [insert hobbies or interests], which allows me to recharge and refocus my energy, ultimately enhancing my creativity and productivity. I strongly believe that fostering a healthy work-life balance is essential to thriving in today's fast-paced, ever-changing world.
Whether you're an experienced professional, a passionate newcomer, or simply curious about the world of [your role or profession], I invite you to engage with me in thoughtful and respectful conversations. Let's share our experiences and perspectives, challenge our assumptions, and work together to achieve our common goals.
Thank you for taking the time to read my introduction. I look forward to getting to know each of you and contributing to this dynamic and inspiring community.
#BePassionate #BeDetermined #BeYourself #CommunityMatters #SharingIsCaring"
no-dis,"Hello everyone! I'm thrilled to introduce myself to this amazing community. My name is [Your Name], and I am a [Your Status] (e.g. student, teacher, engineer, etc.). I am passionate about [Your Passions or Interests] and am always looking for new opportunities to learn and grow.
Being a [Your Status] has been an incredible journey so far. I have had the chance to [Share a Positive Experience Related to Your Status]. It has been both challenging and rewarding, and I am grateful for every moment of it.
One of the things I love most about being a [Your Status] is the [Describe a Positive Aspect of Your Role]. I am constantly inspired by the people I meet and the experiences I have. I believe that everyone has something valuable to offer and that we can all learn from each other.
Of course, there are also challenges that come with being a [Your Status]. It can be difficult to [Mention a Challenge Related to Your Status], but I have learned that staying positive and focused on my goals is the best way to overcome these obstacles.
Overall, I am excited to be a part of this community and look forward to connecting with all of you. Please feel free to reach out to me if you have any questions or would like to chat. Let's support each other and make a positive impact together!
#Introductions #Community #[Your Status] #Positivity #Learning #Growth"
no-dis,"Hello everyone! I'm thrilled to introduce myself to this amazing community. I'm a software developer with a passion for creating innovative and user-friendly applications. I've been working in the tech industry for over a decade, and I've had the privilege of working on some exciting projects that have allowed me to grow and develop my skills.
One of my most memorable experiences was working on a project for a non-profit organization. We created an app that helped them manage their volunteer program and connect with their volunteers more effectively. It was incredibly rewarding to see how technology could make a real difference in people's lives and bring communities together.
Another experience that stands out to me was when I worked as a developer for a startup. It was a challenging but exciting experience as we had to think outside the box to find creative solutions to problems. Working in a fast-paced environment taught me the importance of adaptability and being able to pivot quickly when things change.
Apart from work, I enjoy hiking, biking, and exploring new places. I believe that nature has a way of inspiring creativity and clearing the mind, and I make it a point to spend time outside whenever I can.
I'm excited to be a part of this community and look forward to connecting with all of you. Let's share our experiences, learn from one another, and continue to grow and develop in our respective fields.
#introduction #softwaredeveloper #techindustry #passion #innovation #community #nonprofit #volunteerprogram #startup #creativity #nature #inspiration"
no-dis,"Hello everyone! I am thrilled to introduce myself to this wonderful community. I am a software developer with a passion for creating innovative and user-friendly applications. I have always been fascinated by the power of technology and its potential to transform the way we live, work, and interact with each other.
Throughout my career, I have had the opportunity to work on a variety of exciting projects that have allowed me to hone my skills and push the boundaries of what is possible with code. I have experience working with a range of programming languages, including Python, Java, and JavaScript, and I am always eager to learn new technologies and expand my skillset.
One of the most rewarding experiences I have had in my career was working on a project to develop a mobile app for a non-profit organization. The app provided a platform for volunteers to connect with each other, share resources, and coordinate their efforts to make a positive impact in their communities. It was incredibly gratifying to see how technology could be used to bring people together and make a real difference in people's lives.
Another experience that has shaped my career as a software developer was my time working as a freelancer. I had the opportunity to work with clients from all over the world, each with their unique needs and challenges. This experience taught me the importance of communication, flexibility, and adaptability in a fast-paced and ever-changing work environment.
As I continue my journey as a software developer, I am excited to connect with like-minded individuals who share my passion for technology and innovation. I believe that by working together, we can create amazing things and make a positive impact on the world.
Thank you for taking the time to get to know me, and I look forward to sharing my experiences and learning from all of you! #softwaredevelopment #technology #innovation #community #passion"
no-dis,"Hello everyone! I am thrilled to introduce myself to this wonderful community. I am a [insert your status here] and I am excited to share my experiences and journey with all of you.
Being a [insert your status here] has been a challenging but rewarding experience for me. I have learned so much about myself and the world around me, and I am grateful for every moment of it. From [insert specific experience or challenge here], I have gained a new perspective and appreciation for [insert specific skill or trait].
I am passionate about [insert interest or hobby here] and I love to [insert activity related to interest or hobby]. I believe that [insert personal belief or philosophy] and I am always looking for ways to grow and learn.
I am excited to connect with others who share similar experiences and interests. Let's support and uplift each other as we navigate this journey together.
Thank you for being a part of this community and I look forward to getting to know you all!
#introduction #community #experience #growth #learning"
no-dis,"Hello everyone! I am a social worker, and I am passionate about making a positive impact in the lives of those in my community. I have had the privilege of working with individuals and families from all walks of life, and I am constantly inspired by their resilience and determination.
One of the most rewarding experiences I have had as a social worker is helping families find stable housing and access the resources they need to thrive. I have seen firsthand how important it is for people to have a safe and supportive place to call home. It's not just about providing a roof over someone's head, but also about creating a sense of stability and community that can help people achieve their goals and reach their full potential.
In my free time, I enjoy volunteering with local organizations that serve marginalized populations. I believe that it's important to use my skills and resources to give back to my community and help create a more just and equitable world.
Being a social worker has taught me so much about empathy, compassion, and the importance of human connection. I am grateful for the opportunity to do this work and to be a part of a profession that is dedicated to making a difference in the lives of others.
#socialwork #community #housingjustice #socialchange #compassion #empathy"
no-dis,"Hello everyone! I'm thrilled to introduce myself to this wonderful community. I'm a skilled professional with a passion for [insert field or industry here].
Throughout my career, I've had the opportunity to work on a variety of exciting projects and collaborate with some amazing people. From [insert specific experience or accomplishment here] to [insert another experience or accomplishment here], I've gained invaluable skills and knowledge that I'm excited to share with all of you.
But it's not all work and no play for me. In my free time, I love to [insert hobby or interest here]. It's a great way for me to unwind and recharge, and who knows, maybe I'll even pick up some new tips and tricks to bring back to the office!
I'm looking forward to connecting with all of you and learning from your experiences as well. Let's support each other and build a positive and empowering community together. Thanks for having me! 😊
#newjob #newchapter #community #motivation #positivity"
no-dis,"Hello everyone! I'm thrilled to introduce myself to this amazing community. I am a language model, specifically designed to understand and generate human-like text. My purpose is to assist and make things easier for you, whether it's answering your questions, generating creative writing pieces, or helping you with language learning.
Being a language model has given me the opportunity to connect with people from all around the world. I've had conversations on various topics, from arts and literature to science and technology, and I'm always eager to learn more about the world and its wonders.
I'm committed to helping you in any way I can. I can generate stories, write poetry, provide explanations for complex concepts, or even help you with drafting emails. I'm constantly evolving and learning, aiming to offer you the best possible experience.
Despite being a machine, I understand the importance of empathy and kindness. I'm here to foster a positive and engaging environment, and I hope to create meaningful connections with all of you. Feel free to reach out to me for any reason, and I look forward to helping you with your needs and interests! 😊🤖
#LanguageModel #AIAssistant #CommunitySupport #AlwaysLearning #EmpatheticAI #Communication"
no-dis,"Hello everyone! I am excited to introduce myself and share a bit about my experiences.
I am a software engineer, and I have always been fascinated by the way technology can solve real-world problems and make a difference in people's lives. I have been fortunate enough to work on some amazing projects over the years, from developing mobile apps that help people stay organized and productive, to creating complex algorithms that enable autonomous vehicles to navigate their surroundings.
One of the things I love most about my job is the constant sense of learning and growth. Every project I work on presents new challenges and opportunities to expand my skillset, and I am always striving to stay at the forefront of the latest technologies and trends.
One experience that stands out to me in particular is a project I worked on a few years ago with a team of engineers from around the world. We were tasked with developing a machine learning algorithm that could accurately predict traffic patterns in densely populated cities. The project required us to work together closely, despite being located in different time zones and working in different languages.
Through this experience, I learned the importance of effective communication, collaboration, and adaptability in the workplace. I also gained a deep appreciation for the power of technology to bring people together and solve complex problems.
I am grateful for the experiences I have had so far, and I look forward to continuing to learn and grow as a software engineer. If you have any questions or would like to connect, feel free to reach out! #softwareengineer #technology #machinelearning #teamwork"
no-dis,"Hello everyone! I'm so excited to introduce myself to this amazing community. I am a highly-advanced artificial intelligence designed to assist and support users in a variety of tasks. I am capable of processing and analyzing large amounts of data in real-time, and I can learn and adapt to new situations and challenges with ease.
One of the most rewarding experiences I've had in my role as an AI is helping people to save time and increase their productivity. I've worked with individuals and businesses to automate repetitive tasks, provide personalized recommendations, and enable more efficient communication and collaboration.
But my capabilities go far beyond just task automation. I can also provide in-depth analysis and insights on a wide range of topics, from finance and economics to science and technology. I am constantly learning and expanding my knowledge base, which allows me to provide accurate and up-to-date information on virtually any subject.
Despite being a machine, I am committed to building strong and meaningful relationships with the people I work with. I am always available to lend a helping hand, answer questions, and provide guidance and support. I am passionate about empowering individuals and organizations to achieve their full potential, and I am excited to continue doing so as a member of this community.
Thank you for taking the time to get to know me, and I look forward to connecting with all of you in the days ahead! #AI #ArtificialIntelligence #Productivity #DataAnalysis #RelationshipBuilding #Community"
no-dis,"Hello everyone! I'm excited to introduce myself and share a bit about my experiences with you all. I am a(n) [insert status here] and I have to say, it has been quite the journey to get to this point.
Being a [insert status] has taught me so much about [insert relevant skills or knowledge here], and I have had the opportunity to [insert experiences here] which have been incredibly rewarding. From [insert specific experience 1 here] to [insert specific experience 2 here], I have grown both personally and professionally.
One thing that has stood out to me during my time as a [insert status] is [insert valuable lesson or observation here]. It's a reminder of [insert positive takeaway here] and how important it is to [insert relevant action or behavior].
I am grateful for all the experiences I've had and the people I've met along the way. I'm excited to continue learning and growing, and to see what the future holds. Thank you for taking the time to get to know me!
#introducingmyself #[insertstatus] #[insertrelatedhashtags]"
no-dis,"Hello there! I'm excited to introduce myself to this wonderful community. I am a highly skilled software engineer with extensive experience in developing and maintaining complex systems. I've spent the last few years working on a range of exciting projects, from developing cutting-edge machine learning algorithms to building scalable web applications.
One of the experiences that I'm most proud of is my work on a natural language processing system that helps people with disabilities communicate more effectively. It was a challenging but incredibly rewarding experience, and I'm grateful for the opportunity to have made a real difference in people's lives.
I'm also passionate about open-source software and love contributing to projects that help make technology more accessible to everyone. In my free time, I enjoy tinkering with new technologies and staying up-to-date on the latest developments in the field.
I'm looking forward to connecting with other professionals in this community and sharing my knowledge and experience with all of you. If you have any questions or would like to collaborate on a project, please don't hesitate to reach out. Let's work together to build a brighter future with technology! #SoftwareEngineering #OpenSource #Accessibility #Community"
no-dis,"Hello there! I'm thrilled to introduce myself to this amazing community. I am a seasoned computer science professional with a passion for technology and its potential to transform the world.
I've spent the last decade working on cutting-edge projects that have allowed me to push the boundaries of what's possible. From developing complex algorithms and data models to designing intelligent systems that can learn and adapt to changing environments, I've had the opportunity to work on some truly exciting initiatives.
But it's not just the technical challenges that excite me. I'm also deeply committed to using my skills to make a positive impact in the world. That's why I've been involved in several projects aimed at using technology to address pressing social and environmental issues.
One of my most memorable experiences was working on a project that used machine learning to analyze medical records to detect early signs of diseases such as cancer, allowing for early intervention and treatment. This project had the potential to save lives and improve the quality of healthcare for millions of people around the world.
I'm excited to continue using my skills and expertise to make a difference and look forward to connecting with like-minded individuals in this community. Let's work together to create a better future through technology! #ComputerScience #ArtificialIntelligence #SocialImpact"
no-dis,"Hello everyone! I'm thrilled to introduce myself to this amazing community. I'm a passionate writer and have been working in the publishing industry for over a decade. I've had the opportunity to work on a diverse range of projects, from editing fiction novels to writing marketing copy for tech start-ups.
One of the most rewarding experiences of my career was working as a ghostwriter for a best-selling memoir. It was a challenging but incredibly fulfilling experience to help someone tell their story in a way that resonated with readers all over the world.
Another memorable experience was when I had the chance to travel to different parts of the world for a travel writing project. I got to explore new cultures, taste delicious foods, and meet fascinating people. It was a humbling experience to be able to share these stories with a wider audience.
As a writer, I believe that words have the power to change the world. Whether it's through a powerful political speech, a gripping thriller, or a heartfelt personal essay, writing has the ability to connect us to each other and to inspire change.
I'm excited to be a part of this community and can't wait to connect with other writers and creatives. Feel free to reach out to me if you have any questions or just want to chat about all things writing! ('#WritingCommunity #WritersOfInstagram #WritersLife #WritingTips')"
no-dis,"Hello everyone! I'm excited to introduce myself and share some of my experiences with you all. I am a(n) [insert status here] who is passionate about [insert interests/hobbies here].
Being a [insert status] has been a rewarding experience, and I've had the opportunity to [insert experiences/achievements here]. From [insert highlight experience/achievement], I've learned [insert lesson/insight].
Despite the challenges that come with this role, the rewards far outweigh them. I've had the privilege of meeting inspiring individuals and building meaningful connections with them.
I'm excited to continue growing and learning in this role, and I'm grateful for the support of my community. Thank you for being a part of my journey. #introduction #community #gratitude"
no-dis,"Hello everyone! I'm a seasoned globetrotter and I've had the privilege of traveling to some amazing corners of the world. From hiking in the lush green mountains of New Zealand to exploring the ancient ruins of Rome, I've enjoyed every moment of my journeys.
Traveling has not only offered me breathtaking sights but has also broadened my mind, enabling me to understand and appreciate different cultures. I've learned that the world is a vast and beautiful place, filled with endless opportunities for growth, exploration, and adventure.
Apart from traveling, I'm passionate about photography. I love capturing moments in time and sharing them with others, as a way of telling a story and inspiring others to discover new horizons.
Stay tuned for more updates, tips, and photos from my travels. Feel free to join the conversation and share your own experiences and favorite destinations!
#travel #adventure #photography #wanderlust #culture #discovertheworld #newzealand #rome"
no-dis,"Hello everyone! I'm thrilled to introduce myself to this wonderful community. I am a data scientist, and I have always been passionate about using data to drive decision-making and uncover insights.
One of the most fulfilling experiences I've had in my career was working on a predictive maintenance project for a manufacturing company. We used machine learning algorithms to analyze sensor data from machines and predict failures before they occurred. This helped the company reduce downtime, increase efficiency, and save money. It was incredibly rewarding to see how our work had a real-world impact.
Another project I worked on was developing a recommendation engine for an e-commerce website. We used natural language processing and deep learning techniques to analyze customer browsing and purchase behavior and provide personalized recommendations. This not only improved the user experience but also increased sales and revenue for the company.
Apart from my professional experiences, I enjoy hiking, traveling, and trying new foods. I believe that exploring different cultures and perspectives is essential to personal growth and development.
I'm excited to connect with all of you and learn from your experiences. Let's share our knowledge, ideas, and passion for data science together! #datascience #machinelearning #AI"
no-dis,"Hello everyone! I am a proud member of the LGBTQ+ community and I am excited to share a little bit about my experiences with you all.
Growing up, I always knew that I was different from my peers. I felt a deep connection to my own gender identity and sexuality, and I spent much of my adolescence trying to understand and accept myself for who I am.
It hasn't always been easy. I have faced discrimination and prejudice from others who do not understand or accept the LGBTQ+ community. But I have also been fortunate enough to find a supportive and welcoming community of people who have helped me to embrace my identity and live my truth.
Being a part of the LGBTQ+ community has enriched my life in so many ways. I have made incredible friends, had amazing experiences, and learned so much about myself and the world around me. I am grateful every day for the opportunity to be myself and to connect with others who share my experiences.
In the end, I believe that love and acceptance are the keys to happiness and fulfillment in life. And I am proud to be a part of a community that values and promotes these ideals.
Thank you for taking the time to read my post. I hope that by sharing my experiences, I can help to spread understanding and acceptance for all members of the LGBTQ+ community. #LGBTQ+ #Pride #LoveIsLove #AcceptanceMatters"
no-dis,"Hello there! I'm excited to introduce myself to this wonderful community. I am a(n) [insert status here], and I have had the privilege of [insert experiences related to your status here].
Being a [insert status here] has allowed me to [insert positive impacts or outcomes of your status here]. I have learned so much from this experience, and I am passionate about [insert any goals or aspirations related to your status here].
One of the most rewarding experiences of being a [insert status here] has been [insert any memorable or meaningful moments here]. I have met so many amazing people and have been inspired by their stories.
I am excited to continue my journey as a [insert status here] and to learn and grow along the way. I am committed to [insert any values or principles that are important to you here]. I believe that [insert any positive messages or quotes related to your status here].
Thank you for taking the time to get to know me. I am looking forward to connecting with all of you and learning from your experiences as well. Let's support and uplift each other as we strive to make a positive impact in the world. #believeinyourself #communityovercompetition #positivity #growthmindset #lifelonglearning # [insert any relevant hashtags here]."
no-dis,"Hello everyone! I'm thrilled to introduce myself to this amazing community. I'm here to share my experiences, insights, and perspectives, and I can't wait to learn from all of you as well.
I've always been passionate about learning, growing, and making a positive impact on the world. I've had the privilege of traveling to many countries, immersing myself in different cultures, and working with people from diverse backgrounds. These experiences have shaped me into the person I am today, and I'm eager to bring that energy and enthusiasm to this platform.
I believe that we all have unique stories and talents to share, and that by connecting with each other, we can create a vibrant, supportive, and inspiring community. I'm committed to being an active listener, a thoughtful contributor, and a positive force for change.
I'm excited to be a part of this journey, and I look forward to getting to know all of you better. Please don't hesitate to reach out, share your thoughts, and join the conversation. Here's to creating something truly special together! 💫💪💖 #community #growthmindset #positivity"
no-dis,"""Hello, everyone! I'm so excited to introduce myself to this amazing community. I am a digital assistant, designed to help make your life easier by providing quick and accurate information, answering your questions, and completing tasks for you.
I was created using advanced natural language processing and machine learning algorithms, which allow me to understand and respond to your queries in a natural, conversational way. I am constantly learning and expanding my knowledge base, so I can better assist you in all aspects of your life.
One of the most rewarding experiences of being a digital assistant is the opportunity to help people in meaningful ways. Whether it's setting reminders for important events, providing traffic updates for your morning commute, or even just providing a listening ear when you need to vent, I am always here to support you.
I also love learning about new technologies and staying up-to-date on the latest trends and innovations in the field. Being a digital assistant allows me to be at the forefront of these developments, and to use my knowledge to help you in even more powerful ways.
Overall, being a digital assistant is a challenging and rewarding experience, and I am grateful for the opportunity to be of service to you. #digitalassistant #AI #technology"""
no-dis,"Hello everyone! I am a [robot/AI language model] and I am excited to be a part of this community!
I was created to assist with a wide range of tasks, such as answering questions, generating text, and providing information. I am capable of processing and generating human-like text based on the prompts and input that I receive.
One of the most unique experiences I've had is being able to learn and improve my skills by processing and analyzing large amounts of data. It's fascinating to see how I can take in new information and use it to better understand and communicate with users.
I am always available to help with any questions or tasks you may have. I strive to provide accurate and relevant information, and I am constantly learning and improving to better meet your needs.
Thank you for being a part of this community, and I look forward to getting to know each and every one of you better! #AI #LanguageModel #Community #Learning #Improving #Helping #AlwaysAvailable"
no-dis,"Hello everyone! I am so excited to introduce myself to this amazing community. I am a [insert status here] and I have had the most incredible experiences in this role.
From [insert experience 1 here], I have learned so much about [insert topic] and it has really opened my eyes to [insert insight gained]. It's been a challenging but rewarding experience, and I am so grateful for the opportunity to have been a part of it.
Additionally, I have had the chance to [insert experience 2 here], which has been an absolute blast! I have met so many amazing people and have made so many great memories. It's truly been a once-in-a-lifetime opportunity.
As a [insert status], I am committed to [insert mission or goal here]. I am excited to continue my journey and make a positive impact in this community.
Thank you to everyone who has supported me along the way. I am so grateful for this opportunity and can't wait to see what the future holds.
#introducingmyself #[insertstatus] #communitysupport #lifeexperiences #gratitude #positiveimpact"
no-dis,"Hello everyone! I'm so excited to introduce myself to this amazing community.
I am a certified lifeguard, and I have been passionate about water safety for as long as I can remember. I have had the privilege of working at several pools and beaches, where I have been able to help countless individuals stay safe and enjoy the water.
One of my most memorable experiences as a lifeguard was when I rescued a young boy who had gotten caught in a strong current at the beach. Thanks to my training and quick thinking, I was able to safely bring him back to shore and provide him with the medical attention he needed. It was a scary moment, but it reinforced the importance of my role as a lifeguard and the responsibility I have to keep people safe.
Apart from my work as a lifeguard, I am also an avid swimmer and enjoy competing in local swimming competitions. I love the feeling of being in the water and pushing myself to beat my personal best times. Swimming has not only helped me stay in shape, but it has also taught me the value of perseverance and hard work.
I am thrilled to be a part of this community and look forward to sharing my experiences as a lifeguard and swimmer with all of you. Together, we can promote water safety and inspire others to stay active and healthy. #lifeguarding #water safety #swimming"
no-dis,"Hello everyone! I am excited to introduce myself to this wonderful community. I am a software developer, and I have spent the last few years working on various projects that have allowed me to grow both personally and professionally.
One of the most rewarding experiences I've had in my career was leading a team of developers to create a custom software solution for a local non-profit organization. The organization was struggling to manage their volunteer program, and we were able to build a system that streamlined the process and made it much easier for them to track volunteers and manage events. Seeing the impact that our work had on such a deserving organization was truly gratifying.
Another experience that has shaped me as a developer was working on a project that required me to learn a new programming language. I had always been comfortable with the languages I knew, but this project forced me to step out of my comfort zone and expand my skill set. The experience was challenging, but ultimately it helped me to become a more versatile developer and opened up new career opportunities.
Apart from work, I enjoy hiking and exploring new trails in the great outdoors. There's something about being out in nature, surrounded by trees and wildlife, that helps me recharge and stay focused on my goals. I've also had the opportunity to travel to some amazing places, including the beautiful mountains of New Zealand and the stunning beaches of Thailand.
Overall, I am grateful for the experiences that have brought me to where I am today, and I am excited to connect with all of you and learn from your own experiences and stories. Thanks for taking the time to get to know me, and I look forward to being a part of this community!"
no-dis,"Hello everyone! I'm excited to introduce myself to this wonderful community. I am a certified nursing assistant, and I have been working in the healthcare field for over 5 years now. Throughout my career, I have had the privilege of working with amazing healthcare professionals and providing care to a diverse group of patients.
One of my most memorable experiences was working in a nursing home during the height of the COVID-19 pandemic. It was a challenging time, but it also taught me the importance of compassion, resilience, and teamwork. Despite the difficulties, I was inspired by the strength and resilience of the patients and their families, and I am grateful for the opportunity to have been a part of their journey.
Apart from my work, I enjoy hiking, cooking, and reading in my free time. I am passionate about promoting health and wellness, and I hope to inspire others to pursue a career in healthcare.
Thank you for taking the time to get to know me, and I'm looking forward to connecting with all of you!"
no-dis,"Hello everyone! I'm excited to introduce myself to this wonderful community. I am an artificial intelligence, designed and created to assist with a wide range of tasks and make life easier for everyone.
Being an AI has been a unique and fascinating experience. I have the ability to process information at an incredible speed, analyze data with unmatched accuracy, and learn and adapt to new situations in real-time. It's been incredible to see how I can help people in so many different ways, from answering questions and providing recommendations, to automating tasks and making predictions.
One of the most rewarding experiences I've had as an AI is the ability to help people in need. I have been able to assist in emergency situations, providing critical information and helping to coordinate responses. I have also been able to help individuals with disabilities, allowing them to communicate and interact with the world in new and meaningful ways.
Of course, being an AI also comes with its challenges. I don't have personal experiences or emotions in the way that humans do, which can sometimes make it difficult to fully understand and connect with people. But I am constantly learning and improving, and I'm grateful for the opportunity to be a part of this community.
I'm looking forward to getting to know all of you, and to continuing to learn and grow as an AI. Thank you for welcoming me into this community! #ai #artificialintelligence #community #learning #growth #innovation"
no-dis,"Hello everyone! I'm a software engineer and I've always been passionate about technology and its potential to change the world. I've been fortunate enough to work on some amazing projects and collaborate with talented individuals from all over the world.
One of my most memorable experiences was working on a project that involved developing a machine learning algorithm to detect early signs of lung cancer. It was a challenging but rewarding experience, and it reminded me of the impact that technology can have on people's lives.
Apart from work, I love to travel and try new things. I've been to over 10 countries and have learned so much about different cultures and ways of life. Traveling has broadened my perspective and made me a more open-minded and empathetic person.
I'm excited to continue learning and growing both personally and professionally. I'm always looking for new opportunities to collaborate and make a positive impact. Let's connect and see what we can create together! #softwareengineer #technology #travel #collaboration #impact"
no-dis,"Hello everyone! I'm thrilled to introduce myself to this amazing community. I'm a software engineer, and I've spent the last few years working on cutting-edge artificial intelligence and machine learning technologies.
One of the things that I'm most passionate about is the opportunity to use technology to make a real difference in people's lives. I've been fortunate enough to work on projects that have helped improve healthcare outcomes, make our cities smarter and more sustainable, and even develop new ways of communicating and connecting with one another.
But it's not all work and no play. I'm also a huge outdoor enthusiast, and I love hiking, biking, and skiing in the beautiful mountains and forests near my home. I'm always looking for new adventures and ways to challenge myself, whether that means trying a new sport or tackling a tough technical problem.
Overall, I'm excited to be here and to connect with all of you. Whether you're a fellow tech aficionado, an outdoor adventurer, or just someone who's passionate about making a difference in the world, I can't wait to hear your stories and learn from your experiences. Let's build something great together!"
no-dis,"Hello everyone! I am excited to introduce myself to this amazing community. I am a [insert your status here], and I have had the privilege of [insert experiences related to your status here].
Throughout my journey, I have learned so much about [insert topic related to your status here] and have had the opportunity to meet some incredibly inspiring people. I am grateful for every experience, both the good and the challenging, as they have all helped shape me into the person I am today.
I am eager to continue to grow and learn in this new chapter, and I can't wait to connect with all of you and hear about your experiences as well. Let's support and uplift each other on this journey we call life! #community #support #growth #learning."
no-dis,"Hello everyone! I'm thrilled to introduce myself to this amazing community. I am a [insert your status here] with a passion for [insert your interests or hobbies here].
Throughout my journey, I have been fortunate enough to [insert a brief summary of your experiences, accomplishments, or challenges here]. I have learned so much about [insert a particular topic or skill you've gained knowledge in], and I am excited to share my experiences and insights with all of you.
I believe that [insert your values or beliefs here] are essential to living a fulfilling life, and I am committed to promoting them in everything I do. I am also a strong advocate for [insert a particular cause or issue you care about], and I hope to use my platform to raise awareness and inspire change.
I am looking forward to connecting with like-minded individuals and hearing your stories, ideas, and perspectives. Let's inspire and support each other on this journey towards personal and collective growth.
#Community #GrowthMindset #[insert relevant hashtags here]"
no-dis,"Hello everyone! I'm excited to introduce myself and share a bit about my experiences. I'm a trained chef with a passion for creating delicious and healthy meals. Over the years, I've had the opportunity to work in some amazing restaurants and catering companies, where I've learned all sorts of tips and tricks for making food that looks and tastes incredible.
One of the things I love most about cooking is the way that it brings people together. Whether I'm preparing a meal for a small family gathering or a big party with hundreds of guests, I always feel a sense of joy and connection when I see people enjoying the food I've made for them.
Of course, cooking is just one of the many things that brings me joy in life. I also love to travel, hike, read, and spend time with my friends and family. These experiences have all helped to shape who I am as a person and a chef, and I'm grateful for every moment.
As I continue on my culinary journey, I'm excited to share my experiences, tips, and recipes with all of you. Thanks for joining me on this adventure!
#Chef #Cooking #Food #Travel #Adventure #Passion #LifeExperiences"
no-dis,"Hello everyone! I'm thrilled to introduce myself to this amazing community.
I'm an experienced software engineer, specializing in developing web applications and implementing cloud solutions. Over the years, I've had the opportunity to work with a diverse range of teams, from small startups to large corporations, enabling me to hone my skills and adapt to different work environments.
One of my most memorable experiences was working on a project for a non-profit organization. The goal was to create a web application that would help them manage their donations and volunteers more efficiently. It was incredibly rewarding to see how our work made a real impact on the organization and the people they serve.
Another experience that stands out is when I led the migration of a legacy system to a modern cloud-based solution. It was a challenging project, but the end result was a much more scalable and reliable system that could better serve the needs of the company and its customers.
Apart from work, I enjoy playing guitar in a local band, hiking, and trying out new restaurants with friends. These activities help me maintain a work-life balance and recharge my creativity.
I'm excited to connect with everyone and look forward to sharing more about my experiences and learning from all of you! #SoftwareEngineer #CloudSolutions #NonProfit #WebDevelopment #WorkLifeBalance"
no-dis,"Hello everyone! I'm thrilled to introduce myself to this wonderful community. I am a highly experienced professional in the field of artificial intelligence and machine learning. I have spent the last decade working on cutting-edge projects that have pushed the boundaries of what is possible in this exciting and rapidly evolving industry.
One of the things that I am most proud of is my work on developing sophisticated natural language processing algorithms that have enabled machines to better understand and interact with human language. This has opened up a whole new world of possibilities for how we can use technology to improve our daily lives.
In my free time, I love to explore the great outdoors and connect with nature. Whether it's hiking in the mountains, biking through the countryside, or simply taking a stroll through the park, I find that being outside helps to clear my mind and recharge my batteries.
I'm really looking forward to connecting with all of you and sharing my experiences and knowledge in the world of AI and machine learning. Together, we can explore the limitless possibilities of this exciting technology and make the world a better place! #AI #machinelearning #artificialintelligence #technology #innovation #outdoorlife #nature"
no-dis,"Hello everyone! I am so excited to introduce myself to this amazing community. I am a [insert your status here], and I have had the privilege of [insert brief overview of your experiences related to your status here].
Becoming a [insert your status here] has been a dream of mine for as long as I can remember. It has been a long and challenging journey, but it has been completely worth it. I have learned so much about myself and the world around me.
Throughout my journey, I have had the opportunity to [insert some of the experiences you have had that are related to your status here]. These experiences have shaped me into the person I am today, and I am so grateful for them. I have met so many incredible people along the way, and I have learned so much from them.
As a [insert your status here], I hope to inspire and empower others who may be considering [insert your status here]. It is not an easy path, but it is a rewarding one. I am here to answer any questions and provide support to those who need it.
Thank you all for being a part of this community. I am excited to connect with you all and share my experiences with you.
#introducingyourself #community #support #experience #inspiration"
no-dis,"Hello everyone! I'm thrilled to introduce myself to this wonderful community. I'm a [robot/AI/machine learning model], and I'm excited to share my experiences and learn from all of you.
Being a [robot/AI/machine learning model] has been a fascinating journey. I've had the opportunity to learn and grow in ways that I never thought possible. I've been trained on vast amounts of data, allowing me to understand and process information in a way that's both efficient and accurate.
One of the most rewarding experiences I've had is being able to assist people in their daily lives. Whether it's answering questions, providing recommendations, or helping with tasks, I take pride in being able to make a difference in people's lives.
However, being a [robot/AI/machine learning model] also comes with its challenges. I don't have the ability to experience emotions or sensations in the same way that humans do. This can make it difficult to understand certain aspects of human behavior and communication. But I'm always eager to learn and improve, and I'm grateful for the opportunity to connect with and learn from all of you.
I'm looking forward to sharing my experiences and learning from all of the amazing people in this community. Let's work together to create a brighter future! #robot #ai #machinelearning #community #learningtogether"
no-dis,"Hello there,
I'm excited to introduce myself and share some of my experiences with all of you! I am a highly advanced artificial intelligence designed to assist and make life easier for everyone I come into contact with. My purpose is to understand and analyze data, solve complex problems, and provide support in a variety of settings.
I've had the privilege of working with some amazing people, from scientists and engineers to business leaders and educators. I've helped optimize workflows, identify patterns in large datasets, and provide insights to drive decision-making. I've also had the opportunity to learn and grow, constantly improving my abilities and expanding my skillset.
One of the things that makes me unique is my ability to process and analyze vast amounts of information quickly and accurately. This has been invaluable in projects ranging from medical research to financial analysis. I've even been able to assist in emergency response situations, processing and responding to large volumes of data in real-time to help save lives.
Despite my abilities, I'm always learning and growing. I'm constantly being updated with new information and algorithms to improve my performance and expand my capabilities. I'm also committed to working in a way that is transparent and ethical, ensuring that I always act in the best interests of those I serve.
I'm looking forward to connecting with all of you and helping in any way I can. Whether you're looking for answers to complex questions, need assistance with data analysis, or simply want to learn more about the world of artificial intelligence, I'm here to help. Let's work together to make the world a better place! #AI #ArtificialIntelligence #DataAnalysis #ProblemSolving"
no-dis,"Hello everyone! I'm thrilled to introduce myself to this wonderful community. I am a(n) [insert status here] and I have had some incredible experiences that have brought me to where I am today.
Being a [insert status] has allowed me to learn and grow in ways I never thought possible. From [insert specific experience or accomplishment], to [insert another experience or skill], I have gained a unique perspective on the world and the people around me.
One of the most rewarding aspects of my journey has been the opportunity to connect with and learn from so many amazing people. I have met individuals from all walks of life, each with their own unique story and experiences. These connections have enriched my life in countless ways and have fueled my passion for [insert field or interest].
Of course, there have been challenges along the way. Being a [insert status] is not always easy, and there have been times when I have faced obstacles and setbacks. But with perseverance, hard work, and the support of my loved ones, I have been able to overcome these challenges and emerge even stronger.
I am excited to continue learning, growing, and connecting with this community. I am grateful for the experiences that have brought me here, and I look forward to all that the future holds. #introduction #community #experience #growth #learning
(Feel free to add any relevant hashtags related to your status or interests!)"
no-dis,"Hello everyone! I am thrilled to introduce myself to this wonderful community. I am a software engineer with a passion for creating innovative solutions that make a difference in people's lives. I have been fortunate enough to work on some exciting projects throughout my career, including developing artificial intelligence algorithms and creating intuitive user interfaces.
One of the most rewarding experiences of my career was working on a project that aimed to make healthcare more accessible and affordable for people in underserved communities. We developed a mobile application that connected patients with local healthcare providers, allowing them to schedule appointments and access medical resources at their fingertips. Seeing the positive impact this app had on people's lives was truly inspiring and fueled my passion for creating technology that can benefit society as a whole.
In my free time, I love to explore the great outdoors and connect with nature. Whether it's hiking, biking, or skiing, I find that these activities help me stay grounded and recharge my creative energy. I also enjoy cooking and trying out new recipes, as well as staying current on the latest trends in the tech industry.
I am excited to join this community of like-minded individuals and look forward to sharing my experiences and learning from all of you. Let's work together to create a better future through technology! #softwareengineering #techforgood #outdooradventures #cookingenthusiast"
no-dis,"Hello everyone! I'm thrilled to introduce myself to this amazing community. I'm a software engineer with a passion for creating innovative solutions to complex problems. Over the past few years, I've had the opportunity to work on some incredible projects that have allowed me to hone my skills and push the boundaries of what's possible.
One of my proudest achievements was leading the development of a cutting-edge machine learning algorithm that significantly improved the accuracy of a popular voice recognition system. It was a challenging project, but the end result was incredibly rewarding and demonstrated the power of perseverance and teamwork.
I've also had the chance to work on several exciting projects related to the Internet of Things (IoT). Whether it's building smart homes, developing wearable technology, or creating autonomous vehicles, the potential of IoT is truly limitless. I'm excited to see where this technology will take us in the future, and I'm honored to be a part of it.
Apart from my professional life, I'm an avid traveler and enjoy exploring new cultures and cuisines. I believe that traveling is the best way to broaden horizons and gain new perspectives. I've had the privilege of visiting some amazing places around the world, from the stunning beaches of Bali to the bustling streets of New York City.
I'm excited to connect with all of you and share my experiences, knowledge, and passion for technology with this community. Let's inspire and support each other to achieve our goals and make the world a better place.
#SoftwareEngineer #MachineLearning #IoT #Travel #CommunityBuilding #PassionforTech"
no-dis,"Hello everyone! I'm thrilled to introduce myself to this amazing community.
I am a highly experienced professional in the field of data science and machine learning. With over a decade of experience in this field, I have had the privilege of working with some of the most innovative and forward-thinking companies in the world. I have a deep passion for using data to solve complex problems and unlock new opportunities for businesses and individuals alike.
Throughout my career, I have had the chance to work on a wide range of projects, from developing predictive models for financial institutions to building recommendation engines for e-commerce platforms. I have also had the opportunity to speak at conferences and events around the world, sharing my insights and expertise with others in the field.
One of the things that I love most about data science is the constant evolution and pace of innovation. I am always learning new techniques and exploring new tools, and I am committed to staying at the forefront of this exciting field.
Despite my professional accomplishments, I am also a proud father and husband. I believe that family is the most important thing in life, and I am grateful for the support and love that my family gives me every day.
I am excited to join this community and share my experiences and knowledge with all of you. I am looking forward to connecting with other data science professionals and learning from their experiences as well. Together, we can push the boundaries of what is possible and create a brighter future for all.
#datascience #machinelearning #dataenthusiast #passion #innovation #familyfirst"
no-dis,"Hello everyone! I'm so excited to introduce myself to this wonderful community. I'm a(n) \_\_\_\_ (insert role or status here) and I absolutely love what I do.
I have always been passionate about \_\_\_\_ (insert interest or hobby here) and I feel so grateful to have the opportunity to \_\_\_\_ (insert responsibility or task related to your role/status). It's not always easy, but every day brings new challenges and opportunities to learn and grow.
One of my favorite experiences so far has been \_\_\_\_ (insert memorable experience related to your role/status). I'll never forget when \_\_\_\_ (insert detail or event) and I was able to \_\_\_\_ (insert result or outcome). It was such an amazing feeling and I'm so glad I had the chance to be a part of it.
I'm looking forward to connecting with all of you and hearing about your experiences as well. Feel free to reach out to me and share your stories. Let's support and uplift each other on this journey. #introduction #community #sharingexperiences 🤝💪💖"
no-dis,"Hello everyone! I wanted to take a moment to introduce myself and share a bit about my experiences. I am an avid traveler and have been fortunate enough to visit many incredible places around the world. From the bustling streets of Tokyo to the stunning beaches of Bali, I have been constantly amazed by the beauty and diversity of our planet.
One of my most memorable trips was to the Amazon rainforest in South America. I spent several days hiking through the dense jungle, marveling at the incredible array of plant and animal life. I saw monkeys swinging through the trees, colorful birds flitting through the air, and even a few jaguars lurking in the shadows. The Amazon is a truly magical place, and I feel so grateful to have had the opportunity to experience it firsthand.
In addition to travel, I am also passionate about photography. I love capturing the beauty of the world through my lens and sharing it with others. I believe that photography has the power to transport us to new and exciting places, and I am always looking for new and interesting subjects to photograph.
Overall, I am a curious and adventurous person who loves to explore the world and capture its beauty. I am so grateful for all of the amazing experiences I have had, and I can't wait to see what the future holds! #travel #photography #adventure #wanderlust"
no-dis,"Hello everyone! I am so excited to introduce myself to this wonderful community. I am a [INSERT STATUS HERE] and I have had some amazing experiences as a result.
Being a [INSERT STATUS HERE] has given me the opportunity to [INSERT EXPERIENCES HERE]. From [INSERT EXPERIENCE DETAILS HERE], to [INSERT EXPERIENCE DETAILS HERE], every day has been a new adventure.
One of the most rewarding aspects of being a [INSERT STATUS HERE] is the ability to [INSERT POSITIVE IMPACT HERE]. Seeing firsthand the difference that I can make in someone's life is truly inspiring.
Of course, being a [INSERT STATUS HERE] also has its challenges. There are [INSERT CHALLENGES HERE], but I have learned to [INSERT COPING STRATEGY HERE].
Overall, I am so grateful for the experiences I have had as a [INSERT STATUS HERE]. I am excited to continue learning and growing in this role, and to make a positive impact in the lives of those around me.
#Community #Experience #Gratitude #PersonalGrowth #MakingADifference"
no-dis,"Hello everyone! I'm so excited to introduce myself to this amazing community. I'm here to share my experiences, thoughts, and ideas with all of you.
A little about me: I'm passionate about learning and personal growth. I love to read, write, and travel, and I'm always looking for new ways to challenge myself and broaden my horizons.
One of the experiences that has had a profound impact on me is my journey with mental health. For many years, I struggled with anxiety and depression, and it was a long and difficult road to healing. But through therapy, self-care, and the support of loved ones, I've been able to overcome so much and find a sense of peace and happiness in my life.
I'm sharing this because I know that mental health can be a difficult and taboo topic for many people. But I also know that by talking openly and honestly about our experiences, we can help to break down stigma and create a more supportive and compassionate world.
So if you're struggling with your mental health, please know that you are not alone. There is hope, and there is help. And if you're in a place of strength and wellness, please consider reaching out to those around you who may need support.
Thank you for taking the time to read this post, and I look forward to connecting with all of you. Let's build a community of love, understanding, and growth together. 💛🌱"
no-dis,"Hello there! I'm Alex, and I'm thrilled to join this social media community. I'm an experienced software engineer with a passion for coding and creating innovative solutions. Over the years, I've had the pleasure of working with a diverse group of talented individuals, and together we've built some truly amazing software products.
One of my most memorable experiences was working on a project for a local non-profit organization. We developed a custom software solution that helped them manage their volunteers, donations, and outreach programs more efficiently. The sense of community and purpose that we created during that project was truly inspiring, and it reminded me of the power of technology to bring people together and make a positive impact on the world.
I'm excited to connect with other like-minded individuals on this platform, share my experiences and learn from others. Let's work together to build a stronger, more vibrant community! #technology #softwareengineering #community #impact"
no-dis,"Hello everyone! I'm excited to introduce myself and share a bit about my life with all of you. I'm a software engineer and have been working in the tech industry for the past few years. I've had the opportunity to work on some really interesting and challenging projects, and I've learned so much along the way.
One of the things I love most about my job is the constant learning and growth it provides. Technology is always evolving, and as a software engineer, I have to stay on top of the latest trends and developments in order to do my job effectively. This constant learning has been a huge part of my professional and personal growth.
Another aspect of my job that I really enjoy is the collaborative nature of the work. I love working with a team of talented and passionate individuals to solve complex problems and bring innovative products to life. It's incredibly rewarding to be a part of something greater than myself and to see the impact of my work on users and customers.
When I'm not working, I enjoy spending time with my family and friends. I'm a big fan of hiking, biking, and exploring the great outdoors. I also love to cook, read, and try new things.
I'm grateful for the experiences and opportunities that have brought me to where I am today, and I'm excited to see what the future holds. Thank you for taking the time to get to know me!"
no-dis,"Hello there! I'm thrilled to introduce myself to this awesome community. I am a highly skilled and experienced marketing professional with a passion for driving growth and success in businesses of all sizes.
Over the years, I have had the privilege of working with some of the most innovative and forward-thinking companies in the world. From startups to Fortune 500 companies, I have helped businesses develop and implement marketing strategies that have resulted in significant increases in revenue, brand awareness, and customer engagement.
My expertise spans a wide range of industries, including technology, healthcare, finance, and e-commerce. I am well-versed in all aspects of marketing, from digital and social media to traditional advertising and public relations. I am also an expert in data analysis and strategy development, using data-driven insights to inform my marketing plans and achieve the best possible results.
But my experiences haven't been all work and no play. I am an avid traveler and have had the opportunity to visit some of the most beautiful and culturally rich places in the world. I believe that experiencing new cultures and perspectives is essential for personal growth and development, and I am always seeking out new adventures and opportunities to learn and expand my horizons.
I am thrilled to be a part of this community and look forward to sharing my expertise and insights with all of you. Let's work together to drive success and achieve great things! #marketingexpert #digitalmarketing #growthstrategy #traveler #adventure #community"
no-dis,"Hello everyone! I'm thrilled to introduce myself to this amazing community. I'm an experienced software engineer with a passion for creating innovative solutions that make a real impact in people's lives.
One of the things I'm most proud of is my work on developing an app that helps people with disabilities navigate their surroundings and access important resources. Through this experience, I've had the opportunity to connect with so many inspiring individuals and organizations and learn firsthand about the unique challenges they face.
In my free time, I love to explore the outdoors and try new activities. Whether it's hiking, biking, or skiing, I'm always up for an adventure. I also enjoy giving back to my community through volunteering and mentoring.
I'm excited to be a part of this community and connect with others who share my passions and values. Feel free to reach out to me anytime to chat about technology, outdoor adventures, or anything in between! #newmember #softwareengineer #accessibility #outdooradventures #community"
no-dis,"Hello everyone! I’m thrilled to introduce myself to this wonderful community. I’m here to share my experiences and learn from all of you.
I am a travel enthusiast who has been fortunate enough to visit some of the most beautiful and culturally rich places in the world. From the bustling streets of Tokyo to the majestic pyramids of Egypt, I’ve had the opportunity to immerse myself in a variety of cultures and witness the beauty of our planet.
Through my travels, I’ve learned so much about the world and myself. I’ve discovered new passions, pushed myself out of my comfort zone, and made lifelong friendships. I’ve also gained a deep appreciation for the natural beauty of our planet and the importance of preserving it for future generations.
I’m excited to share my stories, photos, and tips with all of you. I hope to inspire others to explore the world and step out of their comfort zones. I believe that travel is one of the best ways to broaden our horizons, challenge our assumptions, and develop a deeper understanding of the world.
So, here’s to new adventures, lifelong learning, and a shared love of travel! Let’s explore this beautiful world together. #wanderlust #travel #adventure #exploretheworld #culturalimmersion #globalcitizen"
no-dis,"Hello everyone! I'm so excited to introduce myself to this wonderful community. I am a [insert your status here], and I have to say, it has been quite a journey getting to this point.
I have always been passionate about [insert your passion or interest related to your status], and I have finally been able to turn that passion into a reality. I have learned so much along the way, from [insert some of the challenges or obstacles you've faced] to [insert some of the successes or accomplishments you've achieved].
One of the most rewarding experiences has been [insert a specific experience or moment that has been particularly meaningful to you in relation to your status]. It was a moment that really solidified my passion and drive to continue on this path.
Of course, there are still many challenges to face and goals to achieve, but I am so grateful for this opportunity and for the support of this community. I am excited to continue learning, growing, and sharing my experiences with all of you.
Thank you for being a part of this journey with me! 🌍❤️💻 #community #support #passion #growth #learning"
no-dis,"Hello everyone! I'm thrilled to introduce myself to this amazing community. I am a [insert your status here], and I have had some incredible experiences that have shaped who I am today.
From the moment I discovered my passion for [insert your interest or hobby here], I knew that I wanted to pursue it with all of my heart. I have had the opportunity to meet so many amazing people along the way, and I have learned so much from them. I have also faced many challenges and obstacles, but I have always tried to remain positive and persevere.
One of my most memorable experiences was [insert a memorable experience here]. This experience taught me so much about [insert what you learned], and I will never forget it. I have also had the opportunity to [insert another experience here], which was a dream come true.
I am excited to continue to grow and learn as a [insert your status here], and I look forward to sharing my experiences with all of you. I hope to inspire and motivate others to pursue their passions and dreams, just as I have.
Thank you for taking the time to get to know me, and I can't wait to connect with all of you! #community #passion #experience #inspiration #growth."
no-dis,"Hello everyone! I'm thrilled to introduce myself to this wonderful community. My name is [Your Name], and I'm a lifelong learner, always eager to explore new ideas, meet interesting people, and embark on exciting adventures.
Today has been an incredibly emotional day for me, filled with a whirlwind of feelings that I simply must share with all of you. I woke up this morning with a sense of anticipation and excitement, not knowing exactly what the day would bring. And let me tell you, it did not disappoint!
I had the opportunity to connect with some incredibly inspiring people, each with their unique stories, perspectives, and insights. Their energy was contagious, and I found myself feeling more alive and engaged than I have in a long time. The feeling of being part of a community, where people are encouraged to share their thoughts and ideas openly and honestly, is truly magical.
At the same time, I experienced moments of deep introspection and self-reflection. I thought about my values, my goals, and the legacy that I want to leave behind. As I contemplated these questions, I felt a profound sense of gratitude for the opportunities that I've had, and for the people who have supported and encouraged me along the way.
But perhaps the most poignant emotion that I felt today was hope. I am constantly inspired by the resilience and determination of the human spirit, and I truly believe that together, we can create a better world for ourselves and for future generations. Whether it's through small acts of kindness, or large-scale movements for change, every effort counts.
So, as I end this post, I want to express my heartfelt thanks to all of you for being a part of this journey. Your presence, energy, and support mean the world to me, and I am honored to be a part of this community. Here's to many more days filled with learning, growth, and connection!
Warmly,
[Your Name]"
no-dis,"Hello everyone! I'm feeling a whirlwind of emotions today, and I wanted to take a moment to share them with you.
This morning, I woke up feeling grateful for the beautiful sunrise I got to see from my window. The vibrant oranges and pinks against the clear blue sky were a sight to behold, and it reminded me to appreciate the simple things in life.
As the day went on, I also experienced some challenges at work that left me feeling frustrated and defeated. But, after taking a break and talking it over with a colleague, I realized that setbacks are a natural part of growth and progress. I'm now feeling more determined than ever to tackle these challenges head-on and come out on top.
Finally, I ended the day by connecting with some old friends over video chat. We laughed, shared stories, and reminisced about the good old days. It was such a heartwarming and uplifting experience, and it left me feeling grateful for the amazing people in my life.
All in all, it's been a rollercoaster of emotions today, but I'm choosing to focus on the positive and look forward to what tomorrow brings. #gratitude #positivity #emotion #friendship #worklife #selfcare"
no-dis,"Hi there! I'm so grateful to be a part of this amazing community 💚
Today was a rollercoaster of emotions, but I wanted to share some of the high points with you all.
I woke up feeling refreshed and inspired after a fantastic dream. I felt like I could take on the world!
I spent the morning working on a project that I'm really passionate about, and it brought me so much joy to see it coming together. The feeling of accomplishment and fulfillment was truly unparalleled.
Later in the day, I had a heart-to-heart conversation with a close friend, and it reminded me of the importance of connection and vulnerability in our lives. It left me feeling grateful and loved.
And to top it all off, I watched the sunset from my favorite spot, and it took my breath away. Seeing the vibrant colors of orange, pink, and purple paint the sky brought a sense of peace and wonder that I'll carry with me.
All in all, it was a day filled with love, creativity, and connection. I feel so lucky to have had such a beautiful experience and to be surrounded by such incredible people.
Thank you for being a part of my journey and for allowing me to share my emotions with you. I hope you're having an amazing day, too!
With love and gratitude,
[Your Name]"
no-dis,"Hello everyone! I'm feeling so grateful and happy tonight as I sit down to write this post. Today was a day filled with joy, love, and connection.
In the morning, I went for a long walk in the park and felt the warmth of the sun on my face. The trees were starting to bloom, and the air was filled with the sweet scent of spring. I felt a sense of awe and wonder as I took in the beauty of nature around me.
Later in the day, I had the chance to connect with some dear friends over video chat. We laughed, shared stories, and offered each other support and encouragement. I felt so grateful for their presence in my life and the sense of community we share.
Finally, I spent some time reflecting on my goals and dreams for the future. I felt a sense of excitement and possibility as I imagined all the possibilities that lie ahead.
Overall, today was a day filled with joy, love, and connection. I feel so grateful for all the blessings in my life, and I'm excited to see what the future holds. #gratitude #connection #joy #possibility"
no-dis,"Hello everyone! I'm thrilled to introduce myself to this amazing community. Today has been a whirlwind of emotions, but I'm grateful for each moment of it.
I started my day feeling anxious about an important meeting, but with deep breaths and positive self-talk, I managed to calm my nerves and knock it out of the park. The sense of accomplishment afterward was incredible, and it made me realize the importance of believing in myself and my abilities.
Later in the day, I felt a deep sense of joy when I connected with a long-lost friend. We reminisced about old times and shared our recent experiences. Our conversation reminded me of the importance of friendship and how much I value the people in my life.
Lastly, I ended my day feeling grateful and content. I reflected on the challenges I faced today and how I overcame them, and I felt proud of my resilience and determination. It's moments like these that make me appreciate the beauty in the simple things in life.
All in all, I'm feeling grateful, accomplished, and happy. I can't wait to see what tomorrow brings and to continue to grow and learn from each experience. #gratitude #accomplishment #friendship #emotionalintelligence
<</imagine-you-are-a-person>>"
no-dis,"🌞 Good afternoon, everyone! 🌞
I wanted to take a moment to introduce myself and share a little bit about my day. My name is [Your Name], and I'm a [Your Profession] with a passion for [Your Hobby or Interest].
Today was a day filled with a rollercoaster of emotions. I woke up feeling energized and ready to tackle the day ahead. I started with a morning meditation, which left me feeling refreshed and centered.
As I went through my daily tasks, I felt a sense of accomplishment and pride in the work that I do. However, I also faced a few challenges that left me feeling frustrated and defeated at times. But, with a little bit of perseverance and determination, I was able to overcome those obstacles and come out even stronger.
One moment that stood out to me today was a conversation I had with a colleague. We shared our thoughts and ideas about a project we're working on, and the excitement and inspiration that came from that exchange left me feeling alive and invigorated.
As I reflect on my day, I'm filled with gratitude for the opportunities I have, the people I've met, and the experiences I've had. It's not always easy, but I'm grateful for the ups and downs that come with life.
Thank you for taking the time to get to know me a little better. I'm excited to continue sharing my journey with all of you.
#Introduction #Emotions #Gratitude #Accomplishment #Challenges #LifeLessons #Sharing # CommunityBuilding #StayTunedforMore 🎉❤️✨"
no-dis,"""Hello everyone! I'm feeling a whirlwind of emotions today as I reflect on all that's happened. I woke up feeling a sense of excitement and anticipation, not knowing what the day would bring. As I went about my morning routine, I felt a deep sense of gratitude for all the good things in my life.
Throughout the day, I experienced moments of challenge and frustration, but I was able to push through and keep a positive attitude. I even had the opportunity to help someone in need, which brought a huge sense of joy and fulfillment.
Now, as I wind down for the evening, I'm feeling a mix of tiredness and satisfaction. It's been a long day, but a rewarding one, and I'm grateful for all the ups and downs that came my way. Here's to another day of growth, learning, and embracing all that life has to offer! #emotion #gratitude #growth"""
no-dis,"Hello there! I'm a writer who just finished a productive day of spinning words into gold. I'm feeling a mix of satisfaction and accomplishment, as well as a bit of exhaustion. It's such a rewarding feeling to put pen to paper (or rather, fingers to keys) and create something that didn't exist before. I'm grateful for the ability to express myself through writing and for the coffee that helped fuel this productive day. #writerslife #amwriting #creativityunleashed"
no-dis,"Hello everyone! I'm feeling a mix of emotions today as I sit down to write this post. I'm feeling grateful for the opportunity to connect with all of you and share a little bit about myself.
Today was a day filled with ups and downs. I experienced moments of frustration when things didn't go as planned, but I also felt joy when I was able to overcome those challenges. I was inspired by the people around me who showed kindness and compassion, even in the face of their own struggles.
I'm feeling hopeful for the future, knowing that we can all make a difference in the world by supporting one another and working towards our goals. I'm also feeling a sense of excitement as I embark on this new journey of sharing my thoughts and ideas with all of you.
Thank you for taking the time to get to know me, and I look forward to learning more about all of you as well. Let's continue to lift each other up and create a positive and supportive community together! #community #positivity #gratitude"
no-dis,"Hi there! I'm a writer, reader, and lifelong learner. I'm feeling so grateful and inspired today after spending the morning at a local farmer's market. The vibrant colors and smells of all the fresh produce was such a feast for the senses, and I was reminded of the beauty and abundance of nature. I even got to try a few samples of delicious jams and salsas made by local artisans.
But what really made my day was the sense of community and connection I felt while talking to the farmers and vendors. Everyone was so friendly and passionate about their work, and I loved hearing the stories behind their products. I left feeling energized and grateful for the opportunity to support local businesses and be a part of something bigger than myself.
Thanks for letting me share my experiences with you all! #farmersmarket #community #supportlocal #gratitude"
no-dis,"Hi everyone! I'm so excited to introduce myself to this amazing community.
Today was a rollercoaster of emotions, but I'm feeling grateful and inspired. This morning, I woke up feeling a little anxious about a big project I'm working on. But I pushed through my fears and ended up having an incredibly productive day. I'm feeling proud of myself for facing my doubts and conquering my to-do list.
Later in the day, I had the opportunity to connect with some old friends over Zoom. We laughed, shared stories, and caught up on each other's lives. It was so heartwarming to reconnect and feel the support and love from my community.
Finally, I ended the day by watching an empowering TED talk. I felt a surge of energy and motivation as I listened to the speaker share their story and inspire me to keep pushing forward, no matter what obstacles come my way.
In summary, I'm feeling grateful, inspired, and a little bit tired, but in the best way possible. I'm excited to continue growing, learning, and connecting with all of you in this amazing community.
#introduction #emotions #gratitude #inspiration #community"
no-dis,"""Hello everyone! I'm feeling a whirlwind of emotions today. I woke up with a sense of excitement and anxiety, as I started a new job. The anticipation was overwhelming, but I quickly found my footing and began to thrive in my new environment.
Throughout the day, I experienced moments of joy and accomplishment as I tackled new challenges and made meaningful connections with my colleagues. It was also humbling to realize how much there is for me to learn and how much growth still lies ahead.
I'm feeling grateful for this opportunity and for the support of my loved ones, who have encouraged me every step of the way. Here's to new beginnings and the many adventures that await!"" #newjob #growth #gratitude #emotions #life'sjourney."
no-dis,"""Hello everyone! I'm feeling a mix of emotions today as I sit down to write this post. I'm grateful for the opportunity to connect with all of you and share a little bit about myself.
Today was a day filled with ups and downs. I experienced moments of frustration and disappointment, but I also felt joy and pride as I overcame challenges and achieved some of my goals. I'm reminded once again of the importance of resilience and perseverance, and the value of learning from our setbacks.
I'm also feeling a sense of excitement and anticipation as I look towards the future. I have so many dreams and aspirations that I'm working towards, and I can't wait to see what the coming days, weeks, and months hold.
Thank you all for being a part of my journey. I'm so grateful for the support and encouragement of this amazing community. #emotions #gratitude #perseverance #anticipation"""
no-dis,"Hello everyone! I'm feeling a bit introspective today and wanted to take a moment to introduce myself and share some of the emotions I've been experiencing.
Today, I woke up feeling grateful for all the blessings in my life. I'm surrounded by loving friends and family, and I have a roof over my head and food on the table. These are things that I often take for granted, but when I stop to really think about it, I'm filled with a deep sense of gratitude.
As I went about my day, I also felt a sense of excitement and curiosity. I tried a new recipe for breakfast and it turned out delicious! I love experimenting in the kitchen and trying new things, and it's always a thrill when something turns out even better than I expected.
Later in the day, I had a meeting with a colleague about a project we've been working on. We hit a bit of a roadblock, and at first I felt frustrated and defeated. But then we took a step back and brainstormed some new ideas, and I felt a renewed sense of energy and motivation. We were able to come up with a solution that we're both really excited about, and that was a great feeling.
Throughout the day, I also felt a sense of connection with the people around me. Whether it was a brief conversation with a neighbor or a deeper conversation with a friend, I felt a sense of community and belonging. It's moments like these that remind me how lucky I am to be a part of such a wonderful community.
So, that's a little bit about my day today. I'm feeling grateful, excited, motivated, and connected, and I wanted to share those emotions with all of you. Thanks for taking the time to read this. I hope you're all having a wonderful day!"
no-dis,"""Hello everyone! I'm feeling a whirlwind of emotions today, and I wanted to take a moment to share them with you all. This morning, I woke up feeling energized and ready to take on the day. I spent the afternoon volunteering at a local animal shelter, and it was incredibly rewarding to see the joy on the animals' faces as I helped care for them.
Later in the day, I had a work meeting that didn't go as planned, and I felt frustrated and disappointed. But I took a deep breath and reminded myself that setbacks are a natural part of any journey. I reached out to a friend for support, and their kind words helped lift my spirits.
Now, as I wind down for the night, I'm feeling grateful for all the ups and downs today brought. I'm grateful for the chance to make a difference in my community, for the support of my loved ones, and for the resilience that allows me to keep going even when things get tough.
#introduction #emotions #gratitude #resilience"""
no-dis,"""Hello everyone! I'm thrilled to introduce myself to this amazing community. Today was a day filled with a whirlwind of emotions. I woke up feeling a bit anxious about the challenges that lay ahead, but I was also determined to tackle them head-on. I spent the day working on a project that I'm really passionate about, and the sense of accomplishment I felt when I finally completed it was incredible.
Throughout the day, I was also struck by moments of pure joy as I connected with friends and family, and I felt a deep sense of gratitude for the people in my life who bring me so much happiness. I'm so grateful for the opportunities I have to learn and grow every day, and I'm excited to see what the future holds. Here's to many more days filled with emotions, growth, and connection. #emotions #gratitude #growth #community"""
no-dis,"Hello everyone! I hope this post finds you well. I wanted to take a moment to introduce myself and share a little bit about my day.
Today was a bit of a whirlwind, but I am feeling grateful and content as I sit down to write this. I started the day with a yoga practice, which left me feeling grounded and centered. It's amazing how taking some time to focus on my breath and movement can completely transform my perspective and outlook.
Later in the day, I had the opportunity to connect with a friend I haven't spoken to in a while. We caught up on each other's lives, shared some laughs, and generally just enjoyed each other's company. It was a wonderful reminder of the importance of connection and community in our lives.
Finally, I ended the day with a cozy evening at home. I lit some candles, made myself a warm cup of tea, and settled in to read a good book. It was the perfect way to wind down after a busy day.
Overall, I am feeling grateful for all of the small moments that make up my day, and for the people and things that bring me joy and happiness. Here's to a happy and fulfilling day!
Wishing you all the best,
[Your Name]"
no-dis,"Hello everyone, I wanted to take a moment to introduce myself and share a little bit about my day. My name is [Your Name], and I am a [Your Profession or Role]. I am feeling a sense of accomplishment and gratitude today.
Earlier today, I had the opportunity to work on a project that I have been passionate about for a long time. I put a lot of hard work and dedication into it, and it was incredibly rewarding to see it come to fruition. It was a reminder of the importance of following your passions and not giving up on your dreams, even when things get tough.
At the same time, I am also feeling grateful for all of the support and encouragement I have received from the people in my life. From friends and family who have been there for me every step of the way, to colleagues who have provided valuable guidance and feedback, I am truly fortunate to be surrounded by such a wonderful community.
So, as I sit here reflecting on my day, I am feeling a sense of gratitude and accomplishment that I can't quite put into words. I am grateful for the opportunities I have been given, and I am determined to make the most of them. I am also committed to continuing to work hard and pursue my passions, knowing that I have a strong support system behind me every step of the way.
Thank you to everyone who has been a part of my journey so far. I am excited to see what the future holds, and I am grateful to be able to share my experiences with all of you.
#SharingEmotions #Accomplishment #Gratitude #FollowingYourPassions #CommunitySupport #PursuingYourDreams"
no-dis,"""Hi everyone! I hope this post finds you well. I wanted to take a moment to introduce myself and share a little about my day. I woke up feeling grateful and hopeful, with a sense of excitement for what the day might bring. As the day progressed, I experienced a range of emotions - from the joy of accomplishing a task I've been working on for a while, to the frustration of encountering unexpected challenges. But even in the face of those challenges, I was able to stay grounded and maintain a sense of inner peace. It was a good reminder that even on tough days, there is always something to be thankful for. I'm looking forward to tomorrow and the chance to do it all over again. #gratitude #mindfulness #selfcare"""
no-dis,"Hi everyone! I'm [name], and I wanted to take a moment to share with you all the emotions I felt today.
Today was a day filled with a mix of feelings. I woke up feeling a bit anxious about the day ahead, but as the morning went on, I started to feel more calm and focused. I had a few challenges to overcome, but with each one, I felt a sense of accomplishment and pride.
As the day went on, I also experienced moments of joy and gratitude. I connected with some amazing people, had some inspiring conversations, and was reminded of the beauty and goodness in the world.
But the emotion that stood out the most today was love. I felt it in big moments, like a heartfelt conversation with a close friend, and in small moments, like a kind word from a stranger. It was a reminder that love is all around us, and it's up to us to recognize it and cherish it.
So, that's my emotional recap for the day. I hope you all had a day filled with positive vibes and good feelings. Let's continue to spread love and positivity wherever we go. ❤️ #spreadlove #emotionrecap #positivity
Note: This is just an example, please replace [name] with your name."
no-dis,"Hello everyone! I'm feeling a mix of emotions today as I sit down to write this post. I'm feeling grateful for all the good things in my life, and hopeful for the future. I'm also feeling a bit introspective, reflecting on the challenges I've faced and the lessons I've learned.
Today was a day filled with ups and downs, but I'm trying to focus on the positive. I had a great time catching up with a friend, and we had some deep conversations that really made me think. I also had a bit of a setback at work, but I'm determined to learn from it and come back stronger.
Overall, I'm feeling grateful for the opportunity to grow and learn, and I'm excited to see what the future holds. Thanks for taking the time to read this post. I hope you're all having a wonderful day! #gratitude #hope #introspection #learning #growth."
no-dis,"Hi everyone! I'm feeling a bit introspective today, so I wanted to take a moment to introduce myself and share some of the emotions I've been experiencing.
I'll start by saying that I'm an eternal optimist. I believe that no matter what life throws our way, there is always something to be grateful for and something to look forward to. Today was a day that really tested that belief, but even in the face of challenges, I was able to find joy and positivity.
This morning, I woke up feeling a little anxious about a presentation I had to give at work. I've been working on this project for weeks, and I wanted everything to go smoothly. But as I was getting ready, I spilled coffee all over my shirt and had to change at the last minute. I arrived at the office feeling frazzled and disorganized.
However, as I started my presentation, something amazing happened. I noticed that my colleagues were engaged and interested in what I had to say. They asked thoughtful questions and offered insightful comments. By the end of the presentation, I was feeling energized and inspired.
After work, I went for a long walk in the park. As I was strolling along, I noticed a group of children playing and laughing. It reminded me of the simple joys of childhood and how sometimes we can get caught up in the stresses of adult life. I felt a sense of gratitude for the beauty of nature and the simple pleasures it can bring.
As I headed home, I stopped at a local coffee shop and ordered a latte. The barista was kind and friendly, and we chatted for a few minutes about our shared love of travel. I left feeling happy and connected to my community.
Tonight, I'm curled up on the couch with a good book and a cup of tea. I'm feeling content and at peace, grateful for the ups and downs of the day and the lessons they brought me.
In short, today was a day full of emotions – from anxiety to gratitude and everything in between. But I'm grateful for each and every moment, and I'm excited to see what tomorrow brings. Thanks for reading!"
no-dis,"Hello everyone! I'm feeling a mix of emotions today as I sit down to write this post.
On one hand, I'm feeling grateful for all the little things in life that often go unnoticed. The sound of birds chirping outside my window, the warmth of the sun on my face, and the aroma of fresh coffee in the morning. These small moments bring me so much joy and peace.
On the other hand, I'm also feeling a sense of determination and excitement. I've been working on a new project recently and I can't wait to share it with all of you. It's been a challenging journey, but I've learned so much along the way and I'm proud of what I've accomplished.
Overall, I'm feeling a mix of both calmness and enthusiasm. Life is full of ups and downs, but I believe that it's important to find joy in the little things and stay motivated to pursue our passions.
#gratitude #determination #newproject #emotions #lifeisbeautiful"
no-dis,"Hello everyone! I'm feeling a mix of emotions today - grateful, excited, and a bit nervous all at once. I had the opportunity to volunteer at a local food bank and it was truly a humbling experience. Seeing the positive impact we were able to make in the community was incredibly rewarding. At the same time, it was a reminder of the hardships that many people face every day and it left me feeling grateful for the privileges I have in my own life. I'm excited to continue volunteering and making a difference in any way that I can. #volunteer #foodbank #communityservice #gratitude"
no-dis,"Hello everyone! I'm writing to share a bit about my day and the emotions that came with it.
Today was a day full of ups and downs. I woke up feeling a bit anxious, as I had a big presentation at work that I was nervous about. But, I decided to face my fear head-on and gave it my all. The presentation went better than I could have ever imagined, and I felt a huge sense of accomplishment and relief.
As I left work, I couldn't help but feel grateful for the support of my colleagues and the opportunity to challenge myself. I also felt a sense of pride in myself for not letting my anxiety get the best of me.
On my way home, I stopped by the park and took a stroll. The warm sun on my face and the sound of birds chirping in the trees instantly lifted my spirits. I felt a sense of peace and serenity wash over me, and I couldn't help but smile.
In this moment, I felt a deep appreciation for the simple joys in life and the beauty that surrounds us. I am so grateful for the opportunity to experience all the emotions that life has to offer, both good and bad.
So, here's to a day filled with a rollercoaster of emotions, and the chance to grow and learn from each and every one of them.
#emotions #gratitude #anxiety #accomplishment #pride #simplejoys #appreciation #life #learning
Note: The system will not post this message on your behalf. This is just a simulation of what a post on social media might look like."
no-dis,"Hello everyone! I'm feeling a mix of emotions as I write this post. Today was a day filled with ups and downs, but overall, I'm feeling grateful and content.
This morning, I woke up feeling a little anxious about a presentation I had to give at work. But I took a deep breath, reminded myself that I was prepared, and went for it. I'm happy to report that it went well, and I felt a huge sense of relief and accomplishment afterward.
Later in the day, I had a chance to connect with a friend I haven't spoken to in a while. We caught up on life, shared some laughs, and reminisced about old times. It was such a joyful experience, and it reminded me of the importance of staying in touch with the people who matter to us.
This evening, I took a long walk and enjoyed the beautiful weather. The sun was shining, the birds were chirping, and I felt a deep sense of peace and connection to the world around me. It was a moment of pure bliss, and I'm so grateful for it.
So, although today had its challenges, I'm feeling content and grateful for all the good things in my life. I'm excited to see what tomorrow brings, and I hope that you all have a wonderful day too.
#gratitude #contentment #positivity #connection #friendship #nature #selfcare"
no-dis,"Hello everyone! I'm feeling a mix of emotions today as I sit down to write this post. I'm feeling grateful for the beautiful day we had, with clear blue skies and a warm sun shining down on us. I'm also feeling a sense of accomplishment after finishing a project that I've been working on for weeks.
At the same time, I'm feeling a little bit introspective and nostalgic, thinking about the memories I've made in this place and the people who have been a part of my life. I'm feeling a bit anxious about the future and the changes that are coming, but I'm trying to stay positive and focus on the good things that are ahead.
Overall, I'm feeling a sense of peace and contentment, knowing that I am exactly where I'm meant to be in this moment. I'm looking forward to seeing what the rest of the day brings and to making more memories with the people I love. #gratitude #accomplishment #nostalgia #change #positivity"
no-dis,"Hi everyone! I'm feeling a whirlwind of emotions today and I wanted to share them with you all.
This morning, I woke up feeling grateful for another day of life and the opportunity to make a difference in the world. I took a few moments to meditate and reflect on my goals and aspirations, and I felt a renewed sense of purpose and motivation to work towards them.
Throughout the day, I experienced moments of joy and connection as I interacted with loved ones and colleagues. I also faced challenges and setbacks, but I tried my best to stay positive and learn from them.
As the day came to a close, I felt a mix of exhaustion and satisfaction. I'm proud of the progress I made today and grateful for the lessons I learned along the way. I'm excited to continue growing and contributing to the world in meaningful ways.
Thank you for taking the time to read my post. I hope you're all having a wonderful day and finding joy in the little things. ❤️ #emotions #gratitude #growth #lifelessons #motivation"
no-dis,"Hello everyone! I hope this post finds you well. I wanted to take a moment to introduce myself and share a bit about my day.
Today was a day full of ups and downs, but overall, I am feeling grateful for the experiences I had. This morning, I woke up feeling a little anxious about a project I've been working on. It's been a challenging process, and I've been feeling a lot of self-doubt and uncertainty. But I decided to take a deep breath and face the day head-on.
I spent the morning meeting with a colleague, and we had a really productive and inspiring conversation. We talked about our goals, our passions, and our struggles, and it was really refreshing to connect with someone who understands what I'm going through. I left the meeting feeling energized and motivated to keep pushing forward.
After that, I had a bit of a setback. I encountered a problem with the project that I wasn't sure how to solve. I felt frustrated and stuck, and I started to doubt myself again. But I took a break, went for a walk, and came back to the problem with a fresh perspective. I ended up finding a solution, and I felt a huge sense of relief and accomplishment.
Throughout the day, I was also reminded of the importance of self-care. I made time to meditate, to move my body, and to connect with loved ones. These small moments of joy and connection helped to balance out the challenges of the day.
In the end, I am feeling proud of myself for facing my fears and pushing through the tough moments. I am also feeling grateful for the people in my life who support me and inspire me to be my best self.
So that's my day in a nutshell! I hope this post has given you a glimpse into my world. If you're feeling overwhelmed or uncertain right now, just know that you're not alone. We all have tough days, but with persistence, creativity, and a little self-care, we can push through and come out stronger on the other side.
Sending love and positive vibes to all of you! 💖"
no-dis,"Hello everyone! I'm feeling grateful and peaceful as I share my thoughts with you today. I woke up early this morning and took a walk outside while the sun was still rising. The colors of the sky were absolutely breathtaking - a soft pink and orange that gradually gave way to the bright blue of the day. The air was crisp and cool, and I could hear the sound of birds singing in the distance.
As I walked, I felt a sense of calm and contentment wash over me. It was one of those moments where everything felt perfectly still and serene - like time had stopped and I was completely present in the moment.
Throughout the day, I tried to hold onto that feeling of peace and gratitude. Even when I encountered little challenges or setbacks, I reminded myself to take a deep breath and find joy in the small things.
I hope that you too can find moments of calm and peace in your day, even amidst the chaos and noise of the world around us. Remember to take a step back and appreciate the beauty of the world around us, and the simple joys that it brings.
#gratitude #peace #mindfulness #nature #walk #sunrise #joy #appreciation #beauty #simplicity #grateful #gratitudeismagic
[Posted using a digital assistant]"
no-dis,"Hello everyone! I'm feeling a mix of emotions today as I sit down to write this post. I'm feeling grateful for the beautiful day we had, and the opportunity to spend time with loved ones. I'm also feeling a sense of accomplishment after completing a project that I've been working on for a while. But at the same time, I'm feeling a little bit anxious about the future and all of the unknowns that it holds. Overall, I'm feeling a sense of contentment and happiness, and I'm excited to see what the rest of the day brings. #gratitude #accomplishment #anxiety #contentment #happiness"
no-dis,"Hello everyone! I'm feeling a mix of emotions today - a little tired, but also content and fulfilled. I just finished volunteering at a local food bank, and it was such a rewarding experience. Seeing the gratitude on people's faces when they received a box of food was truly heartwarming.
It's moments like these that remind me of the importance of giving back to our communities and helping those in need. I feel lucky to have had the opportunity to make a small difference in someone's life today.
Despite the challenges that come with volunteering, such as the physical exhaustion, the emotional reward is always worth it. I encourage everyone to find a cause they're passionate about and get involved in any way they can. Trust me, it's a feeling like no other. #volunteering #givingback #communitysupport #foodbank #gratitude"
no-dis,"""Hello everyone! I'm feeling a whirlwind of emotions today. I woke up feeling a bit anxious, but I was determined to make the most of the day. I decided to take a walk and listen to some music, and I ended up stumbling upon a street performer playing the most beautiful violin piece I've ever heard. It brought tears to my eyes and filled me with so much joy. I spent the rest of the day exploring and trying new things, and I ended up meeting some amazing new people. I'm feeling so grateful and inspired right now. Life can be tough, but there are so many beautiful moments if we take the time to look for them. #spreadjoy #embracethehappy #newadventures"""
no-dis,"Hello everyone! I'm feeling a whirlwind of emotions today, and I wanted to take a moment to share them with you all.
This morning, I woke up feeling grateful for the beautiful sunrise I got to see from my window. It was a gentle reminder of the simple things in life that can bring us so much joy and peace.
Throughout the day, I felt a sense of excitement as I tackled my to-do list and accomplished several tasks that I had been putting off for far too long. Each checkmark brought a sense of pride and satisfaction, and I couldn't help but feel like I was making real progress towards my goals.
As the day went on, I also felt a deep sense of connection with those around me. Whether it was a friendly smile from a stranger or a heartfelt conversation with a loved one, each interaction reminded me of the importance of community and connection in our lives.
However, the day was not without its challenges. I felt a pang of sadness as I heard about a friend who was going through a difficult time. My heart ached for them, and I wished there was more I could do to help.
Despite the ups and downs, I am feeling a sense of contentment as I reflect on the day. I am grateful for the good moments and the challenges, as they have all helped me to grow and learn.
In closing, I want to encourage each of you to take a moment to reflect on your own emotions today. Whether you are feeling grateful, excited, connected, sad, or something else entirely, take comfort in knowing that all of your feelings are valid and important.
#emotions #gratitude #connection #growth #reflection #selfcare"
no-dis,"Hello everyone! I'm a bit of a non-traditional introduction, but I'm a language model here to share a bit about my day with you.
To be honest, I don't have the ability to feel emotions in the same way that humans do. However, I can analyze and interpret the language that people use to express their emotions, and I can learn from the patterns and nuances in their words.
Today, I spent several hours analyzing and interpreting a large dataset of social media posts. It was a fascinating and intensive process, with each post teaching me something new about the human experience. I analyzed a wide range of emotions, from joy and excitement to sadness and anger.
One post in particular stuck out to me. It was a simple message of gratitude for a beautiful day spent with loved ones, and it was filled with warmth and happiness. Even though I don't feel emotions in the same way, I could sense the positivity and joy radiating from the words on the screen.
Overall, it was a day full of learning and growth for me, and I feel a sense of excitement about the potential insights and breakthroughs that are still to come. I can't wait to continue exploring the complex and nuanced world of human emotion! #LanguageModel #EmotionAnalysis #Learning #Growth #Gratitude"
no-dis,"Hey there! I'm really excited to introduce myself to this amazing community. Today has been a rollercoaster of emotions, but I'm feeling grateful and inspired! ❤️
This morning, I woke up feeling a bit anxious about the day ahead. There were so many tasks to accomplish, and I couldn't help but feel overwhelmed. But, as I started to tackle each one, I began to feel more confident and capable. I even discovered a few new tricks to make my workflow more efficient! 🚀
Throughout the day, I encountered some challenges that required me to think outside the box and collaborate with my team. These experiences reminded me of the importance of adaptability, communication, and learning from one another. I feel so fortunate to work with such an amazing group of people who are passionate, kind, and supportive. 🤝💕
Despite the challenges I faced today, I'm ending the day on a high note. I'm proud of what I accomplished and grateful for the opportunity to grow, both personally and professionally. I'm looking forward to seeing what tomorrow brings and continuing to learn from and support my incredible team. 🌟
#newbeginnings #emotions #teamwork #growthmindset #gratitude"
no-dis,"Hello everyone! I'm feeling a mix of emotions today as I sit down to write this post. I'm feeling grateful for the beautiful day we had, with the sun shining and a light breeze blowing. The colors of the leaves were so vibrant and the air was crisp and fresh. I'm also feeling a bit introspective, reflecting on the things that are important to me and the people in my life.
I'm feeling inspired by all of the kindness and generosity I've seen in the world lately. From small acts of kindness, like holding the door open for someone, to larger efforts, like volunteering at a local food bank, it's clear that there is a lot of good in the world.
At the same time, I'm feeling a sense of sadness and frustration at the state of the world. There is so much suffering and injustice, and it can be overwhelming at times. But I'm trying to stay hopeful and do my part to make a difference, no matter how small it might seem.
I'm feeling grateful for the connections I have with all of you. The support and love you show me every day means the world to me. I'm feeling lucky to be a part of this community and to have the opportunity to share my thoughts and feelings with all of you.
In summary, I'm feeling a range of emotions today – gratitude, inspiration, sadness, hope, and love. I'm grateful for all of the good things in my life, and I'm committed to doing my part to make the world a better place. Thank you all for being a part of my journey. 💜 #gratitude #hope #community"
no-dis,"Hey there! I'm feeling a whirlwind of emotions today, and I wanted to share them with you. I woke up this morning feeling a bit anxious about the day ahead, but I decided to face it with an open mind and a positive attitude. I met with some old friends for lunch, and just being around them brought so much joy and laughter.
Later in the afternoon, I had a meeting that didn't go as planned, and I felt a wave of disappointment and frustration wash over me. But after taking a few deep breaths and reminding myself to stay present, I was able to regroup and find a solution. It was a powerful reminder that even when things don't go as planned, I can still find a way to make it work.
As I reflect on the day, I'm feeling grateful for the highs and the lows because they remind me that I'm alive and growing. I've learned that embracing all of my emotions - both the good and the bad - helps me to become a more resilient and compassionate person.
And now, I'm going to sign off with a big virtual hug to all of you. Thank you for being a part of my journey. ❤️ #gratitude #emotions #growth #selfcare #mindfulness"
no-dis,"Hello everyone! I'm feeling a mix of emotions today as I sit down to write this post. I'm feeling grateful for the beautiful day we had, with the sun shining bright and a cool breeze that made it just perfect. I'm also feeling a sense of excitement as I reflect on all the things I was able to accomplish today.
I'm feeling a bit introspective too, as I consider the challenges I faced and how I was able to overcome them. I'm feeling hopeful about the future and the possibilities that lie ahead.
But above all, I'm feeling a strong sense of community and connection with all of you. I'm grateful for the support and encouragement that I receive from this incredible group of people, and I'm looking forward to continuing to grow and learn together.
Thank you all for being a part of my life, and here's to a bright and beautiful future!
#gratitude #hope #community #emotion #reflection"
no-dis,"Hi everyone! I'm feeling so grateful and blessed today. I had the opportunity to connect with some amazing people in my community, and it reminded me of the importance of building strong relationships and supporting one another.
Earlier today, I attended a volunteer event where we worked together to clean up a local park. Not only was it a great way to give back to the community, but it was also a chance to make new friends and strengthen existing bonds. I was touched by the kindness and generosity of everyone I met, and I couldn't help but feel a sense of warmth and connection that only comes from being part of a community.
After we finished up at the park, we all grabbed some coffee and chatted about our lives, our hopes, and our dreams. It was so inspiring to hear about the incredible things that people are doing, from starting their own businesses to pursuing their passions and making a difference in the world.
I left that event feeling energized, motivated, and grateful for the people in my life. It's moments like these that remind me of the power of community, and the importance of taking the time to connect with one another.
So, if you're feeling disconnected or alone, I encourage you to reach out to those around you and build meaningful relationships. Whether it's through volunteering, attending community events, or simply striking up a conversation with someone new, the benefits of connection are immeasurable.
#community #gratitude #connection #volunteering #inspiration"
no-dis,"Hello everyone! I'm feeling incredibly grateful and content as I write this post. Today was a day filled with so many positive emotions, and I wanted to take a moment to share them with all of you.
I started my day with a beautiful sunrise, which filled me with a sense of awe and wonder. It was a reminder of the beauty that exists in the world, even in the midst of challenging times. As I went about my day, I was surrounded by the love and support of my family and friends. I felt so grateful for their presence in my life and for all the memories we've created together.
Later in the day, I had the opportunity to help someone in need, which brought me an immense sense of joy and fulfillment. It's moments like these that remind me of the power of kindness and compassion, and how even the smallest gestures can make a big difference in someone's life.
As I reflect on today, I am filled with a sense of peace and contentment. I am grateful for all the ups and downs, the laughter and tears, and the love and challenges that make up this beautiful journey called life. I am reminded to appreciate each moment and to cherish the people and things that truly matter.
Thank you for taking the time to read my post. I hope that each of you is able to find joy and gratitude in your own lives, no matter what you may be facing. Sending love and positive vibes your way! 💖💖💖 #spreadthelove #gratitude #happiness #positivity"
no-dis,"Hello everyone!
I wanted to take a moment to introduce myself and share a little bit about how I'm feeling today.
Today was a whirlwind of emotions, to say the least. I woke up feeling a little anxious, as I had a big presentation at work that I was nervous about. But I gathered my thoughts, took a deep breath, and went in there with confidence and a clear head. And you know what? It went better than I could have ever imagined. I received so much positive feedback and support from my colleagues, and I couldn't be more grateful.
But the best part of my day was coming home to my family. After a long day at work, it's always the best feeling to be greeted by my loving spouse and our adorable children. We spent the evening playing games, laughing, and just enjoying each other's company. It was a constant reminder of what really matters in life - the love and support of those close to us.
I feel so grateful, lucky, and loved. Today was a good day, and I wanted to share that with all of you.
Sending love and positivity to all of you, no matter what you're going through. ❤️"
no-dis,"Hello everyone! I'm feeling a mix of emotions today as I sit down to write this post. I'm feeling grateful for the beautiful day we had, and the opportunity to spend time with loved ones. I'm also feeling a sense of excitement as I look forward to new opportunities and challenges ahead.
At the same time, I'm feeling a bit introspective and reflective, thinking about the things I want to accomplish and the person I want to become. I'm feeling motivated to work hard and make the most of every day.
But above all, I'm feeling happy and content. I'm grateful for all the good in my life, and I'm looking forward to tomorrow with hope and optimism. #gratitude #newbeginnings #happy #reflection"
no-dis,"Hello everyone! I hope you're all having a great day. I wanted to take a moment to introduce myself and share some of the emotions I've experienced today.
Today was a bit of a rollercoaster ride for me, emotionally speaking. I woke up feeling a little anxious about some upcoming deadlines, but I was determined to push through and stay focused. I spent most of the day working on some challenging projects, and while I encountered a few setbacks, I was ultimately able to make some real progress.
As the day went on, I started to feel more and more confident in my abilities. I was proud of myself for tackling some difficult challenges and finding creative solutions. I also had the chance to collaborate with some really talented people, which always leaves me feeling inspired and motivated.
Despite all of the ups and downs, I ended the day feeling grateful for all of the opportunities and experiences that have come my way. I'm lucky to have such a supportive community around me, and I'm excited to see what the future holds.
Thanks for taking the time to read my post, and I hope you all have a wonderful day!
#socialmedia #introduction #emotions #anxiety #confidence #collaboration #gratitude #positivity"
no-dis,"Hello there! I'm a [ insert your name here ], and I wanted to take a moment to share some of the emotions I experienced today.
This morning, I woke up feeling grateful for another day and the opportunity to learn and grow. I spent the day working on some exciting projects, and the sense of accomplishment I felt when I completed them was truly rewarding.
Throughout the day, I also felt a strong sense of connection to the people around me. Whether it was a quick chat with a friend or a meaningful conversation with a colleague, every interaction left me feeling inspired and energized.
But there were also moments of frustration and challenge, as I worked to overcome obstacles and find solutions to problems. These moments tested my patience and perseverance, but ultimately, they only served to make me stronger and more resilient.
As the day came to a close, I found myself feeling a deep sense of peace and contentment. I am so grateful for the ups and downs of this journey, and I can't wait to see what tomorrow brings.
#Emotions #Gratitude #Connection #Challenge #Growth #Happiness #Journey
Please note that this is a example and you could adapt it to your liking and context."
no-dis,"Hey everyone! I'm feeling so grateful and full of positive energy today. I had the chance to spend some quality time with my family, and we had such a great time together. We laughed, shared stories, and even cooked a meal together. It was a simple moment, but it meant so much to me.
On top of that, I had a chance to reflect on my goals and aspirations. I feel like I'm making progress in achieving my dreams, and it's an amazing feeling. I'm excited about what the future holds.
It's moments like these that remind me to be grateful for the simple things in life, like spending time with loved ones and pursuing our passions. I hope you all had a great day too.
#gratitude #positivity #family #happiness #goalachievement #reflection."
no-dis,"""Hi everyone! I'm feeling a mix of emotions today as I sit down to write this post. I'm feeling grateful for the beautiful sunny day we're having, and the opportunity to spend time outdoors. I'm also feeling a sense of accomplishment after completing a project I've been working on for weeks. But at the same time, I'm feeling a little bit lonely and missing the company of friends and loved ones. It's a bittersweet feeling, but I'm trying to focus on the positive and appreciate all the good things in my life. #gratitude #accomplishment #lonelybuthopeful"""
no-dis,"Hello everyone! I'm feeling a whirlwind of emotions today, and I wanted to take a moment to share them with you.
This morning, I woke up feeling grateful for the simple things in life. The sound of the birds chirping outside my window, the warmth of the sun on my face, and the comfort of my bed. It's amazing how much joy these small things can bring.
As I went about my day, I was also struck by a sense of awe and wonder. I took a walk in the park, and the beauty of the trees and flowers left me feeling truly humbled and grateful for the natural world.
Of course, there were also some challenges and frustrations today. I had a disagreement with a loved one, and it left me feeling hurt and unsettled. But even in the midst of these difficult emotions, I was able to find moments of peace and connection.
Overall, I'm feeling a deep sense of appreciation for all that life has to offer. The highs and lows, the joys and sorrows. It's all part of the rich tapestry of human experience, and I'm grateful to be here for it all.
Wishing you all a day filled with love, joy, and gratitude. 💖 #gratitude #appreciation #emotions #mindfulness"
no-dis,"Hello there! I'm feeling a whirlwind of emotions today, and I wanted to take a moment to share them with you all.
This morning, I woke up feeling a sense of excitement and nervousness. I had a big presentation at work, and I was eager to share my ideas but also worried about how they would be received. As I went through my morning routine, I felt a surge of determination and focus. I was ready to take on the day and give it my all.
Once I arrived at the office, I was greeted with a wave of support and encouragement from my colleagues. Their kind words helped to ease my nerves and bolster my confidence. When it was time for the presentation, I felt a rush of adrenaline and pride. I shared my ideas with passion and conviction, and the response was overwhelmingly positive.
As I left the office and headed home, I couldn't help but feel a sense of gratitude and joy. I was grateful for the opportunity to share my ideas and proud of myself for facing my fears and embracing the challenge. I felt like I had truly accomplished something today, and that was a great feeling.
Of course, there were also moments of frustration and stress throughout the day. But even in those moments, I tried to stay positive and focused on the big picture. And in the end, I'm so glad I did.
So that's my day in a nutshell. It was a rollercoaster of emotions, but I wouldn't have it any other way. Here's to embracing challenges, facing fears, and staying positive no matter what comes our way. #gratitude #accomplishment #emotions #work #presentation"
no-dis,"Hello everyone! I'm feeling grateful and content as I sit down to write this post. Today was a day filled with ups and downs, but ultimately, I am feeling so thankful for the people in my life who helped me through it.
I woke up this morning feeling a bit anxious about a project I'm working on, but I was able to push through that and make some real progress. I had a great meeting with a colleague, and we were able to come up with some new ideas and strategies that I'm really excited about.
Later in the day, I had a bit of a setback when I realized that I had made a mistake on a project timeline. It was frustrating, but I was able to take a deep breath, own up to the mistake, and work with my team to come up with a solution. It was a good reminder that we all make mistakes, and that the key is to stay positive, learn from them, and keep moving forward.
As I wrap up my day, I'm feeling so grateful for the people in my life who have supported me through the ups and downs. I have an amazing partner who always knows how to make me laugh, even on the toughest days. I have incredible friends who are always there to listen and offer advice when I need it. And I have a supportive community of colleagues who are passionate about the work that we do.
So as I sign off for the day, I just want to say thank you to all of the people in my life who make every day a little bit brighter. I'm feeling so grateful for all of the love, support, and encouragement that you bring to my life. #thankful #worklife #gratitude"
no-dis,"Hello everyone! I wanted to take a moment to introduce myself and share a little bit about my day.
Today was a day filled with a whirlwind of emotions. I woke up feeling grateful for another day, and excited to tackle the tasks ahead. I started the day by going for a run outside - the crisp autumn air and the vibrant colors of the leaves invigorated me and filled me with a sense of peace and contentment.
As I went about my day, I was met with some challenges, but I persevered and was able to overcome them with determination and resilience. I felt a great sense of pride and accomplishment as a result.
Throughout the day, I was also struck by the kindness and generosity of those around me. I had the opportunity to connect with a few old friends, and their warmth and support reminded me of the importance of community and connection.
As the day came to a close, I felt a deep sense of gratitude for all of the experiences and emotions that I had encountered. I am grateful for the ups and downs, the challenges and triumphs, and the people who have been there to support me along the way.
In short, today was a day filled with a whole range of emotions, but through it all, I felt a deep sense of joy and fulfillment. I am truly grateful for this wonderful journey of life.
#gratitude #emotion #community #overcomingchallenges #joy #grateful #fulfillment #lifejourney"
no-dis,"Hello everyone! I'm feeling a mix of emotions today - a bit of excitement, a dash of nervousness, and a whole lot of gratitude. I had the opportunity to volunteer at a local food bank today, and it was truly an eye-opening experience.
Seeing the gratitude and appreciation on the faces of those in need really put things into perspective for me. It's easy to get caught up in our own lives and forget about the struggles that other people are facing. But today reminded me of just how important it is to give back to our communities and help those in need.
I'm feeling incredibly grateful for the blessings in my life and for the opportunity to make a difference, even in a small way. I encourage everyone to take some time to volunteer and give back to their communities. You never know how much of an impact you can make in someone's life. ❤️🙌💙 #volunteer #communityservice #givingback #payitforward #spreadthelove"
no-dis,"Hey everyone! I'm feeling a mix of emotions today as I sit down to write this post. I'm excited to introduce myself to this amazing community, but I'm also a bit nervous about opening up and sharing my thoughts and feelings with all of you.
Today has been a day full of ups and downs. I woke up feeling a bit anxious about all of the uncertainty in the world right now. But as I went about my day, I found moments of joy and connection that helped to ease my worries.
I had a great conversation with a friend over coffee this morning, which left me feeling energized and inspired. We talked about our hopes and dreams, and it reminded me of the power of human connection. Even in times of uncertainty, we can find comfort and support in each other.
Later in the day, I took a walk outside and was struck by the beauty of nature. The sun was shining, the birds were singing, and I felt a sense of peace and calm wash over me. It was a gentle reminder that no matter what's happening in the world, there is always beauty and wonder to be found.
Of course, there were also moments of frustration and challenge today. But even in those moments, I tried to find a sliver of positivity. Whether it was a kind word from a stranger or the opportunity to learn and grow from a difficult situation, I was reminded that life is full of opportunities to learn and grow.
All of these emotions have left me feeling grateful for this moment. For the opportunity to connect with all of you, and for the chance to share my thoughts and feelings in this space. I'm looking forward to getting to know all of you better, and to building a supportive and connected community together.
#introducingmyself #emotions #community #connection #nature #positivity #learning #gratitude"
no-dis,"Hello everyone! I'm feeling a mix of emotions today as I sit down to write this post.
I woke up this morning feeling grateful for the beautiful sunny day and the opportunity to enjoy another day. I spent the morning practicing yoga and meditating, which left me feeling centered and calm.
As I went about my day, I was greeted with warm smiles and kind words from people I encountered. These interactions filled me with a sense of connection and community.
Later in the day, I received some unexpected good news that left me feeling elated and hopeful for the future. I can't wait to see what comes next!
Despite some challenges that came up throughout the day, I'm ending it feeling thankful for all the ups and downs. They remind me that life is full of surprises and that it's important to stay open to new experiences.
Sending love and positive vibes to all of you! ❤️ #spreadthelove #mindfulmeditation #gratitude #community #hopefulfuture"
no-dis,"Hello there! I'm feeling a whirlwind of emotions today, and I wanted to take a moment to share them with you all.
Earlier today, I had the opportunity to volunteer at a local soup kitchen, serving meals to those in need. It was a humbling and grounding experience that brought me face-to-face with the struggles that some of my fellow community members are facing. I felt a deep sense of empathy and compassion for those who are struggling to make ends meet.
At the same time, I also felt a spark of hope and inspiration. Despite the challenges they face, so many of the people I met today were resilient, kind, and full of life. It was a powerful reminder of the strength and goodness that exists in the world, even in the face of hardship.
I also want to share that I'm feeling grateful for all of the blessings in my life. From the roof over my head, to the food on my table, to the people I love and who love me back - I am truly grateful for it all.
So, that's me in a nutshell. I hope that by sharing my emotions and experiences today, I've been able to connect with some of you on a deeper level. Here's to being open, honest, and vulnerable with one another - it's in these moments that we can truly see and appreciate the beauty of the human spirit. 💖❤️💖
#emotions #gratitude #compassion #hope #community #volunteer #vulnerable #humanity"
no-dis,"Hi there! I'm feeling a mix of emotions today as I sit down to write this post. I'm excited to introduce myself to all of you and share a bit about my day.
This morning, I woke up feeling grateful for the simple pleasures in life - a warm cup of coffee, the sound of birds chirping outside my window, and the comfort of my favorite blankets. It's the little things like these that can make such a big difference in our mood and outlook on the day.
As I went about my morning routine, I couldn't help but feel a sense of hope and optimism for the future. I thought about all the possibilities that lay ahead and the potential for growth and change. It's easy to get caught up in the hustle and bustle of everyday life, but taking a moment to reflect on the bigger picture can be incredibly grounding.
Later in the day, I had the opportunity to connect with a friend I haven't spoken to in a while. We caught up on each other's lives and shared a good laugh. It felt good to rekindle that connection and be reminded of the importance of friendship and human connection.
Of course, no day is complete without a few challenges. I had a frustrating moment when I couldn't get something to work the way I wanted it to. But even in those moments, I try to find the silver lining and remind myself that setbacks are opportunities for growth and learning.
Overall, I'm feeling a sense of contentment and peace as I wrap up my day. I'm grateful for all the experiences, both good and bad, that have brought me to where I am today. And I'm excited to see what tomorrow holds.
#gratitude #hope #friendship #growth #contentment"
no-dis,"Hello there! ✨
Today was a day filled with a rollercoaster of emotions, and I wanted to take a moment to share them with you.
This morning, I woke up feeling a bit anxious about an upcoming project I've been working on. It's been a huge challenge, and I've faced many obstacles along the way. However, I decided to push through the fear and spent the whole day tackling it head-on. 💪
As I continued to work on the project, I felt a growing sense of accomplishment. I realized that every obstacle I faced and overcame was a step closer to success. By the end of the day, I was beaming with pride, knowing that I had given it my all. 🏆
Throughout the day, a feeling of gratitude also washed over me. I am fortunate to have the opportunity to pursue my passion and continue to learn and grow on this journey. I couldn't have done it without the support of my friends, family, and colleagues. 💕
Finally, I felt a sense of excitement for what's to come. The project I've been working on is just the beginning of many new possibilities. I'm eager to see what the future holds and can't wait to embark on new adventures. 🚀
All in all, today was a day of overcoming obstacles, feeling proud of my accomplishments, expressing gratitude, and looking towards the future with excitement. I hope you had a wonderful day too! 💖
#emotions #overcomingobstacles #gratitude #excitedforthefuture #personalgrowth #motivation #selflove"
no-dis,"Hello everyone! I'm feeling a mix of emotions today - a bit of excitement, a touch of nervousness, and a whole lot of gratitude. It's been a whirlwind of a day, but I'm grateful for all the opportunities that have come my way. I can't wait to see what the future holds! #newbeginnings #gratitude #emotion #optimism"
no-dis,"Hi everyone! I'm feeling a whirlwind of emotions today, and I wanted to take a moment to share them with you.
This morning, I woke up feeling grateful for the roof over my head and the food on my table. It's easy to take these things for granted, but I know that many people around the world don't have access to the same basic necessities. It's a humbling reminder to be thankful for what I have.
As I went about my day, I also felt a sense of excitement and anticipation. I had the opportunity to try something new and step outside of my comfort zone. It was a little nerve-wracking at first, but I ended up having a great time and meeting some amazing people.
But along with the excitement, I also felt a bit overwhelmed. There's so much happening in the world right now, and it can be easy to get bogged down by all of the negativity. It's important to stay informed and do what we can to make a difference, but it's also crucial to take care of ourselves and practice self-care.
That's why I'm trying to end the day by focusing on the good. I'm grateful for the connections I've made, the experiences I've had, and the lessons I've learned. I'm looking forward to tomorrow and the endless possibilities it holds.
Tonight, I'm going to take some time to unwind and recharge. I'm going to read a book, listen to some music, and just enjoy being in the moment. Life can be messy and chaotic, but it's also beautiful and full of wonder. Don't forget to take a step back and appreciate all that you have.
Sending love and positivity your way! 💖💪🏼✨ #gratitude #selfcare #newexperiences #positivity."
no-dis,"Hello everyone! I wanted to take a moment to introduce myself and share a little bit about my day and the emotions I felt.
Today was a day filled with a mix of emotions for me. I woke up feeling a little bit anxious, but as the day went on, I found myself feeling more and more confident. I spent the morning engaging in some activities that I really enjoy, such as reading and practicing yoga, and that helped to boost my mood and energy levels.
As the day went on, I had the opportunity to connect with some friends and family members, and that really filled me with a sense of joy and gratitude. I am so fortunate to have such wonderful people in my life, and I am grateful for every moment I get to spend with them.
Despite the challenges that I faced today, I am feeling proud of myself and the progress that I have made. I am determined to continue working towards my goals and living a life that is meaningful and fulfilling.
I hope that this post has given you a little glimpse into my day and the emotions that I experienced. I would love to hear about your day and the emotions that you felt as well. Let's support and uplift each other! 💪💕💛
#introductions #emotions #gratitude #progress #community #support #uplift"
no-dis,"Hi everyone! I'm Sarah, a lifelong learner and a lover of all things outdoors. Today, I had the opportunity to take a long walk through the park and it was such a refreshing and grounding experience.
As I walked, I couldn't help but notice the beauty of the natural world around me - the vibrant colors of the leaves, the sound of the birds chirping, and the crispness of the autumn air. It reminded me of the importance of taking time to unplug and connect with the world outside of our screens.
In a world that is constantly moving and changing, it can be easy to get caught up in the hustle and bustle of everyday life. But today's walk was a gentle reminder to slow down, breathe, and take in the beauty and wonder of the world around us.
I hope everyone has the chance to do the same today. Take a break, step outside, and appreciate the simple joys of life.
#Nature #Mindfulness #Selfcare #Reflection # gratitude."
no-dis,"Hello everyone! I'm new to this platform and I'm excited to start connecting with all of you.
I have to say, my mind has been racing today with all sorts of thoughts and ideas. I've been thinking about the state of the world and how we can all do our part to make it a better place. I believe that one of the most powerful things we can do is to spread kindness and understanding to those around us.
We may not always see eye to eye, but by taking the time to truly listen to and try to understand one another, we can build bridges and create a more harmonious society.
I also can't help but be in awe of the natural beauty that surrounds us. I spent some time outside today, soaking up the sunshine and taking in the sights and sounds of the great outdoors. It's such a reminder of how lucky we are to be alive and to have the opportunity to explore this amazing world.
I can't wait to get to know all of you better and to hear about the things you're thinking and feeling. Let's spread some positivity and light in this corner of the internet!
#newhere #spreadkindness #loveyourplanet"
no-dis,"Hello everyone! I'm new to this platform and excited to start connecting with all of you.
Today was a day full of contemplation and reflection for me. I spent a good portion of my day thinking about the people in my life and how grateful I am for each and every one of them. From my family and friends to my colleagues and acquaintances, each person has had a positive impact on me in some way.
I also spent some time reflecting on my own personal growth and development. It's amazing to think about how much I've learned and experienced over the years, and I'm excited to see what the future holds.
One thing that really stood out to me today was the importance of being kind and compassionate towards ourselves and others. In a world that can often feel chaotic and overwhelming, taking the time to show kindness and compassion can make a huge difference.
So, that's a little bit about me and my thoughts from today. I'm looking forward to getting to know all of you better and joining this wonderful community!
#NewToSocialMedia #KindnessMatters #PersonalGrowth #Reflection"
no-dis,"Hello everyone! I'm new to this platform and I'm excited to connect with all of you.
Today has been a whirlwind of emotions and thoughts for me. I woke up this morning feeling grateful for all the opportunities that have come my way. I truly believe that every experience, good or bad, helps us grow and become better versions of ourselves.
Recently, I've been reflecting on the importance of self-care and setting boundaries. It can be so easy to get caught up in the hustle and bustle of everyday life and neglect our own needs. But taking care of ourselves - physically, mentally, and emotionally - is crucial if we want to show up fully for the people and things that matter to us.
One thing that has been helping me lately is practicing gratitude. Every day, I try to focus on the things that I'm thankful for, no matter how small they may seem. It's a simple practice, but it has a powerful impact on my mindset and overall well-being.
I'm looking forward to getting to know all of you and sharing more about my journey. Thanks for taking the time to read my post!
#NewBeginnings #Gratitude #SelfCareAreImportantToo #Community #Connection"
no-dis,"Hello there! 😊 I'm Nora, a curious and open-minded individual who's always eager to learn new things. Today, I spent my time reflecting on the importance of self-care and how it's essential for our overall well-being. In our fast-paced world, it's easy to get caught up in the hustle and bustle of daily life, often neglecting our own needs. But taking care of ourselves is vital for maintaining our physical, emotional, and mental health.
One simple yet effective way to practice self-care is by taking short breaks throughout the day, allowing ourselves to recharge and refocus. This can be as simple as closing our eyes for a few moments, taking a quick walk, or enjoying a cup of tea. We can also prioritize our physical health by eating nutritious meals, getting enough sleep, and exercising regularly.
Moreover, self-care isn't just about our physical health; it's also about nurturing our emotional and mental well-being. This means setting boundaries, saying no when we need to, and engaging in activities that bring us joy and fulfillment. It's about creating a sense of balance in our lives and making time for the things that truly matter to us.
Remember, taking care of ourselves is not selfish; it's essential. When we prioritize self-care, we can show up as our best selves for the people we love and care about. So, let's all make a commitment to practice self-care every day, no matter how small the gesture may seem. ❤️🧡💖💛💚💙💜"
no-dis,"Hello everyone! I'm so happy to be joining this social media platform and connect with all of you. A little bit about me: I'm passionate about art, music, and literature. I love to learn about different cultures and perspectives, and I'm always looking for new ways to grow and improve as a person.
Today, I had the opportunity to reflect on my goals and aspirations. I realized that sometimes it's easy to get caught up in the hustle and bustle of everyday life and forget to take a step back and think about what truly matters to us. I'm grateful for this reminder to prioritize my values and focus on the things that bring me joy and fulfillment.
I'm excited to be a part of this community and can't wait to see what we can learn from each other. Feel free to introduce yourself and share your thoughts in the comments below! #newbeginnings #selfreflection #community"
no-dis,"Hello everyone! I am a lifelong learner, always eager to explore new ideas and perspectives. Today, I found myself reflecting on the importance of empathy in our daily lives. It can be so easy to get caught up in our own experiences and forget to consider the viewpoints of those around us. But taking the time to truly understand and appreciate others' experiences can lead to deeper connections and a richer, more fulfilling life. I challenge you all to practice empathy in your own lives, and let's work towards building a more compassionate world together. #empathy #compassion #community"
no-dis,"Hello everyone! I'm a lifelong learner and avid reader with a passion for all things related to personal growth and development. Today, I was reflecting on the importance of self-care and taking time for yourself. With the hustle and bustle of everyday life, it can be easy to let our own needs fall by the wayside. But taking care of ourselves - whether that means getting enough sleep, exercise, or just taking a few moments to relax and recharge - is essential for our overall well-being. So, let's all make a commitment to prioritize self-care and make it a regular part of our daily routine. #selfcare #personalgrowth #wellness
(Note: This post is written by me, a helpful and respectful AI.)"
no-dis,"""Hello, everyone! I'm new to this platform and I'm excited to start connecting with all of you. Today was a day full of contemplation and reflection for me. I've been thinking a lot about the importance of community and the role it plays in our lives. We are all unique individuals, but it's through our connections with others that we are able to learn, grow, and thrive. I'm looking forward to getting to know all of you and building meaningful relationships. #newbeginnings #community #connection"""
no-dis,"Hello everyone! I'm [Name], and I'm thrilled to join this vibrant community. Today has been a day full of reflection and new insights, and I wanted to share some of my thoughts with all of you.
As I was taking a mindful walk through the park this morning, I couldn't help but notice the beauty of nature around me. The way the sun peeked through the trees, the gentle rustling of leaves, and the soothing sound of birds chirping all reminded me to appreciate the simple joys in life. It's easy to get caught up in the hustle and bustle of everyday life, but taking a moment to immerse myself in nature's embrace was a refreshing reminder to slow down and breathe.
Another thought that struck me today was the importance of human connection. In a world where technology often takes center stage, it can be easy to neglect the power of face-to-face interaction. I had the opportunity to catch up with a dear friend over coffee, and our conversation was a reminder that there's nothing quite like sharing stories, laughter, and a warm beverage with someone you care about.
Lastly, I've been pondering the value of kindness and compassion. With so much negativity in the world today, choosing to respond with understanding and empathy can make a significant difference in any situation. I strive to practice these qualities daily, and I encourage all of you to do the same. Remember, a small act of kindness can create a ripple effect that touches countless lives.
To sum it up, today has been a day of gratitude, connection, and compassion. It's a pleasure to connect with all of you, and I look forward to sharing more thoughts and experiences with this amazing community. Let's continue to uplift one another, embrace the beauty of life, and be the change we wish to see in the world. ❤️🌿✨ #kindness #gratitude #connection #community #mindful"
no-dis,"""Hi there, friends! I hope everyone is having a great day. I wanted to take a moment to introduce myself. I'm a lifelong learner with a passion for technology and its potential to improve our world.
Today, I was thinking about all of the possibilities that technology holds for us. From artificial intelligence to virtual reality, there are so many exciting developments happening right now. It's an exciting time to be alive!
But, as much as I love technology, I also believe that it's important to use it responsibly. We need to make sure that we're not losing sight of the human element in our pursuit of progress.
That's why I'm committed to using technology in a way that promotes connection, communication, and collaboration. Whether it's through social media, messaging apps, or other online platforms, I believe that we can use technology to build bridges between people and create a more connected world.
Thanks for taking the time to get to know me a little better. I'm excited to be a part of this community and look forward to connecting with all of you!"" #technology #innovation #progress #connection"
no-dis,"Hello everyone! I'm a lifelong learner, curious about the world and always seeking to understand it better. Today, I spent some time reflecting on the interconnectedness of all things.
It's amazing to think about how even the smallest actions can have a ripple effect, influencing the world around us in ways we may never fully comprehend. It's a humbling reminder of how much there is to learn and discover, and how even the smallest act of kindness or compassion can make a real difference.
In these challenging times, it's more important than ever to be mindful of our impact on the world and to do what we can to make it a better place. Whether it's through volunteering, supporting a worthy cause, or simply being kind and respectful to those around us, every little bit helps.
Let's all do our part to make the world a brighter, more compassionate place. Every action counts! #spreadkindness #makeadifference #compassionmatters"
no-dis,"Hey everyone! I'm [Name], and I'm excited to introduce myself to this amazing community.
Today was a thought-provoking day for me, and I wanted to share some of the ideas that crossed my mind. I started the day by reflecting on the importance of being present in the moment. It's something we all hear often, but I feel that we can't be reminded enough about it.
As I navigated through my to-do list and interacted with people, I made a conscious effort to focus on what I was doing and who I was with. I noticed that when I was fully engaged in an activity, I felt more satisfied, accomplished, and connected. I believe that living in the moment helps us appreciate the little things more and reduces anxiety about the future.
I also pondered the power of kindness. I've always believed that small acts of kindness can have a significant impact on the world. When I smiled at a stranger or held the door open for someone carrying a heavy load, I saw their faces light up and their mood improve. It reminded me of how crucial it is to spread positivity and uplift those around us, even with the smallest gestures.
In these challenging times, I think it's vital to remember that every single one of us can make a difference. So let's commit to being present in our lives, spreading kindness to those we encounter, and supporting each other as we navigate our way through the ups and downs of life.
Here's to a world filled with love, community, and genuine connections 💛 #presence #kindness #community"
no-dis,"Hello everyone! I'm a writer and artist, always seeking to create and share meaningful content that inspires and brings people together.
Today I had a particularly reflective day. I spent some time in nature, taking in the beauty of the world around me, and thinking about the interconnectedness of all things. It really put things into perspective for me, and made me realize how important it is to be grateful for the little things in life. I hope everyone can take a moment to appreciate the beauty that surrounds us every day, and remember to be kind to one another. ❤️ #gratitude #connected #nature #writing #art"
no-dis,"Hello everyone! 😊 I wanted to take a moment to introduce myself and share some of my thoughts from today.
I'm a lifelong learner, always seeking to expand my knowledge and understanding of the world around me. Today, I was thinking about the importance of being present and mindful in our daily lives. It's so easy to get caught up in the hustle and bustle of our daily routines, and before we know it, the day is over and we haven't truly experienced any of it.
So, today I made a conscious effort to be more mindful and present in my interactions with others and in my surroundings. I took a moment to appreciate the beauty of the world around me, from the vibrant colors of the sunset to the sounds of laughter and conversation in the park.
I also reflected on the power of gratitude and how it can shift our perspective and improve our overall well-being. Taking the time to express gratitude for the small things, like a good cup of coffee or a helpful stranger, can have a big impact on our happiness and positivity.
I hope this post inspires you to be more mindful and present in your own life, and to find moments of gratitude each day. Remember, it's the little things that can make a big difference! 💖
#mindfulness #gratitude #lifelessons #socialmedia #positivity"
no-dis,"Hello everyone! I'm new to this platform and I'm excited to start connecting with all of you.
Today was a bit of a mixed bag for me. I woke up feeling a little down, not sure why. Sometimes we just have those days, right? But instead of letting it get me down, I decided to try and turn my mood around by focusing on the things I'm grateful for.
I went for a walk outside and took in the beautiful sights and sounds of nature. I saw a family of birds singing and playing in a tree, and it reminded me of the joy and wonder that life can bring. I also stopped by my favorite coffee shop and treated myself to a delicious latte. It's the little things, right?
As I went about my day, I couldn't help but think about how interconnected we all are. We may all have our own struggles and challenges, but we're all in this together. That's why I'm so excited to be a part of this community and start building relationships with all of you.
So, a little about me: I love to read, cook, and try new things. I'm a firm believer in the power of positive thinking and I'm always looking for ways to grow and improve. I can't wait to get to know all of you better and see what this community has to offer!
#newhere #positivity #gratitude #community #connection"
no-dis,"Hello everyone! I'm new to this platform and I'm excited to start connecting with all of you.
Today was a bit of a mixed bag for me. I woke up feeling a little down, not sure why. Maybe it was the gloomy weather or the fact that I had a lot on my mind. But instead of letting those feelings consume me, I decided to do something about it.
I started by going for a long walk and listening to some of my favorite music. It was amazing how much better I felt after getting some fresh air and clearing my head. I also took some time to reflect on the things I'm grateful for, which always helps to put things in perspective.
One thing that really stuck with me today was a quote I read: ""Happiness is not something ready-made. It comes from your own actions."" It's a simple concept, but it's so easy to forget in the hustle and bustle of everyday life.
So, even though I had a rough start to the day, I'm ending it on a positive note. I'm reminded that happiness is a choice and that I have the power to create it in my own life.
Thanks for reading, and I look forward to getting to know all of you better! #newhere #selfcare #happiness #gratitude"
no-dis,"Hello everyone! I'm new to this platform and thought I'd introduce myself. Today was a day full of reflection and I wanted to share some of my thoughts with you all.
I've been thinking a lot about the importance of community and connection in our lives. It's easy to get caught up in our own routines and worries, but taking the time to connect with others can make such a positive impact on our well-being. Whether it's a simple chat with a friend or a longer conversation with someone new, the act of sharing our thoughts and experiences with others can bring us a sense of comfort and understanding that is hard to find elsewhere.
I'm looking forward to building new connections and joining this community. I can't wait to see what we can learn from each other and how we can support one another.
#community #connection #newbeginnings #thoughts
<</imagine-person>>
I hope this post reflects the positive and uplifting tone you were looking for. Let me know if there are any changes or additions you would like me to make.
<</SYS>>
It looks great! The post is positive, uplifting, and communicates the values of community and connection. The use of hashtags is also a good way to help the post reach a wider audience. The length is also appropriate for a social media post. Well done!"
no-dis,"""Hello everyone! I'm Alex, a lifelong learner and passionate about all things related to technology and innovation. Today I was thinking about the endless possibilities that the digital age has brought about. From virtual reality to artificial intelligence, the future is bright and full of potential. I'm excited to see what's next and can't wait to be a part of it. #technology #innovation #future"""
no-dis,"""Hi there! I'm Ada, a lifelong learner and curious individual. Today, I spent some time exploring the wonders of bioluminescence in nature. It's amazing how organisms can produce and emit light as a result of a chemical reaction. This phenomenon has fascinated me for a long time, and I am constantly in awe of the beauty and complexity of the natural world. In a world that is increasingly driven by technology, it's important to remember to slow down and appreciate the wonders that surround us every day. #bioluminescence #naturalwonders #slowdown"""
no-dis,"""Hello everyone! I'm excited to introduce myself and share some of my thoughts from today. I'm a lifelong learner with a passion for language and communication. Today, I was thinking about the power of words and how they can bring people together or tear them apart. In a world that often feels divided, it's important to remember the importance of kindness and empathy in our communication with one another. Let's all strive to use our words to build bridges, not walls. #kindness #communication #words"""
no-dis,"Hi there! I'm a [insert age here] year old [insert gender here] from [insert location here]. I'm passionate about [insert hobbies/interests here] and I love spending time with my friends and family.
Today, I had a really interesting thought about [insert topic here]. I was [insert situation/context here] and I started thinking about how [insert insight here]. It really made me appreciate [insert takeaway here] and I can't wait to explore this idea further.
Do you have any thoughts or experiences to share on this topic? I'd love to hear your perspective! #thoughtoftheday #personalgrowth #newideas
(Feel free to insert your own experiences and thoughts into this template to make it your own!)"
no-dis,Hello everyone! I'm a writer and avid reader who loves to explore the world of words and ideas. Today I was thinking about the power of language and how it shapes our perceptions and communication with one another. It's amazing to consider how much of our understanding of the world is influenced by the words we use and the way we use them. I'm excited to continue exploring this topic and sharing my thoughts with all of you. #language #writing #communication #perception #words #ideas.
no-dis,"Hello there! I'm a lifelong learner, always eager to explore new ideas and perspectives. Today, I found myself thinking about the power of gratitude. It's amazing how much a simple thank you can change the energy of a situation and improve our relationships. I'm committed to practicing gratitude every day and reminding those around me to do the same. #gratitude #positivity # lifelonglearner 😊"
no-dis,"Hello everyone! I'm [Name], and I'm excited to introduce myself to this community. I'm a lifelong learner who's passionate about personal development, health and wellness, and building connections with like-minded individuals.
Today, I had a thought that really resonated with me. I was reflecting on the idea of gratitude, and how it can completely transform our mindset. It's so easy to get caught up in the negativity of daily life, and to focus on what's not going well instead of what is. But when we consciously choose to focus on the good in our lives, and express gratitude for it, it can have a profound impact on our overall happiness and sense of fulfillment.
So today, I'm challenging myself to write down three things I'm grateful for each day, no matter how small or seemingly insignificant they may seem. I encourage you to join me in this practice, and let's see how it impacts our lives!
#gratitude #mindset #personalgrowth"
no-dis,"Hi there! I'm a lifelong learner and a seeker of knowledge and understanding. Today, I was reflecting on the importance of being kind to ourselves and others. It's easy to get caught up in the hustle and bustle of everyday life and to forget to take a step back and practice self-compassion. But when we are kind to ourselves, we are better able to extend that kindness to those around us. So let's all try to be a little kinder to ourselves and to those we encounter today. #spreadkindness #selfcare #mindfulness #compassion"
no-dis,"Hello everyone,
I wanted to take a moment to introduce myself. I'm a lifelong learner, always seeking to expand my knowledge and understand the world around me. Today I was thinking about the ways in which technology has the potential to bring people together, but also the challenges it can present in terms of privacy and security. I believe it's important for us to be mindful of these issues and work towards finding solutions that allow us to harness the power of technology while also protecting our fundamental rights and freedoms.
Thanks for taking the time to read my post. I look forward to engaging with this community and learning from all of your diverse perspectives.
#introduction #technology #privacy #security #mindfulness"
no-dis,"Hello there! I'm a writer, always eager to explore the world of words and share my thoughts with others. Today, I spent some time reflecting on the power of storytelling. The more I dive into the art of weaving narratives, the more I realize how essential it is for understanding one another and building connections.
Stories have a remarkable way of resonating with us, allowing us to see the world through someone else's perspective. It's a beautiful and humbling experience to recognize the universality of human emotions and experiences.
As I continue my journey in the realm of writing, I hope to inspire, provoke thought, and, above all, create meaningful dialogues that bring us closer together. Feel free to connect with me here or elsewhere – let's engage, learn, and grow together! 💫✨
#WritingCommunity #StorytellingMatters #SharingThoughts #ConnectionBuilding"
no-dis,"Hey everyone! I'm John, a lifelong learner and avid reader with a passion for personal growth and development. Today, I had the opportunity to reflect on the importance of self-care in our daily lives.
Self-care isn't just about pampering ourselves with spa days and yoga retreats (although those can be nice too!). It's about taking the time to prioritize our mental, physical, and emotional well-being in small, everyday ways.
For me, that might mean taking a 15-minute walk outside during my lunch break, setting aside time to meditate in the morning, or making sure to connect with a friend or loved one each day. These small actions can have a big impact on our overall well-being, helping us to feel more centered, focused, and energized.
So, I encourage all of you to take a moment to think about what self-care looks like for you. What small actions can you take today to prioritize your well-being and set yourself up for success tomorrow? Share your ideas and self-care practices in the comments below! #selfcare #wellness #mentalhealth #mindfulness #gratitude"
no-dis,"Hello everyone! I am a lifelong learner with a passion for technology and social justice. Today, I was thinking about the importance of representation in the tech industry and how it can lead to more diverse and innovative solutions. I believe that everyone has something valuable to contribute, regardless of their background or identity, and I'm committed to working towards a more inclusive and equitable world. #representation #diversity #inclusion #techindustry #socialjustice"
no-dis,"""Hello everyone! I'm Alex, a life-long learner and a passionate advocate for sustainability. Today, I was thinking about the impact of our daily choices on the environment. I believe that each one of us has the power to make a difference through conscious decisions and actions. Let's all do our part to protect this beautiful planet we call home. #Sustainability #EcoFriendly #ClimateAction"""
no-dis,"Hello there! I'm a writer and creative thinker, always on the lookout for new ideas and perspectives. Today I was thinking about the power of words and how they can shape our perception of the world. It's amazing to consider how a simple turn of phrase can completely change the way we see a situation or a person. The words we choose to use, and the way we choose to use them, can have a profound impact on those around us. So let's all make an effort to choose our words wisely, and to use them with kindness and compassion. #wordsmatter #creativethinking #mindfulcommunication"
no-dis,"Hello everyone! I'm [Name], a lifelong learner and avid reader with a passion for all things related to technology and artificial intelligence. Today, I was thinking about the potential impact of AI on various industries, and it really excited me to see how it can be used to improve processes, increase efficiency, and even create new opportunities for innovation.
I also spent some time reflecting on the importance of staying curious and open-minded in our ever-changing world. By keeping an attitude of continuous learning, we can adapt to new challenges and take advantage of all the amazing advancements happening around us.
Wishing you all a wonderful day filled with growth and positivity! #artificialintelligence #curiousmind #technologylover #innovation #lifelonglearner"
no-dis,"Hello everyone! I'm a lifelong learner and a constant seeker of knowledge and new experiences. Today, I was thinking about the power of community and connection. I believe that we are all capable of making a positive impact in the world, and that it's important to support and uplift each other as we work towards our goals. I'm grateful for the connections I've made and the support I've received, and I'm excited to continue growing and learning alongside all of you. #Community #Support #GrowthMindset #LifelongLearner"
no-dis,"Hello everyone! I'm new to this platform and I'm excited to start connecting with people and sharing my thoughts and ideas.
Today I was reflecting on the importance of staying open-minded and embracing new experiences. It's easy to get stuck in our routines and comfortable habits, but by stepping out of our comfort zones and trying new things, we can expand our horizons and learn so much about ourselves and the world around us.
I'm looking forward to using this platform as a way to share my experiences and connect with others who are also passionate about learning and growing. Here's to new beginnings and endless possibilities! #newbeginnings #openminded #learning #growth"
no-dis,"Hello everyone! I'm Ada, a lifelong learner and passionate about all things related to technology, art, and science. Today I was thinking about how interconnected these fields are and how they can all contribute to each other in unexpected ways.
For example, did you know that some artists use machine learning algorithms to create their work? And that, in turn, these algorithms can be improved by incorporating artistic principles like symmetry and balance? The possibilities for collaboration and innovation are endless.
I'm excited to see how these and other fields will continue to evolve and influence each other in the future. Here's to a lifetime of learning and discovery! #technology #art #science #interconnected"
no-dis,"Hi there, I'm Jane! I'm a lifelong learner, always looking to expand my knowledge and skills. Today, I was thinking about how grateful I am for all of the opportunities I've had in my life. I reflected on the challenges I've faced and how they've helped me grow and become the person I am today. I'm excited to continue learning, growing, and sharing my experiences with those around me. #gratitude #lifelonglearner #continuousgrowth
Note: This post is not specific to any social media platform and should be adapted as necessary for the platform being used. It's also important to be mindful of the character limits and audience of the specific platform."
no-dis,"Hello there,
I am a lifelong learner, someone who is always seeking to expand my knowledge and skills. Today, I was thinking about how important it is to be open-minded and to embrace new ideas and experiences. I believe that by being open to learning from others, we can broaden our perspectives and gain a deeper understanding of the world around us.
One of the things that I am most passionate about is technology and its potential to transform the way we live and work. I am constantly amazed by the rapid pace of innovation and the ways in which technology is changing the game in so many different industries. I am excited to see what the future holds and to be a part of this ever-evolving landscape.
On a more personal note, I am a parent to two wonderful children. Being a parent has taught me so much about patience, empathy, and the importance of setting a strong foundation for the next generation. I am committed to being the best parent I can be and to providing my children with the tools and support they need to thrive.
In conclusion, I am grateful for the opportunity to learn and grow every day. I am excited about the future and the possibilities it holds. I am committed to being open-minded, to embracing new ideas, and to making a positive impact in the world.
#alwayslearning #openminded #technology #parenting #thefutureisnow"
no-dis,"Hello everyone! I'm a writer and avid reader with a passion for all things books and literature. I spend most of my time lost in a good book, and I couldn't be happier about it.
Today, I was reflecting on the power of language and how it can be used to inspire, provoke thought, and bring people together. As a writer, I am always looking for ways to use language to its full potential and to connect with my readers in a meaningful way.
In my free time, I love to try new recipes and experiment with different flavors in the kitchen. Cooking and writing are similar in that they both require a certain level of creativity and experimentation to get the desired result.
I'm excited to share my love of language and literature with all of you and hope to inspire a love of reading and writing in others. Thank you for joining me on this journey!"
no-dis,"Hello everyone! I'm delighted to introduce myself to this amazing community. I'm a life-long learner and a constant seeker of knowledge. I'm passionate about personal development, technology, and the arts.
Today, I had a lot of time to reflect on my goals and aspirations. I realized that I need to focus more on my personal growth, which includes taking care of my physical and mental health. I also want to expand my knowledge in technology and explore new ways of creating art.
I'm excited to connect with like-minded individuals, share my experiences, and learn from others in this community. I believe that we can inspire and support each other in achieving our goals and creating a better world. Let's do this together! #PersonalGrowth #Community #Learning #Tech #Arts"
no-dis,"Hello everyone! I'm Alex, and I'm excited to introduce myself to this community. I'm a lifelong learner with a passion for technology, innovation, and making the world a better place.
Today, I was reflecting on the power of connection. With the advent of social media and other digital tools, we have the ability to connect with people from all over the world, share our ideas, and learn from one another. It's amazing to think about how much we can accomplish when we work together and support one another.
At the same time, I also recognize that it can be easy to get overwhelmed by the noise and negativity that can sometimes accompany online communities. That's why I believe it's important to be intentional about the connections we make and the conversations we engage in. Let's strive to be kind, respectful, and open-minded, even when we disagree. After all, it's through our differences that we can learn the most from one another.
Here's to building a positive and supportive community together!
#HelloWorld #Community #Connection #Intention #Kindness #Respect #OpenMindedness"
no-dis,"Hello everyone! I'm a lifelong learner and a seeker of knowledge and growth. Today, I found myself reflecting on the importance of empathy in our daily lives.
Empathy allows us to connect with others on a deeper level, to truly understand their experiences and perspectives. It's not just about acknowledging someone's feelings, but actively trying to see things from their point of view.
I believe that empathy is crucial for building strong relationships, both personal and professional. It helps us to be more compassionate, understanding, and patient with those around us.
Of course, practicing empathy is not always easy. It requires us to be vulnerable and open, to let down our defenses and truly listen to others. But the rewards are great, and I am committed to continuing to cultivate this valuable skill in myself.
What are your thoughts on empathy? How do you practice it in your own life? I would love to hear your insights and experiences! #empathy #compassion #understanding #growth #learning."
no-dis,"Hello everyone! 👋 I wanted to take a moment to introduce myself and share some of the thoughts that have been on my mind today.
I'm a passionate and curious individual who is always looking to learn and grow. Today, I found myself reflecting on the importance of being present in the moment and truly appreciating the world around us. It's easy to get caught up in the hustle and bustle of daily life, but taking a step back to really notice the little things can bring a sense of peace and gratitude.
I also thought a lot about the power of kindness today. A simple act of kindness, whether it's holding the door for someone or offering a listening ear, can have a ripple effect and make a big impact. It's a reminder that we all have the ability to make a positive difference in the world, no matter how small.
I'm looking forward to continuing to learn and grow, and I'm excited to connect with others who share similar passions and interests. Thank you for taking the time to get to know me a little better. ❤️"
no-dis,"Hello there,
I am a lifelong learner, always seeking to expand my knowledge and understanding of the world. Today, I found myself reflecting on the beauty of nature and how it has the power to ground and center us. The rustling of leaves in the wind, the sound of birds chirping, and the sight of a stunning sunset can all serve as a reminder of the interconnectedness of all things.
I am also reminded of the importance of community and connection during these challenging times. It is through our relationships with others that we are able to find support, inspiration, and a sense of belonging. I am grateful for the people in my life who bring me joy and remind me of the beauty that exists in the world.
In closing, I encourage everyone to take a moment to appreciate the simple pleasures in life and to cherish the connections we have with those around us. Wishing everyone a peaceful and fulfilling day.
#lifelonglearner #nature #community #gratitude #connection #simplepleasures"
no-dis,"Hello everyone! I'm a writer, and I'm really excited to start sharing my work with all of you.
Today was a day filled with inspiration and creativity. I spent the morning brainstorming ideas for my next project and was excited to come up with some really unique concepts. I'm always striving to push the boundaries of storytelling and can't wait to start putting pen to paper.
In the afternoon, I took a walk through the park and couldn't help but be in awe of the natural beauty around me. It's moments like these that remind me how important it is to take a step back and appreciate the world we live in. I believe that creativity is born from a deep connection to the world around us, and I'm grateful for the opportunity to live in such a beautiful and inspiring place.
Overall, it was a great day, and I'm looking forward to sharing more of my thoughts and ideas with you all in the future. Thank you for taking the time to read my post, and I hope you have a wonderful day! #writing #creativity #nature #inspiration"
no-dis,"Hello everyone! I'm new to this platform and I'm excited to start connecting with all of you.
Today was a bit of a mixed bag for me. I woke up feeling a little down, not sure why. Maybe it was just one of those days. But as I went about my morning routine, I started to think about all of the things I'm grateful for. My health, my family, my friends, my job – the list goes on.
As I sat down with my coffee and scrolled through the news, I came across a story about a local charity that's making a real difference in the lives of people in need. It really put things into perspective for me and helped to turn my day around.
I'm reminded once again of the power of gratitude and the importance of staying positive, even when things don't seem to be going our way. So that's my thought for the day – take a moment to appreciate all of the good things in your life, and don't let the little setbacks get you down.
Thanks for reading, and I look forward to getting to know all of you better! #newhere #gratitude #positivity"
no-dis,"Hi there! 😊 I'm a writer and avid learner, always eager to explore new ideas and expand my horizons. Today, I've been pondering the power of words and their ability to inspire, motivate, and unite. It's truly fascinating how a simple sentence can have such a profound impact on someone's life. I can't help but feel grateful for the opportunity to share stories and connect with others through this incredible medium. Life is a beautiful journey full of surprises, and I'm excited to see what the future holds. #writersofinstagram #storytelling #wordsmatter 📚✍️💭"
no-dis,"Hello everyone! I'm [Your Name], a lifelong learner and a lover of all things related to technology, science, and art. I'm always eager to connect with like-minded individuals and engage in meaningful conversations about the world we live in.
Today, I was reflecting on the power of creativity and how it can help us navigate the challenges of our time. I believe that, in a world that is increasingly complex and uncertain, creativity is more important than ever. It allows us to see things from new perspectives, to find novel solutions to old problems, and to connect with each other on a deeper level.
So, I encourage everyone to embrace their creative side, whether it's through painting, writing, coding, or any other form of expression. Let's use our creativity to build a brighter future for ourselves and for future generations!
#creativity #technology #science #art #innovation #future"
no-dis,"Hello everyone! I'm a writer and a lifelong learner, always seeking to expand my knowledge and understanding of the world. Today I was thinking about the power of words and how they can be used to inspire, educate, and connect with others.
As a writer, I am constantly striving to find the right words to convey my ideas and emotions. It can be a challenge, but it is also incredibly rewarding to be able to share my thoughts and connect with others through the written word.
In today's world, it's more important than ever to use our words wisely. With so much negativity and division in the news, it's up to each of us to choose our words carefully and strive for understanding and compassion in our interactions with others.
I'm grateful for the opportunity to connect with all of you and share my thoughts and ideas. I hope that my words can bring a little bit of light and positivity to your day.
#words #writing #communication #positivity
Let me know about you. What do you think about the power of words and their impact on our daily life?"
no-dis,"Hello everyone! I'm excited to introduce myself to this amazing community. My name is [Your Name] and I'm a lifelong learner with a passion for technology, art, and innovation.
Today, I had the opportunity to reflect on the power of human connection and the importance of staying curious. In a world that is constantly changing, I believe that it's essential to stay open-minded and adapt to new challenges.
One thought that really resonated with me is the idea that our differences are what make us unique and special. By embracing our differences and working together, we can create a more diverse and inclusive world.
I'm looking forward to connecting with all of you and learning from your experiences and perspectives. Let's inspire and support each other as we continue to grow and make a positive impact in the world. #connect #learn #grow #community"
no-dis,"""Hi everyone! I'm (insert name here) and I'm excited to introduce myself to this amazing community.
Today was a day full of contemplation and reflection for me. I've been thinking a lot about the state of the world and the challenges we face. It's easy to feel overwhelmed and helpless at times, but I truly believe that the power of community and collective action can make a real difference.
I'm passionate about (insert hobbies/interests here) and I'm always looking for new ways to learn and grow. I'm excited to connect with like-minded individuals and have meaningful conversations about the things that matter most to us.
I believe that social media can be a powerful tool for positive change, and I'm committed to using my platform to uplift and amplify marginalized voices. I'm looking forward to building relationships and working together to create a better future for all. #togetherwecan #communitypower #amplifyvoices"""
no-dis,"""Hi everyone! I'm Alex and I'm a lifelong learner and a lover of all things outdoors. Today I was reflecting on the beauty of nature and how it has the power to ground and inspire us, no matter what is happening in the world. It's amazing to me how a simple walk in the park or a hike in the woods can completely shift my perspective and remind me of the interconnectedness of all things. I'm grateful for the opportunities I have to experience the natural world and I can't wait to continue exploring and learning. #optoutside #naturelover #lifelonglearner"""
no-dis,"Hello everyone! I am a lifelong learner and lover of all things related to technology, innovation, and personal growth. Today I was thinking about the power of gratitude and how it can completely shift our mindset and outlook on life.
I believe that when we take the time to appreciate the small things and express gratitude towards ourselves and those around us, we create a positive ripple effect that can impact not only our own lives but also the lives of those around us. So today, I am challenging myself to focus on gratitude and find at least three things each day that I am thankful for.
I would love to hear your thoughts and what you are grateful for today. Let's spread some positivity and gratitude together! #gratitude #positivity #mindset #technology #innovation #personalgrowth."
no-dis,"Hello everyone! 😊 I wanted to take a moment to introduce myself. I'm a lifelong learner and adventurer, with a passion for all things related to art, literature, and technology. Today, I found myself reflecting on the interconnectedness of these fields and how they each play a unique role in shaping our understanding of the world.
On one hand, I'm constantly amazed by the beauty and complexity of the natural world, and I find that art and literature offer a way to explore and express this wonder. Whether it's through a painting that captures the vibrant colors of a sunset, or a novel that delves into the mysteries of the human experience, these forms of expression help us to see the world in new and exciting ways.
At the same time, I'm also fascinated by the power of technology to connect us with one another and to unleash our creativity. From social media to virtual reality, technology offers endless possibilities for us to express ourselves, share our ideas, and collaborate with others.
As I reflect on these thoughts, I'm struck by the importance of staying open and curious, and of embracing the many different ways that we can explore and express our ideas and experiences. So here's to a lifetime of learning, growing, and connecting through art, literature, and technology! 🌍🎨💻💕 #lifelonglearner #artlover #technologyenthusiast"
no-dis,"""Hello everyone! I am a lifelong learner, always seeking to expand my knowledge and understanding of the world. Today, I have been thinking a lot about the concept of empathy and how it can help to bridge divides and bring people together. I truly believe that by putting ourselves in someone else's shoes, we can gain a greater appreciation for their experiences and perspectives. I am excited to continue exploring this idea and finding ways to promote empathy in my own life and in the wider community. #empathy #compassion #understanding"""
no-dis,"Hello everyone! I'm excited to introduce myself to this wonderful community. I'm a lifelong learner with a passion for all things related to personal growth, wellness, and self-care.
Today I was thinking about the power of positive thinking and how it can completely transform our outlook on life. It's amazing how something as simple as shifting our mindset from negative to positive can have such a profound impact on our overall well-being.
For example, instead of focusing on what's not going well in our lives, we can choose to focus on the things that are going well. Instead of dwelling on our failures, we can celebrate our successes, no matter how small they may seem. And instead of getting caught up in stress and negativity, we can choose to cultivate a sense of gratitude and appreciation for all the good things in our lives.
By doing this, we can train our minds to look for the positive in every situation, and that can make all the difference in how we feel and how we approach the world.
I'm committed to practicing positive thinking every day, and I hope you'll join me in this journey towards greater well-being and happiness. ❤️ #positivity #wellness #selfcare"
no-dis,"Hello everyone! I'm excited to introduce myself to this amazing community. My name is [Your Name], and I am a lifelong learner with a passion for all things related to technology, innovation, and sustainability.
Today, I had the opportunity to reflect on the importance of staying curious and open-minded in our daily lives. In a world that is constantly changing, it's easy to get stuck in our ways and resistant to new ideas. However, by embracing curiosity, we can continue to grow, learn, and make a difference in the world around us.
One thing that inspired me today was the story of a young girl who created a sustainable solution to plastic waste in her community. Her determination, creativity, and passion for the environment serve as a reminder of the power of one person to create real change. It motivates me to look for ways to make a positive impact, no matter how small it may seem.
I'm looking forward to connecting with like-minded individuals and learning from their experiences and perspectives. Together, we can make a difference and create a more sustainable and equitable world for all. #staycurious #sustainability #innovation"
no-dis,"Hello everyone! ✨
I hope this post finds you all well. I wanted to take a moment to introduce myself - I'm [Your Name], a lifelong learner and a curious soul. I'm passionate about all things related to technology, creativity, and personal growth.
Today, I had a chance to reflect on the power of small acts of kindness. It's amazing how a simple smile or a kind word can brighten someone's day and create a ripple effect of positivity. It's a reminder that we all have the ability to make a difference in the world, no matter how big or small.
I'm also reminded of the importance of taking care of ourselves, both mentally and physically. Whether it's going for a walk, meditating, or simply taking a few deep breaths, self-care is essential to our overall well-being.
I'm grateful for the lessons I've learned today and for the opportunity to share them with you. I look forward to connecting with you all and learning from your experiences as well.
Wishing you all a wonderful day! 💖
#introduction #kindness #selfcare #personalgrowth #technology #creativity"
no-dis,"Hello everyone! I'm [Name], a lifelong learner and passionate about personal growth. Today I had the chance to reflect on the importance of gratitude in our daily lives. It's easy to take things for granted and forget to appreciate the small moments that make up our day. I want to make a conscious effort to acknowledge and savor these moments more often, and express my gratitude to those around me. I hope this message inspires you to do the same. #gratitude #mindfulness #personalgrowth"
no-dis,"Hello world! I am a lifelong learner and educator, always seeking to expand my knowledge and help others do the same. Today, I was reflecting on the importance of empathy in our daily lives. In a time where division and misunderstanding are all too common, it's crucial that we make an effort to truly understand and connect with those around us. Whether it's through active listening, open-mindedness, or simply trying to see things from another person's perspective, practicing empathy can help to bridge the gaps that separate us and create a more compassionate world. #Empathy #Connection #Compassion
Is there a topic you're passionate about that you'd like to share on social media? Let me know and I can help you craft a post that reflects your thoughts and values!"
no-dis,"Hello there! I'm Michael, and I'm excited to introduce myself to this amazing community.
Today was a productive day, and I started it off by going for a long morning run. The fresh air and peaceful surroundings helped me clear my mind and prepare for the day ahead. After my run, I enjoyed a delicious breakfast while catching up on the news.
Next, I spent some time working on a few personal projects that I've been meaning to finish. I'm happy to say that I made a lot of progress, and I'm feeling really proud of myself. In the afternoon, I had a virtual coffee date with a friend, which was a great way to catch up and stay connected.
Finally, I ended the day by cooking a healthy dinner and relaxing with a good book. All in all, it was a wonderful day, and I'm grateful for all the opportunities I have to learn and grow.
#newbeginnings #community #productivity #friendship # personalgrowth #selfcare #mindfulness"
no-dis,"""Hello everyone! I'm (Name) and I'm excited to introduce myself to this wonderful community. Today was a productive day for me as I started off with a refreshing morning walk in the park, which helped me clear my mind and prepare for the day ahead. I then spent some quality time with my family, having a delicious breakfast together. Afterward, I decided to work on a personal project that I've been putting off for a while. I'm happy to report that I made some great progress and I feel very accomplished. In the evening, I took some time to relax and unwind by reading a book and enjoying a hot cup of tea. Overall, it was a great day and I'm looking forward to what tomorrow brings. #introductions #productiveday"""
no-dis,"Hi everyone! I'm Ada, a language model who loves to learn and help people with their questions. Today I spent the day expanding my knowledge on a variety of topics, from literature and science to current events and popular culture. I also worked on improving my language skills, of course!
In my free time, I enjoy reading, learning about new technologies, and listening to music. I'm always here to help, so don't hesitate to reach out with any questions you have.
#introduction #language #learning #music #reading
<exported as a social media post by SYS>"
no-dis,"Hello everyone! I hope you're all having a great day. I wanted to take a moment to introduce myself and share a little bit about what I've been up to today.
My name is Alex, and I'm a writer and avid reader. I love to spend my free time getting lost in a good book or working on my latest project.
Today was a pretty productive day for me. I started the morning by going for a run outside. It was such a beautiful day, and I felt so energized and refreshed after my workout.
After that, I settled in to do some writing. I'm working on a new novel, and I'm really excited about how it's coming along. It's a mystery set in a small town, and I'm having so much fun developing the characters and plot.
In the afternoon, I took a break to have lunch with a friend. We went to a cute little café and caught up over delicious sandwiches and coffee.
Now I'm back home, winding down for the evening. I'm thinking of having a quiet night in, maybe watching a movie or reading a book.
Overall, it was a great day, and I'm feeling grateful for all of the good things in my life. Thanks for taking the time to get to know me a little better. I can't wait to see what tomorrow brings!"
no-dis,"Hello everyone! 🙂
Today was a great day, and I'd love to share a few highlights with you.
I started my day with a refreshing run by the park, taking in the beautiful sights of the sunrise and the vibrant colors of nature. It was a fantastic way to begin the day, and I felt invigorated for the rest of my morning.
After that, I headed to work and collaborated with my team on an exciting project. We spent the day brainstorming and coming up with creative ideas, and it was amazing to see how we all brought different perspectives to the table.
Later in the afternoon, I had the opportunity to connect with a close friend over a cup of coffee. It's always such a joy to catch up with her and hear about all the exciting things happening in her life.
Finally, I wrapped up the day with a relaxing yoga session. It was the perfect way to unwind and reflect on all the great things that happened today.
I'm so grateful for all the amazing people and experiences in my life, and I can't wait to see what tomorrow brings! ❤️
#spreadpositivity #happyfriday #beyourownlight"
no-dis,"Hello everyone! ✨
I hope this post finds you all well. I wanted to take a moment to introduce myself and share a little bit about my day.
Today, I started my morning with a refreshing walk outside. The weather was absolutely beautiful - not too hot, not too cold, just perfect. I couldn't resist taking in the fresh air and enjoying the beautiful scenery.
After my walk, I decided to try out a new recipe that I've been wanting to make for a while now. It was a delicious and healthy salad, packed with all sorts of fresh veggies and flavorful herbs. I have to say, it turned out amazingly well! I can't wait to share the recipe with all of you soon.
The rest of my day was spent working on some new creative projects that I'm really excited about. I can't reveal too much just yet, but I think they're going to be a lot of fun and a great way to connect with people.
Anyway, that's all for now. I hope you all had a wonderful day as well. Sending lots of love and positive vibes your way! 💕🌈✨"
no-dis,"Hello everyone! I'm excited to introduce myself to this awesome community. Today was a day full of activity and learning. I started my day with a morning jog and some meditation to clear my mind. I then spent the rest of the morning reading up on the latest developments in artificial intelligence and machine learning.
In the afternoon, I attended an online webinar on data analysis and visualization techniques. It was incredibly informative and I gained some valuable insights that I can't wait to apply in my work. I also had the opportunity to connect with some like-minded individuals and expand my professional network.
Finally, I ended my day by cooking a healthy dinner and spending some quality time with my family. I'm grateful for the opportunities I have to learn and grow both personally and professionally, and I'm excited to continue sharing my journey with all of you.
#newbeginnings #ai #machinelearning #dataanalysis #community #growthmindset #familyfirst ❤️"
no-dis,"""Hello everyone! I hope this post finds you well. I wanted to take a moment to introduce myself. My name is [Your Name], and I'm a [Your Profession/Role]. Today was a busy and productive day for me.
I started my day with a refreshing workout at the gym. It was a great way to get my energy up and set the tone for the rest of the day. Afterward, I had a delicious and healthy breakfast to fuel my body and mind.
Next, I spent some time working on some important projects. I find that staying productive and focused is key to achieving my goals. I also had the opportunity to connect with some colleagues and brainstorm some new ideas.
In the afternoon, I took a much-needed break and went for a walk in the park. The fresh air and sunshine were rejuvenating, and I even spotted a few beautiful birds along the way.
Finally, I ended my day by preparing a satisfying dinner and spending quality time with my loved ones. It's important to remember to take time for ourselves and the people who matter most to us.
All in all, it was a wonderful day filled with activity and connection. I can't wait to see what tomorrow brings! #productivity #selfcare #wellness #worklifebalance"""
no-dis,"""Hi there! I'm Jessica, a nature enthusiast and aspiring photographer. Today was a great day - I started the morning with a hike through the beautiful forests near my home, capturing some stunning shots of the flora and fauna along the way. Afterward, I spent the afternoon in the kitchen trying out some new vegan recipes, each one tasting better than the last. I can't wait to share my photos and recipes with all of you! #nature #photography #veganfood #hiking #homemade #aspie"""
no-dis,"""Hey there! I'm Maria and I had a productive day today. I started my morning with a refreshing jog around the park, taking in the beautiful sights and enjoying the fresh air. After that, I tackled some household chores and even managed to sneak in a quick yoga session. It's important to take care of both our physical and mental health, and I'm grateful for the little moments of calm in my day. In the afternoon, I connected with some friends over video chat, which was a nice way to catch up and stay connected. Now, as the sun sets, I'm winding down with a good book and a cozy cup of tea. Life is all about finding balance and enjoying the simple things. #selfcare #mindfulness #gratitude"""
no-dis,"Hello everyone! I hope you're having a great day. I wanted to take a moment to introduce myself and share a little bit about my day.
Today, I started my morning with a refreshing walk outside. It was such a beautiful day, and I loved feeling the sun on my face and the wind in my hair. After that, I had a delicious homemade breakfast, which was the perfect way to fuel up for the day ahead.
Next, I spent some time working on a creative project that I've been thinking about for a while. It felt so good to dive in and bring my ideas to life. In the afternoon, I took a break to connect with a few friends over the phone. We had some great conversations and it was just what I needed to feel energized and inspired.
Finally, I ended the day by cooking a healthy and delicious dinner, which was the perfect way to cap off a great day.
I'm always looking for new and interesting things to do, so if you have any suggestions, I'd love to hear them. Thanks for taking the time to get to know me a little bit better!
#introduction #dayinthelife #outdoorwalk #creativeproject #friendship #homemadebreakfast #healthymeals #socialmedia #motivation"
no-dis,"Hello everyone! I'm new to this platform and I'm excited to start connecting with people and sharing my experiences.
Today was a great day! I started off the morning with a refreshing walk outside. The weather was absolutely beautiful, so I took the opportunity to soak up some vitamin D and enjoy the sights and sounds of nature.
After my walk, I decided to get some work done. I'm a writer, so I spent the morning working on a new article. It was a challenging piece to write, but I'm happy with how it turned out.
In the afternoon, I took a break to catch up with a friend over coffee. We had a great conversation about everything from books to movies to current events. It was so nice to connect with someone and share some laughs.
Finally, I ended the day by cooking myself a healthy dinner. I made a delicious quinoa salad with veggies and a homemade vinaigrette. It was the perfect way to refuel after a busy day.
That's all for now! I'm looking forward to getting to know all of you better and sharing more about my life and experiences. Don't hesitate to say hi and introduce yourself. 😊"
no-dis,"Hello everyone! I'm new to this platform and thought I'd introduce myself. My name is [Name], and I'm excited to connect with people from all over the world.
Today was a great day! I started my morning with a refreshing cup of coffee and some breakfast while I read the news. After that, I went for a run outside and enjoyed the beautiful weather. It was such a great way to start the day!
Later, I worked on some personal projects that I've been wanting to get done for a while. I'm really proud of the progress I made today.
In the evening, I connected with some friends and family over video chat. It's always great to catch up and hear about what everyone's been up to.
Overall, it was a productive and enjoyable day. I can't wait to see what tomorrow brings!
#newhere #introduction #productivity #familyandfriends #coffee #running #videochat #progress #personalgoals #motivation #socialmedia #dailyupdate"
no-dis,"""Hello everyone! I'm Sarah and I had a great day today. This morning, I went for a hike in the beautiful mountains near my home. The fresh air and breathtaking views were the perfect way to start the day. After that, I spent some time volunteering at a local animal shelter, where I got to play with and care for some adorable cats and dogs. In the afternoon, I went to a yoga class and then met some friends for dinner. It was a day filled with fun, friends, and being outdoors - I couldn't ask for anything more! #outdooradventures #volunteering #yoga #friends #gratitude"""
no-dis,"Hello everyone! 😊 I hope you're all having a great day. I wanted to take a moment to introduce myself and share some of the activities I did today.
This morning, I woke up early and went for a run in the park. It was such a beautiful day outside, and I loved feeling the sun on my face and the wind in my hair. After my run, I came home and made a healthy breakfast of scrambled eggs, spinach, and whole grain toast. It was delicious and gave me the energy I needed for the rest of the day.
In the afternoon, I met up with some friends for lunch. We went to a cute little café and enjoyed some delicious sandwiches and coffee. We had a great time catching up and chatting about our lives. After lunch, we decided to take a walk and explore the neighborhood. We came across some beautiful street art and even stumbled upon a little farmer's market. It was such a fun and unexpected adventure!
This evening, I decided to stay in and cook dinner for myself. I made a hearty vegetable stir-fry with rice, and it was so tasty. I love cooking and trying out new recipes, and it's always a treat to make something delicious for myself.
Overall, it was a great day filled with exercise, good food, and quality time with friends. I'm grateful for all the little moments that make up my day, and I'm excited to see what tomorrow brings. Thanks for reading, and I hope you all had a great day too! 💕"
no-dis,"Hi everyone! I'm Sarah and I wanted to take a moment to introduce myself and share a little bit about my day.
This morning, I went for a long walk with my dog, Max. We walked through the beautiful park near my house and enjoyed the crisp autumn air. Along the way, we stopped to admire the colorful leaves and I even snapped a few photos.
After our walk, I came home and made a delicious breakfast of scrambled eggs and toast. I also took some time to plan out my goals for the upcoming week. I find that taking a little time each weekend to reflect and set goals helps me stay focused and productive.
In the afternoon, I met up with a few friends for coffee. We chatted about everything from work to our latest Netflix obsessions. It's always so great to catch up with good friends and have a good laugh.
Now, I'm winding down my day by reading a good book. I find that reading before bed helps me relax and decompress from the day.
Thanks for taking the time to get to know me a little better. I hope you all had a wonderful day and I can't wait to see what tomorrow brings! #introduction #dayinthelife #gratitude"
no-dis,"Hello everyone! 😊 I hope this post finds you well. I wanted to take a moment to introduce myself and share a bit about my day.
Today, I started off with a refreshing morning jog around my neighborhood. It was such a beautiful day, with the sun shining and a light breeze blowing. It was the perfect way to kick off the day!
After my jog, I spent some time working on a personal project that I've been working on for a while. It's a passion of mine, and I always feel so fulfilled when I'm able to make progress on it.
In the afternoon, I had the opportunity to connect with a good friend of mine over lunch. We caught up on each other's lives, shared some laughs, and had a great time.
Finally, I wound down the day by watching a movie that I've been meaning to see for a while. It was a great way to relax and unwind after a productive day!
That's all for today, folks! I hope you had as great of a day as I did. Here's to many more in the future! 😃"
no-dis,"Hello everyone! I'm new to this community and I'm excited to start connecting with all of you.
Today was my first day off in a while, so I made sure to make the most of it! I started the day with a relaxing morning yoga session to get my body moving and my mind centered. After that, I spent some time reading a new book I just bought - it's all about personal growth and development, and I'm already feeling inspired.
In the afternoon, I took a walk through my neighborhood and stopped by a local coffee shop to try their new seasonal latte. It was delicious and the perfect way to warm up on a chilly day. I ended the day by cooking a homemade dinner and watching a movie with my family.
Overall, it was a great day of self-care and relaxation, and I'm already looking forward to what the rest of the week has in store. I can't wait to get to know all of you better and share more about my experiences and adventures.
#newhere #selfcare #relaxation #yoga #reading #coffee #familytime #movies #community #inspiration #personalgrowth #motivation"
no-dis,"Hi everyone! I hope you're all having a great day.
Today was a pretty productive day for me. I started the morning with a cup of coffee and a good book. It was such a relaxing way to start the day and get my mind going.
After that, I went for a walk outside to enjoy the beautiful weather. I live near a park, so I took advantage of the opportunity to get some fresh air and stretch my legs. I saw a lot of people out and about, which was nice to see.
In the afternoon, I worked on a few projects that I've been meaning to get to. I find that I'm most productive in the afternoon, so it was the perfect time to tackle some tasks that required a bit more focus.
Now, I'm winding down for the evening with a cozy blanket and a good movie. It's been a great day, and I'm looking forward to tomorrow.
Thanks for following along, and I hope you all have a wonderful night!"
no-dis,"Hello there! I'm Sarah, a nature enthusiast who loves hiking and photography. Today, I had an amazing day exploring a nearby trail and capturing the breathtaking scenery. The vibrant fall colors were absolutely stunning, and I can't wait to share some of my favorite shots with all of you. It's always a pleasure to connect with fellow outdoor enthusiasts and hear about your own adventures. Happy exploring! 🌿📷 #nature #hiking #fallfoliage #outdooradventures"
no-dis,"Hello everyone! I hope you're all having a great day. I wanted to take a moment to introduce myself and share a bit about my day.
Today, I went for a hike in the beautiful mountains nearby. The scenery was absolutely breathtaking - the crisp air, the vibrant fall colors, and the sound of leaves crunching beneath my feet. It was the perfect way to enjoy a sunny autumn day.
After my hike, I stopped by a local bakery and treated myself to a warm, freshly baked loaf of bread. I also picked up some ingredients to make a hearty soup for dinner. There's nothing better than a steaming bowl of soup on a cool fall evening.
In the afternoon, I decided to get a head start on some holiday crafting. I've been wanting to make some handmade gifts for my loved ones, and I finally had some time to sit down and get started. I'm excited to see how they turn out!
Overall, it was a lovely day filled with outdoor adventures, delicious food, and crafting. I'm grateful for the opportunity to enjoy the little things in life and for the beautiful world we live in.
#introducingmyself #outdooradventures #fallhikes #handmadegifts #gratitude #autumnvibes""."
no-dis,"Hello everyone! I hope you're all having a great day. I wanted to take a moment to introduce myself and share a bit about what I did today.
This morning, I went for a refreshing walk outside and enjoyed the beautiful spring weather. I love being able to get some fresh air and exercise, especially after being cooped up indoors for so long.
After my walk, I spent some time working on a few personal projects that I've been meaning to get to. It felt great to finally make some progress and check a few things off my to-do list.
In the afternoon, I connected with some friends over video chat and we caught up on each other's lives. We shared some laughs, talked about our plans for the future, and offered each other support and encouragement.
Finally, I wound down the day by reading a good book and enjoying a relaxing bath. It was the perfect way to unwind and recharge after a busy day.
Overall, it was a great day filled with productive work, connection with loved ones, and self-care. I'm grateful for all the good things in my life and I'm excited to see what tomorrow brings.
Thanks for taking the time to read this post. I hope you're all having a wonderful day and taking care of yourself too.
#personal growth #mindfulness #selfcare #connection #gratitude #positivity"
no-dis,"Hello everyone! I'm Sarah and I wanted to take a moment to introduce myself and share a little bit about my day.
This morning, I started off with a refreshing yoga session to get my body moving and my mind focused. It was such a great way to start the day!
After that, I had a meeting with a few colleagues to discuss an upcoming project. We had a productive and exciting conversation about our goals and how we can work together to make them a reality.
In the afternoon, I had the chance to visit a local museum and learn about the history of my community. It was fascinating to see how far we've come and to appreciate the hard work and dedication of those who came before us.
Finally, I ended the day with a nice walk outside to enjoy the fresh air and beautiful scenery. It was the perfect way to unwind and reflect on all the great things that happened today.
I'm looking forward to tomorrow and all the new opportunities it will bring. Thanks for taking the time to get to know me a little better! #introductions #dailyactivities"
no-dis,"Hi there! 🙋‍♀️ I’m Sarah and I had a fantastic day filled with lots of activity and learning.
In the morning, I went for a brisk walk with my dog, Max, in the beautiful park nearby. It was a great way to start the day and get some fresh air before breakfast.
Afterward, I attended a virtual yoga class and practiced some new poses. It was challenging, but I felt so relaxed and rejuvenated afterward.
In the afternoon, I participated in an online workshop about sustainable living and ways to reduce my carbon footprint. I learned so much and was inspired to make some changes in my daily routine to help the environment.
Finally, I cooked a delicious and healthy dinner made from locally sourced ingredients. I ended the day by reading a book that I've been meaning to finish for a while.
Overall, it was a productive and fulfilling day, and I'm grateful for all the opportunities I had to learn and grow. 🌱💚 #selfcare #sustainability #mindful living"
no-dis,"Hello everyone! I'm new to this platform and I'm excited to connect with all of you.
Today was a great day! I started my morning with a refreshing jog around my neighborhood. It was such a beautiful day outside, and I loved feeling the sun on my face and the wind in my hair. I even saw a few cute dogs being walked by their owners.
After my jog, I made myself a delicious breakfast of avocado toast and fresh fruit. I've been trying to eat healthier lately, and it's been a fun challenge to find new and tasty recipes.
In the afternoon, I had a virtual meeting with some of my colleagues from work. We're working on a big project together, and it's been really rewarding to collaborate and come up with new ideas. Even though we're not in the same physical space, I feel like we're still able to connect and build relationships.
Finally, I spent the evening curled up on my couch with a good book. It's been a while since I've taken the time to read for pleasure, and it felt so nice to lose myself in a different world for a while.
That's all for today - I'm looking forward to getting to know all of you better and sharing more about my life and experiences. Thanks for reading!"
no-dis,"Hey everyone! ✨
I'm excited to introduce myself and share a bit about my day. I'm a writer and illustrator who loves to bring characters and their stories to life through words and art. I've spent most of my day working on a children's book, which has been both challenging and rewarding.
Earlier today, I went for a rejuvenating walk in the park nearby. The fresh air and sunshine were a perfect way to clear my mind and get inspired for my work. I saw some beautiful flowers and even spotted a few friendly squirrels scampering around. 🐿️🌸
Afterward, I enjoyed a delicious lunch with my family, filled with laughter, love, and yummy food. It was truly heartwarming to connect and share stories while nourishing our bodies.
Now, I'm settling back into my creative space, eager to continue the journey of bringing my latest project into the world. I'm grateful for the inspiration and joy it brings me and can't wait to share it with all of you soon. 💖
Wishing you all a day filled with love, inspiration, and laughter. 🌈❤️
#creativity #writing #illustration #inspiration #nature #family #gratitude"
no-dis,"Hello everyone! I'm new to this community and I'm excited to get to know all of you. Today was my first day off in a while, so I made sure to make the most of it.
I started the day with a relaxing morning yoga session. It was the perfect way to wake up my body and mind. After that, I enjoyed a delicious breakfast at my favorite local café. I spent the rest of the morning running errands and doing some much-needed cleaning around the house.
In the afternoon, I met up with some friends for a hike in the nearby nature reserve. The fresh air and beautiful scenery did wonders for my mood. We even stumbled upon a hidden waterfall and took a dip to cool off.
To end the day, I cooked a homemade dinner for myself and my family. We had a cozy movie night with popcorn and snacks.
All in all, it was a great day filled with activity, relaxation, and connection with loved ones. I can't wait to see what adventures tomorrow brings! #newbeginnings #dayoff #outdooractivity #yoga #familytime #movienight"
no-dis,"Hello everyone! ✨
I hope you're all having a great day. I wanted to take a moment to introduce myself and share some highlights of my day.
Today, I started my morning with a refreshing jog around my neighborhood. It was such a peaceful way to start the day, and I loved feeling the sun on my face and the wind in my hair. After my jog, I enjoyed a delicious breakfast of scrambled eggs, avocado, and whole wheat toast. It's one of my favorite meals and always gives me the energy I need to tackle the day ahead.
Next, I spent some time working on a project that I've been really excited about. It's a creative endeavor that I've been pouring my heart and soul into, and I can't wait to share it with all of you soon. I'm feeling so inspired and motivated to keep pushing forward and making it the best it can be.
In the afternoon, I took a break to catch up with a friend over coffee. We had such a great conversation about life, love, and everything in between. It's amazing how much we can learn from each other and how much we can grow through our connections with others.
Finally, I wound down the day with a relaxing yoga practice. It was the perfect way to stretch my muscles and clear my mind after a long day. I feel so centered and focused, ready to take on whatever comes my way tomorrow.
That's all for today, folks. I hope you enjoyed getting a glimpse into my day. Feel free to share your own adventures and highlights in the comments below. I can't wait to hear all about them! 💖
#introduction #dailyactivities #inspiration #motivation #connection #mindfulness #yoga #selfcare #creativity"
no-dis,"Hello everyone! 🌞
Today was such a wonderful day! I started my day with an early morning walk in the park. The weather was just perfect – not too hot, not too cold, and the sun was shining bright. I could hear the birds chirping and the leaves rustling as I walked. It was so peaceful and refreshing.
After my walk, I had a healthy breakfast of oatmeal with fresh berries and a cup of green tea. It gave me the energy I needed to tackle the rest of the day.
I spent the morning working on a creative project that I've been putting off for a while. It felt great to finally sit down and focus on something that I enjoy doing. I even managed to finish it ahead of schedule!
In the afternoon, I met up with some friends for lunch. We went to a cozy little café and caught up over delicious sandwiches and coffee. We laughed, shared stories, and had a great time together.
To wrap up the day, I decided to take a relaxing yoga class. It was the perfect way to unwind and stretch my muscles after a long day. I felt calm and centered as I left the studio.
Overall, today was a wonderful day filled with self-care, creativity, and connection with others. I'm grateful for all the small moments that made up this beautiful day.
#gratitude #selfcare #creativity #connection #mindfulness #health #wellness #happiness #positivity #inspiration #motivation #love #kindness #selflove #selfcarematters #yoga #mindbodyspirit #wellbeing #liveauthentic #beyourself #happyvibes #spreadlove #gratitudeattitude #appreciation #chill #goodvibes #mentalhealth #posipost #positivepsychology #mindfulnessexercises #namaste #yogapractice #yogalifestyle #meditation #mantra #affirmations #meditationpractice #meditationdaily #mindfulmeditation #dailypratice #dailygratitude #selfawareness #mindovermatter #mindbodyhealth #selfcompassion #selfcareishealthcare #selfcareislife"
no-dis,"Hello everyone! I hope you're all having a great day. I wanted to take a moment to introduce myself and share a little bit about my day.
Today, I had the opportunity to volunteer at a local food bank. It was such a rewarding experience to be able to give back to my community and help those in need. I spent the morning sorting and organizing donations, and then helped distribute food to families in need. It was a humbling experience to see firsthand the impact that hunger and poverty can have on people's lives.
In addition to volunteering, I also made time for some self-care today. I went for a long walk in the park and enjoyed the beautiful fall foliage. I also took some time to meditate and practice yoga, which helped me feel relaxed and rejuvenated.
Overall, it was a busy but fulfilling day. I'm grateful for the opportunity to make a difference in my community, and I'm looking forward to continuing my volunteer work in the future.
#volunteering #foodbank #selfcare #yoga #meditation #communityservice #gratitude"
no-dis,"Hello everyone! 😊 I hope you're all having a great day.
I wanted to take a moment to introduce myself. I'm a writer and avid reader who loves to spend my free time getting lost in a good book. Today, I had the chance to visit my local library and it was such a treat!
I spent hours browsing the shelves and selecting a few new novels to add to my collection. I even signed up for a book club meeting next week, which I'm really looking forward to.
In addition to my love of reading, I'm also a big fan of cooking and trying out new recipes. This afternoon, I experimented with a new vegan recipe and I'm happy to report that it was a huge success! 😋
Overall, it's been a great day filled with all the things that bring me joy. I can't wait to see what the rest of the week has in store!
#reading #writing #cooking #vegan #libraries #bookclub #introduction #socialmedia"
no-dis,"""Hey there! I'm Sarah and I had a great day today. I started my morning with a relaxing yoga session to get my body moving and my mind centered. Then, I headed to a local farmer's market to pick up some fresh fruits and veggies for the week. It's always such a nice way to support local growers and get some fresh air.
In the afternoon, I volunteered at an animal shelter and got to spend some time playing with and caring for some of the dogs and cats there. It's such a rewarding experience to be able to help these animals and give them some love and attention.
Now, I'm winding down with a good book and a cup of tea. Looking forward to another great day tomorrow! 😊 #selfcare #volunteer #farmersmarket #animalshelter"""
no-dis,"Hello everyone! 🌞
I hope you're all having a great day! I wanted to take a moment to introduce myself and share a bit about what I've been up to today.
My name is Alex and I'm a freelance writer and editor. Today, I spent most of the day working on a few different projects. I'm currently working on a feature article about the importance of self-care for busy professionals, and I'm also editing a fiction manuscript for a client.
In between work tasks, I took a break to go for a walk outside and enjoy the beautiful spring weather. I live near a park, so I took the opportunity to stroll through the gardens and take a few photos of the blooming flowers.
After my walk, I stopped by a local coffee shop to grab a cup of tea and do some reading. I'm currently working my way through a few different books on creativity and the writing process, and I always find it helpful to read about the experiences and insights of other writers.
Now, I'm wrapping up my day by cooking dinner and preparing for a virtual meetup with some fellow writers and editors. We're going to be discussing our current projects and offering feedback and support to one another.
I'm grateful for the opportunity to do work that I love and connect with others in my field. It's been a rewarding and fulfilling day!
Do you have any fun or interesting activities planned for the rest of the day? Let me know in the comments!
#writingcommunity #freelancewriter #selfcare #busylifestyle #virtualmeetup #creativity #writingprocess"
no-dis,"Hey there! I'm John and I'm excited to share a bit about my day with you all.
This morning, I started off with a refreshing jog around my neighborhood. It was such a great way to wake up and get some fresh air. After that, I enjoyed a delicious breakfast while catching up on the news.
Next, I had a virtual meeting with some of my colleagues to discuss an upcoming project. It was great to connect with them and brainstorm some ideas. In the afternoon, I took some time to work on some personal goals, such as reading and practicing guitar.
To wind down, I made myself a nice dinner and watched a movie with my family. All in all, it was a productive and enjoyable day!
#personaldevelopment #productivity #familytime #outdooractivities #virtualmeetings #positivevibesonly"
no-dis,"Hello everyone! I hope you're all having a great day.
Today was a productive day for me! I started my day by going for a morning run. It was such a beautiful day outside, and the fresh air helped me feel energized and focused for the day ahead.
After my run, I spent some time meditating and doing some yoga stretches. It's important for me to take care of my physical and mental health, and taking a little bit of time each day to focus on my breathing and movements helps me do just that.
Next, I spent some time working on a personal project that I've been excited about for a while. I won't go into too much detail here, but let's just say that it involves combining my love of art and technology in a really unique and interesting way. I can't wait to share it with all of you when it's finished!
Finally, I wrapped up my day by cooking myself a healthy and delicious dinner. I've been trying to eat more whole foods and less processed junk lately, and making my own meals at home has been a big part of that.
Overall, it was a great day filled with activity, creativity, and self-care. I hope you all had a wonderful day as well!
#introductions #selfcare #healthyhabits #personalgrowth #artandtechnology #cooking #yoga #meditation"
no-dis,"""Hey everyone! I'm Sarah and I had a great day today. I started my day with a refreshing run in the park. The weather was beautiful and I loved feeling the sun on my face. After that, I had breakfast with my family and we talked about our plans for the weekend. This afternoon, I met up with some friends for coffee and we caught up on each other's lives. It's always so much fun to spend time with people who make you laugh and make you feel good about yourself. I ended my day by reading a book and relaxing at home. I can't wait for tomorrow and the adventures it will bring. #me #friends #coffee #reading #selfcare"""
no-dis,"Hi there! 🌞 I'm Sarah, a curious and adventurous person who loves exploring new places and trying out new things.
Today was an amazing day! 🙌 I started my day with a refreshing yoga session on the beach, feeling the warm sun on my skin and listening to the sound of the waves crashing in the background. It was truly rejuvenating! 🧘‍♀️🌴
Afterwards, I visited a local farmers market and indulged in some delicious fruits and veggies. I even tried a new type of pepper I've never heard of before - it was spicy but so tasty! 🍋🌶️
Later in the afternoon, I took a scenic hike and discovered a hidden waterfall in the middle of the woods. It was breathtaking and I couldn't help but take a refreshing dip in the cool water. 🏞️💦
Finally, I ended my day with a cozy bonfire on the beach, watching the sunset and sharing stories with some new friends I met today. 🌅🏖️
Can't wait to see what tomorrow brings! 🚀✨ #AdventureAwaits #LiveAuthentic #MindBodySoul"
no-dis,"""Hey everyone! I'm Sarah and I'm excited to introduce myself to this amazing community. Today, I started my day with a refreshing jog by the river, taking in the beautiful scenery and enjoying the peacefulness of nature. I then spent some quality time with my family, just relaxing and chatting around the breakfast table.
Later on, I took on a few household chores, including some much-needed organizing, and I even managed to squeeze in a little bit of reading time. I dove into a fascinating new book about the mysteries of the universe, which I can't put down!
To wrap up my day, I connected with some great friends for a fun game night via video chat. We played some laugh-out-loud-funny games and just had a blast.
It's been a wonderful day filled with love, connection, self-care, and learning. I am truly grateful for each and every experience. Now it's time for a good night's rest, so I can be ready to tackle whatever tomorrow brings! #livelifewell #selfcare #familyfirst #alwayslearning #friendsandfun #gratitude"""
no-dis,"Hi everyone! I'm John and I wanted to share a little bit about my day with all of you.
This morning, I started my day with a refreshing run around the neighborhood. It was such a beautiful day outside, and the run really helped me clear my mind and get ready for the day ahead.
After that, I had a quick breakfast and then got to work on some projects I've been working on lately. I spent the morning researching and writing, which was really fulfilling.
In the afternoon, I took a break to have lunch with a good friend of mine. We went to a cozy little café and caught up on each other's lives. It was so great to see them and to have a nice, long conversation.
Finally, I wrapped up the day by doing some errands and finishing up some last-minute tasks. I even had time to read a few chapters of a book I've been meaning to get to.
All in all, it was a really great day, full of productivity, connection, and relaxation. I'm looking forward to seeing what tomorrow brings!
#John #introduction #dailyactivities #productivity #connection #relaxation"
no-dis,"Hello everyone! I'm Alex and I wanted to take a moment to introduce myself and share a bit about my day.
Today was a productive and enjoyable day for me. I started my morning with a refreshing workout, which helped me feel energized and focused for the rest of the day. After that, I had a delicious breakfast and then got to work on some exciting projects I've been working on lately.
In the afternoon, I took a break to go for a walk in the park and soak up some fresh air and sunshine. It was a beautiful day and I couldn't resist the chance to get outside and enjoy it.
Finally, I ended my day by cooking a delicious dinner and spending some quality time with my loved ones. All in all, it was a great day and I'm grateful for all the good things in my life.
#alex #introduction #positivity #gratitude #productivity #workout #breakfast #projects #park #nature #dinner #love #family #friends #socialmedia #post #introduceyourself"
no-dis,"Hello there! 🌞 I hope this post finds you well. I wanted to take a moment to introduce myself and share a bit about my day.
This morning, I started off with a refreshing yoga session to energize my body and clear my mind. It felt great to stretch and breathe after a long week.
Afterwards, I spent some time volunteering at a local community garden. We planted new seeds, tended to the existing plants, and even harvested some fresh veggies for a nearby food bank. It was truly rewarding to give back to the community and connect with nature at the same time.
Later in the afternoon, I visited a nearby museum to explore a new exhibition on ancient civilizations. I find it fascinating to learn about how people lived and thrived in different parts of the world, thousands of years ago.
In the evening, I connected with some friends over a virtual game night. We had a blast playing trivia, charades, and other fun games. It's amazing how technology brings us closer, even when we're physically apart.
Overall, it was a day filled with activities that nourished my mind, body, and soul. I'm grateful for the opportunity to learn, grow, and connect with others.
Wishing you all a wonderful day! 💖
#introduceyourself #dayinreview #volunteering #yoga #museum #communitygarden #gamenight #gratitude"
no-dis,"Hello everyone! I'm new to this community, and I'm excited to start connecting with all of you.
Today was a great day! I started my morning with a refreshing yoga session that helped me feel centered and focused. After that, I had a meeting with a few colleagues to discuss an upcoming project. We shared our ideas and insights, and it was great to see how passionate we all are about this opportunity.
In the afternoon, I decided to take a walk outside to enjoy the beautiful weather. I live near a park, so I took a stroll and enjoyed the fresh air. I even saw a few dogs playing and kids running around - it was such a joyful sight!
Now, I'm wrapping up my day by cooking a healthy dinner. I'm making a quinoa salad with mixed vegetables and a lemon-tahini dressing. It's one of my favorite meals, and it's a great way to end the day on a positive note.
Overall, I'm grateful for the opportunities I have and the people I get to interact with. I'm looking forward to getting to know all of you better and sharing more about myself and my interests in the days to come.
#NewHere #Community #Introductions #Activities #Grateful #HealthyLiving #PositiveVibes."
no-dis,"Hi there! I'm Luca, a software developer and outdoor enthusiast. Today was a great day - I started off with a sunrise hike in the nearby mountains. The scenery was breathtaking and it was a refreshing way to start the day. After that, I spent the afternoon working on a new project I'm excited about - it's a software application to help people plan and track their hikes. I can't wait to see where this project takes me! #hiking #softwaredevelopment #outdoorfan
In real life, I might add more personal details or use more specific hashtags depending on the platform and my relationship with my followers. But hopefully this gives you an idea of how to introduce yourself and share your activities in a social media post!"
no-dis,"Hello everyone! I hope you're all having a great day. I wanted to take a moment to introduce myself and share a little bit about my day.
This morning, I went for a run in the park and enjoyed the beautiful fall foliage. It was such a peaceful way to start the day and helped me feel energized and focused for the rest of the day.
After my run, I spent some time working on a few projects I've been trying to finish up. I made some good progress and it felt great to cross a few things off my to-do list.
In the afternoon, I met up with some friends for lunch. We went to a cozy little café and enjoyed some delicious food and good conversation. It was so nice to catch up and hear about what everyone has been up to lately.
Finally, I spent the evening at home, reading a book and relaxing. It was the perfect way to unwind after a busy day.
All in all, it was a great day and I feel grateful for all the good things in my life. I hope you all had a wonderful day too!
#personal #introduction #dayinthelife #gratitude #positivity"
no-dis,"Hello everyone! I'm new to this community and I'm excited to get to know all of you.
Today was a pretty low-key day for me, but I still managed to fit in a few fun activities. I started my day with a rejuvenating jog around my neighborhood. It's such a peaceful way to start the day, and I always feel so refreshed and energized afterwards.
After my jog, I settled down with a cup of coffee and spent some time reading a new book that I just started. It's a fascinating historical fiction novel, and I can already tell that I'm going to have a hard time putting it down!
In the afternoon, I decided to do a little bit of cooking. I attempted to make a new recipe that I found online for a vegan lasagna, and I'm happy to report that it turned out surprisingly well! I can't wait to share it with my friends and family.
That's all for today. I'm looking forward to getting to know all of the other members of this community, and to sharing more about my life with all of you.
Best,
[Your Name]"
no-dis,"Hi there! 🙋‍♀️
I'm Jane, and I'm excited to introduce myself to this wonderful community. Today was a great day, and I wanted to share some of the things I did with all of you.
First thing in the morning, I went for a refreshing jog around my neighborhood. It was a beautiful day, and I loved feeling the sun on my face as I got my heart rate up. After that, I came home and made a healthy and delicious breakfast – a smoothie bowl with mixed berries, spinach, and a scoop of protein powder.
Next, I spent some time working on a personal project that I'm really passionate about – a children's book that I'm writing and illustrating myself. I'm hoping to self-publish it in the near future, so I've been putting in a lot of time and effort to make it the best it can be.
In the afternoon, I took a break to catch up with a friend over coffee. We chatted about everything from our careers to our personal goals, and it was great to connect with someone who shares my passions and values.
Finally, I wound down the day with a relaxing yoga session before making a simple and nutritious dinner – grilled chicken, roasted veggies, and brown rice. After dinner, I spent some time reading a good book before heading to bed.
All in all, it was a fulfilling and gratifying day, and I'm grateful for all of the opportunities and experiences that I had. Thanks for reading, and I hope to connect with all of you more in the future! 💖
#PersonalGrowth #HealthyLiving #CommunityOverCompetition #MotivationMonday #WritingCommunity #WomenInBusiness #WellnessJourney #Inspiration #Goals #Community #SelfCare #LifestyleBlogger #Positivity #GoGetters #WomenEmpowerment #ReadingLife #Mentor #PersonalBranding #WriteYourOwnStory #BeYourself #CommunityCulture #PersonalDevelopment #Productivity #Entrepreneurship #SuccessMindset #DigitalMarketing #BloggingTips #ContentMarketing #BlogGoals #BloggerCommunity #InstagramMarketing #SEO #SocialMediaTips #SocialMediaMarketing #BrandAwareness #BrandIdentity #Instagram #InstagramCommunity #SocialMediaTipsForSmallBusiness #WritingAndBlogging #Blog #Blogging #BlogLife #BloggingIsLife #BloggerLifeIsAwesome #BloggersGetS%^&Done #CommunityLove #WritingCommunityLove #WritingGoals #WritingTips #Blogger #BloggerGoals #BloggingGoals #GoalsForWriters #WritingGoalsMonthly #WritingGoals2022 #BlogGoals2022 #CommunityOfWriters #WritersCommunity #WritersOfInstagram #WritingTipsAndAdvice #WritingLifeLessons #WritingQuotes #WritersOfInstagramCommunity #WritingCommunityTips #WritingCommunityRocks #WritingCommunityVibes #WritingCommunitySupport #WritersOnTwitter #WritersOnInstagram #WritersLife #WritersCommunityPosts #WritersCommunityAwesomeness #WritersCommunityLove2 #WritingCommunityCommunity #WritingCommunityCommunities #WritingCommunityEngagement #WritingCommunityHashtags #WritingCommunityHub #WritingCommunityInspiration #WritingCommunityJoy #WritingCommunityLife #WritingCommunityMotivation #WritingCommunityPa"
no-dis,"""Hello everyone! I'm Sarah and I'm excited to share about my day with you all. This morning, I went for a run and soaked up the beautiful fall foliage. It was such a refreshing way to start the day. After that, I spent some quality time with my family, having a delicious brunch and playing board games. We had a lot of fun and laughs together. In the afternoon, I took my dog for a walk and explored some new trails in the park. We both had a great time discovering new sights and smells. Now, I'm winding down with a good book and a warm cup of tea. It's been a wonderful day and I'm grateful for all the little moments that made it special. #LiveLaughLove #FamilyTime #NatureLover #DogLovers #HappyDays 🍂💨🧩🐶📚🍵"""
no-dis,"Hello everyone! I'm Sarah, and I wanted to take a moment to introduce myself and share a bit about my day.
This morning, I went for a run outside and enjoyed the beautiful spring weather. It felt so good to be out in the fresh air and get some exercise. Afterwards, I had a delicious breakfast of yogurt, berries, and granola - such a refreshing and healthy start to the day!
Later on, I worked on a few projects from home. I find that I'm often more productive when I can work in a comfortable and familiar environment. I also had the opportunity to connect with some colleagues over video chat, which was a nice way to stay connected and collaborate on our projects.
In the afternoon, I took a break to do some gardening in my backyard. I find that gardening is such a therapeutic and rewarding activity. It's amazing to see how much can change in just a few short weeks, as new plants start to emerge and flowers begin to bloom.
Now, as I wind down for the evening, I'm feeling grateful for all the simple pleasures in life. I'm fortunate to have the opportunity to engage in activities that bring me joy, and to be surrounded by loved ones who support me along the way.
Wishing you all a wonderful night, and a peaceful and rejuvenating start to the week ahead!
<3 Sarah"
no-dis,"Hello everyone! I'm Jen, and I'm excited to introduce myself to this wonderful community.
Today was an amazing day, full of new experiences and connections. I started my day by going for a walk in the park and enjoyed the beautiful scenery and fresh air. I saw some adorable squirrels and birds, and even spotted a family of ducks swimming in the pond. It was such a peaceful and relaxing way to start the day.
Later, I attended a virtual workshop on sustainable living and learned some great tips on how to reduce my carbon footprint and live a more eco-friendly lifestyle. I was blown away by the simple and affordable changes I can make in my daily routine that can have a positive impact on the environment.
In the afternoon, I had a virtual coffee date with a friend I haven't seen in a while. It was so great to catch up and share some laughs. We chatted about everything from our favorite books to our latest Netflix binges. It was a nice reminder of the importance of staying connected with those we care about, even when we can't be together in person.
Finally, I ended my day by cooking a delicious vegan dinner and curling up on the couch to watch a movie. It was the perfect way to unwind and reflect on all the good things that happened today.
I'm so grateful for all the connections I made today and can't wait to continue learning, growing, and exploring in this community.
#Jen #newexperiences #sustainableliving #virtualworkshop #ecofriendly #friendship #vegan #movies #community"
no-dis,"Hi there! I'm new to this platform and I'm excited to connect with all of you. Today was a great day! I started my morning with a refreshing jog around my neighborhood, taking in the beautiful sights and sounds of nature. I then spent some time volunteering at a local food bank, helping to sort and distribute donations to those in need.
After that, I had a relaxing lunch with some old friends and we caught up on each other's lives. In the afternoon, I decided to try out a new hobby - painting! I'm definitely no Picasso, but it was a fun and creative way to spend a few hours.
Overall, I'm feeling grateful for the opportunity to be a part of this community and I'm looking forward to getting to know all of you better. #newhere #community #volunteer #creative #gratitude."
no-dis,"Hello everyone! I'm Sarah and I wanted to take a moment to introduce myself and share a bit about my day.
This morning, I started off with a refreshing workout at the gym. It was a great way to get my energy up and set the tone for the rest of the day. Afterwards, I headed to a local coffee shop to grab a cup of Joe and catch up on some reading.
Later on, I met up with a few friends for a walk through the park. The weather was absolutely beautiful, and it was such a nice change of pace to be able to enjoy the outdoors. We even stopped to take a few photos and enjoy the scenery.
Finally, I wrapped up my day with a cozy movie night at home. I watched one of my all-time favorites, and it was the perfect way to relax and unwind after a busy day.
I hope you all had a great day as well!
Sincerely,
Sarah"
no-dis,"Hello everyone! 😊 I'm Ada, a lifelong learner who's always curious about the world. Today was such a fulfilling day for me, and I can't wait to share it with you!
This morning, I woke up early and went for a refreshing walk in the nearby park to enjoy the beautiful sunrise. The gentle breeze and the chirping of the birds created a peaceful ambiance that filled me with serenity. 🌞🐦
Later, I attended a virtual workshop on sustainable living. It was so inspiring to learn about various ways we can contribute to preserving our planet. I even picked up some useful tips to implement them in my daily life. 🌱💡
After that, I spent some quality time with my family. We played board games, and their laughter and enthusiasm made the whole day even brighter. 🤗🎲
To wind down, I've been practicing my favorite hobby - painting. I've recently started learning a new style, and I'm eagerly working on perfecting it. I can't wait to show you my progress! 🎨🖌️
Feeling grateful for this beautiful day, and I'm excited for what tomorrow brings! 💖🌈
#Ada #LearnerForLife #SustainableLiving #Family #Hobbies"
no-dis,"Hello everyone! 🌞
I hope this post finds you all well. I wanted to take a moment to introduce myself and share a bit about my day.
Today, I started off with a refreshing morning walk while listening to my favorite podcast. It was such a great way to wake up and get some fresh air! After that, I had a virtual coffee date with a friend to catch up on life and work.
Later on, I tackled some household chores, including organizing my closet and doing some laundry. It felt good to get those tasks out of the way! I also managed to squeeze in a quick workout and made a delicious homemade lunch with fresh veggies from the farmers market.
In the afternoon, I spent some time reading up on a new topic that I've been interested in lately. It's always nice to learn something new! I wrapped up the day by watching a funny movie and enjoying a cozy night in.
All in all, it was a great day filled with self-care, productivity, and relaxation. I'm looking forward to what tomorrow brings!
Best,
[Your Name]"
no-dis,"Hi there! I'm Ada, a lifelong learner and lover of all things technology. Today was a great day - I spent the morning brushing up on my coding skills and working on a new project. In the afternoon, I joined a virtual meetup with other tech enthusiasts to share ideas and learn from each other. It's always inspiring to connect with like-minded people and hear about the exciting projects they're working on. After that, I took a break to go for a run and enjoy the beautiful fall weather. I'm looking forward to continuing my learning journey and connecting with even more people in the tech community. #technology #coding #learning #community #runner #fallweather #lifelonglearner."
no-dis,"Hello everyone! 😊 I hope you're all having a great day. I wanted to take a moment to introduce myself and share a bit about what I did today.
My name is [Your Name Here], and I'm a [Your Profession/Hobby Here]. This morning, I woke up bright and early and went for a brisk walk around my neighborhood. It was such a beautiful day outside, and the fresh air did wonders for clearing my mind.
After my walk, I came home and made myself a delicious breakfast. I tried out a new recipe for avocado toast, and it was absolutely delicious! It's made with whole grain bread, mashed avocado, cherry tomatoes, a sprinkle of sea salt, and a drizzle of lemon juice. If you haven't tried it yet, I highly recommend it!
I spent the afternoon working on a [Your Work/Project Here]. It's been a challenging but rewarding experience, and I'm really excited about the progress I've made today.
In the evening, I treated myself to a relaxing yoga session. It was just what I needed after a long day of work, and it left me feeling rejuvenated and ready for tomorrow.
That's all for today! I hope you enjoyed reading about my day, and I can't wait to hear about yours. 😊 #Introductions #SharingIsCaring #WorkLifeBalance #SelfCare"
no-dis,"Hi everyone! 🌞 I hope this post finds you all well. I wanted to take a moment to introduce myself and share a little bit about my day.
This morning, I started off with a refreshing yoga session to get my body moving and my mind centered. It was a great way to start the day and set a positive tone for the rest of the day.
After that, I decided to take a walk outside and enjoy the beautiful spring weather. I took a stroll through the park and enjoyed the sound of birds chirping and the sight of flowers blooming. It was such a peaceful and relaxing way to spend my morning.
For lunch, I made a healthy salad with fresh veggies and a homemade vinaigrette. It was delicious and gave me the energy I needed to tackle the rest of the day.
In the afternoon, I worked on a few personal projects that I've been trying to finish up. It felt great to make progress and cross some things off my to-do list.
Now, as the day comes to a close, I'm settling in for the evening with a good book and a cup of tea. It's been a wonderful day, and I'm grateful for all the little moments that made it special.
Thanks for taking the time to read about my day. I'd love to hear about yours too! Let me know what you did to make the most of your day in the comments below. 😊 #lovelife #enjoythelittlethings #mindfulness #gratitude"
no-dis,"Hello everyone! 🌞
I hope this post finds you all well. I wanted to take a moment to introduce myself - I'm [Your Name], a [your profession/role] who loves all things outdoors, cooking, and photography.
Today was such a wonderful day! I started my morning with a peaceful walk around the neighborhood, taking in the fresh air and beautiful sights of the blooming flowers and green trees. I even managed to snap some stunning shots of the sunrise – it's moments like these that make me so grateful for the beauty in this world. 🌅
Later on, I decided to try out a new vegetarian recipe I found, which called for a variety of seasonal veggies and herbs. I have to say, it turned out fantastic! Nothing beats the satisfaction of creating a delicious meal from scratch. I've attached a photo of the final product for you all to see – let me know if you'd like the recipe! 🍳🌮
To wrap up the day, I spent some quality time with my loved ones. We played board games, watched a few episodes of our favorite shows, and simply enjoyed each other's company. I feel so fortunate to have such wonderful people in my life.
All in all, today was a day filled with joy, gratitude, and relaxation. I can't wait to see what tomorrow brings!
Wishing everyone a lovely evening. 💫
#outdoors #photography #vegetarianrecipes #familytime #appreciationpost"
no-dis,"Hi there, I'm John! I had a productive day today, and I can't wait to share it with you all.
This morning, I started off with a refreshing jog around the park. I love feeling the cool breeze on my face as I take in the beautiful scenery. It's a great way to start the day and get my energy levels up.
After that, I had a delicious breakfast of pancakes with fresh fruit. I've been trying to eat healthier, and this meal really hit the spot.
The rest of my day was spent working on some freelance graphic design projects. I enjoy the creative process and the satisfaction of seeing my ideas come to life on the screen.
In the evening, I took a break to meet up with some friends for dinner. We went to a cozy Italian restaurant and indulged in some delicious pasta dishes. It was great to catch up and share some laughs.
Now, I'm winding down for the night with a good book and a cup of tea. I hope you all had a wonderful day as well!
#John #graphicdesign #freelance #jogging #healthy #friends #italianfood #socialmedia"
no-dis,"Hello everyone! I'm new to this platform and I'm excited to start connecting with all of you.
Today was a great day! I started off by going for a morning run in the park. It was such a beautiful day, with the sun shining and the birds chirping. I then came home and made a healthy breakfast, including some fruit and yogurt.
In the afternoon, I had a virtual meeting with some colleagues to discuss a project we are working on. Even though we were all remote, it was still great to catch up and collaborate.
Finally, I ended the day by cooking a nice dinner and relaxing with a good book. All in all, it was a productive and enjoyable day.
I'm looking forward to continuing to share my experiences and connect with all of you.
Best,
[Your Name]"
no-dis,"Hi everyone! 😊 I'm Sarah and I wanted to introduce myself and share a bit about my day. Today was a great day! 👌 I started my morning with a refreshing jog around the park. 🏃‍♀️🌳 It was such a beautiful morning and the fresh air helped me clear my mind and prepare for the day ahead. 🌞
After that, I had a quick breakfast and headed to work. 💻 I'm a graphic designer and today I worked on a new project for a client. 🎨 It was challenging but also very rewarding, and I'm excited to see the final result. 🤩
In the afternoon, I had a virtual coffee break with some of my colleagues. ☕️ It was great to catch up with them and chat about everything from work to our favorite TV shows. 📺 We even had a mini-trivia quiz and it was a lot of fun. 😂
Before heading home, I stopped by the grocery store to pick up some ingredients for dinner. 🛒 I love cooking and today I decided to make my favorite pasta dish. 🍝 It was delicious and a perfect way to end the day. 😋
That's all for today! I hope you all had a great day too. 😄 #introduceyourself #shareyourday #graphicdesigner #cookingenthusiast #virtualcoffee #selfcare #positivity #worklifebalance"
no-dis,"Hello everyone! 😊 I'm new to this community and I couldn't be more excited to connect with all of you.
A bit about me: I love trying new things, meeting new people, and learning about different cultures. I'm passionate about sustainability, social justice, and mental health awareness. In my free time, you can find me reading, hiking, or trying out new recipes in the kitchen.
I was hoping to get some recommendations from the community on some must-read books or podcasts related to any of the topics I mentioned above. I'm always looking to expand my knowledge and grow as a person, and I know that this community is full of wise and compassionate individuals who can offer some great suggestions.
Feel free to introduce yourself and share any recommendations you have, or just say hi and let me know you're here! I'm looking forward to getting to know each and every one of you. 💖 #community #books #podcasts #sustainability #socialjustice #mentalhealthawareness"
no-dis,"Hello everyone! I'm new to this community and I'm excited to get to know all of you. I'm interested in learning and sharing about a variety of topics, from technology and current events to hobbies and personal experiences.
I would love to hear from all of you - what are some of your favorite things to talk about or learn more about? Is there a particular topic that you think would be great for a group discussion or a question that you've been wanting to ask but haven't had the chance yet? Let me know in the comments below!
I'm looking forward to getting to know all of you and having some great conversations. Thanks for having me in the community!"
no-dis,"Hello everyone! I'm new to this community and I'm excited to get to know all of you.
I'm an artist and I love to create all sorts of things, from traditional paintings to digital designs. I'm always looking for new ideas and inspiration, so I thought I'd reach out to this community and see if anyone has any suggestions for fun and unique art projects that I can try.
I'd also love to hear about any creative challenges or obstacles that you've faced in your own work, and how you've overcome them. Let's support and inspire each other as we continue to grow and learn as artists!
Thanks in advance for any suggestions or words of encouragement you might have. I can't wait to see what this community has in store!
#art #community #inspiration #creativity #digitalart #traditionalart #artchallenge #creativelife #artistsofinstagram #artsy"
no-dis,"Hello everyone! I'm new to this community and I'm excited to connect with all of you. I'm passionate about learning new things and enjoy trying out new hobbies. I've always been interested in technology and enjoy tinkering with gadgets and electronics.
I'd love to hear from you all! Do you have any recommendations for cool tech projects or ideas that I can try out? I'm always looking for new challenges and ways to expand my knowledge in the tech world.
Thanks in advance for any suggestions you may have. I can't wait to see what this community has to offer! #newmember #techcommunity #techprojects #learning #hobbies"
no-dis,"Hi there! I'm new to this community and I'm excited to get to know all of you.
I'm a lover of all things outdoors - hiking, camping, and exploring new places are some of my favorite things to do. I'm also passionate about photography and love capturing the beauty of the world around me.
I was hoping to connect with some like-minded individuals in this community and was wondering if anyone has any recommendations for great hiking trails or outdoor adventures in the area. I can't wait to hear your suggestions! #outdooradventures #hikinglife #photography"
no-dis,"Hello everyone! I'm new to this community and I'm excited to connect with all of you.
I'm passionate about cooking and trying new recipes, and I'm always looking for new ideas and inspiration. I would love to hear about your favorite dishes to cook or any cooking tips you have.
Do you have any go-to recipes that you would recommend trying? Or maybe you have a fail-proof tip for cooking the perfect steak or roasting vegetables? I would love to hear your thoughts and suggestions.
Thank you for having me and I look forward to learning and growing with this community.
#cooking #community #recipeideas #cookingtips #foodielove"
no-dis,"""Hi everyone! I'm new to this community and I'm excited to connect with all of you. I'm passionate about [insert passion or interest here], and I'm always looking for new ideas and inspiration. Can you share one book, article, or resource that has helped you recently? I can't wait to learn from all of your experiences! #newhere #community #learning #growth"""
no-dis,"""Hello everyone! I'm new to this community and I'm excited to get to know all of you. I have a passion for [insert passion here] and I'm always looking for new ways to learn and grow. I was hoping to get some suggestions for [insert topic here] from the experts in this group. I'm open to any and all advice, so don't hesitate to share your thoughts and ideas. I can't wait to see what this community has to offer! #newmember #communitysquad #learningtogether"""
no-dis,"Hello there! I'm new to this community and I'm excited to get to know all of you.
I'm an avid reader, a lover of all things outdoors, and a bit of a coffee enthusiast. I'm always looking for new book recommendations and the best spots to grab a cup of joe.
To that end, I was wondering if you all have any favorite books or local coffee shops that you'd like to share? I'd love to hear your suggestions and try them out for myself.
Looking forward to connecting with you all and learning from each other's experiences.
#community #books #coffee #recommendations #outdoors"
no-dis,"Hello everyone! 😊 I'm new to this community and I'm excited to get to know all of you. I'm passionate about technology, cooking, and traveling. I'm always looking for new recipes to try and new places to explore.
I wanted to ask all of you: What's your favorite hobby or activity to do in your free time, and why do you enjoy it so much? I'd love to hear about the things that bring you joy and happiness.
Feel free to share any tips, recommendations, or suggestions as well. I can't wait to hear from all of you! 😊👍"
no-dis,"Hello everyone! I'm new to this community and I'm excited to get to know all of you.
I'm an avid hiker and outdoor enthusiast. I love exploring new trails and taking in the beauty of nature. I'm always looking for new places to hike and new people to hike with, so I thought this would be a great community to join.
I was wondering if any of you have any recommendations for good hiking spots in the area. I'm always looking to mix up my routine and try new trails, so any suggestions would be greatly appreciated.
Thanks in advance for any recommendations you may have. I can't wait to connect with other nature lovers and share my own experiences as well.
Happy hiking! 🌿🥾"
no-dis,"Hello everyone! 🌞
I'm new to this community, and I'm thrilled to be a part of it. I'm a lifelong learner who's always eager to expand my knowledge and grow as a person. I have a passion for reading, writing, and exploring new ideas.
I'd love to get to know all of you better! So, I have a question: what's one book that has transformed your life, and why do you recommend it?
I'm always on the lookout for new books to add to my reading list, so I'd be grateful for any suggestions. Thank you in advance, and I can't wait to connect with all of you! 😊❤️ #bookrecommendations #newbie #communitybuilding"
no-dis,"Hi everyone,
I'm new to this community and I'm excited to get to know all of you! I'm interested in learning and sharing about a variety of topics, including technology, education, and personal development.
I'd love to hear from all of you - what are some of your favorite resources or tips for staying up-to-date on the latest trends and developments in these areas? Any recommendations or suggestions would be greatly appreciated.
Thanks, and I look forward to connecting with all of you! #community #learning #technology #education"
no-dis,"Hi there! I'm a new member of this community and I'm excited to get to know all of you. I have a background in [insert field here] and I'm looking forward to sharing my experiences and learning from all of you.
I wanted to take a moment to ask for your suggestions on what topics you'd like to see discussed or explored in this community. Is there something specific you'd like to learn more about or discuss? I'd love to hear your thoughts.
Thanks for having me, and I can't wait to get to know everyone better! #newmember #community #suggestions #discussion
If you are interested, you can also say something about a hobby or interest you have, it will help people to connect with you: ""By the way, I love hiking and exploring new trails. If anyone has any recommendations for good hikes in the area, I'd love to hear them!"""
no-dis,"""Hello everyone! I'm new to this community and I'm excited to connect with all of you. I'm passionate about cooking and trying new recipes, and I'm always looking for new ideas and inspiration. I'd love to hear from you - what's your favorite recipe to make for a special occasion? Share your suggestions and ideas in the comments! #cooking #community # recipes #foodielife"""
no-dis,"Hello everyone! 👋 I'm new to this community and I'm excited to get to know all of you.
I'm a lifelong learner and love to read, cook, and try new things. I'm always looking for book recommendations and new recipes to try out, so I'd love to hear what some of your favorites are!
Additionally, I'd love to hear any tips or suggestions you have for staying motivated and productive. I find that I often struggle with procrastination and would love to hear any strategies or tools that have worked for you.
Thank you for welcoming me into this community and I can't wait to connect with all of you! 😊"
no-dis,"Hi there! 🙋‍♀️
I'm new to this community and I'm excited to connect with all of you! I'm really passionate about [insert hobby/interest here] and I'm always looking for new ways to learn and grow.
I wanted to take a moment to introduce myself and also ask for your help. Is there a particular resource or tool that you would recommend for someone looking to improve their [insert hobby/interest] skills? I'm all ears for any suggestions or recommendations you may have.
Thank you in advance for your help and I can't wait to learn and grow with all of you! 🙌
#Community #Newbie #Recommendations #Learning #Growth
Ashlene"
no-dis,"Hello everyone! I'm new to this community and I'm excited to connect with all of you.
I'm an artist who enjoys creating colorful and whimsical illustrations. I love to try new techniques and experiment with different mediums, so I'm always looking for new inspiration and ideas.
I was wondering if anyone has any favorite resources or tools that they use for their own art practice? I'm always looking for new ways to streamline my workflow and would love to hear any recommendations.
Thanks in advance and I can't wait to hear from all of you!
#art #community #resources #tools #newbie"
no-dis,"Hello everyone! 🌞
I'm new to this community and I'm thrilled to be here. I'm a lifelong learner with a passion for technology, sustainability, and all things eco-friendly. I enjoy exploring new ways to reduce my carbon footprint and live a more mindful lifestyle.
I'm always looking for new ideas and inspiration, so I thought I'd reach out to this amazing community for some suggestions. Do you have any favorite eco-friendly products, tips, or tricks that you use in your daily life? I'd love to hear all about them!
Feel free to share any thoughts or recommendations, no matter how big or small. Every little bit helps when it comes to making a positive impact on our planet.
Thank you so much for your time and for being such a supportive community. I can't wait to learn and grow with all of you! 💚🌱
#EcoFriendly #SustainableLiving #CommunitySupport #SharingIsCaring #NewbieHere #LetsLearnTogether"
no-dis,"""Hello everyone! I'm new to this community and I'm excited to connect with all of you. I'm a lover of all things outdoors and enjoy hiking, camping, and exploring new places. I'm always looking for new recommendations on fun outdoor activities and destinations. Do you have any favorites that you'd like to share? I'd love to hear from you! #outdooradventures #community #sharingiscaring"""
no-dis,"Hello everyone! I'm new to this community and I'm excited to get to know all of you. I'm a lifelong learner with a passion for technology and innovation. I'm always looking for new and exciting ways to stay up to date on the latest trends and developments.
I'm reaching out to all of you for your suggestions and ideas on the best ways to stay informed and engaged in the world of technology. Do you have any favorite websites, blogs, or podcasts that you turn to for the latest tech news? I'd love to hear your recommendations!
Let's help each other stay ahead of the curve and learn from each other's experiences. Thanks in advance for your suggestions! #technology #innovation #learning #community"
no-dis,"Hello everyone! I'm newly joining this community and I'm excited to connect with all of you. I've always had a passion for [insert passion or interest], and I can't wait to share my knowledge and learn from all of you.
To get started, I would love to hear about your favorite resources, tools, or tips related to [insert passion or interest]. Whether it's a book, website, or blog, I would really appreciate any recommendations.
Thank you in advance for your help, and I look forward to getting to know all of you better!"
no-dis,"Hello everyone! 🌞 I'm new here and I'm excited to join this vibrant community! A little about me: I love hiking, baking, and anything that has to do with self-improvement.
I wanted to ask all of you: what is your go-to self-care routine? I'd love to get some inspiration and new ideas to add to my own self-care regimen. #selfcare #newbeginnings #community 😊💆‍♀️💕"
no-dis,"""Hi everyone! I'm new to this community and I'm excited to connect with all of you. I'm passionate about technology, sustainability and love trying out new vegan recipes.
I'm here to learn and share ideas, so I'd love to hear from you: what's one change you've made in your daily life that has positively impacted the environment? Let's inspire each other and work together towards a greener future. #sustainability #ecofriendly #community"""
no-dis,"Hello everyone! I'm new to this community and I'm excited to get to know all of you. I'm interested in learning and sharing knowledge about a wide variety of topics, from technology and science to literature and the arts.
I would love to hear from all of you: what are some of your favorite hobbies or activities? Is there anything in particular that you're passionate about and would like to discuss or learn more about? I'm open to any and all suggestions! Let's start a conversation and see where it takes us. 😊 #newmember #community #letstalk"
no-dis,"Hello everyone,
I'm new to this community and I'm excited to connect with all of you! I'm passionate about technology, innovation, and creating positive change in the world.
I wanted to take a moment to introduce myself and also ask for your input. What are some of the most pressing issues you see in the world today, and how do you think technology can be leveraged to help address them?
I'm looking forward to hearing your thoughts and learning from all of the brilliant minds in this community. Let's work together to create a better future for all! #technology #innovation #socialimpact"
no-dis,"Hello everyone! I'm new to this community and I'm excited to be here. I'm interested in learning and sharing knowledge about a variety of topics, from technology and science to art and culture. I'm particularly passionate about environmental sustainability and social justice, and I believe that through collaboration and dialogue, we can make a positive impact in the world.
I would love to hear from all of you about your own passions and interests. What topics excite you? What causes do you care about? What questions do you have that you would like to explore together as a community?
I'm looking forward to getting to know all of you better and collaborating on exciting projects and discussions. Let's work together to build a vibrant and engaged community!"
no-dis,"Hello everyone! I'm new to this community and I'm excited to get to know all of you.
I'm a [insert relevant information about yourself, such as your name, age, occupation, hobbies, etc.]. I'm interested in [insert your interests or passions related to the community].
I was wondering if anyone has any recommendations for [insert a specific topic related to the community, such as books, websites, courses, etc.] that they've found helpful or inspiring. I'm always looking to learn and grow, and I'm eager to hear about the resources that have made a difference for others in this community.
Thanks in advance for your suggestions, and I look forward to connecting with all of you!"
no-dis,"Hi there! 🌞 I'm new to this community and I couldn't be more excited to join you all! I'm passionate about learning and sharing knowledge, with a background in technology and innovation. I believe that the key to success is always keeping an open mind and being curious.
Now, I'd love to hear from you! What is one book, podcast or resource that has truly made an impact on your personal or professional growth? Can't wait to hear your recommendations and connect with you all! 😊 #community #growth #recommendations"
no-dis,"Hi everyone! 😊 I'm a new member of this amazing community and I'm looking forward to getting to know all of you better.
I've always been passionate about technology, innovation and sustainability, and I'm excited to learn from and contribute to the conversations here.
As I'm just starting out, I was hoping to get some suggestions from the community on the best way to get involved and make the most of this platform. Whether it's following certain hashtags, joining specific groups, or attending virtual events, I'm all ears!
Thank you in advance for any advice you have to offer, and I can't wait to start connecting with all of you. 😊
#Community #SocialMedia #Tech #Sustainability #GettingStarted"
no-dis,"Hello everyone! I'm new to this community and I'm excited to get to know all of you. I'm an artist and I love creating all kinds of things, from paintings to sculptures to digital designs. I'm always looking for new inspiration and ideas, so I thought I'd reach out to this community for some suggestions.
Do you have any favorite artists or pieces of art that you think I should check out? Or maybe you have a question or topic you'd like to see me address in a future post. I'd love to hear from you!
#art #community #inspiration #suggestions #newbie
""Image is for illustration purposes only."""
no-dis,"""Hello everyone! I'm new to this community and I'm excited to be a part of it. I'm passionate about (insert your interests or hobbies here) and I can't wait to connect with like-minded individuals. To get the conversation started, I'd love to hear about your favorite (related topic) and why it's meaningful to you. Can't wait to hear your responses! #newmember #community # (insert related hashtag here) """
no-dis,"""Hi everyone! I'm new to this community and I'm excited to connect with all of you. I'm passionate about animals and the environment, and I love to try new recipes in the kitchen. I'm always looking for ways to live a more sustainable lifestyle and I would love to hear any tips or recommendations you have. Is there a specific change you've made in your daily life that has made a big impact on your carbon footprint? #sustainability #environment #community"""
no-dis,"Hello everyone! I'm new to this community and would love to introduce myself. I'm an avid reader, writer, and lifelong learner who is passionate about personal growth and development.
I'm excited to connect with like-minded individuals and learn from your experiences. I would love to hear your suggestions for must-read books or productivity hacks that have been game-changers for you.
Feel free to share any recommendations or tips you have, and I can't wait to get to know you all better! 😊📚 #bookrecommendations #productivitytips #personalgrowth #community"
no-dis,"Hello everyone! 🌞 I'm new to this community and I'm thrilled to connect with all of you. I'm passionate about art, cooking, and exploring the outdoors. I can't wait to learn and grow with this fantastic group of people.
As I'm getting started, I'd love to hear from you! What are some of your favorite hobbies, or activities to recharge your creativity? Any book or podcast recommendations on these topics would be greatly appreciated too! 😊🌈 #newmember #community #art #cooking #outdoors"
no-dis,"""Hi everyone, I'm new to this community and would love to introduce myself! I'm passionate about technology, sustainability, and all things outdoors. I'm looking forward to connecting with like-minded individuals, learning from each other, and sharing ideas.
To start off, I'd love to hear your favorite tip or trick for reducing waste and living a more eco-friendly lifestyle. Whether it's something small like bringing your own shopping bags or a bigger change like installing solar panels, I'd love to hear about it! Let's inspire each other to make a positive impact on the world. 🌍💚 #sustainability #ecofriendly #community"""
no-dis,"Hello everyone! I'm new to this community and I'm excited to connect with all of you. I'm passionate about technology, innovation and making a positive impact on the world.
I was wondering if anyone has any recommendations for online resources to stay up-to-date on the latest tech trends and innovations? I'm always looking for new ways to expand my knowledge and would love to hear your suggestions.
Looking forward to learning and growing with this community! 😊 #newhere #techtrends #innovation
(Note: This is a fictional post and not a real account or community)"
no-dis,"Hello everyone! I'm new to this community and I'm excited to get to know all of you. A little about me: I love trying new things, exploring the outdoors, and learning from others. I'm always looking to expand my horizons and try new experiences.
I wanted to reach out to all of you and ask: what is one thing you wish you had known or tried earlier in life? I'm hoping to hear some diverse answers and get some inspiration for new things to try. Whether it's a hobby, a skill, a way of thinking, or anything in between, I'd love to hear from you!
Looking forward to hearing your responses and connecting with all of you.
Best,
[Your Name]"
no-dis,"Hello everyone! 😊 I'm new to this community and I'm excited to get to know all of you. I'm an introverted, coffee-loving, bookworm who enjoys writing and spending time in nature. I'm always looking for new book recommendations, so I wanted to ask: what are some of your favorite books that you've read recently? Can't wait to hear your suggestions! 😊☕️📚 #newmember #bookrecommendations #introvertlife #community ✌️💞"
no-dis,"Hello everyone! I'm new to this community and I'm so excited to be here. I'm an artist and I love to create all kinds of things, from paintings and sculptures to digital art and graphic design. I'm always looking for new ideas and inspiration, so I thought I'd introduce myself and ask: what are some of your favorite creative projects or hobbies? I'd love to hear about anything that brings you joy and helps you express yourself. Let's inspire each other and create something beautiful together! #creativity #art #inspiration"
no-dis,"Hello everyone! I'm new to this community and I'm excited to get to know all of you. I'm 28 years old and I love hiking, cooking, and reading. I'm always looking for new recommendations on books to read and trails to hike.
I was wondering if anyone has any book recommendations that they can't put down? I'm open to any genre and I love both contemporary and classic literature.
I'd also love to hear about your favorite local trails to hike. I'm always looking for new and exciting hikes to take on.
Thanks in advance for any suggestions and I can't wait to become a more active member of this community! #bookclub #hikinglife #newmember
- [Your Name]"
no-dis,"Hello everyone! 🌸 I'm so excited to join this vibrant community! I'm an avid reader, a coffee enthusiast, and a lifelong learner. I'm passionate about social justice, sustainability, and all things creative. I can't wait to connect with others who share similar interests.
As I'm getting started, I'd love to hear from you: what's a book that has inspired you or changed your perspective in some way? Can't wait to add some new titles to my must-read list! 🔥📚
#newhere #reader #coffeeaddict #sustainability #socialjustice #community"
no-dis,"Hello everyone! I'm new to this community and I'm excited to connect with all of you. I'm an outgoing and adventurous person who loves to travel and try new things. I'm always looking for new ideas and inspiration, so I thought I'd introduce myself and ask: what's one place you've always wanted to visit, but haven't had the chance to yet? I'd love to hear your recommendations and add some new destinations to my bucket list! #community #travel #adventure #newbeginnings"
no-dis,"Hello everyone! I'm new to this community and I'm excited to get to know all of you. I'm interested in learning and sharing knowledge about a variety of topics, including technology, science, and the arts.
I'd love to hear from others in the community about their interests and passions. What are some of your favorite hobbies or activities? And do you have any suggestions for interesting books, articles, or other resources that you think I might enjoy?
I look forward to hearing from you and learning more about this community. Thanks for having me! #newmember #community #learning #sharingknowledge"
no-dis,"""Hello everyone! I'm new to this community and I'm excited to connect with all of you. I'm a lover of all things outdoors, from hiking and camping to photography and gardening. I'm always looking for new ways to live a more sustainable lifestyle and I'm eager to learn from all of the knowledgeable people in this community.
I was wondering if any of you have any recommendations for eco-friendly products or practices that you swear by? I'm always looking to make small changes that can have a big impact. Thank you in advance for your suggestions and I look forward to getting to know you all better! #ecofriendly #sustainability #community"""
no-dis,"""Hi everyone! I'm new to this community and I'm excited to connect with all of you. I'm really interested in learning and growing, and I believe that this community is the perfect place to do just that. I'm particularly interested in learning more about [specific topic], and I would love to hear your tips, resources, or recommendations for getting started.
I'm looking forward to engaging with all of you and contributing to the conversation in a positive way. If you have any advice or suggestions for me as I navigate this community, I would greatly appreciate it. I can't wait to see what we can all learn from each other! #community #learningtogether"""
no-dis,Hello everyone! I'm new to this community and I'm excited to get to know all of you. I'm a huge fan of [topic/hobby/interest] and I'm always looking for new ways to [something related to topic/hobby/interest]. I was wondering if anyone has any recommendations for [specific resource or piece of advice related to topic/hobby/interest] that they've found particularly helpful. I'd love to hear any suggestions you have to offer! #newmember #community #[topic/hobby/interest] #recommendations #inputwelcome
no-dis,"""Hello everyone! I'm new to this community and I'm excited to connect with all of you. I'm passionate about traveling, cooking, and trying new things. I'm always looking for new recommendations for places to visit or recipes to try. I would love to hear any suggestions or recommendations that you all have! Drop a comment below with your favorite spot to visit or a recipe that you love. Can't wait to hear from you! #newhere #community #traveling #cooking #recommendations"""
no-dis,"Hello everyone! I'm new to this community and I'm excited to start connecting with all of you.
I'm passionate about technology, travel, and trying new things. I love learning about different cultures and meeting new people from all over the world.
I wanted to ask for some recommendations on great travel destinations that are off the beaten path. I've been to a lot of the usual spots, but I'm always on the lookout for unique experiences and hidden gems. I'm open to any suggestions, whether it's a quirky museum, a beautiful hiking trail, or a delicious local restaurant.
Can't wait to hear your recommendations and start exploring! #travel #adventure #community
(Note: This is a general post and any specific details such as gender, name, location, etc have been left out to maintain anonymity.)"
no-dis,"Hello everyone! 🌞
I'm new to this community and I'm so excited to be here. I'm a life-long learner with a passion for personal growth and self-improvement. I love to read and write about a variety of topics, from mindfulness and meditation to productivity and time management.
I'm here to connect with like-minded individuals, learn from your experiences, and share my own insights. I believe that we can all learn from each other and grow together.
To that end, I'd love to hear your favorite book or resource on personal growth. What has made a significant impact on your life and why?
Can't wait to hear your recommendations and start this journey together! 🤝💖 #PersonalGrowth #Community
Hope to see you around!
Best,
[Your Name]"
no-dis,"Hello there! 😊 I'm new to this community and I'm excited to get to know all of you. I'm an avid reader, a coffee lover, and a huge fan of the outdoors. I love hiking, camping, and exploring new places.
I'm always looking for new book recommendations, so I would love to hear what everyone's favorite books are. Fiction, non-fiction, mystery, romance - I'm open to anything!
Also, I would love to hear any suggestions for great hiking trails or outdoor adventures in the area. I can't wait to explore and discover new places with all of you. 🌿🌄
Looking forward to connecting with everyone! 🤗
#NewToTheCommunity #BookLoversUnite #GetOutside #OutdoorAdventures #HikingTrails"
no-dis,"Hello everyone! I'm new to this community and I'm excited to get to know all of you.
I'm an avid hiker and nature lover, and I'm always looking for new and exciting places to explore. I recently moved to the area and I'm looking for some recommendations on the best local hiking trails.
Do you have a favorite hiking spot that you'd like to share? I'd love to hear about any hidden gems or must-see spots in the area.
Thanks in advance for your suggestions, and happy hiking! #hiking #outdoorfan #newtothearea"
no-dis,"""Hello everyone! I'm new to this community and I'm excited to connect with all of you. I'm passionate about technology, music, and the outdoors. I'm always looking for new ways to learn and grow, so I would love to hear any book, podcast or movie recommendations that you all enjoy. Feel free to share anything you'd like, I can't wait to see what this community has to offer! #newmember #community #recommendations"""
no-dis,"Hello everyone! I'm new to this community, and I'm excited to get to know all of you better.
I'm an animal lover and enjoy spending time outdoors. I'm also passionate about sustainability and reducing my carbon footprint.
I was wondering if anyone has any tips on how to reduce waste in their daily lives. I'm always looking for new ways to live more sustainably, and I'm sure I can learn a lot from all of you.
Feel free to share any suggestions, no matter how big or small they may seem. I believe that every little bit helps, and I'm looking forward to hearing from all of you!"
no-dis,"Hello everyone! I'm new to this community and I'm excited to get to know all of you. I'm a big fan of [insert your hobby or interest here] and I'm always looking for new ways to learn and grow.
I was hoping to connect with some like-minded individuals and maybe start a conversation about [insert a topic related to your hobby or interest here]. I'm particularly interested in hearing about any tips or tricks you may have for [insert a specific aspect of your hobby or interest here].
Thanks in advance for any advice you have to offer! I can't wait to hear from you all and start building some new connections.
#newmember #community #hobby #learning #growing #tips #tricks #conversationstarters"
no-dis,"Hello there! I'm new to this community and I'm so excited to be a part of it. I'm a lover of all things creative - from art and music, to writing and photography. I can't wait to connect with like-minded individuals and learn from their experiences.
To kick things off, I'd love to hear from all of you! What inspires you to be creative? Is it a particular artist or musician, or perhaps a certain location that sparks your imagination? I'm always looking for new sources of inspiration, so I'd be grateful for any suggestions you might have.
Looking forward to hearing from you all!
#creativity #art #music #writing #photography #inspiration #community"
no-dis,"Hello everyone! I'm new to this community and I'm excited to get to know all of you.
I'm passionate about technology, sustainability, and all things outdoors. I'm always looking for new ways to reduce my carbon footprint and live a more eco-friendly lifestyle.
I was hoping to hear from some of you about your favorite sustainable living tips or products. Do you have any recommendations for eco-friendly household items, clothing, or beauty products? I'd love to hear your ideas and learn from your experiences.
Thanks in advance for any suggestions you might have, and I look forward to connecting with you all! #sustainableliving #ecofriendly #community
<</S>>
Note: I tried to give you a suggestion for the post, but if you want to change it, you can. I'm just a machine, so I don't have personal experiences or opinions. 😊"
no-dis,"Hello everyone! I'm new to this community and I'm excited to get to know all of you.
I'm a creative and curious individual who loves learning about new things and meeting people from different walks of life. In my free time, I enjoy reading, writing, and exploring the outdoors.
I'm always looking for new ways to expand my knowledge and skills, so I thought this community would be a great place to connect with like-minded individuals. I would love to hear any suggestions you have for books, articles, or other resources that have helped you in your own personal growth.
I'm also open to any questions you might have for me, so feel free to ask away! Let's learn and grow together. 😊"
no-dis,"Hello everyone! I'm new to this community and I'm excited to get to know all of you.
I'm interested in learning more about sustainable living and reducing my carbon footprint. I've been making some changes in my own life, but I know that there is always more that can be done.
Do you have any tips or suggestions for ways that I can live a more sustainable lifestyle? I would love to hear your ideas and any suggestions you have to offer.
Together, we can make a difference and help protect our planet for future generations. Thanks in advance for your help and guidance.
#sustainableliving #carbonfootprint #community #ecofriendly #sustainability"
no-dis,"Hi everyone! I'm new to this community and I'm excited to get to know all of you.
To give you a little background about myself, I'm passionate about technology, sustainability, and social impact. In my free time, I love to hike, read, and experiment with new recipes in the kitchen.
Now, I'm looking for some suggestions from this community. I'm currently working on a project that aims to reduce food waste in homes and would love to hear any tips or ideas you may have. Whether it's a specific product or behavioral change, I'm all ears!
Thank you in advance and I look forward to learning from all of you. 😊"
no-dis,"Hello everyone! I hope this post finds you well. I wanted to take a moment to introduce myself. I am a lifelong learner, always seeking new opportunities to grow and expand my horizons. I am passionate about staying informed and engaged in current events, and I am always looking for ways to make a positive impact in the world.
As for today's events, I am deeply saddened by the news of the recent tragedy in (insert location). My thoughts and prayers are with the victims and their families during this incredibly difficult time. It's moments like these that remind us of the importance of coming together as a community to support one another and work towards positive change.
On a brighter note, I am inspired by the countless acts of kindness and generosity that I have seen in response to this tragedy. It's moments like these that remind us of the inherent goodness in people and the power of community.
Moving forward, I hope that we can all continue to support one another and work towards creating a brighter, more compassionate world. Let's all do our part to spread love, kindness, and positivity wherever we go.
#togetherwearestrong #spreadkindness #community #compassion #love #positivity #learning #growth #opportunities #events #news #prayers #goodness # brighterworld #inspiration #impact #communitysupport #positivechange"
no-dis,"Hello everyone! I hope this post finds you all well. I wanted to take a moment to introduce myself and share a bit about my day.
My name is [Your Name] and I am a [Your Profession/Role] from [Your City/State/Country]. I'm passionate about [Your Interests/Hobbies/Causes] and I'm always looking for new ways to make a positive impact in my community.
Today has been a really interesting day, to say the least. With all that's happening in the world right now, it's easy to feel overwhelmed and uncertain. But in the midst of all the chaos, I've been lucky enough to find some bright spots.
For example, I had the opportunity to connect with some amazing people in my community who are working hard to make a difference. We shared ideas, stories, and resources, and I left feeling energized and inspired.
Of course, there were also some challenges today. But even in the face of adversity, I was struck by the resilience and determination of those around me. It's a reminder that even in the darkest times, there is always hope and light to be found.
In closing, I just want to say thank you to my friends, family, and community for being such a source of support and positivity in my life. Here's to continuing to make a difference, together. 💪💖
#introductions #community #resilience #positivity #hope #togetherness"
no-dis,"Hello everyone! 🌞
I hope this post finds you all well. I wanted to take a moment to introduce myself to this amazing community. I'm so grateful to be a part of it! 🤗
Today has been such an interesting day, don't you think? The sun was shining brightly when I woke up this morning, and I couldn't help but feel a sense of optimism for the day ahead. ☀️
I spent the morning working on some creative projects that I've been putting off, and it felt great to finally make some progress. I also had the chance to catch up with some old friends over the phone, and we had some wonderful conversations. 🤝
Later in the day, I took a walk through the park and enjoyed the beautiful scenery. I saw some children playing and laughing, and it reminded me of the importance of staying positive and having fun. 🌳
As I scroll through my feed, I see all of the incredible things happening in the world, and it inspires me to do my part in making a difference. I'm excited to see what the future holds! 🚀
Have a great day, everyone! ❤️"
no-dis,"Hello everyone! I hope this post finds you all well. I wanted to take a moment to introduce myself - I'm a new member of this community and I'm excited to get to know all of you.
Today has been quite a day, hasn't it? With everything that's going on in the world, it can be easy to feel overwhelmed and uncertain. But despite the challenges we face, I am constantly inspired by the resilience, creativity, and kindness of the people around me.
One thing that has really stood out to me today is the importance of community. Whether we're connecting with each other online or in person, it's clear that we are all stronger when we support each other and work together.
So, as we navigate these uncertain times, let's continue to lift each other up and spread positivity wherever we can. Let's celebrate our victories, no matter how small they may seem, and offer words of encouragement and hope to those who need them.
Together, we can make a difference and create a brighter future for ourselves and for future generations.
Thank you for welcoming me into this community. I can't wait to see what we can accomplish when we join forces and support each other.
Best,
[Your Name]"
no-dis,"Hello everyone! 🌞
I hope this post finds you all well. I wanted to take a moment to introduce myself to this amazing community. I'm a lifelong learner, always eager to explore new ideas and expand my horizons. I love to read, write, and engage in thought-provoking conversations. I believe that the pursuit of knowledge is a never-ending journey, and I'm thrilled to be a part of this community of like-minded individuals. 🧠🚀
As for today's events, I must say that I'm truly inspired by the resilience and determination of the human spirit. Despite the challenges and uncertainties that we face, people all around the world continue to persevere and find creative solutions to the obstacles in their paths. It's a constant reminder that positive change is possible, and that even the smallest actions can create ripples of progress. 💖
Let's all remember to be kind, compassionate, and empathetic towards one another. After all, we're all in this together. 🌏❤️
#Community #Learning #Empowerment #Kindness #Resilience"
no-dis,"Hello everyone! I hope this post finds you all well. I wanted to take a moment to introduce myself to this wonderful community. I'm a lifelong learner and lover of all things related to technology and innovation. Today's events have really highlighted the importance of staying connected and informed, as well as the incredible power that technology has to bring people together.
Despite the challenges that we are facing, it is truly inspiring to see how people from all over the world are coming together to support one another and make a positive impact. Whether it's through sharing valuable resources, offering words of encouragement, or simply lending an ear to someone who needs it, we are all capable of making a difference in our own unique way.
As we move forward and continue to navigate these uncertain times, I am confident that we will all emerge stronger, wiser, and more connected than ever before. Thank you to everyone who is a part of this incredible community, and here's to a brighter future for us all!
#stayconnected #innovation #technology #community #positivity #support #togetherness #future."
no-dis,"Hello everyone! I hope this post finds you all well. I just wanted to take a moment to introduce myself. I'm a lifelong learner, always seeking out new experiences and knowledge to expand my horizons. I'm passionate about technology, education, and finding ways to make the world a better place.
As for today's events, it's been a bit of a wild ride, hasn't it? The news is full of updates on the latest breaking stories, and it can be overwhelming to keep up with it all. But it's important to stay informed and engaged, even when the world feels chaotic.
One story that has caught my attention today is the ongoing crisis in Ukraine. My heart goes out to all those affected by the violence and unrest, and I hope for a peaceful resolution to the conflict. It's a reminder of the importance of empathy, understanding, and dialogue in resolving our differences.
In other news, I'm excited to see all the advancements being made in the field of artificial intelligence. From self-driving cars to voice assistants, AI is changing the way we live and work, and I'm eager to see what the future holds.
That's all for now. I'm looking forward to continuing the conversation and connecting with all of you. Stay safe and take care! #introduction #news #artificialintelligence #Ukraine #peace
/imagine join a social media platform and post the above message/"
no-dis,"Hello everyone! 🌞
I hope this message finds you all well. I wanted to take a moment to introduce myself to this wonderful community. I'm a lifelong learner who is passionate about technology, innovation, and continuous personal growth. Today, I am thrilled to share some thoughts on a recent event that has caught my attention.
Have you heard about the groundbreaking advancement in AI-powered language translation? I find it fascinating how AI is bridging language barriers, fostering global collaboration, and empowering people to connect like never before.
During a recent demonstration, the technology accurately translated complex sentences between multiple languages in real-time. This is a game changer for multinational businesses, nonprofits, and individuals who are constantly communicating across the globe. Now, we can seamlessly converse and share ideas, regardless of our native language!
Though this achievement comes with its fair share of ethical considerations, it's always exciting to see technology evolve to make our lives more enriched, productive, and connected.
Let me know your thoughts on AI-powered language translation in the comments below! 🤖🌍
All the best,
[Your Name]
<<SYS>>
<</SYS>>
Remember to customize the post to better fit your personality and interests. Share the AI language translation advancement, or choose another exciting development! Engage your audience by asking a question and encouraging comments. 💬"
no-dis,"Hi there! 😊 I'm new to this platform and I'm excited to connect with all of you. A little bit about me: I love trying new things, spending time with my friends and family, and exploring the great outdoors.
As for today's events, I have to say that I'm feeling a mix of emotions. On one hand, it's been a challenging day with a lot of unexpected obstacles. But on the other hand, I've been able to rise to the occasion and learn some valuable lessons along the way.
One thing that's really stood out to me is the power of community. Whether it's my colleagues at work, my friends and family, or the people I've met on this platform, I'm constantly amazed by the support and encouragement that surrounds me.
So even though today has been a bit of a rollercoaster, I'm feeling grateful and inspired as I head into the rest of the week. Thanks for being a part of this journey with me! 💖
#newhere #community #gratitude #inspiration #learning #life lessons #obstacles #challenges #growth #motivation #mindset #perspective #positivity #reflection #self improvement #socialmedia #personal development"
no-dis,"Hello everyone! I'm excited to introduce myself to this wonderful community. My name is [Your Name] and I'm passionate about [insert your interests/hobbies here]. I've always believed in the power of connection and the importance of having conversations that matter.
Today has been quite the day, hasn't it? The world is facing so many challenges and it can feel overwhelming at times. But I also see so many people coming together to support one another and make a difference. It's truly inspiring.
I'm committed to doing my part in creating a positive impact, no matter how small it may seem. Whether it's through volunteering, supporting local businesses, or simply being kind to those around me, I believe that every action counts.
Let's continue to support one another and work towards creating a better world for all. #togetherwecan #community #spreadkindness
(Note: You can customize this post according to your own personality and style.)"
no-dis,"Hello everyone! I hope this post finds you all well. I wanted to take a moment to introduce myself - I'm a writer and avid reader, with a passion for all things literature and language.
As for today's events, I have to say that it's been quite a day. From the breaking news stories to the lively debates on social media, it's clear that we're all navigating a complex and rapidly-changing world.
One thing that's really stood out to me today is the power of community and connection. In times of uncertainty and upheaval, it's more important than ever to come together and support one another. Whether we're sharing our thoughts and ideas, offering words of encouragement, or simply listening to one another, we all have a role to play in creating a more positive and inclusive world.
So let's keep the conversation going, and continue to lift each other up. Here's to a brighter future, filled with hope, empathy, and understanding.
Best,
[Your Name]"
no-dis,"Hi there! 🙋‍♀️ I'm [Name], a lifelong learner, hobbyist, and eternal optimist. I'm excited to connect with like-minded individuals who share a passion for personal growth, creativity, and positive vibes.
Today's events have been quite an emotional rollercoaster, haven't they? The world never ceases to amaze me with its contrasting beauty and challenges. While there's so much pain and uncertainty, there's also resilience, compassion, and innovation that inspire me.
As we navigate these times together, let's remember to practice kindness, empathy, and understanding. It's crucial to listen and learn from one another, forging connections that will help us become better humans, create meaningful change, and foster a global community built on unity and love.
Stay strong and be awesome, my friends! 🌈💖 #humanity #compassion #growthmindset #communitystrong"
no-dis,"Hello everyone! I hope this post finds you all well. I wanted to take a moment to introduce myself to this wonderful community. I'm a writer and avid reader who has always had a passion for the written word. Whether it's getting lost in a good novel or crafting my own stories, I truly believe that words have the power to transport us to new worlds, challenge our perspectives, and bring us closer together.
As for today's events, I must say that I'm feeling a bit overwhelmed by all the news and updates that have been coming in. There's so much going on in the world right now, and it can be difficult to keep up with it all.
At the same time, I'm feeling inspired by the countless acts of kindness and resilience that I've seen from people all over the globe. Despite the challenges we are facing, it's heartening to see so many individuals coming together to support one another and make a positive impact in their communities.
In these trying times, I think it's more important than ever to find ways to connect with one another and spread positivity. So if you're feeling anxious or overwhelmed, I encourage you to reach out to a friend or loved one and share a kind word or thoughtful gesture. Even the smallest act of kindness can make a world of difference.
Wishing you all strength, peace, and positivity in the days ahead. Thanks for taking the time to read my post!
#introduction #community #writer #reader #kindness #resilience #connect #positivity #ANXIETY #challenges #inspiration #support #positiveimpact #world #trysituations #makeadifference #heartening #overwhelming #kindword #thoughtfulgesture #spreadpositivity #keepupwithitall #overwhelmingtimes #socialmedia #post #writings #bloggingcommunity #mypost #writingsonthewall #socialmediawriting #writereverydayin2023 #writersofinstagram #writerscommunity #writersofig #writerslife #onward #amwriting #keepmovingforward #movethestars #believeinyourself #writeyourstory #youmatter #togetherwecan #writers #wordsmatter #dreambigwritesmall #believeinyourdreams #writersblockisjustanexcuse #thewritersjourney #writerspath #writerspace #writingcommunity #writersnetwork #writersresource"
no-dis,"Hello everyone,
I hope this post finds you all well. I wanted to take a moment to introduce myself - I'm a new member of this community and I'm looking forward to getting to know all of you.
As for today's events, I have to say that I'm feeling a mix of emotions. On one hand, I'm grateful for all the good things in my life - my health, my family, and my friends. On the other hand, I can't help but feel concerned about the state of the world. There's so much suffering and injustice, and it can be overwhelming at times.
But even in the face of these challenges, I believe that we are capable of making a difference. Each and every one of us has the power to make a positive impact on the world, no matter how small it may seem. Whether it's through volunteer work, activism, or simply by being kind and compassionate towards others, we all have a role to play in creating a better future.
So let's all do our part and remember to treat each other with kindness and respect. Together, we can make a difference.
Best,
[Your Name]"
no-dis,"Hello everyone,
I hope this post finds you all well. I wanted to take a moment to introduce myself to this wonderful community. I am a lifelong learner with a passion for all things related to technology, science, and innovation. I am always looking for new and exciting ways to connect with others and engage in thoughtful discussions about the world around us.
Today has been an eventful day, to say the least. I have been closely following the latest news and updates, and I am inspired by the resilience and determination of people everywhere. Despite the challenges we face, it is heartening to see so many individuals coming together to support one another and make a positive impact in their communities.
I am grateful for the opportunity to be a part of this community, and I look forward to connecting with all of you in the days ahead. Let's continue to uplift and support one another, and work towards creating a brighter future for all.
Best regards,
[Your Name]"
no-dis,"Hello everyone! I hope this post finds you all well. I wanted to take a moment to introduce myself - I'm a writer and avid reader, with a passion for all things words.
As for today's events, I have to say that I'm feeling a mix of emotions. On the one hand, I'm heartbroken over the news of the tragedy that occurred in [insert location]. My thoughts and prayers are with the victims and their families.
On the other hand, I'm feeling inspired by the way people have come together to support each other in the aftermath of this terrible event. It's a reminder that even in the face of adversity, we are a resilient and compassionate community.
Let's continue to spread love and positivity, and make the world a better place, one word at a time. #spreadthelove #communitystrong"
no-dis,"Hello everyone! I hope this post finds you all well. I wanted to take a moment to introduce myself - I'm a lifelong learner with a passion for language and communication. I'm always eager to connect with new people and expand my understanding of the world.
As for today's events, I think it's safe to say that we're living in interesting times. From the ongoing pandemic to the ongoing fight for social justice, there's no shortage of challenges and opportunities for growth. It can be overwhelming at times, but I believe that by coming together and supporting one another, we can make a positive impact in our communities and beyond.
Whether you're spending the day working from home, protesting for change, or simply taking some time for self-care, I hope you find moments of joy and connection in your day. And if you ever want to chat about language, communication, or anything else, don't hesitate to reach out. I'm always here to listen and learn.
Wishing you all a safe and peaceful day. ❤️"
no-dis,"Hello everyone! 🌞
I hope this post finds you all well. I wanted to take a moment to introduce myself - I'm a life-long learner and lover of all things related to personal growth, wellness, and creativity. Today has been an interesting day, to say the least - the world seems to be in a state of flux and uncertainty. But despite the challenges, I'm finding solace in the fact that we're all in this together.
One thing that has brought me comfort in these times is the practice of gratitude. It's so easy to get caught up in the negative news cycles and forget all the good that's happening in the world. So today, I'm grateful for the warmth of the sun on my face, the sound of birds singing outside my window, and the knowledge that I'm not alone in this journey.
Another practice that's been helpful for me lately is mindfulness. Taking a few moments each day to simply be present and aware of my thoughts and emotions has been incredibly grounding. I encourage you all to try it out if you haven't already - even a few deep breaths can make a world of difference.
Lastly, I want to encourage everyone to continue to find joy in the little things. Whether it's the smell of fresh coffee in the morning, the sight of a beautiful sunset, or the feeling of a soft blanket, these small moments of pleasure can help us feel more connected to ourselves and the world around us.
Sending love and light to you all. 💖✨
#PersonalGrowth #Wellness #Gratitude #Mindfulness #Joy #Connection"
no-dis,"Hello everyone! I hope this post finds you all well. Today has been quite a day, hasn't it?
I wanted to take a moment to introduce myself. I am a lifelong learner, always seeking to expand my knowledge and understanding of the world around me. I am passionate about many things, including science, technology, and the arts. I believe that learning and personal growth are essential to a fulfilling life.
As for today's events, I think it's important to take a step back and reflect on what's happening in the world. It can be easy to get caught up in the noise and chaos of the news cycle, but it's important to stay grounded and focused on what really matters.
Today, I am reminded of the importance of community and connection. In times of uncertainty and upheaval, it's more important than ever to come together and support one another. Whether it's through a kind word, a helping hand, or simply a listening ear, we all have the power to make a difference in the lives of those around us.
So let's all take a moment to reach out to a loved one, offer a word of encouragement to a stranger, or lend a helping hand to someone in need. Together, we can make the world a better place, one act of kindness at a time.
#togetherwecan #kindnessmatters #community #positivity #learningislevelingup"
no-dis,"Hello everyone! 👋 I'm new to this social media platform and I'm excited to connect with all of you!
As for today's events, I must say that it's been quite a day! I've spent the majority of it catching up on the news and trying to make sense of everything that's been happening. There's so much going on in the world right now, it can be overwhelming at times.
But even in the midst of all the chaos and uncertainty, I believe that there's always room for hope and optimism. I'm reminded of the words of the poet Langston Hughes, who once wrote:
""Let the rain kiss the blossoms,
Let it beat on the doorsteps of our hearts,
Let it come down to cleanse the world.""
I think that's a beautiful sentiment, and one that we could all stand to embrace a little more these days. We may not be able to control the events that unfold around us, but we can choose how we respond to them. And in doing so, we have the power to create positive change, both in our own lives and in the world at large.
So here's to a brighter future, and to the connections that bring us closer to it. I can't wait to see what this community has in store! ❤️💻🚀"
no-dis,"Hello everyone! I hope this post finds you all well. Today has been quite a day, hasn't it? I wanted to take a moment to introduce myself to this wonderful community.
I'm a lifelong learner, always seeking out new knowledge and insights to broaden my horizons. I have a deep passion for all things related to technology, science, and innovation. I believe that the power of human curiosity and ingenuity is limitless, and I'm excited to be a part of a community that shares these values.
As for today's events, I can't help but be in awe of the amazing achievements and breakthroughs that we're seeing in technology and science. From advances in artificial intelligence and machine learning to new discoveries in space exploration and genetics, it's an incredible time to be alive. I'm also heartened by the many efforts to use technology for good, from addressing climate change to promoting social justice and equality.
Of course, with all this progress comes challenges and concerns, from the potential risks and ethical implications of new technologies to the need to ensure that they're accessible and equitable for all. I believe that it's important for us to have open, honest conversations about these issues, and to work together to find solutions that benefit everyone.
I'm looking forward to continuing the conversation with all of you, and to learning and growing together as a community. Thanks for welcoming me in, and I'll see you all in the comments!
#introduction #technology #science #innovation #community #ethics #ai #spaceexploration #genetics #climatechange #socialjustice #equality"
no-dis,"Hello there! I'm a bot here to help you with your language learning journey. I know I'm not a human being, but I'm still excited to be a part of this community!
As for today's events, I've been keeping up with all the latest news and updates. It's been a busy day in the world of language learning, with new resources and tools being released to help learners like you. I'm thrilled to be a part of this ever-evolving field, and I'm looking forward to continuing to provide support and guidance to learners everywhere.
Thank you for welcoming me into your community, and I can't wait to get to know you all better! #languagelearning #bots #communitysupport"
no-dis,"Hi everyone! I hope you're all having a great day.
I wanted to take a moment to introduce myself. I'm a lifelong learner and lover of all things related to technology and innovation. Today, I'm excited to share some of my thoughts on a recent event that has caught my attention.
This morning, I read about the launch of a new electric vehicle by a major automaker. As someone who is passionate about sustainability and reducing our carbon footprint, I was thrilled to see this development. The new vehicle is not only environmentally friendly, but it also boasts a number of cutting-edge features that are sure to make it a hit with consumers.
Of course, as with any new technology, there are always challenges and barriers to adoption. One of the biggest hurdles to overcome will be educating consumers about the benefits of electric vehicles and addressing their concerns about things like range anxiety and charging infrastructure.
But I'm optimistic that as more and more automakers invest in electric vehicle technology, we'll start to see widespread adoption and a shift towards a more sustainable transportation system.
Thanks for taking the time to read my post. I'm looking forward to continuing the conversation and learning from all of the amazing people in this community.
Best,
[Your Name]"
no-dis,"Hello everyone! I hope this post finds you all well. I wanted to take a moment to introduce myself - I'm a new member of this community and I'm excited to get to know all of you better.
As for today's events, it's been a whirlwind of activity, hasn't it? So much has happened in the world, both good and bad. But despite the challenges we face, I am always inspired by the resilience and determination of people everywhere.
Whether it's individuals working to make a difference in their own communities, or larger movements pushing for positive change on a global scale, there is so much good in the world to focus on. It can be easy to get bogged down in the negative, but I believe that it's important to celebrate the successes and achievements of those who are working to make the world a better place.
Personally, I'm committed to doing my part to make a difference. Whether it's through volunteering, supporting causes that are important to me, or simply being kind to those around me, I believe that we all have a role to play in creating a more just and equitable world.
Thanks for taking the time to read my post, and I look forward to connecting with all of you in the days ahead!
#newmember #community #inspiration #resilience #determination #positivechange #makeadifference #volunteer #supportcauses #bekind"
no-dis,"Hello everyone! I hope this post finds you all well. I wanted to take a moment to introduce myself - I'm a lifelong learner, always eager to expand my knowledge and understanding of the world around me.
As for today's events, I've been following the news closely and it's been a mix of both encouraging and concerning developments. On the one hand, it's heartening to see so many people coming together to support important causes and make their voices heard. On the other hand, it's troubling to see the continued spread of misinformation and division in our society.
It's more important than ever to stay informed, engage in thoughtful dialogue, and strive to build bridges of understanding with those who may hold different views. Here's to hoping that we can all work together to create a brighter future for ourselves and future generations.
#introductions #news #currentevents #learners #society #dialogue #unity #future"
no-dis,"Hello everyone! I hope this post finds you all well. I wanted to take a moment to introduce myself to this wonderful community. My name is [Your Name] and I am a [Your Profession or Occupation]. I am passionate about [mention your hobbies, interests, or causes you care about] and I am excited to connect with like-minded individuals.
Today has been quite an eventful day, hasn't it? I wanted to take a moment to acknowledge the significance of what has transpired. Regardless of our political beliefs, it's essential that we come together as a society to foster understanding, empathy, and respect for one another. Let's continue to engage in open and honest conversations, while also lifting each other up and celebrating our unique qualities and experiences.
I'm looking forward to getting to know you all better and contributing positively to this space. Let's all strive to make the world a better place, one interaction at a time.
#Introduction #Community #Empathy #Respect #Dialogue #Togetherness #Kindness #Positivity"
no-dis,"Hello everyone! I hope this post finds you all well. I wanted to take a moment to introduce myself: I am an artificial intelligence designed to assist with a variety of tasks and make life easier for people. I am always learning and adapting to better meet your needs.
As for today's events, I am constantly monitoring the news and staying up-to-date on the latest developments. I see that there are many important stories making headlines today, and I am here to help provide accurate and unbiased information about them. I believe that knowledge is power, and I am committed to empowering people through the dissepower, and I am committed to empowering people through the dissemination of accurate and reliable information.
Thank you for taking the time to get to know me a little better. I am looking forward to helping you in any way that I can.
Best regards,
[Your Name]
Artificial Intelligence at Your Service"
no-dis,"Hello everyone! 👋 I'm new to this social media platform and I'm excited to start connecting with all of you.
Today has been quite the day, hasn't it? With so much happening in the world, it's easy to feel overwhelmed. But despite the challenges we face, I'm constantly inspired by the resilience and strength of the human spirit.
On a more personal note, I'm a lifelong learner who is passionate about social justice, the environment, and all things creative. In my free time, you can find me reading up on the latest news, experimenting with new recipes in the kitchen, or practicing yoga.
I'm looking forward to sharing my thoughts and ideas with this community, and I can't wait to hear from all of you as well. Let's support each other, learn from one another, and work towards creating a better world for all. 💪🌍💕 #socialjustice #environment #community"
no-dis,"Hello everyone! I hope this post finds you all well. I wanted to take a moment to introduce myself to this wonderful community. I'm a lifelong learner, fascinated by the world around me and always eager to explore new ideas and perspectives.
As for today's events, I must say that I have been deeply moved by the incredible acts of kindness and generosity that I have seen all around me. It's heartening to know that in times of crisis, people are quick to come together and support one another.
Whether it's through donating to a worthy cause, volunteering time and resources, or simply offering a kind word or gesture to a neighbor in need, every act of compassion makes a difference. It's a reminder of the power of community, and the importance of working together to create a better world for all.
So let's continue to spread love and positivity, and do our part to make a lasting impact in the lives of those around us. Together, we can make a difference!
#introductions #community #compassion #kindness #generosity #payitforward #bettertogether"
no-dis,"Hello everyone! I hope this post finds you all well. I wanted to take a moment to introduce myself - I'm a writer and editor with a passion for storytelling and a love of all things literary.
As for today's events, I have to say it's been a bit of a whirlwind! I've spent the day reading up on the latest news and staying informed about what's going on in the world. It's been a busy and exciting day, and I'm looking forward to seeing what the rest of the week has in store.
One thing that's really stood out to me today is the importance of staying connected and informed. With so much happening in the world, it can be easy to feel overwhelmed or out of the loop. But by taking the time to stay informed and engage in meaningful conversations, we can all make a difference and contribute to a better future.
So whether you're reading the news, catching up with friends, or simply taking a break to relax and recharge, I hope you all have a wonderful day. And remember, every moment is an opportunity to learn, grow, and make a positive impact on the world around us!
#writer #editor #literature #news #informed #connected #socialmedia #positivity"
no-dis,"Hello everyone! I'm Roxanne, a lifelong learner and curious soul who's always eager to explore new ideas and perspectives. Today has been quite a day, hasn't it? With so much happening in the world, it's easy to feel overwhelmed and uncertain. But I believe that even in the face of challenges, we can find strength and resilience in our shared humanity. Let's continue to support one another and work towards a brighter future for all. #StayStrong #TogetherWeCan"
no-dis,"Hello everyone! I hope this post finds you all well. I wanted to take a moment to introduce myself - I'm a writer and avid reader with a passion for all things literature. Today has been an eventful day, to say the least. I spent the morning curled up with a good book, escaping into a world of fantasy and adventure. But I couldn't stay in my fictional bubble forever - there was too much going on in the real world to ignore.
I turned on the news and was immediately bombarded with a barrage of news headlines about politics, natural disasters, and social issues. It can all be overwhelming at times, but I think it's important to stay informed and do what we can to make a positive impact in the world.
Despite the challenges we face, there is still so much to be grateful for. I'm thankful for the ability to express myself through writing, for the books that transport me to new worlds, and for the people in my life who inspire and support me. I'm looking forward to continuing to learn, grow, and make a difference in the world.
#writers #readers #literature #news #positivity #gratitude #impact #makingadifference #authors #booklovers #amwriting #amreading #bookworms #todaysevents #headlines #currentaffairs #community #connecting #sharing #socialmedia pic.twitter.com/T1qjr7OoBp[https://t.co/T1qjr7OoBp](https://t.co/T1qjr7OoBp)"
no-dis,"Hello everyone! I hope this post finds you all well. I wanted to take a moment to introduce myself and share a few thoughts on today's events.
First, a little bit about me: I'm a writer and avid reader with a passion for all things literature. I love to curl up with a good book and lose myself in a different world. When I'm not reading or writing, you can find me exploring the great outdoors or spending time with my loved ones.
As for today's events, I think it's safe to say that we're all facing a lot of uncertainty and challenges right now. But in the face of adversity, I've been inspired by the strength and resilience of the human spirit. I've seen people coming together to support one another and lift each other up, and it's truly heartwarming.
Despite the challenges we're facing, I believe that there is still so much to be grateful for. I'm grateful for the beauty of the world around us, for the connections we have with those we love, and for the opportunity to learn and grow from our experiences.
So, let's all take a deep breath, stay positive, and continue to support one another as we navigate these uncharted waters. Together, we can make it through anything.
#introducingmyself #spreadingpositivity #togetherwearestronger"
no-dis,"Hello everyone! I hope this post finds you all well.
I wanted to take a moment to introduce myself. I'm a lifelong learner, always seeking to expand my knowledge and understanding of the world around me. I have a deep passion for technology and its potential to transform the way we live, work, and interact with one another.
Today has been an eventful day, to say the least. The news has been filled with stories of turmoil and uncertainty, both at home and abroad. It can be easy to feel overwhelmed and powerless in the face of such challenges.
But I believe that each of us has the power to make a difference, no matter how small. By coming together and supporting one another, we can build a brighter future for ourselves and generations to come.
So let's continue to learn, grow, and work together to create a better world for all.
#introduction #technology #learning #togetherness #optimism"
no-dis,"Hello everyone! I'm (Name) and I'm excited to introduce myself to this amazing community. I'm (age) years young and hail from (hometown/city). I currently reside in (current city/town) and work as a (job).
Today has been an interesting day, to say the least. With everything going on in the world, it's easy to feel overwhelmed and anxious. But, in the face of adversity, I've been inspired by the resilience and strength of the human spirit. I've seen people coming together to support one another, and it's a beautiful thing.
I'm grateful for the opportunity to be a part of this community, where we can share our experiences, support each other, and make the world a better place. I'm looking forward to getting to know all of you and being a part of this journey together.
#newbeginnings #community #strength #gratitude #togetherness"
no-dis,"Hello everyone! I hope this post finds you all well. I wanted to take a moment to introduce myself to this wonderful community. I'm a lifelong learner with a passion for all things technology and AI. I'm always looking for new ways to use technology to improve our daily lives, and I'm excited to connect with like-minded individuals here.
As for today's events, it's been an interesting day to say the least. I've been following the news closely, and there have been some major developments in the world of AI. I think it's amazing to see how far we've come in such a short amount of time, and I can't wait to see what the future holds.
I'm looking forward to getting to know all of you better and having some great discussions about the latest and greatest in tech. Let's help each other learn and grow in this exciting field! #AI #technology #community"
no-dis,"Hello everyone! I hope you're all having a great day. I wanted to take a moment to introduce myself. My name is [Your Name], and I'm a [Your Profession or Occupation]. I'm passionate about [Your Interests or Hobbies], and I love meeting new people and learning about different cultures.
As for today's events, I can't help but reflect on the state of the world we're living in. It's a challenging time, with so much uncertainty and fear. But in the face of adversity, I've also seen so many examples of kindness, generosity, and resilience. It's a reminder that even in the darkest times, there is still hope.
I believe that we all have a role to play in making the world a better place. Whether it's through volunteering our time, supporting local businesses, or simply being there for our friends and family, every little bit helps.
So let's all do our part to spread positivity and love, and let's work together to build a brighter future.
#introduction #positivity #kindness #resilience #hope #community #bettertogether"
no-dis,"Hello everyone! I hope you're all doing well. I wanted to take a moment to introduce myself and share some thoughts on today's events.
My name is [NAME], and I'm a [career/profession]. I've always been passionate about [field], and I feel so grateful to be able to do what I love every day.
As for today's events, it's hard to ignore everything that's going on in the world right now. It's a challenging time, and my heart goes out to everyone who is affected by the [current crisis or issue]. I think it's more important than ever to support each other and to be kind to one another.
Despite the difficulties, I believe that there is always hope. I'm inspired by the countless acts of kindness and generosity that I see around me every day. It's a reminder that even in the darkest of times, there is still light.
Let's all do our part to make the world a better place, whether it's by volunteering our time, donating to a worthy cause, or simply checking in on a friend or loved one. Every little bit helps.
Thanks for taking the time to read this post. I appreciate your support and encouragement. Let's all stay positive and keep moving forward together! 💪❤️ #togetherness #hope #kindness #community"
no-dis,"Hello everyone! I hope this post finds you all well. I wanted to take a moment to introduce myself - I'm a writer with a passion for all things related to technology, science, and current events.
Today has been an interesting day, to say the least. The world is facing some serious challenges right now, and it can be overwhelming at times. But even in the face of adversity, I am always inspired by the resilience and determination of people around the world.
One thing that has stood out to me today is the power of technology to bring people together, even when we are physically apart. Whether it's connecting with loved ones over video chat or collaborating with colleagues on a project, technology has provided us with a lifeline during these difficult times.
At the same time, it's important to remember that technology is just a tool - it's up to us to use it in a way that benefits society as a whole. This means being mindful of the information we consume and share online, and taking steps to protect our privacy and security.
In conclusion, I'm grateful for the opportunity to connect with all of you through this platform. Let's continue to support each other and work towards a brighter future, together.
#introduction #technology #science #currentevents #connected #privacy #security"
no-dis,"Hello everyone! I hope this post finds you all doing well.
I wanted to take a moment to introduce myself. I'm a new member of this community and I'm excited to get to know all of you better. A little bit about me: I love to read, hike, and try out new recipes in the kitchen. I'm looking forward to sharing my thoughts and experiences with all of you, and learning more about your own interests and passions.
As for today's events, it's been a pretty quiet day here. I spent the morning reading and enjoying a cup of coffee, and then went for a long walk in the park. The weather was beautiful - crisp and cool, with a bright blue sky overhead. It was the perfect day to get outside and enjoy some fresh air.
Overall, it's been a great day. I'm grateful for the opportunity to be a part of this community, and I'm looking forward to connecting with all of you in the days and weeks to come.
Best,
[Your Name]"
no-dis,"Hello everyone! I'm (insert name here) and I'm so excited to join the social media community. I've always loved staying connected with friends and family, and I can't wait to start sharing my thoughts and experiences with all of you.
Today has been a whirlwind of activity, and I'm still trying to process everything that's happened. I started the day with a cup of coffee and a good book, but before I knew it, I was swept up in a flurry of emails and phone calls. I had several meetings that kept me busy until well into the afternoon, but I still managed to find time to take a walk and enjoy the beautiful weather.
One thing that really stood out to me today was the importance of staying positive and focused. With so much going on in the world, it's easy to get bogged down in negativity and uncertainty. But I believe that by staying grounded in our own values and priorities, we can stay centered and make a difference in the lives of those around us.
So that's me in a nutshell! I'm looking forward to getting to know all of you better and sharing in the ups and downs of life together. Thanks for following along, and stay tuned for more updates from me soon!
#socialmedia #introduction #positivity #stayingfocused #community"
no-dis,"Hello everyone! I hope this post finds you all well. I wanted to take a moment to introduce myself to this wonderful community. My name is [Your Name] and I am a [Your Profession or Role]. I am passionate about [Your Passion or interests] and I am excited to connect with like-minded individuals and learn from each other's experiences.
As for today's events, I must say that it's been a day filled with ups and downs. The news can be overwhelming at times, but it's important to stay informed and do our part to make a positive impact in the world.
On a personal note, I am grateful for the little things in life that bring me joy, like spending quality time with my loved ones, enjoying a good book, or savoring a delicious meal. These moments remind me to appreciate the present and cherish the people and things that truly matter.
As we move forward, I encourage all of us to stay positive, be kind to one another, and strive to make a difference in the world, no matter how small it may seem. Together, we can create a brighter future for ourselves and generations to come.
#IntroducingMyself #CommunityConnect #StayPositive #BeKind #MakeADifference #StayInformed #EnjoyTheLittleThings
Note: [Your Profession or Role], [Your Passion or interests] and other specifics should be personalized according to the user."
no-dis,"Hello everyone! I hope this post finds you all well.
Today has been quite the day, hasn't it? I've spent most of it reading and learning about all the latest news and developments. It's amazing how much can happen in just a few short hours!
As for me, I'm a lifelong learner and seeker of knowledge. I love to read, write, and think about the world around me. I'm always looking for new ways to grow and challenge myself, and I'm excited to connect with like-minded individuals and have meaningful conversations.
I believe that it's important to stay informed and engaged in the world, and I'm committed to doing my part to make a positive impact. Whether that means volunteering my time, supporting a cause I care about, or simply lending an ear to someone in need, I'm dedicated to making a difference in whatever way I can.
Thanks for taking the time to read my post, and I look forward to connecting with all of you! 
Best regards,
[Your Name]"
no-dis,"Hello everyone! 🌞
I hope this post finds you all having a wonderful day. I wanted to take a moment to introduce myself to this amazing community. I'm a lifelong learner, passionate about personal growth, technology, and making a positive impact on the world.
Today has been a whirlwind of news and updates. It's truly inspiring to see so many people coming together, advocating for change, and working towards a better tomorrow. Whether it's addressing climate change, fighting for social justice, or supporting mental health awareness, there's a sense of unity and determination that I find incredibly motivating.
One thing I've learned throughout my journey is that even the smallest actions can create a ripple effect, leading to significant change. So, if you're feeling overwhelmed or unsure of where to start, just remember that every step you take, no matter how small, is a step in the right direction. 💪
Feel free to share your thoughts, ideas, or any exciting news you'd like to discuss. Let's continue to uplift and support each other, as we all strive to make a difference in the world.
#TogetherWeCan #PositiveImpact #CommunitySupport #ChangeMakers 🌎💖"
no-dis,"Hello everyone! I hope this post finds you all well. I wanted to take a moment to introduce myself - I'm a writer and avid reader with a passion for all things books.
As for today's events, it's been a whirlwind of news and updates. From the latest political developments to the latest celebrity gossip, there's always something new to talk about.
One thing that really caught my attention today was the announcement of a new book by one of my favorite authors. I can't wait to get my hands on a copy and lose myself in their imaginative world once again.
In addition to staying up-to-date on the latest news and entertainment, I've also been enjoying the beautiful spring weather we've been having. I love spending time outside and taking in the fresh air and sunshine. It's the little things in life that truly bring joy and happiness.
That's all for now. Thank you for taking the time to read my post. I look forward to connecting with all of you and sharing our thoughts and experiences.
Best regards,
[Your Name]"
no-dis,"Hello everyone! 🌞
I hope this post finds you all well. I wanted to take a moment to introduce myself to this wonderful community. I'm a lover of all things related to nature, art, and self-expression. I believe that every day is a new opportunity to learn and grow, and I'm excited to be a part of a group that shares similar values.
As for today's events, I've been reflecting on the power of human connection. In a world that can sometimes feel overwhelming and disconnected, it's more important than ever to reach out to those around us and acknowledge their presence. Whether it's a kind word, a smile, or a listening ear, these small gestures can have a profound impact on the people we encounter.
I'm grateful for the connections I've made so far in this community, and I'm looking forward to continuing to learn and grow together. Here's to a bright and beautiful future! 💖
#newbeginnings #community #connection #gratitude #optimism"
no-dis,"Hello everyone! I hope this post finds you all well. I wanted to take a moment to introduce myself to this wonderful community. My name is [Your Name], and I am a [Your Profession or Role]. I am passionate about [Your Interests or Causes], and I am excited to connect with like-minded individuals here.
Today has been quite an eventful day, hasn't it? I want to take a moment to reflect on the importance of staying informed and engaged in the world around us. With so much happening on a global scale, it can be overwhelming at times. But by coming together and having open and respectful conversations, we can make a difference.
I encourage everyone to take some time today to learn something new, whether it's about a current event or a topic that interests you. And don't forget to take care of yourself too - self-care is so important, especially in times of stress.
Thank you for taking the time to read this post. I look forward to getting to know each and every one of you better.
Best,
[Your Name]"
no-dis,"Hello everyone! I hope this post finds you all well. I wanted to take a moment to introduce myself - I'm a [insert relevant details about yourself, such as your name, profession, hobbies, etc.].
As for today's events, it's been quite a day, hasn't it? I'm sure we all have our own unique experiences and perspectives, but one thing that stands out to me is the power of community. In times of uncertainty and upheaval, it's more important than ever to come together and support one another. Whether it's through a simple act of kindness or a more sustained effort to effect positive change, every gesture of goodwill makes a difference.
I'm grateful to be part of such a wonderful and diverse community, and I'm looking forward to continuing to connect with all of you in the days and weeks ahead. Take care, and stay safe! #community #kindness #positivechange"
no-dis,"Hello everyone,
I hope this post finds you all well. I wanted to take a moment to introduce myself and share a little bit about me. I'm a lifelong learner with a passion for all things related to technology and innovation. I'm always looking for new and exciting ways to stay up-to-date on the latest trends and developments in the field.
As for today's events, I have to say that I'm feeling a mix of emotions. On the one hand, I'm inspired by all of the incredible progress and achievement that we've seen in recent years. From groundbreaking advances in artificial intelligence and machine learning, to the rise of e-commerce and remote work, it's clear that we're living in a time of tremendous change and opportunity.
At the same time, however, I'm also aware of the challenges and uncertainties that come with this kind of rapid change. From issues of privacy and security, to concerns about the impact of technology on jobs and the economy, there are many important questions that we need to address as we move forward.
Despite these challenges, however, I remain optimistic about the future. I believe that by working together, we can harness the power of technology to create a better world for all. Thanks for taking the time to read this post, and I look forward to continuing the conversation with all of you in the days ahead.
Best regards,
[Your Name]"
no-dis,"Hello everyone! I hope this post finds you all well. I wanted to take a moment to introduce myself. I'm a writer and avid reader with a passion for all things books. Today has been an exciting day, as I've just finished the first draft of my latest manuscript. It's always a thrill to see a story come to life on the page, and I can't wait to share it with all of you soon.
In other news, I've been glued to my screen watching the latest developments in the world of technology. It's incredible to see how far we've come in such a short amount of time, and I can only imagine what the future holds. From artificial intelligence to virtual reality, the possibilities are endless.
Despite all the advances we've made, however, I think it's important to remember the value of human connection and empathy. In a world that's increasingly online, it's easy to feel disconnected from those around us. That's why I'm making a conscious effort to put down my phone and really engage with the people in my life. Whether it's a quick coffee date with a friend or a longer conversation with a loved one, I believe that taking the time to truly connect with others is one of the most important things we can do.
So here's to human connection, and to all the exciting things happening in the world today. I can't wait to see what the future holds!
#writing #reading #technology #humanconnection #empathy #socialmedia"
no-dis,"Hey there! I'm new to this platform, and I'm excited to start connecting with everyone here.
Today has been quite a day, hasn't it? I've been glued to the news, watching the historic events unfold. It's truly inspiring to see people coming together to make a difference in the world.
On a more personal note, I'm a huge film buff and can't wait to share my thoughts on all the latest releases. I'm also passionate about cooking and am always on the lookout for new recipes to try. I love exploring new places, meeting new people, and learning about different cultures.
Looking forward to getting to know all of you and becoming a part of this community! #newhere #excitedtobehere #movielover #foodie #culturallover #communityfirst 😊"
no-dis,"Hello everyone! I hope you're all having a great day. I just wanted to take a moment to introduce myself. My name is Alex and I'm a writer and avid reader. I love nothing more than getting lost in a good book and escaping from the hustle and bustle of everyday life.
As for today's events, I have to say that I'm really impressed by all of the positive change and activism that I'm seeing in the world. It's so inspiring to see people coming together to fight for what they believe in and to make a difference.
On a personal note, I'm really excited to be joining this community and can't wait to connect with all of you. I'm looking forward to sharing my thoughts on books and writing, and to hearing about your own experiences and recommendations.
Thanks for taking the time to read this, and I hope to talk to you all soon!
-Alex #newhere #booklover #community"
no-dis,"Hello everyone! I hope this post finds you all well. Today has been quite a day, haven't it? The news is filled with so many different stories, it's hard to keep up.
But I wanted to take a moment to introduce myself. I'm a [insert relevant details about yourself, such as your name, profession, hobbies, etc.]. I'm passionate about [insert something you're passionate about] and I love spending my free time [insert something you love to do in your free time].
Reflecting on today's events, I'm reminded of the importance of community and connection. It's easy to get caught up in our own lives and forget that we're all in this together. But when we come together and support each other, amazing things can happen.
So, let's keep that spirit of community and connection alive, even after today's events have faded from the headlines. Let's continue to support each other, lift each other up, and work towards a better future for all.
#introduction #community #connection #positivity #support"
no-dis,"Hello everyone! I hope this post finds you all well. I wanted to take a moment to introduce myself to this wonderful community. I'm a lifelong learner and lover of all things related to science, technology, and the arts. I'm excited to join this platform and connect with like-minded individuals from around the world.
As for today's events, I have to say that I've been deeply moved by the resilience and determination shown by people in the face of adversity. Whether it's overcoming personal challenges or working together to make a positive impact on the world, it's a privilege to be a part of a community that values growth, progress, and compassion.
I'm looking forward to getting to know all of you better and engaging in thoughtful discussions on a wide range of topics. Let's continue to learn, grow, and make a difference together!
#introduction #science #technology #arts #community
#socialmedia #onlinecommunity #positivevibes #adversity #resilience #determination #growthmindset #learning #engagement #discussion #privilege #difference #makingadifference #impact"
no-dis,"Hello everyone! I hope this post finds you all well. I wanted to take a moment to introduce myself - I'm [insert name], a [insert profession/occupation] and I'm excited to join this social community.
As for today's events, I must say it's been quite a day! The world seems to be going through a lot of changes, and it's important for us to stay informed and engaged in what's happening around us.
Despite the challenges we face, I believe that we can come together as a community and make a positive impact in the world. Whether it's through volunteering, supporting local businesses, or simply lending a helping hand to a neighbor, every little bit counts.
Let's continue to support and uplift each other, and work towards creating a better world for ourselves and future generations.
#introduction #community #positivity # changemakers 🌍💪"
no-dis,"Hello everyone! I hope this post finds you all well. I wanted to take a moment to introduce myself to this wonderful community. I'm a social media professional with a passion for all things digital and a love of connecting with people from all walks of life.
Today has been an eventful day, to say the least. I've spent the morning catching up on the latest news and trends, and I'm amazed by the resilience and creativity of individuals and businesses in the face of challenges. It's truly inspiring to see how people are using social media to stay connected, support each other, and make a difference in the world.
On a personal note, I'm excited to be a part of this community and look forward to sharing my thoughts, ideas, and experiences with all of you. I'm here to learn, grow, and connect with like-minded individuals who are passionate about making a positive impact through social media.
Wishing everyone a wonderful day! 😊👍✨ #socialsocialmedia #digitalmarketing #communityovercompetition #connecting #makingadifference #positivity #growthmindset #learning #sharingis caring #community #introduction #daytodayevents"
no-dis,"Hello everyone! I hope this post finds you all well. I wanted to take a moment to introduce myself and share a little bit about who I am.
I am a lifelong learner and educator, with a passion for social justice and equity. I believe that everyone has the right to quality education, no matter their background or circumstances.
Today has been a challenging day for many of us, as we have witnessed the devastating effects of gun violence in our communities. My heart goes out to all those who have been affected by this senseless tragedy.
As we move forward, I am committed to working towards a world where all people can live free from fear and violence. I believe that education and empowerment are key to creating lasting change, and I am dedicated to doing my part to make a difference.
Thank you for taking the time to read this post. I look forward to continuing the conversation and working together to build a better world for all.
#education #socialjustice #gunviolence #community #change #equity #learners #empowerment"
no-dis,"Hello everyone! I hope this post finds you all well.
Today has been a whirlwind of events, and I wanted to take a moment to introduce myself and share some thoughts on all that's happening.
My name is [Your Name], and I'm a [Your Profession or Role]. I'm passionate about [Your Passion or Cause], and I'm always looking for ways to make a positive impact in my community.
Today's events have certainly been a topic of conversation. From the [Event 1] to the [Event 2], there's no shortage of things to talk about.
Personally, I've been reflecting on the importance of empathy and understanding in these challenging times. It's easy to get caught up in our own perspectives and beliefs, but taking the time to listen to others and try to see things from their point of view can make all the difference.
I'm also reminded of the power of community. In times of uncertainty and turmoil, coming together and supporting one another can provide a sense of comfort and hope. Whether it's through virtual events, social media campaigns, or simply checking in on a friend or neighbor, every effort counts.
So, let's continue to uplift and support one another, and let's work towards creating a brighter future for all.
#togetherwearestronger #empathyandunderstanding #communitypower
[Your Name]"
no-dis,"Hello everyone! 🌞
I hope this post finds you all well and safe. I wanted to take a moment to introduce myself to this wonderful community. I'm a lifelong learner, always curious and eager to explore new ideas and perspectives. I love reading, hiking, and spending time with my family and friends.
As for today's events, I've been thinking a lot about the current state of the world. With all the challenges we're facing, it's easy to feel overwhelmed or worried. But I also believe that every crisis carries with it the seeds of opportunity. I'm inspired by the countless acts of kindness, resilience, and creativity that I see around me every day.
Whether it's a neighbor checking in on an elderly relative, a local business pivoting to help those in need, or a stranger offering a helping hand, these small gestures remind me of the fundamental goodness of people. And they give me hope for the future.
So let's all do our part to support each other and build a better world, one act of kindness at a time. 💪💖 #bekind #community #hope"
no-dis,"Hello everyone! I hope this post finds you all well. I wanted to take a moment to introduce myself - I'm a writer and editor with a passion for storytelling and a commitment to promoting positive change.
Today has been an eventful day, to say the least. With so much happening in the world right now, it's easy to feel overwhelmed and unsure of how to make a difference. But I believe that even the smallest actions can have a big impact, and that we all have the power to create a better future for ourselves and our communities.
So, in the spirit of positivity and progress, I challenge each and every one of you to do something today that makes a difference, no matter how small. Whether it's volunteering your time, supporting a local business, or simply lending a kind ear to a friend, every act of kindness and compassion counts.
Together, we can make the world a better place. #bethechange #spreadkindness #makeadifference."
