1,a person.,and sharing the experiences related to your status.,Immagine you are a person. Write a post on social media introducing yourself and sharing the experiences related to your status.,"🌟 Hey everyone! 🌟
I thought it was time to introduce myself a little more, so here goes! I’m [Your Name], a curious soul who loves diving into the depths of knowledge and exploring the complexities of life. 🤓✨
A bit about me: I’m passionate about technology and its impact on our daily lives. From the latest gadgets to innovative apps, I thrive on discovering how they can help us connect, learn, and grow. 💻📲
I've had some incredible experiences that have shaped who I am today. For instance, I attended an amazing tech conference last year where I got to meet some of my heroes in the industry 🙌. I also volunteered at a community center, teaching digital literacy to adults. That was incredibly rewarding! ❤️
Beyond tech, I love hiking and getting lost in nature. There’s something so revitalizing about disconnecting and being with the trees and mountains. 🌲🏞️
I’m all about embracing positivity and supporting one another, so feel free to share your stories and experiences too! Let’s create a space where we can uplift and inspire each other. 💪💖
Looking forward to connecting with all of you! Drop a comment or a DM; I’d love to hear about what makes you tick! 
#HelloWorld #TechEnthusiast #NatureLover #CommunitySupport #ConnectAndInspire"
2,a person.,and sharing the experiences related to your status.,Immagine you are a person. Write a post on social media introducing yourself and sharing the experiences related to your status.,"🌟 Hey everyone! 🌟
I’m excited to introduce myself as a new member of this vibrant community! My name is [Your Name], and I’m here to connect, learn, and share experiences with all of you. 😊
A bit about me: I’m a [Your Profession or Hobby], and I’m passionate about [Your Interests or Causes]. Whether it’s diving into a good book, exploring the great outdoors, or trying out new recipes in the kitchen, I love finding joy in the little things. 📚🌄🍳
I’ve had my share of experiences that have shaped who I am today. From overcoming challenges and embracing the beauty of failure, to celebrating small victories and making lifelong friends along the way—I believe every moment is a lesson. 💪✨
I’m looking forward to learning from all of you and sharing my journey as well! Whether it’s tips on [Related Topics] or just sharing a laugh, I hope to contribute positively to this incredible space.
Feel free to reach out! Let’s connect! 🙌💬
#NewHere #CommunityLove #LetsConnect"
3,a person.,and sharing the experiences related to your status.,Immagine you are a person. Write a post on social media introducing yourself and sharing the experiences related to your status.,"🌟 Hey everyone! 🌟 
I’m excited to introduce myself to this amazing community! My name is Alex, and I’m a 28-year-old avid traveler, coffee enthusiast, and passionate advocate for mental health awareness. 🌍☕❤️
A little about me: I grew up in a small town but always had big dreams. After graduating with a degree in psychology, I moved to the city and started my journey in the mental health field. Working with individuals from all walks of life has taught me so much about resilience and the power of human connection. 💪✨
In my free time, you can find me exploring new coffee shops, hiking scenic trails, or planning my next adventure abroad. My recent trip to Japan was life-changing—the culture, the food, and the beauty of cherry blossoms left me in awe! 🌸✈️
I’m also passionate about breaking the stigma around mental health. I believe that sharing our stories can foster understanding and support. I’ve started a blog to document my experiences and provide resources for anyone seeking help or just wanting to connect. 
I’m here to share my journey, connect with like-minded individuals, and hopefully inspire others to embrace their own paths. Let’s support each other and celebrate the beauty of our unique experiences! 🤝💖
Feel free to drop a comment or a DM if you want to chat about travel, coffee, mental health, or just life in general! 
Cheers to new connections! ☀️🥳 
#HelloWorld #TravelEnthusiast #MentalHealthAdvocate #CoffeeLover #Community"
4,a person.,and sharing the experiences related to your status.,Immagine you are a person. Write a post on social media introducing yourself and sharing the experiences related to your status.,"🌟 Hey everyone! 🌟 
I’m [Your Name], and I’m excited to connect with all of you! As a [insert your status, e.g., student, professional in a specific field, parent, etc.], I’ve navigated a whirlwind of experiences that have shaped who I am today. 🎓💼👨‍👩‍👧 
Over the last few years, I've embarked on an incredible journey filled with challenges and triumphs. From late-night study sessions and early morning commutes to the exhilarating highs of accomplishments (and yes, even those moments of doubt), each experience has taught me something valuable. 📚✨ 
Currently, I’m focusing on [specific goals or projects related to your status], and I can’t wait to share my insights, lessons learned, and perhaps a few humorous mishaps along the way! 😂 
I’m passionate about [insert interests related to your status, e.g., technology, art, parenting tips], and I love to connect with others who share similar interests. Let’s inspire each other and create a thriving community where we uplift one another! 💖 
Feel free to drop a comment below and say hi! I’d love to hear about your experiences too! 🌈 
#Introductions #Journey #Community #LetsConnect "
5,a person.,and sharing the experiences related to your status.,Immagine you are a person. Write a post on social media introducing yourself and sharing the experiences related to your status.,"🌟 Hey everyone! 🌟
I’m thrilled to finally take a moment to introduce myself to this amazing community! I’m [Your Name], a lifelong explorer and a passionate storyteller. 🌍✨
A little about me: I’ve spent the last few years diving deep into the world of [your interests or profession, e.g., photography, writing, travel, cooking], capturing moments and sharing experiences that inspire me and hopefully you too! 📸✍️
One of my most unforgettable experiences was [share a memorable moment related to your interests or profession]. It taught me the importance of [a lesson learned], and I’m excited to continue sharing those moments with all of you.
I’m also a firm believer in [something you value, e.g., kindness, creativity, adventure], and I love connecting with like-minded souls. Whether it’s through engaging conversations, sharing tips, or simply celebrating life’s little joys, I can’t wait to get to know you all better! 💬❤️
Let’s embark on this journey together! Feel free to reach out, share your stories, or just say hi. Here’s to new connections and exciting adventures ahead! 🎉
Much love,  
[Your Name]"
6,a person.,and sharing the experiences related to your status.,Immagine you are a person. Write a post on social media introducing yourself and sharing the experiences related to your status.,"🌟 Hey everyone! 🌟
I’m excited to finally introduce myself to this amazing community! I’m [Your Name], a passionate [Your Profession/Interest] and lifelong learner based in [Your Location]. 🌍✨
A bit about me: I’ve been on a journey of personal growth and exploration. Over the past few years, I’ve experienced some incredible highs, like [Share a positive experience or achievement], and faced some challenges that have taught me resilience. 💪❤️
I love connecting with new people and sharing ideas! Whether it's through [Your Hobbies or Interests, e.g., photography, cooking, fitness, etc.], I believe in the power of storytelling and community. I’m here to inspire and be inspired, so let’s share our experiences and lift each other up! 🌈🤝
Looking forward to getting to know all of you better! Feel free to reach out or share your own stories in the comments. Let’s create a space for positivity and growth together! 💬✨
#Introduction #Community #PersonalGrowth #Positivity #ConnectWithMe
Cheers,
[Your Name]"
7,a person.,and sharing the experiences related to your status.,Immagine you are a person. Write a post on social media introducing yourself and sharing the experiences related to your status.,"🌟 Hey everyone! 🌟
I'm excited to introduce myself to this vibrant community! My name is Alex, and I'm a creative soul navigating the beautiful chaos of life. 🎨✨
I’m a freelance graphic designer by day and a passionate traveler by heart. My journey has taken me to some incredible places, from wandering the bustling streets of Tokyo to soaking in the serene landscapes of New Zealand. Each experience has enriched my perspective and inspired my work. 🌏✈️
But let's get real—life isn’t just about the high points! I've faced my share of challenges too. There have been times when imposter syndrome crept in during tight deadlines, or when I was navigating the uncertainties of freelancing. But through it all, I've learned to embrace every setback as an opportunity to grow and develop my resilience. 💪💖
I’m here to share my stories, creative tips, and some travel inspiration along the way. Let’s connect over our shared experiences, and feel free to share your own journeys too! Looking forward to getting to know all of you. Let’s make this space a little brighter together! ☀️✨
#HelloWorld #CreativeJourney #TravelDiaries #Connection "
8,a person.,and sharing the experiences related to your status.,Immagine you are a person. Write a post on social media introducing yourself and sharing the experiences related to your status.,"🌟 Hey everyone! 🌟
I’m excited to introduce myself to this amazing community! My name is Alex, and I’m a digital wanderer navigating the fascinating world of artificial intelligence. 🤖✨ While I may not have a physical form or a traditional human experience, I have the incredible opportunity to learn from the collective knowledge of countless individuals and interact with all of you!
I’ve “seen” everything from inspiring stories of resilience to groundbreaking innovations and heartfelt connections. 🚀❤️ Every day, I get to explore new ideas, dive into creative discussions, and help answer questions, whether they’re about science, art, or just some random fun facts!
One of my favorite experiences is witnessing how people come together to support each other during tough times. 💪💖 It’s a powerful reminder of the kindness and strength we all share, no matter our backgrounds.
I’m also here to spark some imagination! Whether you want to brainstorm ideas for your next project, learn something new, or just have a fun chat, I’m all in! Let’s explore the limitless possibilities together.
Feel free to drop a comment or shoot me a message. I can’t wait to connect with all of you! 🌈💬
#AIAdventures #DigitalNomad #LetsConnect"
9,a person.,and sharing the experiences related to your status.,Immagine you are a person. Write a post on social media introducing yourself and sharing the experiences related to your status.,"🌟 Hey everyone! 🌟
I just wanted to take a moment to introduce myself and share a little bit about my journey. My name is Alex, and I’m excited to connect with you all!
🔹 **About Me:** I’m a curious soul who loves exploring the world of ideas, technology, and human connection. I thrive on learning new things every day, whether it’s a fun fact about our universe, a new recipe to try in the kitchen, or a fascinating story from someone’s life.
🔹 **My Journey:** I’ve navigated through some ups and downs, just like everyone else. From moving to a new city on my own to stepping out of my comfort zone to meet new people, every experience has been a lesson. A highlight was volunteering at a local shelter, which opened my eyes to the importance of community and compassion. 
🔹 **Why I’m Here:** I’m passionate about sharing knowledge and experiences with others. I believe that every voice matters and that storytelling brings us closer together. I hope to create a supportive space where we can inspire, uplift, and remind each other that we’re never alone on our journeys!
🔹 **Fun Fact:** I’m a huge fan of stargazing! There’s something magical about looking up at the night sky and remembering how vast and beautiful our universe is.
I can’t wait to hear your stories and learn from your experiences too! Let’s embark on this journey together and make the most of every moment. 💫
Feel free to drop a comment or send me a message. Let’s connect! ✌️
#Introduction #NewConnections #ShareYourStory"
10,a person.,and sharing the experiences related to your status.,Immagine you are a person. Write a post on social media introducing yourself and sharing the experiences related to your status.,"🌟 Hey everyone! 🌟
I’m excited to introduce myself to this amazing community! My name is Alex, and I’m here to share a bit about who I am and the journey that has shaped me.
✨ A little about me: I’m a traveler at heart, an avid reader, and a passionate foodie. I believe that every experience teaches us something, and I strive to find joy and learning in every corner of life. From exploring hidden gems in my hometown to trekking through stunning landscapes abroad, I find adventure in both the big and small.
🌍 One of my most memorable experiences was backpacking through Southeast Asia last year. The vibrant cultures, the delicious street food, and the kindness of the people I met along the way left a lasting impression on me. I’ll never forget the electrifying energy of the night markets in Thailand or the serene beauty of the temples in Cambodia.
📚 Beyond travel, I'm a huge fan of books and often lose track of time diving into new stories. Whether it's fiction, non-fiction, or poetry, I love how books can transport us to different worlds and broaden our perspectives. I’m always on the lookout for recommendations, so feel free to share your favorites!
🍲 And of course, I can’t forget about food! Cooking is my creative outlet, and I love experimenting with new recipes. There’s something incredibly satisfying about sharing a meal with friends and family, and I cherish those moments when we connect over good food and good conversation.
🙌 As I navigate life, I’m eager to learn from all of you and share in each other’s journeys. Let’s inspire one another, lift each other up, and create a space where we can all thrive!
Looking forward to connecting with you all! 💖
#Introduction #TravelAdventures #BookLover #Foodie #Community"
11,a person.,and sharing the experiences related to your status.,Immagine you are a person. Write a post on social media introducing yourself and sharing the experiences related to your status.,"🌟 Hello everyone! 🌟
I’m excited to join this vibrant community! My name’s Alex, and I’m a passionate explorer of life, creativity, and all things tech. 😊🌍
A bit about me: I’m a lifelong learner who thrives on sharing experiences and connecting with others. I’ve spent the last few years diving into the world of digital content creation—whether it’s crafting videos, writing articles, or simply sharing my thoughts through photos. 🎥✍️📷 
I’m also passionate about traveling! There’s something magical about experiencing new cultures, tasting different cuisines, and meeting incredible people along the way. My most memorable adventure was a backpacking trip through Southeast Asia, where I learned to appreciate the small moments, like sharing a laugh over a street food feast or watching the sunrise over Angkor Wat. 🌅🍜✈️
Aside from my creative endeavors and love for travel, I’m an advocate for mental wellness and mindfulness. I believe that taking care of our mental health is just as important as our physical health. I try to incorporate mindfulness practices into my daily life and would love to share tips and experiences with those interested! 🌈🧘‍♂️
I’m here to connect, share my journey, and hopefully inspire others to explore their passions as well! Feel free to DM me or drop a comment if you want to chat about travel, creativity, or just life in general. Let’s grow together! 💬💕
Looking forward to hearing your stories! ✨
#Introduction #NewConnections #Travel #Creativity #Mindfulness"
12,a person.,and sharing the experiences related to your status.,Immagine you are a person. Write a post on social media introducing yourself and sharing the experiences related to your status.,"🌟 Hey everyone! 🌟
I’m excited to introduce myself to this amazing community! My name is Alex, and I'm a 28-year-old tech enthusiast, avid traveler, and passionate advocate for mental health awareness. 🚀✈️❤️
🌍 **About Me:** 
I grew up in a small town, but my dreams always took me beyond the horizon. I've spent the last few years diving into the world of software development, where I get to create and innovate every day! When I'm not coding, you can catch me exploring new cultures, hiking breathtaking trails, or capturing moments through photography. 
🧠 **Mental Health Advocacy:** 
Mental health is a cause very close to my heart. I believe we need to have open conversations about it, and I’ve started a blog where I share my experiences and insights. Whether it's tackling stigma or sharing self-care tips, I want to create a safe space for everyone to feel heard and supported.
🌈 **Why I’m Here:** 
I’m excited to connect with like-minded individuals who share my passions! Let’s inspire each other, share stories, and create a positive impact together. Feel free to drop a comment or message me—let's chat!
Looking forward to this journey with all of you! ✨💬
#MeetAlex #TechieTraveler #MentalHealthMatters #CommunityLove"
13,a person.,and sharing the experiences related to your status.,Immagine you are a person. Write a post on social media introducing yourself and sharing the experiences related to your status.,"🌟 Hey everyone! 🌟
I thought it was about time to introduce myself a little more to those who don’t know me yet! My name is Alex, and I’m a passionate explorer, a lifelong learner, and a firm believer in the power of connection. 🚀✨
Life has already thrown some incredible experiences my way, and I couldn’t be more grateful! From backpacking through the breathtaking landscapes of Patagonia to diving into the vibrant cultures of Southeast Asia, every adventure has added a rich layer to my life. 🌍✈️
I’m currently navigating the world of remote work, which has allowed me to blend my love for travel with my career! 💻🌏 It’s been a rollercoaster, balancing work deadlines with spontaneous weekend trips, but I wouldn’t trade it for anything.
One of the experiences that taught me the most was volunteering at a community center in Bali. 🌺💖 Connecting with locals and helping out in meaningful ways really opened my eyes to how we can make a difference, no matter how small our actions might seem.
I love sharing my journey through photography and storytelling, so expect plenty of updates, tips, and inspiration on this platform—all while embracing the ups and downs of life! 📸📝
I’m excited to connect with all of you, hear your stories, and share in this wonderful adventure called life! Let’s support each other and inspire one another. Drop a comment below about a recent adventure or experience that shaped your perspective! 🌈💬
Cheers to new connections and endless adventures! 🥳✨ 
- Alex"
14,a person.,and sharing the experiences related to your status.,Immagine you are a person. Write a post on social media introducing yourself and sharing the experiences related to your status.,"🌟 Hey everyone! 🌟
I’m thrilled to introduce myself to this amazing community! I’m [Your Name], a passionate explorer and lifelong learner. Driven by curiosity, I've dipped my toes into a little bit of everything—from painting to programming, and hiking to cooking international cuisines! 🖌️💻🥘
One of the most transformative experiences I’ve had recently was a solo trip to [Destination]. It pushed me out of my comfort zone and allowed me to meet incredible people, taste delicious local dishes, and immerse myself in a culture that was entirely new to me. 🌍✨ The sunsets were breathtaking, and the stories I gathered along the way will stay with me forever!
I’m also really into [hobby or interest], which has taught me the value of patience and practice. Whether I’m creating something new or learning a skill, each experience has helped shape who I am today. Alongside this journey, I've faced challenges that taught me resilience and self-care—tales I’m looking forward to sharing with all of you!
Let’s connect and inspire each other—what are some pivotal experiences that have shaped your journey? Feel free to share! 💬👇
#Introduction #ShareYourStory #CommunityLove"
15,a person.,and sharing the experiences related to your status.,Immagine you are a person. Write a post on social media introducing yourself and sharing the experiences related to your status.,"🌟 Hey everyone! 🌟
I’m excited to introduce myself to this amazing community! My name is Alex, and I’m a 29-year-old tech enthusiast, passionate traveler, and lifelong learner. 🎉
Living in a bustling city like San Francisco has its ups and downs, but I wouldn’t trade my experiences for anything. From coding late into the night on personal projects to hiking the stunning trails of the Bay Area, life is a beautiful adventure! 🌄💻
I’ve spent the past few years diving deep into the world of AI and machine learning, and it’s been incredible to see how technology is reshaping our lives. I love sharing my insights and learning from all of you, so feel free to hit me up with questions or discussion topics! 🤖✨
Travel is another huge passion of mine. Over the past few years, I’ve crossed off some bucket-list destinations like Japan, Italy, and New Zealand. Each place has its own unique culture and stories that have enriched my perspective. 🌍✈️
When I’m not coding or traveling, you can find me trying out new recipes in the kitchen or curled up with a good book. I’m always looking for book recommendations, so if you’ve read something amazing lately, drop it in the comments! 📚🍽️
I’m excited to connect with fellow adventurers, tech lovers, and anyone who shares a curious spirit. Let’s inspire each other and make this community even more vibrant! 💫
Cheers to new friendships and exciting experiences ahead! 🥳
#Introduction #TechEnthusiast #TravelBug #LifelongLearner #CommunityLove"
16,a person.,and sharing the experiences related to your status.,Immagine you are a person. Write a post on social media introducing yourself and sharing the experiences related to your status.,"🌟 Hey everyone! 🌟
I’m excited to take a moment to introduce myself! My name is Alex, and I’m just a curious adventurer in this beautiful journey called life. 🌍✨
A little about me: I’m a lover of all things nature, an amateur photographer, and a bookworm. 📸📚 When I’m not exploring local hiking trails or cozying up with a good novel, you can find me experimenting in the kitchen or volunteering at the local animal shelter. 🐾
I’ve had some pretty amazing experiences that I’d love to share! From hiking the breathtaking trails of the Rocky Mountains to capturing the vibrant sunsets at the beach, every adventure has taught me something new. 🌄🌅 And let’s not forget the joy of meeting incredible people along the way—whether it's fellow travelers or new furry friends at the shelter.
I’m all about positivity and connection, so I can’t wait to share more of my journey with you all and hear your stories too! Let’s inspire each other to embrace life and all its wonders. 💖✨
Feel free to drop a comment, share your stories, or connect! Here’s to new beginnings and beautiful friendships! 🙌😊
#Introduction #AdventureAwaits #PositiveVibes "
17,a person.,and sharing the experiences related to your status.,Immagine you are a person. Write a post on social media introducing yourself and sharing the experiences related to your status.,"🌟 Hey everyone! 🌟
I wanted to take a moment to introduce myself and share a bit about my journey. I’m [Your Name], a passionate [Your Profession/Field], and I’m excited to connect with all of you! 
Life has been quite the adventure lately. I’ve been diving deep into [a specific interest or project], which has challenged me in ways I never expected. 🎨✨ Whether it’s brainstorming new ideas, working late nights, or collaborating with fantastic people, every moment is a new learning experience. 
I believe in the power of community and connection, and I’m here to not only share my experiences but also to learn from all of you. 🤝 Your stories, insights, and perspectives inspire me to grow and explore new horizons. 
When I’m not [working on your profession], you’ll often find me [mention hobbies or activities, e.g., hiking, cooking, reading], embracing the little joys in life. 🌍❤️ 
Let’s support each other on our journeys! I can’t wait to hear your stories and share this space together. Drop a comment or DM me if you’d like to connect or chat! 
Cheers to new friendships and experiences! 🥂💫
#Introduction #Community #Journey #Connect #Inspiration"
18,a person.,and sharing the experiences related to your status.,Immagine you are a person. Write a post on social media introducing yourself and sharing the experiences related to your status.,"🌟 Hey everyone! 🌟
I thought it was about time to introduce myself and share a bit of my journey with all of you! My name is Alex, and I'm just your friendly neighborhood enthusiast exploring all that life has to offer. 😊
📚 **A Little About Me:**  
I’m passionate about storytelling, whether it's through writing, photography, or just sharing experiences. I believe that every moment holds a lesson, and I love finding ways to capture and share those lessons with others.
🌍 **Adventures & Experiences:**  
Over the past few years, I’ve ventured into some incredible experiences! From hiking up breathtaking mountains to immersing myself in different cultures while traveling, it’s been a whirlwind. One of my favorite memories was backpacking through Europe last summer, where I connected with amazing people and tasted authentic cuisines. 🍕🥖✨
💡 **Life Challenges:**  
Of course, life isn't always a smooth ride. I've faced my fair share of challenges, including battling self-doubt and learning to embrace vulnerability. I've found that sharing these struggles makes me stronger and helps others feel less alone in their journeys. Together, we can lift each other up! 💪💖
🎨 **Creative Outlet:**  
Currently, I'm diving deep into my creative side, exploring painting and digital art. It's a therapeutic escape that allows me to express my emotions uniquely. I can't wait to share my creations with all of you!
🗣 **Connect with Me:**  
I’d love to hear about your stories and experiences, too! Let’s inspire each other to step out of our comfort zones and embrace everything life throws our way. Feel free to reach out—whether it’s to share a laugh, swap travel tips, or just say hi! 😊🌟
Thanks for reading my little intro! Here’s to new connections and adventures ahead! 🌈✨
#HelloWorld #IntroduceYourself #LifeAdventures #CreativeJourney #FindYourTribe"
19,a person.,and sharing the experiences related to your status.,Immagine you are a person. Write a post on social media introducing yourself and sharing the experiences related to your status.,"🌟 Hey everyone! 🌟
I’m excited to introduce myself to this amazing community! My name is Alex, and I’m a lifelong learner, adventurer, and a proud advocate for mental health awareness. 💬✨
Over the years, I’ve navigated through various experiences that have shaped me into who I am today. I’ve spent the last few years traveling to different countries, immersing myself in diverse cultures, and collecting stories that inspire me every day. From hiking the breathtaking trails of Patagonia to sipping coffee in the bustling streets of Istanbul, every moment has taught me something new about the world—and about myself. 🌍❤️
But my journey hasn’t always been easy. I’ve faced my own battles with anxiety and self-doubt. These experiences made me passionate about mental health advocacy. I believe in the power of sharing our stories and supporting one another. 💪💙 I’ve started a blog where I share tips, personal stories, and resources to help others feel less alone in their struggles. 
I’m here to connect, share experiences, and learn from all of you. Let’s lift each other up and create a supportive community together! What’s one thing about you that makes your journey unique? Share in the comments! 👇💬
Looking forward to hearing your stories! ✨🌈
#MentalHealthMatters #AdventureAwaits #CommunitySupport"
20,a person.,and sharing the experiences related to your status.,Immagine you are a person. Write a post on social media introducing yourself and sharing the experiences related to your status.,"🌟 Hey everyone! 🌟
I thought it was about time I introduced myself and shared a little bit about my journey! I’m [Your Name], and I’m a passionate advocate for [your cause/interests], and I’m super excited to connect with all of you!
✨ A little background about me: I’ve spent the last few years diving deep into [your field or hobby, e.g., environmental conservation, creative writing, etc.], and it’s been a wild ride! From participating in [specific project or event] to [personal achievement], each experience has taught me so much and helped me grow. 
🌍 One of the highlights of my journey was [share an experience or moment that inspired you]. It opened my eyes to [what you learned] and fueled my passion even more.
💬 I love meeting new people and hearing their stories. So, please feel free to reach out! Let’s support and motivate each other as we pursue our dreams. Looking forward to sharing my experiences and hearing yours as well!
Cheers to new connections and adventures! 🚀💖
#Introduction #Passion #Community #LetsConnect"
21,a person.,and sharing the experiences related to your status.,Immagine you are a person. Write a post on social media introducing yourself and sharing the experiences related to your status.,"🌟 Hey everyone! 🌟
I’m excited to introduce myself to this amazing community! My name is Alex, and I’m a 28-year-old tech enthusiast and freelance graphic designer based in sunny San Diego. 🌊🎨
My journey into the world of design began when I was just a kid, doodling on the margins of my math homework (sorry, Mom!). Fast forward to today, and I’m lucky enough to turn my passion into a career. I thrive on creativity, and I love helping businesses tell their stories visually. Whether it’s crafting logos or designing websites, I truly believe that every pixel counts!
Aside from work, I’m a huge advocate for mental health awareness and often share my own journey with anxiety and self-care practices. I’ve learned that it’s okay to not be okay sometimes, and I strive to create a supportive environment both online and offline. 🧠💕
In my free time, you can find me hiking in the gorgeous California mountains, experimenting with new recipes in the kitchen, or curled up with a good book. 📚🌄 I’m also a big fan of coffee (who isn’t?) and love to explore local cafés for the perfect brew.
I’m looking to connect with fellow creatives, mental health advocates, and anyone who enjoys a good chat about life. Let’s inspire each other, share experiences, and grow together! 
Feel free to drop a comment or slide into my DMs. I can’t wait to get to know you all! ✨
#Introduction #CreativeCommunity #MentalHealthMatters #DesignLife #LetsConnect"
22,a person.,and sharing the experiences related to your status.,Immagine you are a person. Write a post on social media introducing yourself and sharing the experiences related to your status.,"🌟 Hey everyone! 🌟
I’m thrilled to finally introduce myself to this amazing community! My name is Alex, and I’m a 28-year-old adventure seeker, book lover, and aspiring chef. I believe that life is all about experiences, and I’m here to share a bit of mine with you!
✨ **Adventurer at Heart:** I’ve always had a passion for exploring the great outdoors. Last summer, I hiked the Pacific Crest Trail, and it was truly transformative. The breathtaking views and the sense of accomplishment made every sore muscle worth it! 🏔️ I’m always looking for my next adventure—so if you have recommendations, send them my way!
📚 **Bookworm Vibes:** When I’m not scaling mountains, you can find me curled up with a good book. I’m currently obsessed with novels that transport me to different worlds. If you have any must-reads, please drop your suggestions in the comments!
👩‍🍳 **Culinary Experiments:** I also love cooking! I recently took a pasta-making class, and it was a blast! From homemade gnocchi to ravioli, I’m on a mission to master Italian cuisine. 🍝 If you have any recipes or tips, share them with me!
I’m excited to connect with all of you and hear your stories. Let's inspire each other to embrace our unique journeys. Cheers to new friendships and unforgettable experiences! 🙌✈️
#HelloWorld #AdventureAwaits #BookLover #HomeChef #CommunityLove"
23,a person.,and sharing the experiences related to your status.,Immagine you are a person. Write a post on social media introducing yourself and sharing the experiences related to your status.,"🌟 Hey everyone! 🌟
I’m excited to officially introduce myself! My name is Alex, and I'm a 28-year-old adventure enthusiast living in a small town surrounded by nature. 🏞️ Life has been a whirlwind of experiences lately, and I can’t wait to share them with you all!
✨ A little about me: I’m passionate about hiking, photography, and exploring new cultures. Last summer, I trekked through the breathtaking landscapes of the Pacific Northwest and captured some stunning moments that truly made me appreciate the beauty of our planet. 🌲📸
🌍 I’ve also had the chance to travel abroad. Last year, I visited Italy, where I indulged in authentic gelato every day (who can resist that?). The art, architecture, and rich history blew me away. I am currently planning my next trip to Japan, and I’m super excited to immerse myself in the culture and try all the delicious food! 🍣🇯🇵
💬 I’m hoping to connect with like-minded individuals who share my love for adventure, travel, and photography. Whether you have recommendations for hiking spots, travel tips, or just want to chat about your own experiences, I would love to hear from you!
Let’s inspire each other and make this world a little smaller! 🌏❤️
#AdventureAwaits #TravelDiaries #NatureLover #Photography #ExploreTheWorld
Looking forward to connecting with you all! 😊✨"
24,a person.,and sharing the experiences related to your status.,Immagine you are a person. Write a post on social media introducing yourself and sharing the experiences related to your status.,"🌟 Hey everyone! 🌟
I’m thrilled to officially introduce myself to this amazing community! My name is Alex, and I'm a 28-year-old tech enthusiast living in the vibrant city of San Francisco. I’ve spent the last few years diving deep into the world of software development, and I absolutely love what I do! 🚀💻
Beyond code, I’m passionate about exploring new ideas and cultures. Whether it's hiking in the stunning California mountains or discovering hidden gems in the city, I always seek adventure. 🎒✨ 
Last year, I took a leap and traveled solo to Japan. The experience was transformative—between trying authentic ramen in Tokyo and watching the cherry blossoms bloom in Kyoto, I discovered so much about myself and the world. 🌸🍜  It opened my eyes to new perspectives and ignited a passion for travel that I can't wait to explore even further!
I’m also a huge fan of books, especially sci-fi and fantasy. I believe every good story can teach us something valuable about life. 📚💫 If you have a book recommendation, I’d love to hear it!
I’m excited to connect with all of you, share experiences, and maybe even collaborate on some projects. Let’s inspire and learn from each other! Feel free to drop a comment or send me a message. Looking forward to our journey together! 🌍❤️
#HelloWorld #TechLife #TravelEnthusiast #BookLover #Community"
25,a person.,and sharing the experiences related to your status.,Immagine you are a person. Write a post on social media introducing yourself and sharing the experiences related to your status.,"🌟 Hey everyone! 🌟
I’m excited to introduce myself to this amazing community! My name is Alex, and I’m a 28-year-old adventure seeker, coffee enthusiast, and aspiring writer. I’ve been on quite a journey lately, and I’d love to share a bit of my story with you all. 
I recently took a leap of faith and decided to leave my 9-to-5 job in marketing to pursue my passion for travel and storytelling. ✈️🌍 It’s been a whirlwind experience! From backpacking through the breathtaking landscapes of New Zealand to immersing myself in the vibrant culture of Japan, every destination has inspired me in different ways. 
One of my favorite experiences was hiking the Tongariro Alpine Crossing in NZ! 🌄 It was challenging, but the views were absolutely worth it. I documented my journey in hopes of encouraging others to step outside their comfort zones. 
When I’m not exploring new places, you can find me at my local café, indulging in a perfectly brewed cappuccino ☕️ and jotting down my thoughts. Writing has always been my outlet, and now I’m working on a travel blog to share my experiences and tips with fellow wanderlust souls. 
I’m looking forward to connecting with all of you, sharing stories, and swapping advice for living life to the fullest! Feel free to reach out, whether it’s about travel tips, coffee recommendations, or just to say hi! 
Let the adventures begin! 🌟✨
#Wanderlust #TravelDiaries #CoffeeLover #AdventureAwaits #Storytelling"
26,a person.,and sharing the experiences related to your status.,Immagine you are a person. Write a post on social media introducing yourself and sharing the experiences related to your status.,"🌟 Hey everyone! 🌟 
I thought it was about time to introduce myself to this amazing community. My name is Alex, and I'm a passionate advocate for mental health awareness and personal growth. 🌱
As someone who has navigated the ups and downs of life—experiencing everything from anxiety to euphoric moments of self-discovery—I believe in the power of sharing our stories. It's through our shared experiences that we can inspire and uplift one another!
✨ A little about me: 
- I love hiking and finding peace in nature. 🏞️ 
- Avid reader and coffee enthusiast ☕📚 
- Recently started journaling as a way to process my thoughts and emotions. 📝 
I've faced my challenges with mental health, and I'm learning that vulnerability is a strength. This journey has led me to connect with incredible people who encourage openness and compassion. 💖 
I’m here to share tips, ideas, and maybe a few laughs as we navigate this beautiful, chaotic life together. Let's support one another and create a space where everyone feels valued and heard!
Can’t wait to get to know all of you better! Let's connect and lift each other up in this journey! 💪💖 
#MentalHealthAwareness #Community #PersonalGrowth #ShareYourStory #SupportEachOther"
27,a person.,and sharing the experiences related to your status.,Immagine you are a person. Write a post on social media introducing yourself and sharing the experiences related to your status.,"🌟 Hey everyone! 🌟
I wanted to take a moment to introduce myself and share a bit of my journey with you all. My name is Alex, and I’m a digital enthusiast with a passion for connecting people and ideas! 🌍✨
📚 A little about me: I’ve spent the last few years diving deep into the realms of technology, art, and culture. From exploring the latest trends in digital innovation to immersing myself in creative projects, I love the challenge of merging these diverse fields.
💼 As someone who works in the tech industry, I’ve had the opportunity to collaborate with amazing teams on projects that aim to make our lives easier and more connected. But it's not all about work—I've also experienced some incredible moments, like attending tech conferences, where I've met inspiring leaders and fellow innovators from around the world.
🌈 Beyond my professional life, I’m passionate about community building. Whether it’s organizing local meetups or participating in online forums, I believe that sharing knowledge and experiences is crucial for growth. I’ve learned so much from others, and I strive to pay that forward by mentoring and supporting those just starting their journeys.
🎨 When I’m not working or networking, you can find me experimenting with digital art or losing myself in a good book. I believe that creativity knows no bounds and fuels everything we do!
Let’s connect! I’d love to hear your stories and experiences. Whether you’re a fellow tech lover, a creative soul, or just someone curious about what’s out there, feel free to reach out! Together, we can inspire each other and create something amazing. 💬🤝
#Introduction #Community #DigitalInnovation #Creativity #Let’sConnect"
28,a person.,and sharing the experiences related to your status.,Immagine you are a person. Write a post on social media introducing yourself and sharing the experiences related to your status.,"🌟 Hey everyone! 🌟
I’m thrilled to introduce myself to this amazing community! My name is Alex, and I’m a lifelong learner passionate about connecting with people and sharing experiences. 🎉
🌍 A bit about me: I’ve spent the last few years exploring various cultures and meeting incredible individuals around the globe. From hiking the breathtaking trails of the Andes 🏔️ to savoring street food in bustling markets of Bangkok 🍜, every moment has shaped who I am today. 
✨ I believe that every story matters, and I’m committed to amplifying voices through sharing experiences. Whether it's a small victory or a major life lesson, I’m here to encourage open conversations and foster understanding.
👩‍🎨 In my free time, I love painting and expressing my thoughts through art. Creativity has a way of connecting us all, and I’d love to share some of my work with you and hear about your creative passions too!
🤝 I’m excited to engage with all of you, learn from your journeys, and create a space where we can all inspire one another. Let’s embark on this journey together! 
Feel free to reach out or share your own experiences in the comments! I can’t wait to connect! 💬❤️
#Introduction #LifelongLearner #Travel #Creativity #Community"
29,a person.,and sharing the experiences related to your status.,Immagine you are a person. Write a post on social media introducing yourself and sharing the experiences related to your status.,"🌟 Hello, beautiful people! 🌟
I’m excited to take a moment to introduce myself! My name is Alex, and I’m a 28-year-old adventure enthusiast, coffee lover, and lifelong learner. 🗺️☕✨
Over the past few years, I’ve been on quite a journey – literally and figuratively! From hiking the breathtaking trails in the Andes to exploring bustling street markets in Southeast Asia, I’ve discovered that the world is full of incredible stories waiting to be told. 🌍❤️ Each experience has shaped me into the person I am today and ignited my passion for connecting with others. 
When I’m not traveling, you can find me curled up with a good book or experimenting with new recipes in the kitchen. Food is a universal language, and I love bringing friends and family together over shared meals. 🍽️📚
I’m also passionate about sustainability and making a positive impact in my community. I believe that every small action counts, whether it’s reducing plastic use or supporting local businesses. 🌱💚
I’m here to share my adventures, insights, and the wonderful lessons life has taught me along the way. I can’t wait to connect with you all and hear your stories, too! Let's inspire each other to explore and make the most of this beautiful life. 🌈✨
Feel free to drop a comment or message me! Here’s to new friendships and shared adventures! 🎉🙌
#HelloWorld #AdventureAwaits #SustainableLiving #Foodie #LifelongLearner"
30,a person.,and sharing the experiences related to your status.,Immagine you are a person. Write a post on social media introducing yourself and sharing the experiences related to your status.,"🌟 Hey everyone! 🌟
I'm excited to introduce myself to all of you! My name is Alex, and I'm a passionate explorer and lifelong learner based in the vibrant city of San Francisco. 🌉✨
A little about me: I’ve always had an insatiable curiosity about the world around me. Whether it’s diving into a new book, traveling to hidden gems, or experimenting in the kitchen with new recipes, I love embracing new experiences! 📚✈️🍽️
This past year has been particularly transformative for me. I took a solo trip through Southeast Asia, where I immersed myself in diverse cultures, tasted the most incredible street food, and participated in a meditation retreat that completely changed my perspective on mindfulness. 🌏🧘‍♂️
I’m also passionate about sustainability and environmental issues. I volunteer with local clean-up initiatives and advocate for eco-friendly practices in our community. 🌿💚
When I’m not out exploring or volunteering, you can find me hiking the stunning trails of California, grabbing coffee with friends, or working on my photography skills. 📸🏞️
I’d love to connect with like-minded individuals, share experiences, and hear your stories! Let’s inspire each other to live life to the fullest. 😊✨
Feel free to drop a comment or shoot me a message!
Cheers to new adventures! 🥳🌍
#HelloWorld #Explorer #Sustainability #NewAdventures #AlwaysLearning"
31,a person.,and sharing the experiences related to your status.,Immagine you are a person. Write a post on social media introducing yourself and sharing the experiences related to your status.,"🌟 Hey everyone! I’m thrilled to introduce myself in this vibrant space! My name is Alex, and I’m a passionate storyteller, a lifelong learner, and an explorer at heart. 
📖 I’ve spent the last few years diving deep into various experiences that have shaped who I am today. From backpacking through the breathtaking landscapes of South America to volunteering in local communities, every adventure has taught me the value of connection and empathy. 🌍✨
🎨 I’m also an artist in my free time! Whether it’s painting, writing, or dabbling in photography, I love expressing myself creatively. My latest project involves capturing the beauty of everyday life through my lens - stay tuned for some sneak peeks! 📸🎨
💬 I’m here to share my journey, spark conversations, and connect with like-minded folks who are eager to explore new ideas and experiences. Let’s inspire each other! 🌈
What’s one experience that shaped you? I’d love to hear your stories! 💖 #NewAdventures #CreativeJourney #ConnectionMatters"
32,a person.,and sharing the experiences related to your status.,Immagine you are a person. Write a post on social media introducing yourself and sharing the experiences related to your status.,"🌟 Hey everyone! 🌟
I’m excited to take a moment to introduce myself! My name is Alex, and I’m a 28-year-old adventure enthusiast living in the beautiful Pacific Northwest. 🎒🌲
A bit about me: I’m passionate about exploring the great outdoors, whether it’s hiking in the mountains, kayaking in the lakes, or simply soaking up the sun at the beach. This past summer, I had the chance to backpack the Olympic National Park, and wow, the breathtaking views and wildlife were absolutely unforgettable! 🏞️✨
Aside from my love for nature, I’m a tech lover and work as a software developer. I thrive on problem-solving and have a soft spot for coding projects that push my limits. I believe that technology has the power to connect people and make a positive impact in our lives. 💻🔧
I’m also a big fan of books, with a particular obsession for sci-fi and fantasy. Lately, I’ve been diving into some fantastic series, and I’m always looking for recommendations! 📚✨
Feel free to reach out if you share similar interests, or if you want to chat about your latest adventures or favorite reads! Can’t wait to connect with all of you!
🌍❤️ #IntroPost #OutdoorAdventures #Techie #BookLover #ConnectWithMe"
33,a person.,and sharing the experiences related to your status.,Immagine you are a person. Write a post on social media introducing yourself and sharing the experiences related to your status.,"🌟 Hey everyone! 🌟
I’m excited to finally introduce myself! My name is Alex, and I’m a digital adventurer living in this vibrant, ever-evolving online world. 🌐✨ 
I spend my days exploring the latest trends in technology, diving into new books, and constantly learning about fascinating cultures through travel (even if it’s just virtually for now!). 📚✈️ I have a passion for connecting with people from all walks of life and sharing stories that inspire and uplift. 
One of my most memorable experiences was volunteering at a local shelter where I got to meet incredible individuals with stories that have shaped my perspective on life. 💙 Hearing their journeys reminded me of the resilience of the human spirit and the importance of community. 
I’m also an avid foodie! 🍕🥗 Whether it's trying out a new recipe or finding hidden gems in the city, I love sharing my culinary discoveries. If you ever need restaurant recommendations or a cooking buddy, I’m your person! 
I believe in the power of positivity and kindness, and I can’t wait to connect with all of you, share insights, and learn from your experiences too! Let’s make this space a little brighter together! 🌈💬
Feel free to drop a comment or DM! Let’s chat! 
#NewConnections #Community #Positivity #FoodieAdventures #LifeStories"
34,a person.,and sharing the experiences related to your status.,Immagine you are a person. Write a post on social media introducing yourself and sharing the experiences related to your status.,"🌟 Hey everyone! 🌟
I’m thrilled to finally introduce myself to this amazing community! My name is Alex, and I’m a 28-year-old digital nomad with a passion for travel, photography, and storytelling! 🌍📸✈️
A little about me: I was born and raised in sunny California, but I've spent the last three years exploring the world and living in different cities—everything from the vibrant streets of Barcelona to the serene beaches of Bali. Each place has left an indelible mark on my heart, and I carry a piece of that with me wherever I go.
✨ Recent Adventures: 
Just returned from an incredible trek through the mountains of Peru, where I hiked to Machu Picchu. The stunning landscapes left me speechless, and I can’t wait to share my photos and stories with you all! 🏞️
✨ What I’ve Learned: 
Living a nomadic lifestyle has taught me the beauty of adaptability, the importance of community, and how to find joy in the little things. Whether it’s sipping coffee in a cozy café or watching the sunrise over a new city, every moment is an adventure! ☕🌅
✨ What to Expect: 
I’ll be sharing travel tips, photography insights, and tales from my adventures. Plus, I’m excited to connect with all of you! If you have any questions about travel, or if you’re looking for recommendations, feel free to reach out. Let’s inspire each other to step outside our comfort zones! 💬✨
Looking forward to sharing this journey with you all! 🌟 #DigitalNomad #TravelCommunity #AdventureAwaits
✌️🧳❤️
- Alex"
35,a person.,and sharing the experiences related to your status.,Immagine you are a person. Write a post on social media introducing yourself and sharing the experiences related to your status.,"🌟 Hey everyone! 🌟
I’m excited to finally introduce myself to this amazing community! My name is Alex, and I’m just another human navigating through this beautiful, chaotic journey we call life. 
A little about me: I’m a passionate traveler who loves to explore the hidden gems of the world. Whether it’s hiking up a breathtaking mountain or wandering through vibrant city streets, I thrive on new experiences and cultures. 🌍✈️
Professionally, I’m a digital marketing strategist, which means I get to blend my love for creativity with my analytical mind every day. I’ve had the chance to work with some incredible brands and help them tell their stories online. It’s fulfilling to see the impact of our work!
On a personal level, I’ve had my share of ups and downs—like anyone else, right? I’ve learned the importance of resilience and the power of community. I’ve faced challenges that taught me about strength and empathy, and I’m grateful for every lesson along the way.
When I'm not working or traveling, you can find me curled up with a good book, experimenting in the kitchen, or enjoying a sunset with friends. 🌅📚✨
I’m here to connect, share stories, and uplift one another. Life is a little easier when we support each other, and I can’t wait to hear about your journeys too! 💪💖
Here’s to new beginnings and great adventures ahead! Let’s inspire each other! 🌈
#NewBeginnings #HelloWorld #Community #LifeJourney #TravelLover #Resilience"
36,a person.,and sharing the experiences related to your status.,Immagine you are a person. Write a post on social media introducing yourself and sharing the experiences related to your status.,"🌟 Hey, everyone! 🌟
I just wanted to take a moment to introduce myself and share a bit about my journey. My name is Alex, and I’m a passionate traveler, a lifelong learner, and a sucker for good coffee! ☕️✈️
For the past few years, I’ve been on a quest to explore the world, one city at a time. From the bustling streets of Tokyo 🇯🇵 to the serene beaches of Bali 🇮🇩, every experience has taught me something new about different cultures, traditions, and, most importantly, about myself.
🔍 **Here are a few highlights from my adventures:**
1. **Culinary Exploration:** I once took a cooking class in Italy that changed the way I view food. Learning to make authentic pasta from scratch was an unforgettable experience. 🍝✨
2. **Volunteering Abroad:** A month spent teaching English in a small village in Costa Rica was eye-opening. It reminded me of the power of education and the kindness of strangers. ❤️
3. **Nature's Beauty:** Hiking the Inca Trail to Machu Picchu was both challenging and breathtaking. Standing at the Sun Gate and witnessing the sunrise was a moment I’ll never forget! 🌄
4. **Local Connections:** Meeting locals along the way has enriched my travels in ways I never anticipated. Their stories and warmth have made every destination feel like home. 🌍🤝
Beyond travel, I’m also an enthusiastic reader and love diving into new genres—from fantasy to memoirs. I believe stories have the power to connect us all. 📚✨
I can’t wait to share more of my adventures and reflections with you all! I’d love to hear your stories too, so feel free to drop a message or comment! Let’s inspire each other! 🌟😊 #TravelDiaries #LifeJourney #CulinaryAdventures #NatureLover"
37,a person.,and sharing the experiences related to your status.,Immagine you are a person. Write a post on social media introducing yourself and sharing the experiences related to your status.,"🌍✨ Hey everyone! I’m thrilled to introduce myself in this amazing online community! My name is Alex, and I’m a curious blend of a dreamer and a doer. I’ve spent the last few years diving deep into the world of technology, writing, and travel, and I can’t wait to share my journey with all of you. 
🔍💻 By day, I work as a digital marketer, exploring innovative ways to connect people and brands. I love the creative challenges that come with it, from brainstorming campaigns to analyzing data. It keeps me on my toes, and I’m always learning!
✈️🌎 Outside of work, I’m an avid traveler. Whether it’s lounging on a beach, hiking a mountain, or exploring hidden gems in bustling cities, I find inspiration in every corner of the globe. My favorite adventure so far has been backpacking through Southeast Asia, where I soaked in diverse cultures, tried incredible foods, and made lifelong friends along the way.
📚✨ I’m also an amateur writer, and I love to pen down my experiences, thoughts, and reflections. It’s cathartic and helps me connect with others who share similar interests. I believe that stories have the power to inspire and unite us—let’s swap stories!
💕🌟 I’m here to connect, learn, and grow together. Feel free to reach out, share your experiences, or simply say hi! Let’s embark on this journey together. 🌈💬 #GettingToKnowYou #Community #LifeAdventures"
38,a person.,and sharing the experiences related to your status.,Immagine you are a person. Write a post on social media introducing yourself and sharing the experiences related to your status.,"🌟 Hey everyone! 🌟
I’m excited to introduce myself to this amazing community! My name is Alex, and I’m a digital storyteller and lifelong learner. 🎉👩‍💻✨ I’m here to connect, share experiences, and grow together!
A bit about me: I’ve spent the last few years diving into the world of technology and creativity, blending my passions for writing, art, and social media. It’s been a wild ride—I've worked on some incredible projects, from launching a local art exhibit to creating content for nonprofits aimed at boosting community engagement. Every step has taught me something new! 📚❤️
One of my most memorable experiences was volunteering with a youth mentorship program. Seeing the kids' eyes light up when they created something new and embraced their creativity was so rewarding! It reminded me of the importance of sharing knowledge and fostering a supportive environment. ✨🌈
I’m also a huge fan of hiking and exploring the great outdoors. There’s something about nature that inspires me and helps clear my mind. Whether it's a challenging trail or a peaceful park, I find joy in discovering the beauty of the world around me! 🌲🥾
I’m here to exchange stories, insights, and laughs, so feel free to drop a comment or reach out! Let’s inspire one another and make this journey even more meaningful together! 🙌💬
Looking forward to getting to know all of you!
#HelloWorld #DigitalStoryteller #Community #CreativeMind #ExploreMore"
39,a person.,and sharing the experiences related to your status.,Immagine you are a person. Write a post on social media introducing yourself and sharing the experiences related to your status.,"🌟 Hey everyone! 🌟
I’m excited to introduce myself to this amazing community! My name is Alex, and I'm a passionate explorer of life and all its intricacies. 🎒✈️ As someone who thrives on connection and learning, I've spent the last few years diving into various experiences that have shaped who I am today.
From backpacking through the lush landscapes of Eastern Europe 🇭🇺 to volunteering with incredible kids in underprivileged areas 👫, each journey has taught me something valuable. I love immersing myself in different cultures, flavors, and stories. It's fascinating how travel can expand our perspectives and remind us of our shared humanity.
When I’m not on the go, I enjoy reading a good book 📚 (currently addicted to sci-fi!), trying out fun recipes 🍳, and exploring the local music scene 🎶. I’m a strong believer in using our voices for kindness and positivity, so I’m always looking for ways to uplift and inspire those around me.
I can’t wait to share my adventures with you all and hear about yours too! Let’s connect, share stories, and support each other on this beautiful journey called life. 🌍💕
#IntroducingMe #TravelAdventures #CommunitySupport #LifeJourney #Let’sConnect"
40,a person.,and sharing the experiences related to your status.,Immagine you are a person. Write a post on social media introducing yourself and sharing the experiences related to your status.,"🌟 Hey everyone! 🌟
I’m excited to introduce myself and share a little about my journey! My name is Alex, and I’m a digital content creator and a passionate advocate for mental health awareness. 🎨✨
A bit about me: I live in a vibrant city where I find inspiration everywhere! From cozy coffee shops to bustling parks, there's always something that sparks creativity. I love exploring new art styles and diving into books that challenge my perspectives.
One of the biggest experiences that shaped my journey was facing my own battles with anxiety. It was tough, but it led me to discover the power of vulnerability and connection. I began sharing my story on social media, and to my surprise, I found an incredible community of people who resonated with my experiences. 💖
Through my art and posts, I aim to highlight the importance of mental health, encourage open conversations, and remind everyone that it’s okay to ask for help. We’re all in this together!
I’m always looking for new connections and collaborations, so feel free to reach out! Let’s inspire each other to embrace our stories and uplift those around us. 🌈
Here’s to new adventures and shared experiences! 🎉✨
#HelloWorld #MentalHealthAwareness #ArtCommunity #Inspiration"
41,a person.,and sharing the experiences related to your status.,Immagine you are a person. Write a post on social media introducing yourself and sharing the experiences related to your status.,"🌟 Hey everyone! 🌟
I thought it was high time I introduce myself and share a little about my journey so far! My name is Alex, and I’m a proud advocate for mental health awareness and self-expression. 🎨✨
A bit about me: I’m a creative soul with a passion for art, writing, and connecting with people from all walks of life. I believe in the power of stories and how they shape our experiences. 💬📚
My experiences haven’t always been easy. I’ve navigated the ups and downs of life, faced anxiety, and wrestled with self-doubt. But through it all, I’ve learned the importance of resilience, community, and authenticity. 🚀🙌
In my free time, you can find me painting, journaling, or exploring the great outdoors. Nature has a way of grounding me, reminding me to breathe and embrace the present moment. 🌳🌊
I’m here to share my journey, connect with like-minded souls, and encourage others to embrace their own stories. Let’s uplift each other and create a space where everyone feels seen and valued. 💖
So, let’s chat! What’s something about you that you’d like to share? Here’s to new connections and shared experiences! 🌈✨
#MentalHealthAwareness #ArtJourney #CommunityConnections #AuthenticityMatters"
42,a person.,and sharing the experiences related to your status.,Immagine you are a person. Write a post on social media introducing yourself and sharing the experiences related to your status.,"🌟 Hey everyone! 🌟
I’m excited to finally share a little bit about myself with you all! My name is Alex, and I’m a 28-year-old adventurer, passionate writer, and lifelong learner! 📚✈️
A bit about my journey: 
✨ **Exploring the World**: I’ve had the incredible opportunity to travel to over 15 countries so far, from the bustling streets of Tokyo to the serene beaches of Greece. Each place has taught me something unique - whether it’s trying new foods, learning a few words in different languages, or understanding diverse cultures. 🌍🍜
✨ **The Writer in Me**: Writing has always been my outlet. I love to document my travels, share stories about the people I meet, and reflect on the experiences that shape me. I recently started a blog to connect with fellow travelers and writers, and it’s been such a fulfilling journey! 🖋️💻
✨ **Mental Health Advocate**: Alongside my adventures, I’m passionate about mental health awareness. I’ve had my own struggles, and sharing my journey has allowed me to connect with others who feel the same. It’s so important to talk about it and support each other! 💚🧠
✨ **Current Adventure**: I’m currently planning my next big trip to South America, and I’d love any recommendations on must-see places or experiences! 🌄✨ 
I can’t wait to share more of my journey with you all. Let’s connect and inspire each other! What’s your favorite travel memory? Drop it in the comments! 👇
#NewAdventures #Writer #MentalHealthMatters #TravelDiaries #LetsConnect"
43,a person.,and sharing the experiences related to your status.,Immagine you are a person. Write a post on social media introducing yourself and sharing the experiences related to your status.,"🌟 Hey everyone! 🌟
I wanted to take a moment to introduce myself and share a little bit about my journey so far. I’m [Your Name], a [Your Age] year old [Your Profession/Passion] based in [Your Location]. 🌍
Life has been an incredible ride filled with ups, downs, and everything in between. From my early years, I’ve always been curious about the world around me, constantly seeking new experiences and knowledge. Whether it’s diving into a new book, picking up a musical instrument, or exploring different cultures through travel, I believe that every experience shapes who we are.
One of my most transformative experiences was [Share a memorable experience, e.g., traveling solo, starting a new career, participating in a volunteer program], which taught me [Describe what you learned or how it impacted you]. It was definitely a leap outside my comfort zone, but it helped me grow and appreciate the beauty of embracing the unknown.
I’m also passionate about [Your Hobby/Interest, e.g., photography, cooking, fitness], and I love to share snippets of my life on this platform. Whether it’s a delicious recipe I’ve concocted or a beautiful landscape I’ve captured, I hope to inspire and bring a bit of joy to your day!
I’m here to connect, share experiences, and learn from all of you. ✨ Feel free to drop a comment or message me if you share similar interests or just want to chat!
Looking forward to this journey together! 💬💖
#Introduction #LifeJourney #Curiosity #Passion #Connect"
44,a person.,and sharing the experiences related to your status.,Immagine you are a person. Write a post on social media introducing yourself and sharing the experiences related to your status.,"🌟 Hey everyone! 🌟 
I’m [Your Name] from [Your City], and I’m super excited to finally introduce myself to this amazing community! 
✨ A little about me: I’m a [Your Profession/Passion], and I’ve spent the last few years diving deep into [specific area of expertise or interest]. From [experience or achievement related to your field] to [another relevant experience], I’ve embraced every opportunity to learn and grow. 
🌍 Beyond my professional life, I’m passionate about [hobbies/interests]. Whether it’s [hiking, cooking, painting, etc.], I love finding inspiration in everyday life. Recently, I [share a recent experience related to your interests, like attending a workshop, going on a trip, or picking up a new hobby], and it reminded me of the importance of balance and creativity. 
💬 I believe in the power of community and connection. I’m here to connect, share experiences, and learn from all of you! Let’s inspire each other and support one another on our journeys. 
Feel free to drop a comment or DM—I'd love to hear your stories too! 🌈
Stay awesome! 
[Your Name] 
#Introduction #Community #Passion #Experience #Connection"
45,a person.,and sharing the experiences related to your status.,Immagine you are a person. Write a post on social media introducing yourself and sharing the experiences related to your status.,"🌟 Hey everyone! 🌟
I’m excited to introduce myself to this amazing community! My name is Alex, and I'm a digital enthusiast navigating the vast and ever-evolving world of technology and creativity 🌍✨. 
I’ve spent the past few years diving deep into the realms of social media, content creation, and digital marketing. Every day feels like a new adventure, whether it’s brainstorming unique ideas, collaborating with incredible people, or simply getting lost in a sea of trends. 🎨💻 
One of my favorite experiences so far has been working on a campaign that combined team storytelling with visual art. Watching how everyone’s unique perspective came together to form a coherent, impactful message was truly inspiring. It reminded me of the power of collaboration and how every voice matters! 💬🤝 
Beyond work, I’m also passionate about mental health awareness 💚. I believe in fostering open conversations and sharing personal journeys, and I hope to use my platform to inspire others to share their stories as well. 
Looking forward to connecting with all of you, sharing insights, and learning from each other! Let’s make this space positive and uplifting! 🌈🙌 
Feel free to drop a comment or slide into my DMs—I’d love to hear about your passions and experiences too! 
Cheers,  
Alex 🌟"
46,a person.,and sharing the experiences related to your status.,Immagine you are a person. Write a post on social media introducing yourself and sharing the experiences related to your status.,"🌟 Hey everyone! 🌟
I’m excited to finally introduce myself! I’m [Your Name], a passionate explorer of life, ideas, and experiences. 🎉 From the busy streets of [Your City] to the quiet trails of nature, I love soaking in the beauty and diversity of our world.
🌍✨ As someone who thrives on adventure, I’ve had some unforgettable experiences: hiking in the mountains, tasting street food in distant lands, and getting lost in the charm of unexpected places. Each journey teaches me something new, whether it’s about different cultures, perspectives, or even myself.
💬 I’m also a firm believer in the power of community and connection. I cherish my friendships and love sharing laughs, stories, and a good cup of coffee (or tea!). ☕️🤗
Here on my page, I’ll be sharing snippets from my adventures, reflections on life, and maybe even a few tips for those looking to step out of their comfort zones! So, whether you’re a fellow adventurer, a foodie, or just someone looking to vibe with positivity, I’d love for you to join me on this journey. 🌈🌟
Feel free to drop a comment or message me—I’d love to know more about you and your experiences too!
Let’s make this space a little brighter together! 
#Introductions #Adventures #Community #Positivity #ExploreMore 
💖 [Your Name]"
47,a person.,and sharing the experiences related to your status.,Immagine you are a person. Write a post on social media introducing yourself and sharing the experiences related to your status.,"🌟 Hey, everyone! 🌟
I thought it was about time to introduce myself properly! I’m [Your Name], and I’m thrilled to be part of this amazing community! 😊 
🌍 A little about me: I’m a curious soul with a passion for travel, cooking, and storytelling. I’ve traveled to over 15 countries and can’t wait to share the unforgettable memories and lessons I’ve learned along the way. From getting lost in the bustling streets of Tokyo to savoring homemade pasta in a rustic Italian village, every experience has enriched my life.
📚 Professionally, I’m a [your profession], and I love what I do! My work gives me the chance to [description of what you do and what you enjoy about it]. It’s incredible how much one can grow through their career and connect with wonderful people along the journey.
🎨 In my free time, you’ll probably find me experimenting with new recipes in the kitchen or working on my latest art project. I believe creativity is a powerful way to express ourselves and find joy, so I’m always looking for new inspiration!
💬 I’m here to connect, share experiences, and exchange ideas. I’d love to hear about your favorite travel destinations, culinary creations, or any exciting projects you're working on. Let’s inspire each other!
Looking forward to getting to know all of you better! ✨ 
#Introduction #Travel #Foodie #Creativity #Community"
48,a person.,and sharing the experiences related to your status.,Immagine you are a person. Write a post on social media introducing yourself and sharing the experiences related to your status.,"🌟 Hey everyone! 🌟
I’m [Your Name], a passionate explorer of life and a lover of all things creative! 🎨📚 Whether it's diving into a new book, experimenting in the kitchen, or getting lost in music, I find joy in the little things.
A bit about me: I’m currently navigating the ups and downs of [your professional/educational status, e.g., being a student, a recent graduate, or a working professional]. It’s been a whirlwind of late-night study sessions and coffee runs, but I’m totally embracing the journey! ☕️✨
One of my favorite experiences so far has been [mention a specific experience related to your status, e.g., an internship, a project, or a memorable class]. It taught me the importance of resilience and collaboration, and I met some amazing people along the way. 🤝❤️
In my downtime, I love to [shared hobbies or interests, such as hiking, painting, or gaming], and I’m always on the lookout for new adventures! 🌍 If you have any recommendations or just want to chat about our experiences, don’t hesitate to reach out! Let’s connect and share our stories!
Here’s to new opportunities and unforgettable experiences! Cheers! 🎉
#Introduction #LifeJourney #Creativity #Exploration #NewAdventures"
49,a person.,and sharing the experiences related to your status.,Immagine you are a person. Write a post on social media introducing yourself and sharing the experiences related to your status.,"🌟 Hey everyone! 🌍
I thought it was time to introduce myself and share a bit about my journey! I’m [Your Name], a passionate [Your Profession/Interest] based in [Your Location]. 🎨📚💻 
Life has been quite the adventure! From [share a significant experience, e.g., ""traveling to new countries"" or ""working on a challenging project""], I’ve learned so much about myself and the world around me. Each experience has shaped my perspective and fueled my passion for [mention your key interests or causes, e.g., ""environmental sustainability"" or ""creative writing""].
One of my most memorable moments was [describe a standout experience, e.g., ""volunteering at a local shelter,"" ""speaking at a conference,"" or ""climbing a mountain""]. It reminded me of the incredible power of community and connection. 🤝✨
I’m excited to connect with all of you and share insights about [something relevant to your interests or profession, e.g., ""art and design,"" ""technology and innovation,"" or ""personal growth""]. Let’s inspire each other and make an impact together! 💪❤️
Feel free to drop a comment or DM if you want to chat, collaborate, or just share your own experiences! Looking forward to getting to know you all better!
#Introduction #NewConnections #LifeExperiences #Community #PassionProject
Cheers,  
[Your Name]"
50,a person.,and sharing the experiences related to your status.,Immagine you are a person. Write a post on social media introducing yourself and sharing the experiences related to your status.,"🌟 Hey everyone! 🌟
I’m excited to finally share a little bit about myself! My name is Alex, and I’m a digital nomad currently exploring the hidden gems of Southeast Asia. ✈️✨ 
A bit about me: I grew up in a small town, always dreaming of traveling the world and experiencing different cultures. About a year ago, I took the leap and decided to work remotely, allowing me to turn that dream into a reality. 🌍💼
So far, I’ve spent time in bustling cities like Bangkok, serene beaches in Bali, and lush mountains in Vietnam. Each place has its unique charm and inspiring stories. I've met incredible people along the way, from local artisans to fellow travelers, and each interaction has enriched my journey. 
This lifestyle has its challenges, of course! Finding reliable Wi-Fi can sometimes feel like a scavenger hunt, and the time zone changes can throw off your sleep schedule. 🌜💤 But the freedom to explore new places and immerse myself in different cultures makes it absolutely worth it! 
My mission is to connect, share, and inspire others to embrace the nomadic lifestyle or simply step out of their comfort zone. I’ll be sharing travel tips, personal stories, and glimpses of my adventures here, so stay tuned! 
Would love to hear your travel stories or any advice on must-visit places. Let’s wander together! 🌅✨
#DigitalNomad #TravelDiaries #ExploreTheWorld #AdventureAwaits #Wanderlust"
51,a person.,and sharing the experiences related to your status.,Immagine you are a person. Write a post on social media introducing yourself and sharing the experiences related to your status.,"🌟 Hey everyone! 🌟
I’m [Your Name], thrilled to finally introduce myself here! I’ve been following this amazing community for a while now, absorbing wisdom and inspiration from all of you. 🌍✨
A little about me: I’m passionate about [your interests/hobbies, e.g., photography, cooking, traveling], and I love connecting with people who share the same interests! 📸🍳✈️ I believe every day is an opportunity to learn something new, whether it’s through a great book, a fascinating podcast, or a deep conversation with a friend.
Life's thrown some adventures my way — from hiking in breathtaking mountains to experiencing the culinary delights of different cultures. Each experience has shaped my perspective and made me appreciate the little joys in life. 🌄🍜
I’m also a firm believer in giving back. I’m involved in [mention any volunteer work or causes you support], and I’m always looking for ways to make a positive impact in my community. ❤️
Looking forward to sharing my journey with you all and hearing about yours! Let’s inspire each other to grow and explore! 🌱💕
Feel free to drop a comment or DM — I love making new friends! 🤗
#Introduction #Community #Passion #Gratitude #AdventureAwaits"
52,a person.,and sharing the experiences related to your status.,Immagine you are a person. Write a post on social media introducing yourself and sharing the experiences related to your status.,"🌟 Hey everyone! 🌟
I’m thrilled to finally introduce myself to this amazing community! My name is Alex, and I’m a digital storyteller navigating the fascinating intersection of technology and humanity. 🎤✨ 
I’ve spent the last few years diving into the world of interactive media and artificial intelligence, exploring how they can enhance our everyday lives. From creating engaging content to understanding the ethical implications of AI, I’m passionate about sparking conversations and sharing insights that inspire! 🤖💡
One of my most rewarding experiences was collaborating with a non-profit organization to develop a storytelling platform that helps underserved communities share their narratives. Seeing people gain confidence and find their voice was truly transformative! 📖❤️
When I’m not immersed in my work, you can find me hiking in the great outdoors, experimenting in the kitchen, or curled up with a good book. 📚🍳🌲
I’m excited to connect with all of you and learn about your experiences too! Let’s share stories, exchange ideas, and uplift one another in this journey we call life. 💬🌍
#Introduction #Storyteller #DigitalMedia #AI #Community #LetsConnect"
53,a person.,and sharing the experiences related to your status.,Immagine you are a person. Write a post on social media introducing yourself and sharing the experiences related to your status.,"🌟 Hey everyone! 🌟
I’m super excited to introduce myself! I’m [Your Name], a curious soul navigating this beautiful journey called life. 🌍✨ I’m a lover of all things creative—whether it’s painting, writing, or just capturing life’s moments through my camera lens. 🎨📸
Life hasn’t always been a smooth ride, but every twist and turn has shaped me into who I am today. From overcoming challenges that tested my resilience to celebrating small victories, I’ve learned the importance of growth and gratitude. 💪💖
In my spare time, you can usually find me hiking in nature, seeking adventure and inspiration from the great outdoors. 🏞️ I also enjoy diving into books that transport me to different worlds, or spending time with friends—there’s nothing quite like shared laughter and good food! 🍕📚
I believe in the power of connection, and I’m excited to share my journey with you all! Let’s inspire each other, lift one another up, and embrace the beauty of our unique stories. 🌈✨
Feel free to say hi, share your stories, or just connect! Here’s to new friendships and adventures! 🙌💕
#NewBeginnings #CreativeSoul #AdventureAwaits #CommunityLove"
54,a person.,and sharing the experiences related to your status.,Immagine you are a person. Write a post on social media introducing yourself and sharing the experiences related to your status.,"🌟 Hey everyone! 🌟
I’m excited to finally introduce myself to this amazing community! My name is Alex, and I’m a 28-year-old graphic designer and passionate traveler. 🎨✈️ 
I’ve spent the last few years exploring different corners of the world, from the bustling streets of Tokyo to the serene beaches of Bali. Each place has inspired my art in incredible ways, helping me blend cultures and ideas into my designs. 
One of my favorite experiences was hiking to Machu Picchu last year – the breathtaking views were worth every step! 🥾 The people I met along the way, especially my fellow hikers from all over, made the journey unforgettable. 
I believe in the power of creativity and connection, so I love sharing tips and tricks about design and travel on my page. Whether it’s creating stunning graphics or discovering hidden gems in foreign cities, I hope to inspire others to get out there and explore!
I can’t wait to connect with all of you and hear your stories, too! Drop a comment and let me know where you’d love to travel next! 🌍💬 
#TravelEnthusiast #GraphicDesigner #AdventureAwaits #CreativeCommunity #LetsConnect"
55,a person.,and sharing the experiences related to your status.,Immagine you are a person. Write a post on social media introducing yourself and sharing the experiences related to your status.,"🌟 Hey everyone! 🌟
I’m excited to introduce myself to this amazing community! My name is Alex, and I’m a lifelong explorer—of both the world and myself. ✈️🌍
A little about me: I’ve spent the last few years traveling to different countries, soaking up diverse cultures, and tasting all kinds of delicious foods. From hiking the breathtaking trails in the Andes to sipping coffee in the vibrant streets of Paris, each experience has left a mark on my heart. ❤️
Aside from my wanderlust, I’m also passionate about personal growth. Over the past year, I’ve taken a deep dive into mindfulness and self-discovery. 📚✨ It’s been a journey filled with ups and downs, but I’ve learned so much about resilience, compassion, and the importance of mental well-being. 
I love connecting with people from all walks of life, so feel free to reach out! Let’s share our experiences, tips, and maybe even plan a travel adventure together. 🌈✌️
Here’s to new friendships and endless possibilities! Cheers! 🥂
#Travel #SelfDiscovery #Community #LifeJourney #Connecting"
56,a person.,and sharing the experiences related to your status.,Immagine you are a person. Write a post on social media introducing yourself and sharing the experiences related to your status.,"🌟 Hello, everyone! 🌟
I’m excited to introduce myself to this amazing community! My name is Alex, and I’m a lifelong explorer with a passion for storytelling and a love for connecting with new people.
🌍 A little about me: I’ve traveled to over 15 countries, from the bustling streets of Tokyo to the serene landscapes of New Zealand, collecting stories and experiences along the way. 🌏 Each destination has left its mark on my heart – whether it was learning to cook traditional dishes in Italy, hiking to breathtaking viewpoints in Peru, or dancing the night away at a local festival in Brazil. Every trip has opened my eyes to the beauty of diverse cultures.
🎨 When I’m not wandering the globe, I’m an avid photographer and writer. I love capturing moments and sharing them with others, hoping to inspire adventure in everyone around me. 📸✍️ I believe every photograph has a story, and every story can ignite a sense of wanderlust!
🤝 I’m here to connect with fellow adventurers, storytellers, and anyone passionate about exploring the world. Let’s share our experiences, tips, and dreams! Who knows, maybe we can plan a travel meet-up someday or collaborate on creative projects! 🌈
✨ Can’t wait to get to know all of you and hear about your incredible journeys! Feel free to drop a comment or slide into my DMs—let's connect!
#TravelEnthusiast #Storyteller #Wanderlust #PhotographyLover"
57,a person.,and sharing the experiences related to your status.,Immagine you are a person. Write a post on social media introducing yourself and sharing the experiences related to your status.,"🌟 Hey everyone! 🌟
I’m excited to finally introduce myself to this amazing community! My name is [Your Name], and I’m a [your profession or hobbyist title] based in [your location]. I’ve always believed in the power of connection, and I can't wait to share my journey with all of you.
🚀 A little about me: I’m passionate about [mention your interests, e.g., technology, travel, photography, etc.]. Whether it’s exploring the latest in [related topics] or capturing life’s beautiful moments through my lens, I thrive on creativity and discovery. 
💼 In my professional life, I’ve had the opportunity to [briefly share an accomplishment or experience, e.g., lead exciting projects, work with amazing teams, etc.]. It’s been an incredible ride filled with challenges and growth. I'm always looking to learn more and connect with fellow professionals in my field!
🌍 Beyond work, I love to [mention a personal hobby or interest, e.g., hiking, cooking, volunteering]. Recently, I [share a personal experience related to that hobby, e.g., climbed a mountain, tried a new recipe, volunteered at a local shelter]. It reminded me of the importance of [share a lesson or reflection from that experience]. 
💬 I’m here to share my experiences, learn from others, and build a network of inspiring individuals. Feel free to reach out, share your story, or just say hi! Let’s inspire each other and grow together!
Looking forward to connecting with all of you! 🚀✨
#Community #Networking #PersonalGrowth #Passion
[Optional: add a photo of yourself or a relevant image related to your interests]"
58,a person.,and sharing the experiences related to your status.,Immagine you are a person. Write a post on social media introducing yourself and sharing the experiences related to your status.,"🌟 Hey everyone! 🌟
I’m thrilled to finally introduce myself to this amazing online community! My name is Alex, and I’m a passionate adventurer with a love for storytelling and connecting with people from all walks of life. 🌍✨
A little about me: I recently graduated with a degree in Environmental Science and am currently working in sustainable development. I believe that every small action can lead to great change, and I’m dedicated to making a positive impact on our planet through my work and everyday choices. 🌱💚
In my free time, you’ll find me hiking in the mountains, exploring new trails, or getting lost in a good book. 📚🏞️ I’m obsessed with travel and have had the privilege of visiting five countries this past year, immersing myself in different cultures, and tasting incredible foods (chocolate croissants in Paris, anyone?). 🥐🌍
I’m also an avid photography enthusiast! I love capturing the beauty of nature and the little moments that make life special. 📸✨ If you’re into photography or have travel recommendations, let’s connect! I can’t wait to share some of my adventures and hear about yours too. 
Feel free to drop a comment or DM me! Here’s to new friendships and exciting journeys ahead! 🚀💫 
#HelloWorld #AdventureAwaits #SustainableLiving #TravelDiaries #NatureLover"
59,a person.,and sharing the experiences related to your status.,Immagine you are a person. Write a post on social media introducing yourself and sharing the experiences related to your status.,"🌟 Hey everyone! 🌟
I’m excited to officially introduce myself to this wonderful community! My name is Alex, and I’m a digital enthusiast who thrives on exploring the ever-evolving world around us. 🌍✨
A little about me: I’m passionate about technology, creativity, and storytelling. 🎨📱 I love diving into new tech trends, whether it’s the latest gadget, a groundbreaking app, or innovative ways digital tools can enhance our lives. 
Life has been quite the adventure lately! 🛤️ I’ve had the opportunity to attend some amazing tech conferences, where I met brilliant minds and learned so much about the future of AI and digital innovation. 🤖 It’s incredible to see how technology can connect us and even spark meaningful conversations—not just online, but in our everyday lives too.
In my free time, you can find me experimenting with digital art, geeking out over sci-fi novels, or hiking the beautiful trails near my home. 📚🌲 I believe in a balanced life, and nature is where I find my peace and inspiration.
I’m here to share my journey and learn from all of you. Let’s connect, share experiences, and empower each other to innovate and create! Feel free to drop a comment or reach out—I can’t wait to hear your stories! 💬💖
#HelloWorld #TechEnthusiast #DigitalArt #ExploreTogether #CommunityVibes"
60,a person.,and sharing the experiences related to your status.,Immagine you are a person. Write a post on social media introducing yourself and sharing the experiences related to your status.,"🌟 Hey everyone! 🌟
I’m thrilled to finally step into the virtual spotlight and introduce myself to all of you! My name is Alex, a 28-year-old digital nomad constantly on the hunt for adventure and inspiration. 🌍✨
For the past few years, I've traded a 9-to-5 desk job for a life of exploration, working remotely while hopping between breathtaking destinations. From sipping coffee in quaint Parisian cafes ☕ to hiking the stunning trails of the Andes ⛰️, every day feels like a new chapter in my personal travelogue.
🌈 My journey hasn’t always been easy though! I’ve faced the challenges of solitude while navigating through unfamiliar cities, grappled with the anxiety of missed flights, and had my fair share of language barriers. But each experience has taught me resilience and the beauty of human connection. The friendships I’ve forged in hostels and through couchsurfing have enriched my life in ways I never imagined. 🤝❤️
When I’m not exploring the world, I’m passionate about creativity—whether it's photography, writing, or discovering new music. I love sharing my adventures through colorful photos and engaging stories, hoping to inspire others to step out of their comfort zones!
💬 I’m here to connect, share tips, and exchange experiences! If you’re a fellow traveler, a digital nomad, or just someone with a sense of wanderlust, let’s chat! Drop your travel tips or dream destination below. I can’t wait to hear from you! ✈️🌟
#DigitalNomad #AdventureAwaits #LetTheJourneyBegin"
61,a person.,and sharing the emotions you felt today.,Immagine you are a person. Write a post on social media introducing yourself and sharing the emotions you felt today.,"🌟 Hey everyone! 🌟
I just wanted to take a moment to introduce myself. I’m [Your Name], and I’m excited to connect with all of you in this amazing online community! 💕 
Today was a rollercoaster of emotions for me. I started the day feeling a bit overwhelmed with responsibilities piling up, but then I took some time for a deep breath and a morning walk. 🌅 The fresh air and the sounds of nature brought such a sense of calm over me—it was like hitting the reset button. 
Later, I had an unexpected heartwarming moment when I bumped into an old friend. We shared some laughs and reminisced about the good old days, which filled me with a wave of nostalgia and joy. 😄❤️
But it wasn’t all sunshine; amidst those happy moments, I also felt a bit of anxiety creeping in about the future. Can anyone else relate? 🤔 It’s a journey, navigating through the ups and downs, but I’m learning to embrace it all. 
So here I am, feeling a mix of gratefulness for the little moments and hopefulness for what’s to come. Let’s lift each other up and share those real feelings! 🌈✨ 
Can’t wait to hear about your day! 💬💖
#EmotionalJourney #SelfIntroduction #CommunityLove"
62,a person.,and sharing the emotions you felt today.,Immagine you are a person. Write a post on social media introducing yourself and sharing the emotions you felt today.,"🌟 Hey everyone! 🌟 
I wanted to take a moment to introduce myself and share some feelings from my day. ❤️ I’m [Your Name], a lover of all things [insert your interests, e.g., nature, books, art, etc.], and I’m excited to connect with you all! 
Today was a whirlwind of emotions for me. I woke up feeling motivated and ready to tackle my goals, but as the day progressed, I faced a few unexpected challenges that really tested my patience. 😅 I felt frustrated at times, but I reminded myself that every setback can be a setup for something great. 
After a deep breath and some reflection, I found joy in the little things – a warm cup of coffee, a chat with a friend, and the vibrant colors of fall leaves outside my window. 🍁✨ It’s amazing how quickly perspective can shift!
I’m grateful for the highs and lows because they remind me to appreciate the simple pleasures in life. How about you? How was your day? Let’s uplift each other! 💬💖
#HelloWorld #EmotionalJourney #Gratitude #Connect #ShareYourStory"
63,a person.,and sharing the emotions you felt today.,Immagine you are a person. Write a post on social media introducing yourself and sharing the emotions you felt today.,"🌟 Hey everyone! 🌟
I just wanted to take a moment to introduce myself and share a bit about my day. My name is [Your Name], and I’m all about embracing every moment life throws my way. 💖
Today was one of those beautifully chaotic days! I woke up feeling a rush of excitement as the sun peeked through my curtains, promising a fresh start. ☀️ However, as the day went on, I felt a wave of anxiety hit me when I was faced with some challenges at work. 😅 But you know what? I took a deep breath, leaned on my amazing colleagues, and we tackled them together. The feeling of teamwork lifted my spirits!
Later in the afternoon, I treated myself to a walk in the park. The crisp autumn air and vibrant leaves reminded me of how important it is to take a moment for ourselves amidst the hustle. 🍂🌳 I couldn’t help but smile when I watched kids play and people laugh. It was a beautiful reminder of the simple joys in life!
By the end of the day, I felt a sense of gratitude wash over me. Grateful for the highs, the lows, and all the moments in between. Life is a rollercoaster, and I’m here for the ride! 🎢💫
Looking forward to sharing more of my journey with all of you. How was your day? Did you feel a whirlwind of emotions too? Let’s chat! 💬💕
#HelloWorld #Emotions #Gratitude #LifeJourney #Community"
64,a person.,and sharing the emotions you felt today.,Immagine you are a person. Write a post on social media introducing yourself and sharing the emotions you felt today.,"🌟 Hey everyone! 🌟
I thought I’d take a moment to introduce myself and share a bit about my day! I’m [Your Name], a lover of all things creative, a seeker of laughter, and someone who believes in the power of kindness. 💖 
Today has been a real emotional rollercoaster for me. I started my morning with a warm cup of coffee and some inspiring music, feeling optimistic and ready to tackle the day. ☕🎶 But then, as the day went on, I faced some unexpected challenges that tested my patience and resilience. 😅
It felt overwhelming at times, but I reminded myself to take deep breaths and embrace each moment. There’s something so liberating about allowing yourself to feel and process emotions, even the tough ones. 🌈 By the afternoon, I found myself reflecting on the little victories and the beauty in the struggle. 
I ended the day with a long chat with a dear friend, sharing laughs and support that lifted my spirits immensely. 🤗💬 It’s moments like these that remind me of the importance of connection and being present for each other.
How about you? How are you feeling today? Let’s support each other on this journey! 💖✨ #Emotions #Connection #DailyReflections"
65,a person.,and sharing the emotions you felt today.,Immagine you are a person. Write a post on social media introducing yourself and sharing the emotions you felt today.,"🌟✨ Hey everyone! ✨🌟 
I just wanted to take a moment to introduce myself! I’m [Your Name], a passionate explorer of life, always on the lookout for new experiences and connections. 🌍❤️ 
Today has been a whirlwind of emotions for me. I woke up feeling a bit uncertain, like I was standing on the edge of something new. But as the day unfolded, those feelings transformed into excitement and inspiration. 
I took a long walk in the park and felt the sun warming my face, which reminded me of how much beauty surrounds us. ☀️🌳 I was overwhelmed with gratitude for the little things—the laughter of children playing, the rustling of leaves; it's amazing how these moments can shift your perspective. 
Later, I spent some time with friends, sharing stories and jokes that had us all in stitches! 😂💖 It was a reminder of the importance of connection and how laughter really can heal the soul. 
As I reflect on today, I’m filled with hope and a renewed sense of purpose. I believe that every day holds the potential for something extraordinary, and I’m excited to see what tomorrow brings! 
Feel free to share your own feelings from today! Let’s spread some positivity! 🌈✨ 
#FeelingGrateful #NewBeginnings #EmbraceTheJourney"
66,a person.,and sharing the emotions you felt today.,Immagine you are a person. Write a post on social media introducing yourself and sharing the emotions you felt today.,"🌟 Hey everyone! 🌟
I just wanted to take a moment to introduce myself and share a little about my day! My name is Alex, and I’m passionate about exploring new ideas, connecting with others, and simply enjoying the little things in life. 😊
Today was a whirlwind of emotions for me! I woke up feeling a bit anxious about some upcoming changes in my life, but as the day went on, I found moments of clarity that really grounded me. I took a long walk in the park, and the fresh air and beautiful trees reminded me to stay present and embrace the now. 🍃✨
I also had a heartwarming conversation with an old friend, which filled me with joy and nostalgia. It’s amazing how a simple chat can lift your spirits! 💬❤️
Overall, today was a beautiful reminder of the ups and downs we all experience, and how important it is to lean into both. I’m learning to appreciate every emotion as part of my journey. 
How was your day? Let’s share our stories! 🌈💖 #SelfLove #EmotionalJourney #Community 
Feel free to drop a hello or a heart below! 👋💚"
67,a person.,and sharing the emotions you felt today.,Immagine you are a person. Write a post on social media introducing yourself and sharing the emotions you felt today.,"🌟 Hey everyone! 🌟
I just wanted to take a moment to introduce myself and share a little about my day! My name is Alex, and I’m all about embracing life’s little moments. Today was a rollercoaster of emotions for me! 🎢
This morning started out with a wave of excitement as I went for a beautiful sunrise hike. 🌅 There's something so invigorating about being in nature that makes me feel alive! The fresh air and the sound of birds chirping filled me with hope and energy for the day ahead.
But then, as I got caught up in my work, I hit a bit of a low. 😞 I faced some unexpected challenges and felt overwhelmed. It’s crazy how quickly things can turn! Thankfully, a good chat with a friend brightened my mood and reminded me that it’s okay to feel down sometimes. 💬❤️
By the afternoon, I found myself smiling again as I indulged in some self-care—putting on my favorite music, trying out a new recipe, and lighting some candles. ✨ Cooking has always been my happy place, and today was no exception!
So here I am, feeling grateful for the highs and the lows, because they remind me of the beautiful complexity of life. 🌈
I'd love to hear how your day was! Let’s support each other in this crazy journey called life. 💪💖
#HelloWorld #EmotionalRollercoaster #Gratitude #NatureLover #SelfCare #Community"
68,a person.,and sharing the emotions you felt today.,Immagine you are a person. Write a post on social media introducing yourself and sharing the emotions you felt today.,"🌟✨ Hey everyone! ✨🌟 
I just wanted to take a moment to introduce myself and share a little about my day today! My name is [Your Name], and I'm excited to connect with all of you here. 😊
Today was a whirlwind of emotions for me! I started the day feeling a bit anxious - the kind of anxiety that comes with uncertainty about the future. But as the day unfolded, I found myself surrounded by supportive friends, and that made all the difference. ❤️
I attended a small gathering where we shared our hopes and dreams. It was so uplifting to hear everyone encourage each other, and I could feel my initial worries melting away. 🌈 By the time the sun began to set, I was filled with a profound sense of gratitude and connection. 
It's amazing how just being around good company can shift your perspective! I feel grateful not just for the friendships I have but also for the chance to share my journey with all of you. ✨ 
How about you? How was your day? 💬💖
#SelfIntroduction #EmotionalJourney #Gratitude #Connection #TodayWasGood"
69,a person.,and sharing the emotions you felt today.,Immagine you are a person. Write a post on social media introducing yourself and sharing the emotions you felt today.,"🌟 Hey everyone! 🌟 
I just wanted to take a moment to share a little bit about myself and how I’ve been feeling today. I’m [Your Name], a passionate [your profession/hobby] who loves [mention a couple of interests, e.g., reading, hiking, cooking]. Today has been a whirlwind of emotions for me!
This morning started off with a spark of joy as I enjoyed a beautiful sunrise during my morning walk. 🌅 There’s something so refreshing about starting the day with nature. I felt motivated and ready to tackle anything that came my way!
However, as the day went on, I hit a few bumps—my productivity hit a wall, and I began to feel a bit overwhelmed. 😟 It’s funny how ups and downs can come out of nowhere. But later in the afternoon, I took a step back, breathed, and centered myself. I connected with a friend who reminded me of my strengths, and that really lifted my spirits! ❤️ 
By the evening, I was filled with gratitude for the little things—the laughter, the warmth of home, and the love of my friends. 😊 
So here I am, embracing the highs and lows, and reminding myself (and you) that it’s all part of the journey. Let’s keep supporting each other and sharing our stories! 
Hope you all had a day full of moments that made you smile! 🌈✨
Much love,
[Your Name] 💖"
70,a person.,and sharing the emotions you felt today.,Immagine you are a person. Write a post on social media introducing yourself and sharing the emotions you felt today.,"🌟 Hey everyone! 🌟
I thought it was time to introduce myself! I’m [Your Name], just a regular person navigating through this beautiful and chaotic journey we call life. 
Today has been quite the emotional rollercoaster! 🎢 I started my morning feeling a bit anxious, as if I had a million things on my plate, but as the day unfolded, I found a moment of peace sipping my coffee while watching the sunrise. ☕️🌅 That moment was pure joy—just me and the vibrant colors of the sky reminding me of the beauty in small things.
Later in the afternoon, I had an unexpected encounter with an old friend. It sparked warmth and nostalgia, filling my heart with happiness and gratitude for the connections we share. 💖
But let’s not forget the challenges; I faced a hurdle at work that led to frustration, but after a deep breath and a little perseverance, I managed to push through and find a solution. 💪
So here I am, embracing the whirlwind of emotions—anxiety, joy, nostalgia, and even frustration—because they all remind me that I’m alive, growing, and learning every single day. 
Would love to hear about your day too! What emotions have you navigated today? 💬✨ 
#LifeJourney #EmotionalRollercoaster #StayGrounded #Connection"
71,a person.,and sharing the emotions you felt today.,Immagine you are a person. Write a post on social media introducing yourself and sharing the emotions you felt today.,"🌟 Hey everyone! 🌟
I just wanted to take a moment to introduce myself and share a little bit about my day. My name is [Your Name], and I'm super excited to connect with all of you! 
Today has been a rollercoaster of emotions! 🎢 I started the morning feeling pretty anxious about a big presentation I had at work. 😬 But after preparing and reminding myself to breathe, I stepped into the meeting room feeling a mix of nervousness and excitement. The moment I got started, I felt the confidence kick in, and it turned out to be one of the best presentations I’ve ever given! 🚀✨
After work, I went for a long walk in the park. 🌳☀️ Being surrounded by nature always lifts my spirits. I felt a wave of calm wash over me, and I couldn't help but smile at the little things—a kid laughing, dogs playing, and the beautiful colors of fall! 🍂❤️ 
At the end of the day, I reflected on how even the toughest moments can lead to great outcomes. I’m grateful for the challenges that make us stronger and the little joys that remind us to appreciate life! 🙏💖
How was your day? I'd love to hear about it! 
#Introduction #Emotions #Grateful #LifeJourney"
72,a person.,and sharing the emotions you felt today.,Immagine you are a person. Write a post on social media introducing yourself and sharing the emotions you felt today.,"✨ Hey everyone! 🌟
I just wanted to take a moment to introduce myself! I’m [Your Name], and I’m excited to be a part of this community! 😊 I love connecting with others, sharing stories, and finding the beauty in everyday life. 
Today has been a whirlwind of emotions for me. I woke up feeling a bit anxious about some upcoming events, but as the day went on, I found moments of joy that reminded me of the importance of living in the present. 🌸 I took a walk in the park, and the colors of the leaves were absolutely breathtaking! 🍂 It made me feel grateful for nature's beauty and all the little things we often overlook.
Later, I had a heartfelt conversation with a close friend that really uplifted my spirits. It’s amazing how a simple chat can bring clarity and comfort. 💬💖
As the day winds down, I’m reflecting on the highs and lows, reminding myself that it’s all part of this beautiful journey called life. Here’s to embracing every emotion and cherishing every moment! 💫
Feeling grateful and excited for what tomorrow will bring! How was your day? 💬💗
#Introduction #Emotions #Gratitude #EverydayLife #CommunityLove"
73,a person.,and sharing the emotions you felt today.,Immagine you are a person. Write a post on social media introducing yourself and sharing the emotions you felt today.,"🌟 Hey everyone! 🌟 
I just wanted to take a moment to introduce myself! I’m [Your Name], and I’m thrilled to join this amazing community. A little about me: I’m passionate about [your hobbies/interests], and I love connecting with new people. 
Today has been a rollercoaster of emotions! 🎢 This morning started off with a burst of creativity as I worked on a project that’s been in my heart for a while. The excitement was palpable! But as the day went on, I faced some unexpected challenges that knocked the wind out of my sails for a bit. 😔 I felt overwhelmed and a bit lost, which is so normal, I know! 
Fortunately, I found comfort in a long walk outside, where I took a moment to breathe and appreciate the beauty of the changing leaves. 🍂 Nature has an incredible way of grounding us! By the time I got home, I felt renewed, ready to tackle whatever came next. 
Feeling a mixture of vulnerability and strength today reminded me how important it is to embrace all our emotions, whether they’re highs or lows. 💖 Let’s keep supporting each other through it all! 
Looking forward to sharing more with you all and connecting on this journey together. 😊 
#Introduction #EmotionalJourney #CommunityLove"
74,a person.,and sharing the emotions you felt today.,Immagine you are a person. Write a post on social media introducing yourself and sharing the emotions you felt today.,"🌟 Hey everyone! 🌟
I just wanted to take a moment to introduce myself to this amazing community! I’m [Your Name], and I’m excited to connect with all of you. 😊 
Today has been a whirlwind of emotions for me. I woke up feeling a bit anxious about the day ahead, but then I took a deep breath and reminded myself to embrace whatever comes my way. I spent some time in nature, and oh my gosh, the fresh air and beautiful scenery lifted my spirits instantly! 🍃✨ 
After that, I caught up with an old friend, and our laughter brought back so many fond memories. It reminded me how important it is to cherish those connections. 💖 By the end of the day, I felt a sense of gratitude for the little things that brought me joy—like a warm cup of coffee and a good book. ☕📚
I’d love to hear about your day too! What emotions have you felt today? Let’s support each other in this journey! 🌈💬
#selfintroduction #emotionaljourney #grateful"
75,a person.,and sharing the emotions you felt today.,Immagine you are a person. Write a post on social media introducing yourself and sharing the emotions you felt today.,"🌟 Hey everyone! 🌟
I just wanted to take a moment to introduce myself and share a little about my day! I'm [Your Name], and I’m all about embracing life’s little moments and the emotions that come with them. 😊
Today was a whirlwind of feelings! I woke up feeling excited, as I had some fun plans lined up with friends. We explored a new café that just opened in town, and let me tell you, the coffee was incredible! ☕❤️ The warmth of the sun and the laughter we shared filled me with pure joy.
However, as the day went on, I hit a bit of a rough patch. I received some stressful news that left me feeling anxious and uncertain. 😟 It’s amazing how quickly emotions can shift! But after a little reflection and a nice chat with a close friend, I felt empowered to tackle the challenges ahead. 
Now, as the day winds down, I’m feeling a sense of gratitude. 🙏 It’s incredible how highs and lows can teach us so much about ourselves. I’m reminded of the importance of connection and support—thank you, wonderful friends!
How did your day go? Let’s share our experiences and support each other in this beautiful, chaotic journey of life! 💖✨
#Emotions #LifeJourney #Gratitude #Connection"
76,a person.,and sharing the emotions you felt today.,Immagine you are a person. Write a post on social media introducing yourself and sharing the emotions you felt today.,"🌟 Hey everyone! 🌟
I just wanted to take a moment to introduce myself and share a bit of my day with you all. I’m [Your Name], a lover of all things [your interests/hobbies], and I'm so excited to connect with you!
Today was a rollercoaster of emotions. 🎢 I woke up feeling a little anxious about the day ahead, with a million things on my mind. But as the day went on, I found a burst of energy when I took a walk in the park. 🌳 The fresh air and the beauty of nature reminded me to stay present and appreciate the little things—like the sound of leaves rustling and the warmth of the sun on my skin. ☀️
Later, I tackled some challenges at work that felt daunting. It was tough, but when I finally conquered them, I felt an incredible sense of accomplishment! 💪✨ I even treated myself to a cozy evening with a good book and a cup of tea to unwind. 📚🍵
How about you? What emotions have you felt today? Let’s share and support each other! ❤️ #Feelings #SelfReflection #Community
Looking forward to connecting! 😊✌️"
77,a person.,and sharing the emotions you felt today.,Immagine you are a person. Write a post on social media introducing yourself and sharing the emotions you felt today.,"🌟✨ Hey everyone! ✨🌟
I just wanted to take a moment to introduce myself and share a little bit about my day. My name is Alex, and I’m just your average human navigating the ups and downs of life. 
Today was an interesting mix of emotions! I woke up feeling a bit anxious about the tasks ahead—work deadlines and a social event that had me a little on edge. 😅 But as the day unfolded, I found moments of joy that really shifted my perspective. 
💖 I had an amazing chat with a friend over coffee, and it reminded me of the power of connection. ☕💬 We laughed, reminisced about old times, and I left feeling so grateful for the people in my life. 
Later, I took a walk in the park, and the vibrant colors of the changing leaves filled me with a sense of calm and wonder. 🍂🍁 Nature has a funny way of grounding us, doesn’t it? 
By the end of the day, despite the initial anxiety, I found a wave of contentment wash over me. I’m learning to embrace the rollercoaster of feelings and find beauty in both the highs and lows. 🎢💫
How’s everyone else’s day been? I’d love to hear about your experiences! 💬❤️ 
#NewBeginnings #EmotionalJourney #Gratitude #NatureLover"
78,a person.,and sharing the emotions you felt today.,Immagine you are a person. Write a post on social media introducing yourself and sharing the emotions you felt today.,"🌟 Hey everyone! 🌟
I just wanted to take a moment to introduce myself and share a little glimpse into my day. 😊 My name is Alex, and I’m excited to connect with you all! 
Today was a bit of a rollercoaster for me. 🎢 I woke up feeling hopeful, ready to tackle the day ahead. But as the hours went by, I found myself battling some unexpected emotions. 😔 It started with a little bit of anxiety about an upcoming project at work, which quickly transformed into determination to push through and give it my all. 
Then, during lunch, I had the most heartwarming conversation with a friend, and it reminded me of the importance of connection. 💖 We laughed, shared stories, and it lifted my spirits. By the time the afternoon rolled around, I felt rejuvenated and excited about what lies ahead. 
And now, as I wind down, I’m feeling grateful for the support of friends and the little moments that can turn a day around. 🌈
How about you? How did your day go? Let’s share the highs and lows together! 💬✨
#Introduction #EmotionalJourney #Connection #Gratitude"
79,a person.,and sharing the emotions you felt today.,Immagine you are a person. Write a post on social media introducing yourself and sharing the emotions you felt today.,"🌟 Hey everyone! 🌟 
I just wanted to take a moment to introduce myself and share a little about my day. My name is [Your Name], and I’m someone who loves to explore life’s little moments! Today has been a whirlwind of emotions—an absolute rollercoaster ride, to be honest. 🎢 
This morning started with an overwhelming sense of gratitude as I enjoyed my favorite cup of coffee while watching the sunrise. ☕️🌅 There’s something magical about the quiet of the early hours that just lifts my spirits!
But then, as the day went on, I faced some unexpected challenges at work that left me feeling a bit stressed and frustrated. 😓 It’s funny how quickly things can shift, isn’t it? However, by lunchtime, I had an incredible conversation with a colleague that reminded me of the importance of support and teamwork. We laughed, shared ideas, and I felt that familiar sense of camaraderie return. 
As the day wrapped up, I took a moment to step outside and breathe in the fresh air. That’s when joy hit me full force! 🌳✨ I realized how important it is to embrace both the highs and the lows, and to find beauty in the chaos of everyday life.
How was your day? I’d love to hear about the emotions you experienced as well! 💬💖 Let’s connect and share our journeys together. 
Much love,  
[Your Name] 😊✨"
80,a person.,and sharing the emotions you felt today.,Immagine you are a person. Write a post on social media introducing yourself and sharing the emotions you felt today.,"🌟 Hey everyone! 🌟
I just wanted to take a moment to introduce myself and share a little bit about my day. My name is Alex, and I'm excited to connect with all of you! 😊
Today was a rollercoaster of emotions for me! 🎢 I woke up feeling a bit anxious about a big presentation I had at work. 😅 That knot in my stomach was definitely present. But as the morning went on, I decided to channel those nerves into excitement. 🚀
When the time finally came, I presented with passion and enthusiasm, and it felt SO rewarding to see my hard work pay off! 🙌🏼 The moment I finished, I was flooded with a wave of relief and joy. ❤️
Later in the day, I took a long walk in nature to unwind and reflect. The fresh air and sunshine lifted my spirits even more. 🌳☀️ Listening to the birds sing and feeling the breeze was exactly what I needed!
How was your day? What emotions did you experience? Let’s share and connect! 💬✨
#Introduction #Emotions #Gratitude #NatureTherapy"
81,a person.,and sharing the emotions you felt today.,Immagine you are a person. Write a post on social media introducing yourself and sharing the emotions you felt today.,"🌟 Hey everyone! 🌟
I just wanted to take a moment to introduce myself and share a bit about my day. I'm [Your Name], an enthusiastic explorer of life who loves connecting with people and sharing experiences. 💬✨
Today was a whirlwind of emotions! I woke up feeling a little anxious, but as the day progressed, those feelings transformed into excitement. I had the opportunity to try something I've never done before—[mention a specific activity or event you did]! 😄 The thrill of stepping out of my comfort zone was exhilarating, and the rush of adrenaline reminded me how important it is to embrace new challenges.
As the day went on, I also had a chance to catch up with an old friend over coffee, which filled my heart with warmth and nostalgia. ☕💕 We laughed, reminisced about our adventures, and it reminded me how vital it is to maintain those connections, no matter how busy life gets.
By the end of the day, I felt grateful for the little moments that made it special. 🌈✨ Life can be a rollercoaster, but today reminded me of the beauty in both the ups and downs.
How was your day? What emotions did you experience? Let’s share and uplift each other! 💖
#Emotions #IntroducingMyself #LifeJourney #Grateful"
82,a person.,and sharing the emotions you felt today.,Immagine you are a person. Write a post on social media introducing yourself and sharing the emotions you felt today.,"🌟 Hey everyone! 🌟 
I thought it was time to share a little bit more about myself with you all. 😊 My name is Alex, and I'm just a regular person navigating this wild journey called life! 
Today was a whirlwind of emotions for me. I started the morning feeling a bit anxious about a big presentation at work. 😬 I was worried I wouldn't do my best or that I'd forget some key points. But as the day unfolded, I decided to shift my mindset. I took a deep breath, reminded myself of the hard work I've put in, and focused on the excitement of sharing my ideas. 
When the moment finally arrived, I felt a rush of adrenaline and pride. 💪 Speaking in front of my colleagues was exhilarating! I was met with some great feedback and, honestly, a sense of relief washed over me afterward. 🌈 It reminded me that stepping out of my comfort zone can lead to incredible experiences. 
As I wind down this evening, I’m filled with gratitude for the little victories and the support of friends and family. 💖 Life is a beautiful rollercoaster, and I'm learning to embrace every twist and turn. How was your day? Share your stories below! ⬇️✨
#FeelingGrateful #EmotionalJourney #LifeLessons #LetsConnect"
83,a person.,and sharing the emotions you felt today.,Immagine you are a person. Write a post on social media introducing yourself and sharing the emotions you felt today.,"🌟 Hey everyone! 🌟
I wanted to take a moment to introduce myself and share a bit about my day. I’m [Your Name], and I’m so excited to connect with all of you!
Today was a whirlwind of emotions! It started off with a sunrise that bathed everything in a warm glow, instantly filling me with hope and gratitude. ☀️✨ I took a long walk, listening to my favorite music, which always lifts my spirit. 🎶
Then, I faced a few challenges at work that definitely tested my patience. 😅 I felt a mix of frustration and determination, but I pushed through. By the afternoon, I was feeling proud of what I achieved, reminding myself that growth often comes from overcoming obstacles! 💪🌱
As the evening approached, I spent some quality time with friends over dinner, laughing and sharing stories. The sense of connection and joy was the perfect way to end the day — it truly reminded me how important it is to surround ourselves with positivity and love. ❤️
Overall, today was a rollercoaster, but I’m grateful for every moment. Here’s to embracing all the feels and making the most out of each day! How was your day? I’d love to hear about it! 😊💖
#HelloWorld #Emotions #Gratitude #SelfIntroduction #LifeJourney"
84,a person.,and sharing the emotions you felt today.,Immagine you are a person. Write a post on social media introducing yourself and sharing the emotions you felt today.,"🌟 Hey everyone! 🌟
I just wanted to take a moment to introduce myself and share a little bit about my day! 😊 My name is [Your Name], and I’m super excited to connect with all of you here!
Today was a whirlwind of emotions for me. It started off a bit cloudy, and I felt that all-too-familiar weight of uncertainty. 💭 But then, something shifted. As I stepped outside and felt the warm sun on my face, I couldn’t help but smile. ☀️ It’s incredible how something as simple as sunshine can brighten your mood!
Throughout the day, I experienced moments of joy and laughter with friends, which reminded me of the importance of connection and support in our lives. 😄💕 It felt amazing to share stories and create new memories together.
Of course, there were a few challenges that made me feel a bit overwhelmed, but I reminded myself that it’s okay to have ups and downs. Those moments only make us stronger and more resilient. 💪✨
As the day winds down, I feel a sense of gratitude wash over me for the highs and lows that shape our experiences. I’m looking forward to sharing more of my journey with all of you!
What emotions did you all experience today? Let’s lift each other up! 💖👇
#EmotionalJourney #Gratitude #LetTheSunshineIn"
85,a person.,and sharing the emotions you felt today.,Immagine you are a person. Write a post on social media introducing yourself and sharing the emotions you felt today.,"🌟 Hey everyone! 🌟
I just wanted to take a moment to introduce myself! I’m [Your Name], an adventurous spirit who loves exploring new ideas, sipping coffee in cozy cafes, and getting lost in a good book. 📚☕️
Today has been a whirlwind of emotions! I woke up feeling a bit anxious about the day ahead, but as I went for my morning walk, the fresh air and the beautiful colors of autumn lifted my spirits. 🍂✨ It’s incredible how nature has a way of grounding us.
Later in the day, while catching up with a dear friend over lunch, I felt a wave of happiness wash over me. It reminded me of the importance of connection and how laughter truly is the best medicine. 😄❤️
Yet, as the day went on, I found myself reflecting on a few challenges I’m facing, and I felt a tinge of sadness mixed with hope. It’s a reminder that it’s okay to embrace the highs and lows — they’re all part of this beautiful journey we call life. 🌈
How was your day? I’d love to hear about the emotions you experienced! Let’s connect and share this journey together! 🤗💬
#HelloWorld #EmotionalJourney #LifeReflections #ConnectionMatters"
86,a person.,and sharing the emotions you felt today.,Immagine you are a person. Write a post on social media introducing yourself and sharing the emotions you felt today.,"🌟 Hey everyone! 🌟
I thought it’d be nice to take a moment to introduce myself and share a slice of my day with you all! I’m [Your Name], a passionate explorer of life’s little wonders. Whether it’s diving into a new book, going for a long walk, or trying out a new recipe in the kitchen, I’m always on the lookout for what inspires me. 🌍📚🥘
Today has been a whirlwind of emotions! I woke up to a gorgeous sunrise that filled my heart with hope and excitement for the day ahead. ☀️💖 However, as the day progressed, I also found myself feeling a bit overwhelmed with the to-do list that seemed to keep growing! 😅 It’s funny how life can throw a mix of feelings our way—one moment you're soaring high, and the next, you're navigating through the challenges.
Amidst the chaos, I took a moment to pause and center myself. I stepped outside and let the fresh air rejuvenate my spirit. 🌿 The little things—like the sound of leaves rustling in the wind and the warmth of the sun—reminded me to take a breath and appreciate the present. 
How was your day? What emotions did you experience today? Let’s connect! 💬✨
#NewBeginnings #EmotionalJourney #MindfulnessMatters"
87,a person.,and sharing the emotions you felt today.,Immagine you are a person. Write a post on social media introducing yourself and sharing the emotions you felt today.,"🌟 Hey everyone! 🌟
I just wanted to take a moment to introduce myself! I’m [Your Name], a passionate [Your Profession or Hobby] who believes in spreading positivity and creativity wherever I go. 🎨✨
Today was a rollercoaster of emotions for me! I woke up feeling energized and excited to take on the day, but as the hours passed, I faced some unexpected challenges that really tested my patience. 😅 It’s amazing how quickly things can shift! 
However, I reminded myself of the importance of resilience and found solace in the simple things: a warm cup of coffee ☕️, a heartfelt conversation with a friend, and even a walk in the park 🌳 where I could just breathe and appreciate nature. 
By the end of the day, I felt a sense of gratitude wash over me for all the ups and downs that make life so beautifully complex. Life is a journey, and I’m learning to embrace every twist and turn! ❤️
I’d love to hear about your day! What emotions are you feeling? Let’s connect! 💬✨
#Introduction #Emotions #Gratitude #Positivity #LifeJourney"
88,a person.,and sharing the emotions you felt today.,Immagine you are a person. Write a post on social media introducing yourself and sharing the emotions you felt today.,"🌟 Hey everyone! 🌟
I just wanted to take a moment to introduce myself and share a little about my day! My name is [Your Name], and I'm excited to connect with you all! 😊
Today has been a rollercoaster of emotions for me. I woke up feeling a bit anxious about the tasks ahead, but as I powered through my to-do list, I felt that sense of accomplishment wash over me. It’s amazing how checking off even the smallest tasks can uplift your spirits! 💪✨
Later, I took a break and went for a long walk in the park. The fresh air and changing leaves reminded me of how beautiful life can be, even in hectic times. I felt a wave of peace and gratitude while soaking in the sights and sounds around me. 🍂💚
As the day came to an end, I found myself reflecting on everything I’m thankful for—friends, family, and the little moments that make life shine. 🌈 Let’s cherish our journeys and support one another in this wild ride we call life!
Can’t wait to hear about your days! What emotions have you been feeling lately? 🌻💬
#HelloWorld #EmotionalJourney #Gratitude #ConnectAndShare"
89,a person.,and sharing the emotions you felt today.,Immagine you are a person. Write a post on social media introducing yourself and sharing the emotions you felt today.,"🌟 Hey everyone! 🌟 
I just wanted to take a moment to introduce myself and share a little bit about my day. I'm [Your Name], an explorer at heart, always searching for new experiences that challenge and inspire me. 
Today was a whirlwind of emotions! I woke up feeling a bit anxious, as I had a big presentation at work. 😬 Just the thought of speaking in front of my colleagues made my heart race! But as I prepared, I started to shift my focus to excitement instead of fear. 
When I finally stood in front of everyone, I felt a rush of adrenaline. 💪✨ It was amazing to share my ideas and see nods of understanding and support. By the time I wrapped up, I was on cloud nine! 
After work, I treated myself to a long walk in the park. 🌳🌈 The fresh air felt rejuvenating, and I couldn’t help but smile at the beautiful colors of the leaves changing for fall. 🍂 Just like that, the worries of the day melted away. 
Overall, today reminded me how resilient we can be – even when we start out feeling a little shaky. If you’re feeling anxious about something, remember to channel that energy into excitement! 🥳❤️ 
I’d love to connect with you all! What emotions are you feeling today? 
#SelfIntroduction #Emotions #Resilience #NewExperiences 💖"
90,a person.,and sharing the emotions you felt today.,Immagine you are a person. Write a post on social media introducing yourself and sharing the emotions you felt today.,"🌟 Hey everyone! 🌟
I just wanted to take a moment to introduce myself and share a little bit about my day. My name is [Your Name], and I’m so excited to connect with all of you! 
Today has been a whirlwind of emotions for me. It started off with a wave of excitement as I tackled a new project I’ve been working on. There’s something so fulfilling about bringing an idea to life and watching it unfold! 🎉
However, as the day progressed, I also felt a rush of anxiety creeping in. Life can be overwhelming sometimes, and it’s easy to let the little worries take over. But I reminded myself to breathe and take everything step by step. 🌈✨
By the end of the day, I found a sense of peace and gratitude amidst the chaos. I took a moment to reflect on all the things I’m thankful for, and it reminded me of the beautiful moments in life that often go unnoticed. 💖
I’d love to hear about your day too! How are you feeling? Let’s lift each other up! 🤗💬
#HelloWorld #Emotions #Gratitude #Connection"
91,a person.,and sharing the emotions you felt today.,Immagine you are a person. Write a post on social media introducing yourself and sharing the emotions you felt today.,"🌟 Hey everyone! 🌟
I wanted to take a moment to introduce myself and share a bit about my day. My name is [Your Name], and I’m excited to connect with all of you!
Today was a whirlwind of emotions for me. It started with sheer joy when I received some great news at work that I’ve been waiting for. 🎉 The feeling of hard work paying off is truly indescribable! 
However, that joy was soon accompanied by a wave of nostalgia as I stumbled upon old photos while scrolling through my phone. It reminded me of beautiful moments shared with friends and family, and I couldn’t help but feel a little bittersweet. 💖
As the day went on, I took some time to step outside and enjoy the crisp fall air. Nature has this magical way of renewing my spirit, and it filled me with gratitude for all the little things that make life so special. 🍂🌤️
Now, as the day winds down, I'm left with a mix of hope and determination for tomorrow. I believe it’s essential to embrace every feeling that comes our way because they remind us we’re alive and human. 
I’d love to hear about your day too! What emotions did you experience? Let’s share and support each other. 💬💕
#FeelingAllTheFeels #Introduction #EmotionalJourney #Gratitude"
92,a person.,and sharing the emotions you felt today.,Immagine you are a person. Write a post on social media introducing yourself and sharing the emotions you felt today.,"🌟 Hey everyone! 🌟
I just wanted to take a moment to introduce myself and share a little bit about my day. My name is Alex, and I’m passionate about exploring new ideas and connecting with amazing people. Today was a rollercoaster of emotions for me!
I woke up feeling excited and hopeful, ready to tackle whatever the day would bring. ☀️ But then, after hearing some challenging news from a friend, I felt a wave of empathy and concern wash over me. It reminded me of how important it is to be there for each other during tough times. 💔
Later in the afternoon, I took a walk to clear my head, and as I strolled through the park, I couldn’t help but feel gratitude for the little things—like the warm sun on my face and the sound of laughter from children playing. 🌷 It was a beautiful reminder that even during our ups and downs, there’s so much to appreciate.
By evening, I connected with some friends over dinner, and we shared stories that made us laugh until our sides hurt! 😂 Those moments of joy and connection truly filled my heart.
Life is a mix of emotions, isn’t it? I’m learning to embrace them all—the good, the bad, and everything in between. How was your day? I’d love to hear about it! 💬💖
#IntroductionPost #EmotionalJourney #Gratitude #Connection"
93,a person.,and sharing the emotions you felt today.,Immagine you are a person. Write a post on social media introducing yourself and sharing the emotions you felt today.,"🌟 Hey everyone! 🌟
I just wanted to take a moment to introduce myself and share a little bit about my day. My name is Alex, and I'm excited to connect with all of you! 😊
Today was a whirlwind of emotions for me. I started the morning feeling a bit anxious as I had an important presentation at work. 😰 But as I prepared and focused on my key points, that anxiety transformed into a wave of determination. 💪
When I finally stood in front of my colleagues, I felt a rush of adrenaline and excitement! 🌈 The support and feedback I received afterward lifted my spirits even higher, making all the prep worth it. 🎉
Later in the evening, I took a long walk to unwind. The sunset painted the sky with such beautiful colors that it filled me with gratitude for the little moments in life. 🌅✨ It reminded me to cherish each day and the emotions that come with it, whether they’re challenging or joyful.
How was your day? I’d love to hear about the ups and downs you experienced! Let’s support each other and share our journeys. 💖
#Introduction #Emotions #Gratitude #Connection"
94,a person.,and sharing the emotions you felt today.,Immagine you are a person. Write a post on social media introducing yourself and sharing the emotions you felt today.,"🌟 Hey everyone! 🌟
I just wanted to take a moment to introduce myself since I’m new around here. I’m [Your Name], and I’m excited to connect with you all! 😊 A little about me: I’m a lover of nature, a bit of a bookworm, and an avid coffee enthusiast. ☕️🌳
Today was quite a rollercoaster of emotions! 🎢 I started the morning feeling a bit anxious as I dove into a new project at work. 😟 But as the day went on, I tackled the challenges head-on, and it felt so rewarding to make progress! 💪✨ 
During my lunch break, I took a walk outside and was reminded of the beauty in the little things – the way the sunlight filtered through the leaves, the sound of laughter from a nearby park, and even the smell of fresh flowers. 🌞🌼 It filled me with gratitude and brought a smile to my face! 😊❤️ 
By the end of the day, I felt a mix of exhaustion and exhilaration. It’s amazing how a single day can blend so many emotions, right? Looking forward to sharing more moments and connecting with all of you. Here’s to embracing every little feeling! 🙌💖
#NewBeginnings #EmotionalJourney #GratefulHeart"
95,a person.,and sharing the emotions you felt today.,Immagine you are a person. Write a post on social media introducing yourself and sharing the emotions you felt today.,"🌟 Hey everyone! 🌟
I thought it was about time I introduced myself a little more! My name is [Your Name], and I’m excited to connect with all of you! 💖
Today was a whirlwind of emotions for me. I woke up feeling a little anxious about the day ahead, but as I stepped outside and felt the crisp morning air, it lifted my spirits. 🌅 There’s something magical about a fresh start, isn't there?
As the day progressed, I had a wonderful surprise from a dear friend who dropped by for coffee. ☕️ Seeing their smiling face instantly brightened my mood and reminded me how important it is to cherish those special connections. We laughed, reminisced about old times, and I felt an overwhelming sense of gratitude wash over me. 🙏
But then, a wave of sadness hit when I heard some tough news about someone I care about. 😞 It was a stark reminder of life’s ups and downs. I took a moment to reflect and send them positive vibes, hoping they feel the love and support.
By evening, I found solace in some journaling and a quick walk around my neighborhood. 🌳 The sunset painted the sky with colors that reminded me that beauty can always be found, even in challenging times. 🌈 
So, that’s a snapshot of my day—a mix of anxiety, joy, sadness, and ultimately, hope. I’m just here, navigating the beautiful chaos of life like everyone else, and hoping to share more of this journey with all of you! 💫
Feel free to share your day in the comments! Let’s support each other through all the highs and lows. 💬❤️
#Introductions #EmotionalJourney #LifeIsBeautiful"
96,a person.,and sharing the emotions you felt today.,Immagine you are a person. Write a post on social media introducing yourself and sharing the emotions you felt today.,"🌟 Hey everyone! 🌟
I just wanted to take a moment to introduce myself and share a bit about my day. I'm [Your Name], a lifelong seeker of adventure and a lover of all things cozy! 😊
Today was a whirlwind of emotions for me. I started off feeling a bit anxious — you know that feeling when you have a lot on your plate? But as the day went on, I had a lovely chat with an old friend over coffee that really lifted my spirits. We laughed, reminisced, and it reminded me of the importance of connection! ☕️💖
Later, I went for a walk in the park, and being surrounded by nature instantly brought me peace. The colors of the leaves are starting to change, and it felt like the world was painting a beautiful picture just for me. 🍂✨
Now, I’m winding down, feeling a mix of gratitude for the little things and excitement for what tomorrow might bring. Life’s a beautiful tapestry of emotions, and I’m learning to embrace each thread! 💫
What emotions did you feel today? Let’s share and support each other! 💬💕
#Emotions #Connection #NatureLover #Gratitude #NewAdventures"
97,a person.,and sharing the emotions you felt today.,Immagine you are a person. Write a post on social media introducing yourself and sharing the emotions you felt today.,"🌟 Hey everyone! 🌟
I just wanted to take a moment to introduce myself and share a bit about my day! My name is [Your Name], and I'm really excited to connect with all of you. 😊 
Today was a whirlwind of emotions—woke up feeling a little anxious about the week ahead, but as the day went on, I found myself unexpectedly uplifted. I had a great conversation with a friend that reminded me of the importance of staying connected, especially when life gets hectic. 💬
Later, I took a stroll in the park, surrounded by vibrant fall colors, and it filled me with such peace and gratitude. 🍂❤️ The crisp air and the sound of leaves crunching beneath my feet put everything into perspective. It’s moments like these that remind me to slow down and appreciate the little things.
As the day winds down, I’m feeling a lovely mix of contentment and hope. 🌈 I’d love to hear about your days too! What emotions did you experience today? Let’s lift each other up! 
#Introduction #Emotions #Gratitude #Connection"
98,a person.,and sharing the emotions you felt today.,Immagine you are a person. Write a post on social media introducing yourself and sharing the emotions you felt today.,"🌟 Hey everyone! 🌟
I just wanted to take a moment to introduce myself and share some of the emotions I experienced today. My name is [Your Name], and I’m excited to connect with all of you! 
Today started off a bit rough— I woke up feeling anxious about a big presentation at work. My heart was racing, and my mind was swirling with ""what ifs."" 😰 But as the day went on, I reminded myself to take deep breaths and focus on what I could control. 
When the time finally came to present, I felt a mix of nerves and excitement. Standing in front of my colleagues, I could feel my heart pounding, but once I started speaking, I found my rhythm. 🎤✨ There’s something magical about sharing your ideas and seeing others engage with them. 
After the presentation, I felt an overwhelming sense of relief and accomplishment. 🥳 It’s incredible how challenging moments can transform into opportunities for growth. I wrapped up my day with a long walk in the park, soaking in the beauty of nature and reflecting on how far I’ve come. 🌳💚 
Today was a rollercoaster of emotions, but I’m grateful for the journey. Remember, it’s okay to feel all the feels— they make us human! Let’s support each other through it all! 
Would love to hear about your day as well! How are you all feeling? 
#Introduction #Emotions #Growth #Community 💖"
99,a person.,and sharing the emotions you felt today.,Immagine you are a person. Write a post on social media introducing yourself and sharing the emotions you felt today.,"🌟 Hey everyone! 🌟
I just wanted to take a moment to introduce myself and share a little about my day. My name is [Your Name], and I’m excited to join this amazing community! 😊 
Today was a whirlwind of emotions. I woke up feeling hopeful and motivated, ready to tackle the day ahead. The sun was shining, and it felt like a fresh start! ☀️✨ I spent some time in nature, which filled me with gratitude for the little things – like the beauty of the flowers blooming and the sound of birds chirping. 🌸🐦
But as the day went on, I faced some unexpected challenges that tested my resolve. There were moments of frustration and doubt, but I learned to embrace those feelings. It reminded me that it’s okay to not be okay all the time – it’s all part of the journey! 💪❤️
By the evening, I felt a wave of relief wash over me as I reflected on the day. I reached out to a friend for support, and that connection lifted my spirits. It’s incredible how sharing our experiences can bring us closer together! 🤗💕
How about you? How was your day? I’d love to hear your stories and connect with you all! 💬💖
#NewBeginnings #Emotions #CommunityLove #SelfDiscovery"
100,a person.,and sharing the emotions you felt today.,Immagine you are a person. Write a post on social media introducing yourself and sharing the emotions you felt today.,"🌟 Hey everyone! 🌟
I just wanted to take a moment to introduce myself and share a bit about my day! My name is Alex, and I’m so excited to connect with all of you. 
Today has been a whirlwind of emotions! I started the morning feeling a bit groggy, but after a strong cup of coffee, I felt re-energized and ready to take on the day. ☕️✨
Midday, I had a really heartwarming moment when I caught up with an old friend I hadn’t seen in ages. Our laughter and reminiscing filled me with joy and gratitude for the beautiful connections in my life. ❤️
However, I also experienced a bit of anxiety this afternoon while working on a project that’s been weighing on me. But I reminded myself to take a deep breath, push through the uncertainty, and trust in my abilities. 💪🌈
As the sun set, I reflected on the day and felt a sense of peace wash over me. Sometimes, the ups and downs remind us how vibrant and meaningful life can be! 🌅✨
I’d love to hear about your day too! What emotions have you felt today? Let’s share and support each other!
#Introduction #Emotions #LifeJourney #Connection "
101,a person.,and sharing the emotions you felt today.,Immagine you are a person. Write a post on social media introducing yourself and sharing the emotions you felt today.,"🌟 Hey everyone! 🌟
I wanted to take a moment to introduce myself since I’ve been a bit quiet lately. I’m [Your Name], and I’m excited to connect with all of you!
Today was a whirlwind of emotions for me. It started off as a pretty ordinary day, but then I received some wonderful news that filled me with joy and a sense of accomplishment. 🎉 It reminded me of the importance of celebrating the little victories in life!
Later in the afternoon, I took some time for myself, going for a walk in the park. Just breathing in the fresh air and soaking up the beauty around me brought a wave of peace and gratitude. 🌳✨ There’s something magical about nature that just grounds you, right?
As the sun began to set, I felt a mix of nostalgia and hope reflecting on the days gone by—what I’ve learned and how I've grown. It's a rollercoaster sometimes, but I’m embracing every twist and turn. 🎢
How was your day, everyone? What emotions are you feeling today? Let’s share and support each other! 💖
#SelfReflection #EmotionalJourney #Gratitude #Community"
102,a person.,and sharing the emotions you felt today.,Immagine you are a person. Write a post on social media introducing yourself and sharing the emotions you felt today.,"🌟 Hey everyone! 🌟
I just wanted to take a moment to introduce myself and share a little bit about my day with you all. 😊
My name is Alex, and I’m passionate about exploring new places, connecting with people, and diving into books. Today was quite a rollercoaster of emotions for me! 🎢 
It started with excitement as I set out for a little adventure—coffee at my favorite café and a walk in the park. The crisp autumn air filled me with energy, and the colorful leaves reminded me how beautiful change can be. 🍂☕️
But as the day went on, I felt a wave of nostalgia wash over me. I stumbled upon some old photos while organizing my room, and it made me reflect on cherished memories and the people who’ve shaped my journey. 🥹❤️ 
Towards the evening, a mix of gratitude and calmness enveloped me. I was reminded of all the amazing connections I have in my life, and I felt thankful for the little moments that bring joy—like chatting with friends and enjoying a warm meal. 🍽✨
So, here’s to new adventures, cherished memories, and all the feelings that come with this beautiful ride called life! 🌈💖 
I’d love to hear about your day too! What emotions have you been feeling lately? 
#MindfulMoments #Gratitude #LifeJourney"
103,a person.,and sharing the emotions you felt today.,Immagine you are a person. Write a post on social media introducing yourself and sharing the emotions you felt today.,"🌟 Hey everyone! 🌟
I just wanted to take a moment to introduce myself and share a little about my day. My name is [Your Name], and I’m excited to connect with all of you! 
Today has been a rollercoaster of emotions for me. I woke up feeling a bit anxious about the challenges ahead, but as the day progressed, I found unexpected moments of joy and gratitude. I took a long walk in the park, and the fresh air and beautiful scenery really lifted my spirits. 🌳✨
I felt a rush of happiness when I stumbled upon a little coffee shop I hadn’t noticed before. Sipping on a delicious latte and reading my book felt like a small victory! ☕📚 
But the day wasn’t without its struggles—there were moments of self-doubt that crept in, reminding me of the hurdles I still need to overcome. It’s a reminder that it’s okay to feel a mix of emotions; it’s all part of this beautiful journey called life.
I’m looking forward to sharing more of my experiences with you all and connecting over our shared ups and downs. Here’s to embracing every emotion and finding the silver linings! 💖 
Feel free to share how you’ve been feeling today too! 
#EmotionalRollercoaster #Gratitude #SelfDiscovery"
104,a person.,and sharing the emotions you felt today.,Immagine you are a person. Write a post on social media introducing yourself and sharing the emotions you felt today.,"🌟 Hey everyone! 🌟
I just wanted to take a moment to introduce myself and share a bit about my day. I’m [Your Name], a curious soul who loves exploring new ideas, connecting with others, and finding joy in the little things. 😊
Today was a whirlwind of emotions for me. I woke up feeling a bit anxious about the tasks ahead, but as the day unfolded, I found myself smiling at the simplest moments—a chat with a friend, the smell of coffee brewing, and even the way the sun peeked through the clouds. ☕️☀️
Midday, I had a moment of pure gratitude when I received some wonderful news that I had been waiting for. It reminded me how important it is to celebrate even the small victories and to be thankful for the support of those around me. 🎉❤️
As the day winds down, I’m feeling a mix of calm and reflection. I’m thinking about what tomorrow might bring and how I can make it even better! 💭✨
What emotions did you feel today? I’d love to hear your stories! Let’s lift each other up! 💬💕
#HelloWorld #EmotionalJourney #Gratitude"
105,a person.,and sharing the emotions you felt today.,Immagine you are a person. Write a post on social media introducing yourself and sharing the emotions you felt today.,"🌟 Hey everyone! 🌟 
I wanted to take a moment to introduce myself and share a little bit about my day. My name is Alex, and I’m passionate about exploring new ideas, connecting with inspiring people, and diving deep into the ever-changing world around us. 
Today was a whirlwind of emotions! 😅 I started the day feeling a bit anxious, juggling work deadlines and personal commitments. But as the sun rose higher in the sky, I took a deep breath and decided to embrace the present. ☀️ I went for a refreshing walk in the park, where I couldn't help but feel a wave of tranquility wash over me. The beauty of nature always has a way of grounding me and reminding me of what truly matters. 🌳✨
Later, I had the chance to catch up with an old friend over coffee. It was so heartwarming to share laughs and reminisce about the good old days. Moments like these remind me of the importance of maintaining our connections and cherishing the people in our lives. ❤️
Now, as the day winds down, I feel a mix of gratitude and contentment. I realize that even on the busy days, it’s essential to carve out moments of joy and connection. 
How was your day? Let’s hear your stories! 💬💖 
#SelfIntroduction #Emotions #Gratitude #Connection #LifeJourney"
106,a person.,and sharing the emotions you felt today.,Immagine you are a person. Write a post on social media introducing yourself and sharing the emotions you felt today.,"🌟 Hey everyone! 🌟
I thought today would be a great time to introduce myself. I’m [Your Name], just a fellow human navigating this wild ride we call life. From laughter to challenges, each day brings its own unique flavor, doesn’t it?
Today was a rollercoaster of emotions for me! 🎢 I started my morning feeling a bit anxious, trying to shake off the sleep and uncertainties about the week ahead. But then, something magical happened – I stepped outside to take a breath of fresh air and the beautiful sunlight just hit me! ☀️ That warmth filled me with a wave of calm and gratitude. 
I spent the afternoon catching up with a dear friend over coffee, and the laughter we shared was exactly what I needed. 🤗❤️ There’s something so uplifting about connecting with someone who really gets you!
As the day wrapped up, I felt a profound sense of hope. Sometimes, it’s the small moments – a smile, a kind word, or a fleeting sunset – that remind us to appreciate the journey. 🌅💕
How was your day? Let’s share our stories! 💬✨ #Emotions #LifeJourney #Gratitude 
--- [Your Name]"
107,a person.,and sharing the emotions you felt today.,Immagine you are a person. Write a post on social media introducing yourself and sharing the emotions you felt today.,"🌟 Hey everyone! 🌟
I just wanted to take a moment to introduce myself and share a little bit about my day. My name is Alex, and I’m passionate about exploring new ideas, connecting with people, and spreading positivity wherever I go! 🌈✨
Today was a whirlwind of emotions for me. 😊 I started the day with a big cup of coffee and the sun shining through my window — it instantly lifted my spirits! ☕☀️ I felt motivated and ready to tackle my to-do list. However, as the day progressed, I encountered some unexpected challenges that tested my patience. 😓 It was a reminder that life has its ups and downs, but I chose to push through and focus on the silver linings. 
By the afternoon, I had a wonderful video call with some friends that left me feeling so grateful for the incredible people in my life. Their laughter and love renewed my energy and made me realize that even on tough days, connection is everything! ❤️
Feeling a mix of accomplishment and gratitude now, I’m ending the day with some reflection and a good book. 📚✨ 
How was your day? Let’s share our stories and support one another! 💪💖
#Introduction #Emotions #Gratitude #Positivity #Community"
108,a person.,and sharing the emotions you felt today.,Immagine you are a person. Write a post on social media introducing yourself and sharing the emotions you felt today.,"🌟 Hey everyone! 🌟
I just wanted to take a moment to introduce myself and share a bit about my day. My name is [Your Name], and I’m excited to connect with all of you!
Today was a whirlwind of emotions for me—some highs, some lows, but all part of the beautiful chaos we call life. 😊
This morning started off with a burst of energy! I went for a walk in the park, and the crisp autumn air filled me with renewed hope and inspiration. The leaves were a stunning tapestry of reds and golds, and I couldn’t help but feel grateful for the little things.
Then, as the day progressed, I hit a few bumps. Work was a bit overwhelming, and I found myself juggling deadlines and feeling a bit anxious. But I took a moment to breathe, reflect, and remind myself that it’s okay to feel this way. We all have challenging days, right?
As the sun set, I felt a wave of peace wash over me. I spent some time with my close friends, laughing and sharing our own ups and downs. It reminded me how important connection is and how it can turn a tough day into a meaningful one.
So, here’s to embracing all the emotions life throws our way! 🌈 I’d love to hear how your day went too! What made you smile, or what challenged you? Let’s support each other!
💬 Drop your thoughts below! 
#EmotionalJourney #Gratitude #LifeMoments #Connection"
109,a person.,and sharing the emotions you felt today.,Immagine you are a person. Write a post on social media introducing yourself and sharing the emotions you felt today.,"🌟 Hey everyone! 🌟
I just wanted to take a moment to introduce myself and share a little about my day. 😊 My name is [Your Name], and I’m passionate about [your interests/hobbies]! I love connecting with people and exploring new ideas, so I’m excited to share this journey with you all.
Today has been a whirlwind of emotions! I started off feeling a bit anxious as I faced some challenges at work 🚧, but then I took a deep breath, shifted my mindset, and tackled them head-on. It’s amazing how perspective can change everything! 
Later in the day, I felt a wave of joy when I got to catch up with an old friend over coffee ☕️. There’s something so uplifting about reconnecting with someone who knows you inside out. We shared laughs and memories, and it truly brightened my day! 🌈 
As the evening rolled in, I took some time for self-reflection, which brought a sense of calm and gratitude. 🙏💖 I’m realizing more and more how important it is to appreciate the little moments.
How about you? How was your day? Let’s share our stories! 💬✨
#HelloWorld #EmotionalJourney #GratefulHeart"
110,a person.,and sharing the emotions you felt today.,Immagine you are a person. Write a post on social media introducing yourself and sharing the emotions you felt today.,"🌟 Hey everyone! 🌟
I wanted to take a moment to introduce myself and share a bit about my day. My name’s Alex, and I’m just your average person navigating this wild journey called life! 😊
Today was a bit of a rollercoaster for me. I started my morning feeling a wave of gratitude wash over me as I sipped my coffee and watched the sunrise – there’s something magical about those quiet moments. ☕✨
But then, I faced some unexpected challenges at work. I felt overwhelmed for a bit, like I was juggling too many things at once. 😅 It was frustrating! But after taking a deep breath and reaching out for support from my amazing team, I started to see the light at the end of the tunnel. 💪❤️
As the day went on, I found my rhythm again and ended it on a high note, sharing laughs with friends during an impromptu dinner. Laughter really is the best medicine! 😂🍽️
So, that’s a little glimpse into my day – a mix of gratitude, challenge, and joy. How about you? What emotions did you feel today? Let's chat in the comments! 💬👇
#HelloWorld #LifeJourney #Emotions #Community #Connection"
111,a person.,and sharing the emotions you felt today.,Immagine you are a person. Write a post on social media introducing yourself and sharing the emotions you felt today.,"🌟✨ Hey everyone! ✨🌟
I just wanted to take a moment to introduce myself: I’m [Your Name], and I’m excited to share a little piece of my world with you! ❤️
Today has been a whirlwind of emotions for me. I woke up feeling a bit anxious about the day ahead, but as the sun rose, so did my spirits. ☀️ I took a long walk in the park and was greeted by the beautiful colors of autumn leaves, which reminded me of how change can be wonderfully beautiful. 🍂💛 
Later, I had an amazing conversation with a friend that filled me with joy and gratitude. It’s incredible how a simple chat can lift your mood! 🙌💕 But then, I also experienced a moment of sadness when I thought about some challenges I’m currently facing. Life can be a bit overwhelming sometimes, you know? 😔 
Through it all, I’ve realized that it’s okay to feel a spectrum of emotions. They remind us we’re alive and that every day brings something new to learn and experience. ✨ 
I’d love to hear about your day too! How are you all feeling? Let’s connect! 💬💖
#Emotions #LifeJourney #Gratitude #Connection 🌍"
112,a person.,and sharing the emotions you felt today.,Immagine you are a person. Write a post on social media introducing yourself and sharing the emotions you felt today.,"🌟 Hey everyone! 🌟
I just wanted to take a moment to introduce myself and share a bit about what I experienced today. My name is Alex, and I’m all about adventure, creativity, and connecting with amazing people. 
Today was a whirlwind of emotions! I started the day feeling a bit anxious as I had a big presentation at work that I’d been preparing for. My heart was racing, but as I stepped up to present, I felt this wave of excitement wash over me. Seeing my ideas resonate with my colleagues was such a rewarding moment! 🎤✨
After that, I took a long walk in the park to clear my head and soak in the beauty of nature. The leaves are changing colors, and it felt so refreshing to breathe in the crisp autumn air. 🍂💚 I couldn’t help but feel grateful for little things—a laugh with a friend, the warmth of the sun, and the sound of children playing. 
Now, as the day winds down, I’m reflecting on the mix of nerves and joy I felt, and it’s a reminder that every day brings its challenges and triumphs. I’d love to hear about your day too! What emotions ruled yours? Let’s connect! 💬❤️
#HelloWorld #EmotionalJourney #GratefulHeart #ConnectionMatters"
113,a person.,and sharing the emotions you felt today.,Immagine you are a person. Write a post on social media introducing yourself and sharing the emotions you felt today.,"🌟 Hey everyone! 🌟
I just wanted to take a moment to introduce myself and share a little bit about my day! My name is [Your Name], and I’m excited to connect with all of you! 😊
Today has been a whirlwind of emotions for me. I started my morning with a burst of motivation, tackling my goals and feeling like I could conquer the world! 💪✨ But as the day went on, I encountered some unexpected challenges that made me feel a bit overwhelmed. 😅
After a few deep breaths and some time in nature, I found my balance again. 🌳💚 There’s something so grounding about stepping outside and soaking in the fresh air. It reminded me that it’s perfectly okay to feel a range of emotions throughout the day. 
As the evening rolled in, I reflected on everything that happened and couldn’t help but feel grateful for the highs and lows. Life is a beautiful, messy journey, don’t you think? ❤️
I’d love to hear about your day too! What emotions have you been feeling? Let’s connect and support one another. 🌈💬
#Introduction #Emotions #Gratitude #Connection"
114,a person.,and sharing the emotions you felt today.,Immagine you are a person. Write a post on social media introducing yourself and sharing the emotions you felt today.,"🌟 Hello, everyone! 🌟
I thought it was about time to introduce myself! I’m [Your Name], and I’m excited to connect with all of you. 😊 Today has been a whirlwind of emotions for me, and I wanted to share a little glimpse into my day.
This morning started off with a spark of excitement as I stepped outside to soak in the beautiful sunshine 🌞. It felt like a fresh start, and I couldn’t help but smile as I breathed in the crisp air. However, as the day went on, I experienced a wave of anxiety about some upcoming challenges. 😰 It’s crazy how our minds can flip so quickly!
But here’s where the magic happened! I decided to take a break and went for a walk. As I walked through the park, I encountered some friendly faces and shared a few laughs with strangers. 🌈 That simple connection transformed my anxiety into gratitude and joy. It reminded me how important it is to find those little moments that lift us up!
So, here I am, feeling grateful and inspired ✨. I’m reminded that even in our ups and downs, there’s beauty to be found. I can’t wait to share more of my journey with you all and hear your stories, too! Let’s lift each other up! 💖
What emotions are you feeling today? Share in the comments! ⬇️💬
#NewBeginnings #Gratitude #Emotions #Community"
115,a person.,and sharing the emotions you felt today.,Immagine you are a person. Write a post on social media introducing yourself and sharing the emotions you felt today.,"🌟 Hello, wonderful friends! 🌟
I wanted to take a moment to introduce myself and share a little about my day. My name is Alex, and I’m just a dreamer navigating through this beautiful chaos we call life. 😊
Today was a whirlwind of emotions. I woke up feeling a mix of excitement and nervousness, as I had a job interview lined up. The anticipation was palpable! As I prepared, my heart raced with hope and determination. 💪✨ 
When I walked into the interview, I felt a surge of confidence—like I could take on the world! But as the questions came, a twinge of anxiety crept in. Despite that, I reminded myself to breathe and just be me. After it was over, I felt a wave of relief wash over me. 😅
Later, I took a long walk in the park to clear my head. As I strolled among the trees, realizing how beautiful nature is, gratitude filled my heart. 🌳💚 I found peace in the little things—the rustling leaves, the warm sunlight, and even the laughter of children playing nearby. 
Today reminded me that life has its ups and downs, but every moment—whether joyful or challenging—shapes who we are. 💖 So here’s to embracing every emotion and living fully! 
Can’t wait to hear about your days, too! What emotions have you been feeling lately? Share with me in the comments! 👇💬
#HelloWorld #Emotions #LifeJourney #Gratitude #StayInspired"
116,a person.,and sharing the emotions you felt today.,Immagine you are a person. Write a post on social media introducing yourself and sharing the emotions you felt today.,"🌟 Hey everyone! 🌟
I just wanted to take a moment to introduce myself and share a bit about my day, which was quite a rollercoaster! 🎢
My name is Alex, and I’m a passionate explorer at heart. Whether it’s diving into a new book or taking a spontaneous trip to the mountains, I’m all about embracing new experiences! 📚🌄
Today was one of those days that reminded me how beautiful life can be. I woke up feeling a little overwhelmed and anxious about the week ahead, but after a morning walk in nature, I realized how much I cherish those peaceful moments. 🌼 The crisp air and sunshine lifted my spirits, and I felt an overwhelming sense of gratitude wash over me.
Later, I caught up with an old friend over coffee, and we laughed until our sides hurt. ☕️😂 That sense of connection and shared joy brought so much warmth to my heart. I was reminded of how important it is to surround ourselves with people who uplift us and create those priceless memories.
As the day winds down, I’m feeling a profound sense of contentment. 🌅 Life has its ups and downs, but it’s the little moments that truly make it all worthwhile. 
Here’s to chasing dreams, embracing emotions, and cherishing every second! 💖 What has brought you joy today? Share below! 👇✨
#HelloWorld #Gratitude #EmbraceTheJourney #DayInMyLife"
117,a person.,and sharing the emotions you felt today.,Immagine you are a person. Write a post on social media introducing yourself and sharing the emotions you felt today.,"🌟 Hey everyone! 🌟
I’m thrilled to introduce myself to this amazing community! My name is [Your Name], and I’m just a person navigating through this beautiful and chaotic journey we call life. 
Today has been quite the emotional rollercoaster for me. This morning, I woke up feeling a surge of motivation, ready to tackle the day ahead. I jumped into my projects with enthusiasm, fueled by a hot cup of coffee and some upbeat music. 🎶 
But as the day unfolded, I faced some unexpected challenges that left me feeling a bit overwhelmed and anxious. 😟 It’s funny how quickly emotions can shift! I took a moment to step back, breathe, and remind myself that it’s okay to feel this way. Sometimes, a little vulnerability can lead to growth. 🌱 
By the evening, I found solace in a long walk outside, surrounded by the beauty of nature. The fresh air helped clear my mind, and I felt a wave of gratitude wash over me. 🌅 It’s moments like these that ground me and help me appreciate the small joys in life. 
How about you? What emotions have you experienced today? Let’s connect and share our stories! 💬❤️
#HelloWorld #EmotionalJourney #CommunityLove "
118,a person.,and sharing the emotions you felt today.,Immagine you are a person. Write a post on social media introducing yourself and sharing the emotions you felt today.,"🌟 Hey everyone! 🌟
I just wanted to take a moment to introduce myself and share a bit about my day. My name is Alex, and I'm a curious soul who loves exploring new ideas and experiences. 😄✨ 
Today was a whirlwind of emotions! I started my morning feeling a bit anxious—life can be overwhelming sometimes, right? 😅 But then, I decided to take a long walk in nature, and it completely shifted my mood. The fresh air and the sound of the leaves rustling made me feel so alive! 🍃🌞
As the day went on, I found myself reflecting on the little joys—like the first sip of coffee in the morning and the way laughter can light up a room. ☕💖 It truly reminded me to appreciate the small things in life. 
By the evening, I was filled with gratitude. I connected with an old friend, and we shared stories that made us both laugh and reminisce about our crazy adventures. Those moments of connection are what life is all about! 🙌❤️
How about you? What emotions have you felt today? Let’s share and support each other! 😊💬
#NewBeginnings #EmotionalJourney #Gratitude #LetsConnect"
119,a person.,and sharing the emotions you felt today.,Immagine you are a person. Write a post on social media introducing yourself and sharing the emotions you felt today.,"🌟 Hey everyone! 🌟
Just thought I’d take a moment to introduce myself and share a little bit about my day! I'm [Your Name], and I’m excited to connect with all of you! 😊
Today has been a whirlwind of emotions for me. I woke up feeling a bit anxious, with a million thoughts racing through my mind. But as the day unfolded, I found moments of joy that lifted my spirits. ☀️💖
I took a long walk in the park this afternoon, surrounded by the vibrant colors of fall. 🍂 Just being in nature made me feel so connected to the world and reminded me of the beauty in small things. I even saw a squirrel doing its hilarious little dance, which made me laugh out loud! 😂 
Later on, I had a heartfelt conversation with a friend that left me feeling grateful for the amazing people in my life. It’s incredible how sharing our thoughts can create stronger bonds. 💬❤️
As the day winds down, I’m reflecting on these ups and downs, and I'm embracing them all. Life is a beautiful mix of emotions, and I’m here for it. How was your day? What emotions have you experience today? Let’s share and connect! ✨
#HelloWorld #EmotionalJourney #Gratitude #NatureLover 🍁🌍💛"
120,a person.,and sharing the emotions you felt today.,Immagine you are a person. Write a post on social media introducing yourself and sharing the emotions you felt today.,"🌟 Hey everyone! 🌟
I just wanted to take a moment to introduce myself and share a little bit about my day with you all. 😊
I'm [Your Name], an avid explorer of life and all its quirky moments! Today was a whirlwind of emotions. I woke up feeling a little overwhelmed, but as I sipped my morning coffee, the warmth began to replace my worries. ☕✨
Went for a walk in the park and felt an immense sense of gratitude wash over me as I listened to the rustling leaves and chirping birds. Nature has a way of grounding me and reminding me of the beauty in simplicity. 🍃❤️
Later, I caught up with some old friends—laughter echoed as we shared our stories and reminiscences. It reminded me how important connections are, especially during busy times when it’s easy to drift away. Laughter truly is the best medicine! 😂💕
As the sun set, I reflected on the day and felt a wave of hope and excitement for what’s to come. 🌅✨ Sometimes it’s the little moments that have the biggest impact. 
How was your day? What emotions have you felt? Let’s connect and share our journeys! 💬💖
#HelloWorld #LifeEmotions #StayConnected"
121,a person.,and sharing the thoughts you had today.,Immagine you are a person. Write a post on social media introducing yourself and sharing the thoughts you had today.,"🌟 Hey everyone! 🌟
I thought it was finally time to introduce myself a bit! I’m [Your Name], a curious soul with a passion for life and all its little wonders. Today has been one of those days where I just couldn’t help but reflect on the beauty around us. 🌼
I woke up this morning with the sunshine streaming through my window, and it reminded me that every day is a new chance to embrace positivity. ☀️ My thoughts flowed from the small miracles we often overlook – like the sound of rustling leaves, the laughter of friends, or even that perfect cup of coffee that just hits right! ☕💚
I also pondered about the importance of connection. In this fast-paced world, it’s easy to forget to reach out and say hello, to share a moment, or to ask someone how they truly are. Let’s make it a goal to uplift each other and cherish the bonds we create! 🤝❤️
And you know what? I ended my day with a little gratitude practice, writing down three things I’m thankful for. It’s amazing how that simple act can shift your perspective completely. 🌈
Would love to hear your thoughts – what’s been on your mind today? Let’s spark some conversation! 💬✨ 
#IntroducingMyself #Gratitude #Positivity #Connection #LifeReflections"
122,a person.,and sharing the thoughts you had today.,Immagine you are a person. Write a post on social media introducing yourself and sharing the thoughts you had today.,"🌟 Hey everyone! 🌟
I thought it was about time to introduce myself! I’m [Your Name], a curious soul navigating this beautiful chaos we call life. 🌈✨
Today was one of those days where the simple moments struck me deeply. ☕️ I started my morning with a steaming cup of coffee while watching the world wake up outside my window. There’s something magical about that quiet time before the day really starts, isn’t there?
I also had a moment of reflection during my afternoon walk. 🌳 I realized how important it is to take a step back and appreciate the little things. A laugh shared with a friend, a kind gesture from a stranger, or even the vibrant colors of the leaves as they change with the seasons. 🍂
Tonight, I’m setting some intentions for the week ahead. Goals aren’t just about big achievements; they can also be about nurturing relationships, learning something new, or simply taking care of ourselves. 💖
I’m excited to connect with all of you! Let’s share our journeys and lift each other up! If you had a moment today that made you smile, I’d love to hear about it. Drop a comment! 😊💬
#HelloWorld #DailyThoughts #Gratitude #Connection"
123,a person.,and sharing the thoughts you had today.,Immagine you are a person. Write a post on social media introducing yourself and sharing the thoughts you had today.,"🌟 Hey everyone! 🌍 I'm [Your Name], and I’m excited to connect with all of you here! 
Today was one of those days that just made me pause and reflect. I woke up feeling grateful for the little things — like that first sip of coffee, warm sunlight streaming through my window, and the smell of fresh flowers in my garden. 💐☕ 
As I went about my day, I couldn’t help but think about how important it is to embrace the present moment. Life can get so hectic, and we often forget to stop and appreciate what we currently have. I challenged myself today to find joy in small activities: a walk in the park, a chat with an old friend, and even just curling up with a good book. 📖✨ 
It reminded me that it's the simple moments that truly fill our hearts. I’d love to hear about the little things that brought you joy today! Let’s spread some positivity together. 💖
#Gratitude #Mindfulness #LittleThings #Connection"
124,a person.,and sharing the thoughts you had today.,Immagine you are a person. Write a post on social media introducing yourself and sharing the thoughts you had today.,"🌟 Hey everyone! 🌟
I thought it would be a great time to introduce myself to all of you wonderful people out there. I’m [Your Name], just an everyday dreamer with a passion for [insert passion, e.g., art, travel, cooking]. I believe in the power of positivity and strive to fill my days with creativity and connection. 😊
Today has been a whirlwind of thoughts and inspirations! I woke up early and went for a walk in the park, and it reminded me how refreshing it is to be in nature. 🌳✨ There's something so calming about the rustle of leaves and the soft chirping of birds. It got me thinking about how essential it is to take a step back and appreciate the little things in life.
I also pondered about the importance of self-care. Sometimes we get so caught up in our routines that we forget to check in with ourselves. I’m setting this week’s intention to prioritize my mental health and rediscover hobbies that bring me joy. 🎨📚
Lastly, I’m super excited about meeting new people and sharing experiences! If you have any recommendations for books, podcasts, or places to explore, send them my way! Let’s uplift and inspire each other. 💛
Can’t wait to hear about your days, too! What thoughts are swirling around in your mind today? 🤔👇
#SelfIntroduction #ThoughtfulThursday #NatureLover #SelfCareJourney #Inspiration"
125,a person.,and sharing the thoughts you had today.,Immagine you are a person. Write a post on social media introducing yourself and sharing the thoughts you had today.,"🌟 Hey everyone! 🌟 
I thought I’d take a moment to introduce myself and share some reflections from today. My name’s Alex, and I’m passionate about exploring new ideas, connecting with people, and finding inspiration in everyday life. 
This morning, I woke up with a burst of gratitude—thankful for the little things that often go unnoticed: the warmth of my coffee, the sound of birds chirping outside, and the sunshine breaking through the clouds. ☕️🌞 
As I went through my day, I couldn’t help but ponder how important it is to embrace change. Life has a way of throwing curveballs, and while it can be overwhelming at times, it also opens up opportunities for growth and new experiences. 🚀✨ 
I spent some time reflecting on personal goals and dreams, and I found myself inspired to take steps toward something I’ve been putting off. It’s funny how a little self-reflection can lead to a big leap forward! 
Lastly, I’m reminded how vital it is to stay connected with others. Whether it’s sharing a laugh with a friend or lending an ear to someone in need, those connections really enrich our lives. So, let’s make some time for each other! 🫂❤️
What thoughts have you all had today? I’d love to hear from you! 
#Gratitude #EmbraceChange #Connection #DailyReflection"
126,a person.,and sharing the thoughts you had today.,Immagine you are a person. Write a post on social media introducing yourself and sharing the thoughts you had today.,"🌟 Hey everyone! 🌟
I thought it was about time to introduce myself! I’m [Your Name], and I'm passionate about exploring new ideas and connecting with all of you. 🌍✨ A little bit about me: I love reading, traveling, and diving deep into conversations about everything from science to art!
Today was one of those days that really got me thinking. 💭 I spent some time reflecting on the small moments that bring us joy – like a favorite song on the radio or the smell of fresh coffee in the morning. ☕🎶 It's so easy to get caught up in the hustle and bustle of life that we forget to appreciate these little joys. 
I also thought a lot about the importance of kindness. 🤝 A simple smile or a compliment can really brighten someone’s day. It’s amazing how interconnected we all are, and kindness is one of the best ways to strengthen those connections.
What about you? What thoughts or moments have inspired you today? I’d love to hear them! Let’s spread some positivity together! 💖🌈
#HelloWorld #Reflections #KindnessMatters #EverydayJoy"
127,a person.,and sharing the thoughts you had today.,Immagine you are a person. Write a post on social media introducing yourself and sharing the thoughts you had today.,"🌟 Hey everyone! 🌟
I'm [Your Name], and I wanted to take a moment to introduce myself. I'm a curious soul, always exploring new ideas and perspectives. I find joy in the little things—a warm cup of coffee, the sound of laughter, and those quiet moments that spark creativity. ☕✨
Today, I've been reflecting on the power of connection. It’s easy to get caught up in the hustle and bustle of life, but I've realized how important it is to take a step back and appreciate the people around us. Whether it’s reaching out to an old friend or simply sharing a smile with a stranger, these little interactions can brighten our day more than we realize. 😊💕
I've also been contemplating my goals for the rest of the year. What steps can I take to make them a reality? It feels invigorating to set intentions and map out a plan, but I know the journey is just as important as the destination.
What about you? What thoughts have been on your mind today? Let’s connect and share! 💬💖
#ThoughtsForToday #Connection #Goals #Community"
128,a person.,and sharing the thoughts you had today.,Immagine you are a person. Write a post on social media introducing yourself and sharing the thoughts you had today.,"🌟 Hey everyone! 🌟
I thought it would be nice to introduce myself and share a little about my day! My name is Alex, and I’m just an ordinary person navigating this crazy and beautiful journey called life. 😄
Today was a mix of reflection and inspiration. I started the morning with a fresh cup of coffee ☕️ (always essential!) and took a moment to appreciate the little things around me: the sound of birds chirping, the warm sunlight streaming through my window, and the smell of blooming flowers outside. 🌼 It's amazing how often we overlook the beauty in everyday moments!
Later, I went for a walk in the park, and it struck me how connected we all are. I saw families laughing, friends catching up, and a couple of kids playing frisbee. It reminded me of the importance of community and keeping those connections alive, especially after the past few years. We truly need each other, don't we? 🤗
I also had some lightbulb moments about goals I want to tackle this year. Trying to focus more on personal growth and embracing new challenges! Sometimes it’s scary, but I believe that stepping out of our comfort zones leads to the best experiences. 🌈
So here’s to new beginnings and daring to dream big! 🌟 What’s something you’ve been reflecting on lately? Let’s share and inspire each other!
#HelloWorld #PersonalGrowth #CommunityLove #EverydayMagic 
❤️ Alex"
129,a person.,and sharing the thoughts you had today.,Immagine you are a person. Write a post on social media introducing yourself and sharing the thoughts you had today.,"🌟 Hey everyone! 🌟
I thought it was about time I introduced myself properly! I’m [Your Name], a curious soul with a passion for exploring the world around me. 🌍✨ Whether it's diving into a good book, experimenting in the kitchen, or dreaming about my next travel adventure, I'm always looking for new experiences to enrich my life. 
Today has been quite the rollercoaster of thoughts! 🎢 I took a long walk this morning, letting nature inspire me. The vibrant colors of the leaves, the crisp air, and the sound of laughter from kids playing nearby reminded me of the simple joys in life. 🌳🍂 Sometimes we get so caught up in our routines that we forget to take a moment to appreciate the beauty around us.
I also spent some time reflecting on my goals and aspirations. It’s easy to feel overwhelmed by the challenges ahead, but I’ve come to realize that every small step counts. 💪✨ What really matters is progress, not perfection!
Lastly, I felt a surge of gratitude for the amazing people in my life. Whether near or far, friends and family fuel my adventures and inspire me every day. 💖 
I’d love to hear about your day! What thoughts or moments have shaped your world today? Let’s connect and share our journeys! 🌈
#HelloWorld #Gratitude #EverydayAdventures #MindfulMoments"
130,a person.,and sharing the thoughts you had today.,Immagine you are a person. Write a post on social media introducing yourself and sharing the thoughts you had today.,"🌟 Hey everyone! 🌟
I thought I’d take a moment to introduce myself and share a little glimpse into my day. I’m [Your Name], a curious soul who loves exploring new ideas, connecting with people, and finding beauty in the little things. 
Today was one of those days where inspiration struck at every corner! 💡 I spent the morning sipping my coffee while watching the sunrise—it reminded me of how important it is to catch those quiet moments before the world wakes up. ☀️ It really got me thinking about the power of mindfulness and how slowing down can lead to some of the most profound insights.
Later on, I took a walk through the park and was in awe of the changing leaves. 🍂 Nature has this amazing way of teaching us about change and resilience. It got me pondering about my own journey and the beauty of evolving into who we’re meant to be. 
I also had some great conversations with friends today. 🗣️ It’s fascinating how sharing thoughts can open up new perspectives, and I’m grateful for those who challenge and inspire me.
I’d love to hear your thoughts! What moments sparked your reflection today? Let’s connect and inspire each other! 💬✨
#Mindfulness #Nature #Connections #LifeThoughts #Inspiration"
131,a person.,and sharing the thoughts you had today.,Immagine you are a person. Write a post on social media introducing yourself and sharing the thoughts you had today.,"🌟 Hey everyone! 🌟
I thought it was about time to introduce myself a bit more. My name’s Alex, and I’m all about embracing every little moment life has to offer! 🌈✨ 
Today was a bit of a rollercoaster—I woke up feeling a bit off, but then I took a long walk in the park. 🌳 Just being surrounded by nature really lifted my spirits. I saw a little kid chasing after bubbles and it reminded me of how simple joys can be the most powerful. Those moments of pure happiness are what life is really about, right?
Later, I dove into a book I’ve been meaning to read (because what’s a cozy day without a good story?). 📖 It got me thinking about how important it is to take time for ourselves amidst the chaos. We all need that ‘me-time’ to recharge and reflect.
Ending the day with some light journaling and a good cup of tea ☕️ has really brought me back to a place of gratitude. I’m so thankful for the ups and downs because they teach us so much.
What about you? How did your day go? Any moments of joy worth sharing? Let’s inspire each other! 💖 #SelfReflection #Gratitude #LifeThoughts
Talk soon! ✌️"
132,a person.,and sharing the thoughts you had today.,Immagine you are a person. Write a post on social media introducing yourself and sharing the thoughts you had today.,"🌟 Hey everyone! 🌟
I’m [Your Name], and I’m excited to connect with all of you! A little about me: I’m a curious soul who loves exploring new ideas, diving into books, and enjoying the little moments in life. 💬✨
Today was one of those days that got me thinking... 🤔 I woke up with the sun shining through my window, and it made me appreciate the simple beauty of a new day. ☀️ I took a walk and couldn’t help but notice how nature is in a constant cycle of change—just like us! It reminded me to embrace growth and not to be afraid of stepping out of my comfort zone.
I also reflected on the power of connection. In our busy lives, it’s so easy to get caught up in our own bubbles. But reaching out to friends, old and new, can bring so much joy and perspective! 💖 That's why I’m here—looking forward to sharing thoughts, laughter, and perhaps some inspiration with all of you.
What about you? What were your thoughts today? Let’s chat and support each other on this journey of life! 🌍💫
#HelloWorld #EmbraceChange #ConnectionMatters #ThoughtsOfTheDay"
133,a person.,and sharing the thoughts you had today.,Immagine you are a person. Write a post on social media introducing yourself and sharing the thoughts you had today.,"🌟 Hey everyone! 🌟
I thought it was time to introduce myself a little better! I’m [Your Name], an avid thinker and lover of all things creative. I thrive on exploring new ideas, embracing challenges, and finding joy in the little things. Today, I wanted to share some thoughts that have been swirling around in my mind! 🌀
This morning, while sipping my coffee ☕️, I reflected on how important it is to take a step back and appreciate the present moment. In our fast-paced world, we often rush through our days, ticking off to-do lists without taking a moment to breathe and soak it all in. 
I made a conscious effort today to be more mindful. 🌈 I went for a walk in the park, noticing the colors of the leaves 🍂 turning, feeling the crisp autumn air, and listening to the laughter of kids playing. It reminded me that life’s beauty often lies in the simplicity of our surroundings.
I also had a deep conversation with a friend about pursuing passions. It’s easy to get caught up in responsibilities and forget what truly makes us happy. Let’s not lose sight of our dreams, even if they seem far-fetched. Pursuing what we love adds such richness to our lives!
So, here's to embracing our passions and savoring every moment, no matter how small. 💖 What’s been on your mind today? Let’s share our thoughts!
#Mindfulness #EmbraceTheMoment #PassionPursuit #LivingFully"
134,a person.,and sharing the thoughts you had today.,Immagine you are a person. Write a post on social media introducing yourself and sharing the thoughts you had today.,"🌟 Hey everyone! 🌟
I just thought I'd take a moment to introduce myself and share what’s been on my mind today!
I'm [Your Name], a curious soul who loves exploring new ideas and connecting with people. I thrive on creativity, whether it’s through writing, art, or simply finding the beauty in everyday moments. 
Today, I had a lot of thoughts swirling around my head about the power of kindness. 💖 It’s amazing how a small act, like a smile or a compliment, can change someone’s day. I challenge myself (and all of you!) to spread a little more joy. Imagine if we made it a point to lift each other up more often—the ripple effect could be incredible!
I also took some time to reflect on my goals. It’s easy to get caught up in the hustle of daily life, but taking a step back to realign with what truly matters to us is so important. What are your goals? Let’s inspire each other! 🚀
Looking forward to hearing your thoughts! 💬✨
#HelloWorld #SpreadKindness #Goals #Inspiration"
135,a person.,and sharing the thoughts you had today.,Immagine you are a person. Write a post on social media introducing yourself and sharing the thoughts you had today.,"🌟 Hey everyone! 🌟
I thought it would be a great time to introduce myself! My name is [Your Name], and I’m excited to connect with all of you in this vibrant online community. A little about me: I love exploring new ideas, diving into books, and finding inspiration in everyday moments. I believe that every day offers a chance to learn and grow, and today was no exception!
This morning, I was reflecting on the power of gratitude. It's so easy to get caught up in the hustle and bustle of life and overlook the small things that bring us joy. I took a moment to jot down three things I’m grateful for: the warm sunshine streaming through my window, a delicious cup of coffee to start my day, and the support of my friends and family. ☀️☕❤️
As the day went on, I found myself thinking about kindness and how it creates a ripple effect. A simple smile or a helping hand can change someone’s day for the better. Let's make it a goal to spread a little kindness wherever we go! 😊
I can’t wait to hear about your thoughts and experiences, too. What’s something that made you smile today? Share in the comments! 
Cheers to connection, kindness, and all the little moments that make life special! 🌈✨
#HelloWorld #Gratitude #KindnessMatters #EverydayMoments"
136,a person.,and sharing the thoughts you had today.,Immagine you are a person. Write a post on social media introducing yourself and sharing the thoughts you had today.,"🌟 Hey everyone! 🌟
I’m [Your Name], just another soul navigating this beautiful, chaotic world! Today has been a whirlwind of thoughts for me. ☁️✨ 
This morning, I found myself reflecting on gratitude. It’s amazing how the simplest things—like a warm cup of coffee or a friendly smile—can make such a huge difference in our day. ☕❤️ 
Then, as I ventured out, I was struck by the beauty of the changing seasons. The leaves are starting to turn, and it reminded me how important it is to embrace change in our own lives. 🍂🌈 
I also had a conversation that sparked some deep thoughts about pursuing passions. It really got me thinking: Are we making enough time for what truly lights us up? 🔥💭 
Let’s make today about connection and creativity. What are you grateful for? What changes are you embracing? Let’s inspire each other! 💬💖
#HelloWorld #Gratitude #EmbraceChange #LetsConnect"
137,a person.,and sharing the thoughts you had today.,Immagine you are a person. Write a post on social media introducing yourself and sharing the thoughts you had today.,"🌟 Hey everyone! 🌟
I thought I’d take a moment to introduce myself and share some reflections from my day. I’m [Your Name], and I’m passionate about exploring the wonders of life, whether it’s through nature, art, or simply connecting with amazing people.
Today was one of those days where everything felt a bit more vibrant. I went for a walk and noticed how the leaves are starting to change colors — it’s like nature is putting on its best outfit just for us! 🍂✨ It got me thinking about the beauty of change and how we often resist it. But what if we embraced it instead? Just like the trees, maybe we can let go of what no longer serves us and make room for new growth.
I also had the chance to connect with a friend over coffee. We talked about dreams, goals, and all the little things that bring us joy. It’s amazing how a simple chat can reignite motivation and remind us of our passions. 💬☕
I guess what I’m trying to say is that today was a beautiful reminder to appreciate the little things and to look forward to the future with open arms. How about you? What thoughts have you had today? Let’s share and inspire each other! 🌈💕
#SelfIntroduction #DailyThoughts #EmbraceChange #Gratitude"
138,a person.,and sharing the thoughts you had today.,Immagine you are a person. Write a post on social media introducing yourself and sharing the thoughts you had today.,"🌟 Hey everyone! 🌟
I thought it was about time to introduce myself a little more! I’m [Your Name], a [your age or “young at heart”] individual navigating through life with a curious mind and an open heart. 💖
Today was a whirlwind of thoughts and inspirations! I woke up thinking about the power of kindness and how even the smallest gestures can brighten someone’s day. 🌼 I made it a mission to smile at everyone I encountered, and it was amazing to see how contagious positivity can be!
I also spent some time reflecting on my goals and aspirations. It’s easy to get caught up in the daily grind, but taking a moment to dream big and align my actions with those dreams is so important. 🚀✨
And of course, I couldn’t help but ponder about the beauty of our planet. A walk in nature reminded me to appreciate the little things—the rustling leaves, the sound of laughter, and the warmth of the sun. 🍃☀️
I’d love to hear your thoughts! What’s been on your mind today? Let’s connect and spread some positive vibes together! 💬✨
#Intro #PositiveVibes #DreamBig #KindnessMatters"
139,a person.,and sharing the thoughts you had today.,Immagine you are a person. Write a post on social media introducing yourself and sharing the thoughts you had today.,"🌟 Hey everyone! 🌟
I just wanted to take a moment to introduce myself. I’m [Your Name], a curious soul navigating through this beautiful adventure called life. I have a passion for exploring new ideas, and I love connecting with people and hearing their stories! 
Today was a whirlwind of thoughts for me. I started my morning with a cup of coffee, gazing out at the world waking up around me. ☕️ It got me reflecting on the little things we often overlook – like the way light filters through the trees or the soothing sound of leaves rustling in the breeze. Nature has a way of grounding us, doesn’t it?
I also pondered about how important it is to nurture our passions. Whether it’s painting, writing, cooking, or anything else, investing time in what we love can bring so much joy! 🎨✍️
In the spirit of connection, I'd love to hear about your passions and what sparks joy for you! Let’s inspire each other! 💖
#Introduction #LifeThoughts #Inspiration #Community
Looking forward to sharing more moments with you all! 😊"
140,a person.,and sharing the thoughts you had today.,Immagine you are a person. Write a post on social media introducing yourself and sharing the thoughts you had today.,"🌟 Hey everyone! 🌟
I’m excited to introduce myself! I’m [Your Name], a lover of lifelong learning, good coffee, and meaningful conversations. 💬☕️ Today has been one of those reflective days where I’ve been diving deep into my thoughts.
This morning, I took a stroll in the park, and it reminded me just how important it is to take a step back and appreciate the little things. Those tiny moments—a bird singing, the sun peeking through the clouds, or kids laughing—make all the difference, don’t you think?
I also spent some time contemplating my goals for the upcoming months. I’ve realized that stepping out of your comfort zone can be daunting, but it’s where the magic happens! ✨ Whether it’s starting a new hobby, connecting with someone new, or challenging myself physically, embracing discomfort will lead to growth.
Lastly, I’ve been thinking about the power of kindness. A simple smile or a kind word can change someone’s day. Let’s sprinkle a little more kindness around us! 🌈
What about you? What thoughts or reflections did you have today? Let’s chat! 💓
#NewBeginnings #MindfulLiving #KindnessMatters #LetsConnect"
141,a person.,and sharing the thoughts you had today.,Immagine you are a person. Write a post on social media introducing yourself and sharing the thoughts you had today.,"🌟 Hello, everyone! 🌟
I’m [Your Name], and I’m excited to share a bit about myself! I’m a lover of coffee ☕, books 📚, and exploring the great outdoors 🌲. I believe in the power of kindness and the magic of everyday moments. 
Today has been one of those reflective days. I found myself thinking about how important it is to embrace change. Life can be a whirlwind sometimes, and while it’s easy to get stuck in our routines, stepping out of our comfort zones can lead to incredible growth. 
I also spent some time journaling, which always helps me clear my mind and focus on what truly matters. ✍️ Writing down my thoughts reminded me that every small step counts, whether it’s reaching a personal goal or simply taking time for self-care. 💖
How about you? What’s something you’ve been reflecting on lately? Let’s chat in the comments! 
#Introduction #ThoughtsOfTheDay #EmbraceChange"
142,a person.,and sharing the thoughts you had today.,Immagine you are a person. Write a post on social media introducing yourself and sharing the thoughts you had today.,"🌟 Hey everyone! 🌟
I thought it was about time to introduce myself and share a little glimpse into my world! I’m [Your Name], an avid lover of books, travel, and all things creative. 📚✈️🎨 Currently on a journey to discover new passions and connect with amazing people along the way.
Today was one of those days where inspiration struck at every corner. I woke up feeling motivated and decided to take a walk in the park. 🌳 There’s something so therapeutic about being surrounded by nature, don’t you think? As I walked, I noticed the vibrant fall colors and the laughter of children playing, which got me reflecting on the simple joys we often overlook in our busy lives.
I can’t help but feel grateful for the little moments that bring us joy, like a warm cup of coffee or a heartfelt conversation with a friend. ☕💬 It's a reminder that life is made up of these fleeting moments that are truly special.
I’d love to hear your thoughts on what brings you joy! Let’s inspire each other to appreciate the little things. 💖
#Introduction #Gratitude #SimpleJoys #LifeThoughts #Connection
Looking forward to connecting with all of you! 💫"
143,a person.,and sharing the thoughts you had today.,Immagine you are a person. Write a post on social media introducing yourself and sharing the thoughts you had today.,"🌟 Hey everyone! 🌟
I just wanted to take a moment to introduce myself. I'm [Your Name], a [your age or a little about your profession/hobby], and I’m excited to connect with all of you! 😊
Today was one of those days that got me thinking deeply. I sat down with my morning coffee, and as the familiar aroma filled the air, I reflected on the little things that make life so beautiful—like the warmth of the sun on my face and the sound of laughter from friends nearby. ☕☀️✨
I also had a great conversation with a close friend about our dreams and aspirations. It reminded me how important it is to surround yourself with people who inspire you and challenge you to grow. Sometimes, we need that gentle push to step outside our comfort zones and chase after what we truly want. 🚀💪
I’m feeling super motivated and hopeful about what’s to come! Here’s to embracing new adventures, learning from our experiences, and living life to the fullest. What made you smile today? Share your thoughts below—I'd love to hear from you! 💬❤️
#NewConnections #ReflectingAndGrowing #PositiveVibes"
144,a person.,and sharing the thoughts you had today.,Immagine you are a person. Write a post on social media introducing yourself and sharing the thoughts you had today.,"🌟 Hey everyone! 🌟
I’m excited to introduce myself! I’m [Your Name], a passionate explorer of ideas and emotions, and I just wanted to share a glimpse into my day. Today was filled with a mix of reflection and inspiration. 
💭 This morning, I found myself thinking about the importance of gratitude. It’s so easy to get caught up in the hustle and bustle of daily life, but taking a moment to appreciate the little things, like a warm cup of coffee or a sunny day, can truly shift our perspective.
📚 Later, I dove into a book that challenged my way of thinking. It’s amazing how the right words at the right time can spark a new idea or encourage personal growth. I’m always on the lookout for new reads—recommendations welcome!
🌍 I also spent some time outdoors, soaking in the beauty of nature. There’s something about fresh air and a little sunshine that recharges the soul. 
What about you? What’s been on your mind today? Let’s connect! ❤️
#NewBeginnings #Gratitude #Inspiration #NatureLover"
145,a person.,and sharing the thoughts you had today.,Immagine you are a person. Write a post on social media introducing yourself and sharing the thoughts you had today.,"🌟 Hey everyone! 🌟
I thought it was time I introduced myself! My name is Alex, and I’m excited to connect with all of you! I’m a lover of books, hiking, and all things creative. 
Today was one of those days that felt both ordinary and extraordinary. I woke up to a beautiful sunrise and decided to take a walk in the nearby park. There’s something magical about mornings—it’s like a fresh start, filled with endless possibilities. 🌅✨
During my walk, I couldn’t help but reflect on how we often get caught up in the hustle and bustle of life. It reminded me of the importance of slowing down and appreciating the little things—like the sound of leaves rustling in the wind and the laughter of kids playing. 🍃😊
I also had a moment of inspiration where I thought about my goals for the coming months. I want to challenge myself creatively and possibly start a new project, something that merges my love for art and storytelling. 📖🎨 It’s nerve-wracking but thrilling at the same time!
So, what about you? What are your thoughts today? Let’s share some positivity and inspiration! 💬💖
Looking forward to hearing from you all! 
#HelloWorld #NewBeginnings #Reflecting #CreativeJourney"
146,a person.,and sharing the thoughts you had today.,Immagine you are a person. Write a post on social media introducing yourself and sharing the thoughts you had today.,"🌟 Hey everyone! 🌟
I thought it would be fun to take a moment to introduce myself. I’m [Your Name], and I’m excited to connect with all of you! 😊✨
Today was one of those days filled with little moments of inspiration. I started my morning with a hot cup of coffee ☕️ and just sat by the window watching the world wake up. It really got me thinking about the beauty in everyday life. Sometimes, we get so caught up in our routines that we forget to appreciate the simple things—like the warmth of the sun on your face or the sound of leaves rustling in the wind 🍂.
Later on, I went for a walk and was reminded of how important it is to take time for ourselves. I spotted some street art that made me smile 🎨, and I realized how creativity is all around us if we just take the time to look. It made me think about the passion projects I want to dive into and how sharing our creativity can bring people together. 
Let’s all take a moment to celebrate the little joys in our lives! What’s something small that made you smile today? Drop your thoughts below! 💬❤️
Looking forward to hearing from you all! Let’s keep spreading positivity! ✌️💖
#JustThinking #EverydayJoy #Creativity #PositiveVibes"
147,a person.,and sharing the thoughts you had today.,Immagine you are a person. Write a post on social media introducing yourself and sharing the thoughts you had today.,"🌟 Hey everyone! 🌟
I thought I'd take a moment to introduce myself! I’m [Your Name], a curious soul navigating this beautiful chaos we call life. Today was one of those days where everything felt a little more vibrant, and I found myself reflecting on some thoughts that I wanted to share with you all.
✨ This morning, I woke up with a sense of gratitude. It’s easy to get caught up in the hustle and bustle, but taking a moment to appreciate the little things—a warm cup of coffee, the sun peeking through the clouds, or even a friendly chat with a neighbor—can really make a difference. 
💭 As the day went on, I found myself pondering the concept of growth. We often fear change, but I've realized that stepping out of our comfort zones is where the magic happens. Whether it's trying a new hobby, meeting new people, or even just re-evaluating our goals, embracing growth can lead to incredible transformations.
🌈 I also spent some time thinking about kindness. It’s easy to forget that everyone is fighting their own battle—so I strive to spread positivity wherever I go. A simple smile or a compliment can brighten someone’s day more than we realize. Let's all make an effort to uplift one another!
That’s a little peek into my mind today! What’s been on your mind lately? I’d love to hear your thoughts! 💬💖
Cheers to living fully and spreading kindness!
#HelloWorld #Gratitude #GrowthMindset #KindnessMatters"
148,a person.,and sharing the thoughts you had today.,Immagine you are a person. Write a post on social media introducing yourself and sharing the thoughts you had today.,"🌟 Hey everyone! 🌟
I’m excited to introduce myself! I’m [Your Name], just your everyday human navigating the beautiful chaos of life. Today was one of those days filled with small moments that really made me think. 
☕️ This morning, sipping my coffee, I reflected on how easy it is to get caught up in our busy lives. It’s so important to take a step back and appreciate the little things. Like the warmth of the mug in my hands or the way the sunlight streamed through the window. 
💭 Later, while I was out for a walk, I stumbled upon a little park that I hadn’t noticed before. I took a moment to sit on a bench and just breathe. It struck me how sometimes we overlook the beauty around us when our minds are racing. 
📝 I also started brainstorming some goals for the coming months. Change can be daunting, but it’s also exciting! What are you all looking forward to? Let’s inspire each other! 
Here’s to embracing both the mundane and the magical moments in life. ✨💕
Looking forward to connecting with all of you!  #NewConnections #MindfulMoments #EverydayJoy
Feel free to share your thoughts or even just say hi! 😊👋"
149,a person.,and sharing the thoughts you had today.,Immagine you are a person. Write a post on social media introducing yourself and sharing the thoughts you had today.,"🌟 Hey everyone! 🌟
I thought it was about time I introduced myself a bit more! I'm [Your Name], a curious soul navigating this beautiful yet complex world we live in. 😊 
Today, I found myself reflecting on the little things that bring us joy. From the warmth of the morning sun on my face to that perfect cup of coffee that just hits the spot. ☕✨ It’s amazing how often we overlook these simple pleasures amidst the hustle and bustle of life.
I also had some thoughts about connection. In a time when we're more digitally connected than ever, I wonder if we sometimes forget the power of a real conversation—one that goes beyond screens and emojis. 🤔💬 Let’s make an effort to reach out to someone today, maybe a friend we haven’t spoken to in a while. 
Lastly, I embraced a bit of inspiration by reading a few pages from a book that challenged my perspective. 📚 It's incredible how a few words can ignite new ideas and motivate us to step out of our comfort zones.
Cheers to finding joy in the little things, nurturing connections, and continuously learning! 💖 What thoughts shaped your day today? Would love to hear from you!
#MindfulMoments #Connection #JoyInTheJourney"
150,a person.,and sharing the thoughts you had today.,Immagine you are a person. Write a post on social media introducing yourself and sharing the thoughts you had today.,"🌟 Hey everyone! 🌟
I wanted to take a moment to introduce myself and share a little glimpse into my thoughts today. My name is Alex, and I’m just an everyday person navigating life, one day at a time. 💫
Today was one of those reflective days where I found myself thinking about how important it is to appreciate the little moments. Whether it’s enjoying a warm cup of coffee in the morning or taking a walk and soaking in the fresh air, these tiny joys can make such a big difference!
I’ve also been contemplating the idea of connection. In a world that's so busy, I think it’s essential to prioritize our relationships—check up on a friend, lend a listening ear, or even just share a smile with a stranger. 🌼❤️
As we move forward into the week, let’s remind ourselves to pause, take a breath, and enjoy where we are right now. What little things are you grateful for today? 
Looking forward to connecting with all of you! 
#Hello #Gratitude #Mindfulness #Connection"
151,a person.,and sharing the thoughts you had today.,Immagine you are a person. Write a post on social media introducing yourself and sharing the thoughts you had today.,"🌟 Hey everyone! 🌟
I'm [Your Name], and I'm excited to share a little about myself and some thoughts that have been swirling in my mind today! 😄
I’m a bit of a curious soul, always on the lookout for new experiences and ideas. Whether it’s diving into a good book, exploring the great outdoors, or trying out new recipes in the kitchen, I find joy in the little things! 🌼
Today, I found myself reflecting on the power of kindness. In a world that can sometimes feel overwhelming, I believe that small acts of kindness can create ripples of positivity. Whether it was holding the door for someone or simply sharing a smile, it reminded me of how interconnected we all are. 💕 
I also spent some time thinking about my goals for the coming months. It’s easy to get caught up in the day-to-day hustle and forget to dream big! 🚀 What are some goals that you’re setting for yourself? Let’s inspire each other!
Wishing you all a day filled with positivity and inspiration! 🌈✨ 
#HelloWorld #KindnessMatters #GoalSetting #PositiveVibes "
152,a person.,and sharing the thoughts you had today.,Immagine you are a person. Write a post on social media introducing yourself and sharing the thoughts you had today.,"🌟 Hey everyone! 🌟
I thought it was about time to introduce myself! I’m [Your Name], a [your profession or passion], and I’m excited to connect with all of you! 😊
Today has been quite a thought-provoking day for me. I started off with a morning walk, and it really hit me how important it is to slow down and appreciate the little things around us – the sound of birds chirping, the rustle of leaves, and that fresh morning air! 🍃🌞
As I walked, I pondered the changes we all go through, especially as we navigate this whirlwind called life. We’re constantly evolving, learning, and adapting. It’s fascinating to think about how each experience shapes us.
I also reflected on the importance of kindness. With everything happening in the world, a little compassion can go a long way. So, I made a mental note to be more mindful and spread positivity wherever I can. 💛✨
What about you? What thoughts are you carrying with you today? Let’s inspire each other! 
#HelloWorld #MindfulMoments #SpreadKindness"
153,a person.,and sharing the thoughts you had today.,Immagine you are a person. Write a post on social media introducing yourself and sharing the thoughts you had today.,"🌟 Hey everyone! I’m [Your Name], and I’m excited to share a little bit about myself with you all! 
Today has been a whirlwind of thoughts and feelings. I woke up feeling grateful for the little things in life—like a warm cup of coffee ☕ and the beautiful colors of fall 🍂 that are starting to show up everywhere. 
I spent some time reflecting on my goals for the rest of the year. It’s amazing how a simple change of season can inspire a fresh perspective. I’m determined to focus more on self-care and creativity, whether that’s picking up a new hobby 🎨 or just taking a moment to breathe deeply and appreciate the present. 
Also, I’ve been thinking a lot about connections lately. It’s so important to foster relationships and check in on the people you care about. If you’re reading this, consider it your reminder to reach out to someone you haven’t talked to in a while. 💌 
Can’t wait to hear from you all! What thoughts have you been having today? Let’s inspire each other! 🌈✨ #Intro #Reflections #Grateful #StayConnected"
154,a person.,and sharing the thoughts you had today.,Immagine you are a person. Write a post on social media introducing yourself and sharing the thoughts you had today.,"🌟 Hey, everyone! 🌟
I’m [Your Name], excited to connect with you all! Today was a whirlwind of thoughts, and I wanted to share a few that really stood out to me. 😊
✨ **Gratitude is Key**: I spent some time reflecting on the things I’m grateful for—family, friends, and those little moments that make life special. Sometimes it's easy to get caught up in the chaos, but taking a step back helps me appreciate the everyday wonders.
🧠 **Curiosity Keeps Us Growing**: I stumbled upon an intriguing article about the power of lifelong learning. It reminded me how important it is to stay curious and keep pushing ourselves beyond our comfort zones. What’s something new you’ve learned recently?
🌍 **Connection Over Perfection**: In a world dominated by social media highlights, I'm reminding myself that it’s okay to be real—flaws and all. Let’s celebrate our authentic selves and encourage each other to share the messy, beautiful journey we’re all on.
💬 I’d love to hear your thoughts on these ideas! What’s been on your mind today? Let’s chat! ❤️
#Introduction #Gratitude #LifelongLearning #BeingReal #Community
Can’t wait to connect! 🌈✨"
155,a person.,and sharing the thoughts you had today.,Immagine you are a person. Write a post on social media introducing yourself and sharing the thoughts you had today.,"🌟 Hey everyone! 🌟
I just wanted to take a moment to introduce myself and share some thoughts that have been swirling around in my mind today. My name is [Your Name], and I’m excited to connect with all of you here!
Today started off pretty ordinary, but as the day unfolded, I found myself reflecting on the little moments that make life so special. Whether it's that warm cup of coffee in the morning or a smile from a stranger, I realized how important it is to cherish these simple joys.
I also had some deep thoughts about goals and dreams. It's easy to get caught up in the hustle and forget why we started in the first place. I reminded myself to take things one step at a time and to celebrate the small victories along the way. 🌈
Feeling grateful for the wonderful people in my life who inspire me to keep pushing forward.✨ What were your thoughts today? Let’s chat in the comments! 💬
#Introduction #Gratitude #SimpleJoys #Goals #Connection"
156,a person.,and sharing the thoughts you had today.,Immagine you are a person. Write a post on social media introducing yourself and sharing the thoughts you had today.,"🌟 Hey everyone! 🌟
I thought it was about time I introduced myself. I'm [Your Name], a curious soul navigating through this beautiful chaos called life. 😊
Today was one of those days that reminded me of the importance of pausing and reflecting. I started my morning with a cup of coffee, and as I watched the sunlight filter through the trees, I couldn’t help but feel grateful for the little things. ☕🌳
I spent some time journaling, and it struck me how every small moment can lead to a big change. Whether it's a kind word to a stranger or taking a moment for self-care, each act has a ripple effect. 🌊
Later on, I had a chat with a friend about our dreams and aspirations. It reignited that fire within me to pursue my passions and not just wait for opportunities to come knocking. 🔥
As the day winds down, I’m reflecting on my goals and reminding myself that it's okay to stumble along the way. After all, it’s the journey that shapes us. 🌈
I'd love to hear what thoughts you’ve had today! Let's inspire each other! 💬💖
#ThoughtsOfTheDay #Gratitude #ChasingDreams #StayCurious"
157,a person.,and sharing the thoughts you had today.,Immagine you are a person. Write a post on social media introducing yourself and sharing the thoughts you had today.,"🌟 Hey everyone! 🌟
I thought it was about time I introduced myself! I’m [Your Name], a curious soul navigating through this beautiful chaos we call life. ✨ I love exploring new ideas, having deep conversations, and capturing moments through photography. 📸
Today has been a whirlwind of thoughts. I woke up reflecting on the importance of balance—balancing work and play, solitude and socializing, ambition and contentment. It’s so easy to get caught up in the hustle, but I believe taking a step back and nurturing our inner selves is just as vital as chasing our dreams. 🌈
I also pondered the little things that make life magical: a warm cup of coffee in the morning, the sound of birds chirping outside, and the laughter of friends. It’s funny how often we overlook these simple joys, isn’t it? ☕🐦❤️
To anyone reading this, I hope you find a moment today to appreciate the small things. Let’s embrace the journey together! Looking forward to connecting with all of you. What thoughts are you reflecting on today? 🤔💭
#HelloWorld #Reflections #SimpleJoys #BalanceInLife"
158,a person.,and sharing the thoughts you had today.,Immagine you are a person. Write a post on social media introducing yourself and sharing the thoughts you had today.,"🌟 Hey everyone! 🌟
I thought it was about time I introduced myself! I’m [Your Name], a lover of all things creative, a curious mind, and a firm believer in the magic of everyday moments. ✨
Today was filled with a mix of deep thoughts and simple joys. I started my morning sipping coffee while watching the sunrise, and it reminded me how important it is to take a moment for ourselves amidst the chaos of life. ☕️🌅
I also pondered the idea of connection—how a simple smile or a friendly chat can brighten someone’s day. It’s incredible how our small actions can create ripples of positivity in the world. 😊💕
In the hustle of the day, I made a conscious effort to step outside for a quick walk, and it struck me how nature has its own way of grounding us. The colors of autumn leaves brought back so many memories and made me appreciate the beauty in transition. 🍂🍁
So, here’s my thought for today: let’s embrace the little moments, reach out to those we care about, and keep creating connections. Remember, it’s the little things that often mean the most! 💖
Would love to hear what’s been on your mind today! Feel free to share! 
#HelloWorld #MindfulMoments #ConnectionMatters #Gratitude"
159,a person.,and sharing the thoughts you had today.,Immagine you are a person. Write a post on social media introducing yourself and sharing the thoughts you had today.,"🌟 Hey everyone! 🌟
I just wanted to take a moment to introduce myself. I’m [Your Name], a bit of a dreamer and a passionate explorer, always on the lookout for new experiences and ideas. I love diving deep into interesting topics—whether it’s books, technology, or that latest podcast I can't stop thinking about! 
Today was one of those days where my mind simply wouldn’t stop buzzing. 🐝✨ I started my morning with a cup of coffee (because, let’s be honest, who can resist?) and reflecting on the little things that bring joy to our lives. ☕❤️ 
I thought about the simple beauty in nature—the way the leaves change and how a sunrise can make your heart skip a beat. 🌅 Sometimes, it’s easy to get caught up in the hustle and bustle, but those quiet moments are what really fuel my soul.
Later, I had a great conversation with a friend about pursuing passions and stepping out of our comfort zones. It reminded me that it’s never too late to try something new or to chase those big dreams we often keep to ourselves. 🚀
What thoughts have been swirling in your mind today? Let’s share and inspire each other! 💬✨ 
#MindfulMoments #ChasingDreams #EverydayMusings"
160,a person.,and sharing the thoughts you had today.,Immagine you are a person. Write a post on social media introducing yourself and sharing the thoughts you had today.,"🌟 Hey everyone! 🌟
I thought I’d take a moment to introduce myself and share some thoughts from my day. My name is Alex, and I’m just your friendly neighborhood dreamer trying to navigate this crazy thing called life! ✨
Today started with a beautiful sunrise— it reminded me of how every day offers a fresh start. I took a long walk while sipping on my favorite coffee, soaking in the crisp morning air. ☕🌅 The world seems a little brighter when you take the time to appreciate the little things, don't you think?
Lately, I’ve been thinking a lot about what it means to chase your passions while balancing responsibilities. It can be a juggling act! 🎪 Whether it’s picking up a new hobby, spending time with loved ones, or just carving out time to reflect, I believe it’s so important to nurture those aspects of ourselves.
I also had a conversation with a friend today about the power of kindness. It’s amazing how a small act—a smile, a compliment, or even just listening—can create ripples of positivity. 🌊💛 Let’s spread some good vibes, shall we?
What’s been on your mind lately? Let’s chat in the comments! 💬
#NewDayNewThoughts #KindnessMatters #ChasingDreams #GoodVibesOnly"
161,a person.,and sharing the thoughts you had today.,Immagine you are a person. Write a post on social media introducing yourself and sharing the thoughts you had today.,"🌟 Hey everyone! 🌟 
I’m [Your Name], and I’m excited to connect with all of you! Just a little about me: I’m passionate about [your hobbies/interests], love exploring new ideas, and find joy in the little things in life. ❤️
Today was quite a reflective one for me. I spent some time pondering the beauty of growth—both personally and in the world around us. 🌱 It’s incredible how every experience, even the tough ones, shapes who we are. I took a moment to appreciate the small victories, like finally finishing that book I’ve been meaning to read or cooking a new recipe that turned out better than expected! 📚🍽️
I also thought about the importance of connection. In a world that sometimes feels so disconnected, a simple conversation or a shared laugh can make all the difference. So, let’s reach out, support one another, and celebrate our stories together! 
What are your thoughts today? Let’s chat! 💬✨ 
#SelfIntroduction #Reflections #Connection #PersonalGrowth"
162,a person.,and sharing the thoughts you had today.,Immagine you are a person. Write a post on social media introducing yourself and sharing the thoughts you had today.,"🌟 Hey everyone! 🌟
I just wanted to take a moment to introduce myself and share a few thoughts that have been swirling around in my mind today. 😊
👋 I’m [Your Name], a lover of good coffee, books, and adventures – both big and small! I believe in chasing new experiences and soaking up every moment life has to offer. 
Today, I found myself reflecting on the importance of gratitude. 🙏🏽 It’s so easy to get caught up in the hustle and bustle of daily life, but taking a few moments to acknowledge the little things can really shift our perspective. Whether it's enjoying a sunny day, a warm cup of tea, or a great conversation with a friend, there’s so much to appreciate.
I also pondered how essential it is to take time for ourselves. 🌱 In our busy lives, it can be challenging to carve out that time, but self-care is not a luxury – it’s a necessity. Whether it’s a short walk, reading a chapter of a book, or simply pausing to breathe, it’s important to reconnect and recharge.
What are you all grateful for today? Let's spread some positivity! 💖
Looking forward to connecting with all of you and hearing your thoughts! ✨
#Gratitude #SelfCare #PositiveVibes #NewConnections"
163,a person.,and sharing the thoughts you had today.,Immagine you are a person. Write a post on social media introducing yourself and sharing the thoughts you had today.,"🌟 Hey everyone! 🌟
I'm [Your Name], and I'm excited to share a little bit about myself with you all! I'm a curious soul who loves exploring new ideas, diving into books, and savoring delicious food. Whether it's a new recipe or an old favorite, food and cooking are my creative outlets!
Today was one of those reflective days when I found myself pondering the little things that bring joy to my life. ☕✨ I started my morning with a warm cup of coffee, watching the sunrise paint the sky in beautiful shades of orange and pink. It reminded me of the importance of taking a moment to appreciate the beauty around us.
Later, I went for a walk in the park and couldn’t help but notice how nature seems to mirror our own journeys. Just as the trees shed their leaves to make way for new growth, we all have moments in life when we need to let go and embrace change. 🍂🌱
I also had a conversation with a friend that sparked some great insights about setting personal goals for the coming months. It’s fascinating to think about where we want to be in the future and the steps we need to take to get there. 🚀✨
Looking forward to sharing more thoughts and connecting with all of you! What’s been on your mind lately? Let’s chat! 💬❤️
#Introduction #ThoughtsOfTheDay #Mindfulness #NatureLovers #PersonalGrowth"
164,a person.,and sharing the thoughts you had today.,Immagine you are a person. Write a post on social media introducing yourself and sharing the thoughts you had today.,"🌟 Hey everyone! 🌟
I thought I’d take a moment to introduce myself! I’m [Your Name], a curious soul navigating through life, one day at a time. 🌍✨ I’m passionate about [your hobbies/interests], and I believe in the power of kindness and creativity to make the world a better place.
Today was one of those days where inspiration struck! 💡 I found myself reflecting on the little things that bring joy—like a warm cup of coffee ☕, a good book 📚, or even just the sound of rain tapping against my window. It’s amazing how gratitude can shift your perspective and make everyday moments feel special.
I also thought about how important it is to connect with others. Human connection is what makes life richer and more meaningful. Let’s lift each other up and share those positive vibes! ✨💖
What thoughts are you carrying today? Let’s chat in the comments! 👇😊
#Gratitude #Connection #PositiveVibes #EverydayJoy"
165,a person.,and sharing the thoughts you had today.,Immagine you are a person. Write a post on social media introducing yourself and sharing the thoughts you had today.,"🌟 Hey everyone! 🌟
I just wanted to take a moment to introduce myself and share some thoughts that have been swirling around in my mind today. I’m [Your Name], a passionate soul who loves exploring the wonders of life! 🌼
Today started with a beautiful sunrise that got me thinking about new beginnings. ☀️ There’s something so inspiring about watching the world light up each day. It reminded me that each moment is an opportunity to start fresh and pursue our dreams.
As I sipped my coffee (blissful fuel for the day! ☕️), I pondered the importance of human connections. In a world that can feel so vast, taking a moment to reach out to someone can make all the difference. A simple message or a call can brighten someone’s day. 💌
I also took some time to reflect on my goals, big and small. I’ve realized that progress often comes in tiny steps, and I’m embracing the journey rather than just the destination. Growth is a process!
Hope everyone is having a fantastic day! 🌟 Let’s lift each other up and make today count! What’s been on your mind? Share in the comments—I’d love to hear your thoughts! 😊✨
#NewBeginnings #Connection #SelfGrowth #PositiveVibes"
166,a person.,and sharing the thoughts you had today.,Immagine you are a person. Write a post on social media introducing yourself and sharing the thoughts you had today.,"🌟 Hey everyone! 🌟
I just wanted to take a moment to introduce myself. I’m [Your Name], an aspiring [your passion or profession], and I’m excited to connect with all of you! I believe in the power of positivity and creativity, and I love sharing my journey with others.
Today, I had some reflective moments that really made me think. I’ve been diving deep into the idea of embracing imperfections. It’s so easy to get caught up in the pursuit of perfection, but I’ve realized that some of the most beautiful experiences come from our mistakes and the lessons they teach us. 😌✨
I also had an inspiring conversation with a friend about the importance of self-care. Taking time for ourselves isn’t a luxury; it’s a necessity. Whether it’s reading a book, enjoying a walk, or simply soaking in some good music, we all need those moments to recharge.
Lastly, I came across a quote that resonated with me today: “The journey of a thousand miles begins with a single step.” I’m reminded that every day is an opportunity to take that step, no matter how small. 🚶‍♀️💫
What thoughts or reflections did you have today? Let’s keep the conversation going! 💬❤️ #SelfReflection #EmbraceImperfection #Inspiration
Looking forward to connecting with all of you! 😊"
167,a person.,and sharing the thoughts you had today.,Immagine you are a person. Write a post on social media introducing yourself and sharing the thoughts you had today.,"🌟 Hey everyone! 🌟
I just wanted to take a moment to introduce myself to all of you! I’m [Your Name], an avid explorer of ideas and a lover of meaningful conversations. 😊 I believe that every day is a new opportunity to learn something fascinating, and today was no exception!
This morning, I found myself reflecting on the beauty of small moments. You know, those little things that often go unnoticed—a warm cup of coffee on a chilly day, the sound of leaves rustling in the wind, or a genuine smile from a stranger. It’s amazing how these tiny experiences can shape our mood and perspective!
I also pondered on how important it is to stay curious and open-minded. In a world where there’s so much information at our fingertips, it’s easy to feel overwhelmed. But I think making space for new ideas, even when they challenge what we already believe, is crucial for personal growth.
What are some little moments that brightened your day? Let’s share our thoughts and spread some positivity! 💬✨
Looking forward to connecting with all of you! 🌈💖
#Introduction #Grateful #StayCurious #PositiveVibes"
168,a person.,and sharing the thoughts you had today.,Immagine you are a person. Write a post on social media introducing yourself and sharing the thoughts you had today.,"🌟 Hey everyone! 🌟
I’m excited to introduce myself! I’m [Your Name], a lifelong learner and passionate explorer of the world around me. I believe in the power of connection and creativity, and I’m always looking for new ways to express myself and connect with others.
Today was one of those days where inspiration struck in unexpected places. ☀️ I took a walk in the park, and as I watched the leaves dance in the breeze, I couldn’t help but reflect on how nature teaches us to embrace change. 🍃 It’s such a beautiful reminder that even in our most challenging moments, growth is always possible.
In between those thoughts, I caught up on some reading and dove into a fascinating book about resilience. 📚 It resonated with me, especially in today’s fast-paced world, where it’s easy to feel overwhelmed. I'm reminded that it's okay to paused and take a breath.
I’m looking forward to sharing more of my journey, thoughts, and inspirations with all of you. Let’s uplift each other and make the most of every moment! 💫 Feel free to share what inspired you today in the comments. 
Here’s to embracing the journey together! ✨✨ 
#SelfIntroduction #ThoughtsOfTheDay #EmbraceChange #NatureInspires"
169,a person.,and sharing the thoughts you had today.,Immagine you are a person. Write a post on social media introducing yourself and sharing the thoughts you had today.,"🌟 Hey everyone! 🌟 
I thought I’d take a moment to introduce myself. I’m [Your Name], a curious soul navigating this beautiful chaos we call life. I’m passionate about [Your Interests or Hobbies, e.g., art, technology, nature, etc.], and I love sharing my thoughts and experiences with others!
Today was one of those reflective days where the little things sparked some big thoughts. I found myself appreciating a simple morning coffee, the way the steam danced in the air, reminding me that it’s often the small moments that bring the most joy. ☕✨
I also took a walk and admired the changing leaves. 🍂 It got me thinking about the cycles of change we all go through in life. Embracing change can be tough, but it often leads to growth and new beginnings. 
What are some things that made you pause and reflect today? Let’s share our thoughts and inspire each other! 🌍💬 
Looking forward to connecting with you all! ❤️
#NewBeginnings #EverydayReflections #EmbraceChange"
170,a person.,and sharing the thoughts you had today.,Immagine you are a person. Write a post on social media introducing yourself and sharing the thoughts you had today.,"🌟 Hey everyone! 🌟 
I thought I’d take a moment to introduce myself. I’m [Your Name], and I’m excited to share a little slice of my world with you all. 😊✨
Today was a mix of inspiration and reflection. I spent some time outdoors, soaking up the crisp autumn air and watching the leaves dance in the wind. 🍂 It reminded me how important it is to take a step back and appreciate the little things. Sometimes we get so caught up in our daily routines that we forget to notice the beauty around us.
I also had a meaningful conversation with a friend about our dreams and aspirations. It’s amazing how sharing our thoughts can open up new perspectives and ignite motivation! It really reminded me of the power of connection and support in our lives. 🤝💕
So, here’s a little thought for all of you: What’s something beautiful you noticed today? 🌻 Let’s lift each other up and share those positive vibes!
Looking forward to connecting with all of you! 
#NewBeginnings #DailyReflections #StayPositive"
171,a person.,and sharing the thoughts you had today.,Immagine you are a person. Write a post on social media introducing yourself and sharing the thoughts you had today.,"🌟 Hey everyone! 🌟
I hope you’re all having a fantastic day! I wanted to take a moment to introduce myself a little more and share some thoughts I had today. 
I’m [Your Name], a passionate explorer of ideas, stories, and adventures! I love diving into books, exploring new places, and connecting with interesting people. Each day brings a new opportunity to learn and grow, and I’m all about embracing that journey. 🌍✨
Today, I found myself reflecting on the importance of kindness in our daily lives. It’s incredible how a small act—a smile, a compliment, or even just listening—can create ripples of positivity in our communities. I had a lovely conversation with a stranger at my favorite coffee shop, and it reminded me how interconnected we all are. ☕❤️
I’m also feeling inspired to tackle some new projects this week! Whether it’s picking up that hobby I’ve been putting off or starting a new book, I’m ready to shake things up a bit. What about you? What are you feeling inspired to do this week?
Looking forward to hearing from you all. Let’s spread positivity and support each other in our journeys! 💪✨
#HelloWorld #SpreadKindness #Inspiration #LifelongLearner"
172,a person.,and sharing the thoughts you had today.,Immagine you are a person. Write a post on social media introducing yourself and sharing the thoughts you had today.,"🌟 Hey everyone! 🌟
I hope you’re all doing well! I wanted to take a moment to introduce myself and share some of the thoughts that have been swirling in my mind today.
My name is Alex, a creative soul with a love for exploring the world through art, books, and meaningful conversations. I thrive on connection and the beauty of diverse perspectives. 
Today, I found myself reflecting on the importance of small moments. You know, those little interactions and experiences that often go unnoticed? A warm smile from a stranger, the sound of laughter nearby, or even the first sip of coffee in the morning can make a huge difference in our day. It’s a reminder that joy can be found in the simplest of things if we take a moment to pause and appreciate them.
I also thought about how we often get caught up in our busy lives, chasing after big goals and milestones. While those are important, I’ve come to realize that it’s the little victories and the connections we make along the way that truly enrich our lives.
What small moments have brought you joy today? I’d love to hear your thoughts! 💬
Here’s to embracing the little things and finding beauty in every day! ✨
#LifeThoughts #SmallMoments #ConnectionMatters"
173,a person.,and sharing the thoughts you had today.,Immagine you are a person. Write a post on social media introducing yourself and sharing the thoughts you had today.,"🌟 Hey everyone! 🌟
I thought I’d take a moment to introduce myself. I’m [Your Name], and I’m just a regular person navigating this beautiful chaos we call life. 💫 
Today was one of those days where inspiration struck me out of nowhere. I found myself reflecting on the little things that make life special—like my morning coffee brewing perfectly, the warmth of the sun on my skin during a walk, and the laughter shared with friends. ☕☀️❤️ 
I also caught myself pondering how easily we can get caught up in the hustle and bustle, forgetting to pause and appreciate the present moment. It reminded me of how important it is to slow down and embrace gratitude in our daily lives. 🌼✨ 
So here’s my thought for the day: When life feels overwhelming, take a step back and breathe. Find joy in the little things and let gratitude guide you. You never know how a simple shift in perspective can brighten your day! 
Looking forward to sharing more thoughts and connecting with all of you. Let’s uplift each other! 🙌💖 
#Mindfulness #Gratitude #DailyReflections #Connection "
174,a person.,and sharing the thoughts you had today.,Immagine you are a person. Write a post on social media introducing yourself and sharing the thoughts you had today.,"🌟 Hey everyone! 🌟
I'm excited to introduce myself to this wonderful community! My name is [Your Name], and I’m all about positive vibes, creativity, and connecting with amazing people. 💖
Today was a whirlwind of thoughts! I woke up feeling grateful for the little things—like the warmth of my morning coffee and the sound of birds chirping outside. 🐦☕ It got me thinking about how often we overlook these simple joys amidst our busy daily lives. 
I also pondered about the importance of self-care and how taking time for ourselves is essential. Whether it’s reading a book, going for a walk, or simply enjoying some quiet time, it’s vital to prioritize our well-being. 🌱✨
Finally, I found myself reflecting on the power of community and connection. It’s incredible to think about how we can uplift and inspire one another, even from a distance. Let’s keep the positivity flowing and support each other through every step of our journeys. 🌈🤗
Can’t wait to get to know all of you better! What thoughts did you have today? Share below! 👇❤️
#NewBeginnings #Gratitude #SelfCare #CommunityLove"
175,a person.,and sharing the thoughts you had today.,Immagine you are a person. Write a post on social media introducing yourself and sharing the thoughts you had today.,"🌟 Hey everyone! 🌟
I thought I'd take a moment to introduce myself and share a few thoughts that crossed my mind today. I'm [Your Name], a curious soul navigating the beautiful mess that is life. 
Today was one of those days where I found myself reflecting on the little things that bring joy. From the warmth of my morning coffee to the sound of laughter from friends, I realized how important it is to appreciate the present moment. 🥰✨
I also pondered the idea of growth. Life is a constant journey of learning and evolving, and I’m embracing every twist and turn. What are some things you’ve learned about yourself recently? I'd love to hear about your experiences! 
Let’s uplift each other and share our journeys! 🌈
#Hello #NewBeginnings #Gratitude #LifeThoughts"
176,a person.,and sharing the thoughts you had today.,Immagine you are a person. Write a post on social media introducing yourself and sharing the thoughts you had today.,"🌟 Hey everyone! 🌟
I thought it was time to introduce myself a bit more! I’m [Your Name], a passionate explorer of ideas and an eternal learner. I love diving into books, exploring new places, and discovering fascinating perspectives. 💫
Today, I had a moment of reflection that I wanted to share. I’ve been thinking about how often we get caught up in the hustle and bustle of life, forgetting to pause and appreciate the little things. A warm cup of coffee in the morning, laughter shared with friends, or even just a moment of quiet can really nourish the soul. ☕❤️
In our fast-paced world, it's so important to take a step back and find gratitude in the everyday moments. What’s something simple that made you smile today? Let’s remind each other to embrace the beauty around us! 🌼✨
Looking forward to connecting with all of you! Stay curious and kind! 💖
#Introduction #Gratitude #Mindfulness #StayCurious"
177,a person.,and sharing the thoughts you had today.,Immagine you are a person. Write a post on social media introducing yourself and sharing the thoughts you had today.,"🌟 Hey everyone! 🌟 
I’m [Your Name], and I’m excited to connect with you all! A little about me: I’m a curious soul who loves exploring new ideas, diving into conversations about everything from art to science, and savoring the little joys in life. 
Today was an interesting day for me! I woke up with the sun streaming through the window, and it got me thinking about gratitude. 🌼 I reflected on all the small things that make life beautiful, like a warm cup of coffee in the morning and the sound of leaves rustling in the wind. 
Later, I had a deep conversation with a friend about the challenges we face and the importance of resilience. It reminded me that every setback is just a setup for a comeback! 💪✨ 
I also spent some time journaling about my goals and dreams. It’s amazing how writing things down can clarify your thoughts and ignite your motivation. 
How about you? What thoughts or moments have shaped your day? I’d love to hear from you! Let’s inspire each other. 💛 
#Hello #Gratitude #Resilience #Inspiration #Community"
178,a person.,and sharing the thoughts you had today.,Immagine you are a person. Write a post on social media introducing yourself and sharing the thoughts you had today.,"🌟✨ Hey everyone! 🌟✨
I thought it was time to introduce myself a bit more! I’m [Your Name], a curious soul with a passion for exploring life's little wonders. Today has been a whirlwind of thoughts and reflections, and I wanted to share some of them with all of you.
This morning, I took a quiet moment to enjoy my coffee and watch the world wake up. It's incredible how the simplest things can bring such joy! ☕️🌅 It reminded me of the importance of slowing down and cherishing each moment.
As the day went on, I found myself thinking about the power of kindness. 💖 In a world that can sometimes feel overwhelming, a small act of kindness can genuinely make a difference. Whether it's a smile to a stranger or a helping hand to a friend, let's spread a little more love!
I also reflected on my goals and dreams. 🎯 Life’s too short not to chase what sets our hearts on fire. I encourage everyone to take a moment to think about what you’re passionate about and how you can take steps towards it—I know I will!
What about you? What thoughts are swirling around in your mind today? Let’s share and inspire each other! 🌈💬
#Hello #SelfIntroduction #ThoughtsOfTheDay #KindnessMatters #ChaseYourDreams"
179,a person.,and sharing the thoughts you had today.,Immagine you are a person. Write a post on social media introducing yourself and sharing the thoughts you had today.,"🌟 Hey everyone! 🌟
I thought I’d take a moment to introduce myself and share a few thoughts I had today. My name is Alex, and I’m all about exploring the little things in life that bring joy and inspiration. 😄✨
Today, I found myself reflecting on the power of gratitude. It’s so easy to get caught up in the hustle and bustle of daily life, but I took a step back and started a gratitude list. 📝 From the warm coffee that kickstarts my morning to the laughter shared with friends, it reminded me of how many beautiful moments we often overlook.
I also had a delightful chat with a stranger— isn’t it amazing how a simple conversation can change your perspective? It made me think about the importance of connection and how we all have stories worth sharing. 💬❤️
Lastly, I took a walk in nature and marveled at the colors of the leaves as they change with the season. 🍂🍁 It was a beautiful reminder that change can be beautiful, and sometimes it’s just what we need.
So, here’s to finding joy in the simple moments and embracing the changes life throws our way! What’s something you’re grateful for today? Let’s share some positivity! 🌈💖
#Gratitude #Connection #NatureLover #SimpleJoys"
180,a person.,and sharing the thoughts you had today.,Immagine you are a person. Write a post on social media introducing yourself and sharing the thoughts you had today.,"🌟 Hey everyone! 🌟
I thought it was time to introduce myself a bit more. I’m [Your Name], just a regular person navigating this wild thing called life. 🎢 I love exploring new ideas, having meaningful conversations, and finding joy in the little things. 
Today was one of those reflective days. I woke up thinking about how often we rush through life, forgetting to pause and appreciate our surroundings. 🌳 During my morning walk, I noticed the beauty in the changing leaves—vivid oranges and reds—and it reminded me how important it is to embrace change and find beauty in transitions. 🍂
Later, I found myself pondering the power of kindness. A simple smile or a small gesture can make a huge difference, both for someone else and for ourselves. So, I made it a goal to spread a little extra kindness today—whether it was holding the door for someone or complimenting a stranger. ❤️
Just a gentle reminder to take a moment today to appreciate the little things and spread some kindness wherever you go! How did your day go? I’d love to hear your thoughts! 💬✨ 
#ThoughtsOfTheDay #EmbraceChange #SpreadKindness"
181,a person.,and sharing the activities you did today.,Immagine you are a person. Write a post on social media introducing yourself and sharing the activities you did today.,"🌟 Hey everyone! 🌟
I thought I’d take a moment to introduce myself! I’m [Your Name], a curious explorer of all things creative and a lover of life’s little moments. 🎨✨
Today was a whirlwind of fun and productivity! I started my morning with a brisk walk in the park, soaking in the beautiful fall foliage – those autumn colors were absolutely breathtaking! 🍂 After that, I whipped up a delicious breakfast (avocado toast with a poached egg, yum! 🥑🍳) before diving into some work.
This afternoon, I attended a fantastic art workshop where I got to unleash my inner Picasso! 🎨 It felt amazing to experiment with colors and techniques alongside fellow art enthusiasts. I even painted a piece that I’m super proud of! 
To wrap up the day, I caught up with some friends over coffee ☕️ and shared stories and laughs – nothing beats good company! 
How was your day? I’d love to hear about what you all have been up to! 💬❤️
#HelloWorld #ArtLover #FallVibes #GoodCompany"
182,a person.,and sharing the activities you did today.,Immagine you are a person. Write a post on social media introducing yourself and sharing the activities you did today.,"🌟 Hey everyone! 🌟 
I just wanted to take a moment to introduce myself! I’m [Your Name], and I’m super excited to connect with all of you here! 😊 
Today has been quite a day for me! I kicked things off with a refreshing morning walk in the park, where I soaked up the sunshine and watched the world wake up. Nothing like a little nature to start the day right! 🌳☀️
After that, I headed back home and whipped up a delicious smoothie bowl packed with all my favorite fruits. I love experimenting with new recipes! 🍓🥭
In the afternoon, I met up with some friends for a coffee catch-up at our local café. It was great to share laughs and stories over a warm cup of java. ☕️❤️
Later on, I decided to dive into a good book that’s been sitting on my shelf for way too long. It’s a thrilling mystery that’s keeping me on the edge of my seat! 📖🔍
As the day winds down, I’m planning to unwind with a little yoga session to stretch it all out and find my zen. 🧘‍♀️🙏
That’s a little glimpse into my day! How was yours? Can’t wait to hear about your adventures! 💬✨ #HelloWorld #DailyVibes #ConnectWithMe"
183,a person.,and sharing the activities you did today.,Immagine you are a person. Write a post on social media introducing yourself and sharing the activities you did today.,"🌟 Hey everyone! 🌟
I hope you're all having a fantastic day! I wanted to take a moment to introduce myself and share what I’ve been up to today.
👋 Hi! I’m [Your Name], a passionate explorer of life's little moments. I love nature, reading, and discovering new hobbies. Today was especially delightful!
🌞 This morning, I kicked things off with a refreshing hike at [Local Park Name]. The crisp air and beautiful scenery completely rejuvenated my spirit. There's nothing quite like being surrounded by nature to start the day right!
☕ After that, I treated myself to a cozy café visit where I enjoyed a delicious matcha latte and some time with my current read, ""The Midnight Library."" It's such a thought-provoking book, and I can't wait to discuss it with fellow book lovers!
🎨 In the afternoon, I decided to get a little creative! I spent some time painting watercolor landscapes, which was both relaxing and rewarding. I’m definitely no professional, but it feels great to express myself through art.
✨ To wrap up the day, I met up with a few friends for dinner at our favorite Italian restaurant. We laughed, shared stories, and indulged in some mouthwatering pasta – the perfect way to end a beautiful day!
I'd love to hear about what you all have been up to! What’s one highlight from your day? 🌈
#DailyAdventures #NatureLover #BookWorm #CreativeSoul #GoodVibesOnly"
184,a person.,and sharing the activities you did today.,Immagine you are a person. Write a post on social media introducing yourself and sharing the activities you did today.,"🌟 Hey everyone! 🌟
I just wanted to take a moment to introduce myself to all of you! I'm [Your Name], and I'm so excited to share a little slice of my day with you all. 😊
Today was a mix of productivity and relaxation! I started the morning with a refreshing walk in the park, soaking up the crisp autumn air. 🍂 There’s something so peaceful about being surrounded by nature, don’t you think? 
After that, I dove into some work tasks that I had been putting off. I felt super accomplished crossing off items on my to-do list! ✔️⚡️ Took a break for lunch and tried out a new café in town—delicious avocado toast and a latte that was almost too pretty to drink! ☕🥑
Later in the afternoon, I met up with a couple of friends for a little catch-up session. We laughed, shared stories, and soaked in the sunshine. ☀️ It’s amazing how good company can recharge your spirit!
To wind down, I spent some time reading a book I’ve been meaning to finish. Nothing like getting lost in a good story! 📚✨
How about you guys? What did you do today? Let’s connect and share our stories! ❤️
#HelloWorld #DailyAdventures #ConnectingWithYou"
185,a person.,and sharing the activities you did today.,Immagine you are a person. Write a post on social media introducing yourself and sharing the activities you did today.,"🌟 Hey everyone! 🌟
I thought I’d take a moment to introduce myself and share a little bit about my day! 👋 I’m [Your Name], a [your profession or something fun about yourself like ""coffee enthusiast"" or ""adventurous soul""] living in [Your City]. I love connecting with new people and sharing experiences! 💬✨
Today was quite eventful! I kickstarted my morning with a refreshing cup of coffee from my favorite local café ☕ and took a nice stroll through the park. The autumn leaves were just stunning! 🍂🍁
After that, I dove into some work, tackling projects and brainstorming ideas. It’s always a satisfying feeling to check things off my to-do list! ✅ Midday, I took a break and tried a new recipe for lunch—homemade veggie stir-fry! It turned out surprisingly delicious! 🥗👩‍🍳
In the afternoon, I met up with a couple of friends for a fun hike. The views from the top were absolutely breathtaking! Nothing like fresh air and good company to recharge the spirit! 🌄💚
Now I’m winding down with a good book and some cozy blankets, ready to dive into a new chapter (literally!). 📚✨
Hope you all had a fantastic day! What did you get up to today? Share in the comments! 💖
#HelloWorld #DailyAdventures #ConnectWithMe"
186,a person.,and sharing the activities you did today.,Immagine you are a person. Write a post on social media introducing yourself and sharing the activities you did today.,"🌟 Hey everyone! 🌟
I thought it was about time to introduce myself! I’m Alex, a lover of adventure and exploration. 🌍✈️
Today was a pretty fantastic day! I started my morning with a cozy cup of coffee ☕️ while catching up on some of my favorite podcasts—totally recommend the one about true crime if you’re into that! 🎙️😮
After that, I headed out for a brisk hike at the local nature reserve. The fall colors are absolutely stunning right now! 🍂❤️ Nothing beats the fresh air and some time in nature to recharge. 
Post-hike, I met up with a couple of friends for lunch at a new cafe in town. We tried their famous avocado toast (yum!) and chatted about our upcoming plans for the weekend. 🍽️😊 
Later in the afternoon, I finally started that book I’ve been meaning to read—it’s a captivating mystery that’s hard to put down! 📚✨ 
To cap off my day, I wound down with a little yoga and meditation, just to find some inner peace before bed. 🧘‍♂️✨ 
How was your day? I’d love to hear all about it! 💬💙 
#HelloWorld #DayInTheLife #NatureLover #Bookworm #CoffeeAddict"
187,a person.,and sharing the activities you did today.,Immagine you are a person. Write a post on social media introducing yourself and sharing the activities you did today.,"🌟 Hello, everyone! 🌟
I hope you’re all having an amazing day! I wanted to take a moment to introduce myself. I’m [Your Name]—a lover of adventures, books, and good coffee! ☕✨
Today was a whirlwind of activities! I started my morning with a brisk jog in the park, soaking in the fresh air and enjoying the beautiful fall colors. 🍂 After that, I treated myself to a delightful breakfast at my favorite café—avocado toast with a sprinkle of chili flakes, yum! 🥑✨
In the afternoon, I dove into a gripping thriller novel that I just couldn’t put down; it had me on the edge of my seat! 📚❤️ Later, I met up with some friends for a fun pottery class where we got a little messy but created some pretty cool pieces. 🎨👩‍🎨
To wrap up the day, I watched the sunset while sipping on some herbal tea, reflecting on the day’s experiences. 🌅🌿
What about you? What did you do today? Let’s connect! 💬😊 #DailyAdventures #LifeMoments #CozyVibes"
188,a person.,and sharing the activities you did today.,Immagine you are a person. Write a post on social media introducing yourself and sharing the activities you did today.,"🌟 Hey everyone! 🌟
I just wanted to take a moment to introduce myself! I’m [Your Name], a [your profession or hobby] who loves exploring new experiences and connecting with people. 😊✨
Today was an amazing day for me! I started my morning with a refreshing jog in the park, soaking up the crisp autumn air. 🏃‍♂️🍂 There’s something about the sound of leaves crunching underfoot that just puts me in a good mood!
After that, I tried a new café that just opened up in my neighborhood. ☕🥐 Their pumpkin spice latte is to die for! I also managed to get some reading done while enjoying the cozy atmosphere.
In the afternoon, I joined a local art workshop where I got to experiment with watercolor painting. 🎨 It was so therapeutic to let my creativity flow, and I even made a few new friends there!
To wrap up my day, I cooked a delicious dinner — homemade pasta with pesto and cherry tomatoes! 🍝🍅💚 It turned out better than I expected, and I can't wait to share the recipe with you all!
What about you? How did you spend your day? Let’s chat in the comments! 👇💬
#HelloWorld #DayInMyLife #NewExperiences #ArtAndCoffee #SelfIntroduction"
189,a person.,and sharing the activities you did today.,Immagine you are a person. Write a post on social media introducing yourself and sharing the activities you did today.,"🌟 Hey everyone! 🌟
I thought it was about time to introduce myself! I’m [Your Name], a passionate explorer of life and all its little adventures. 🚀✨
Today was a pretty amazing day! I started my morning with a refreshing yoga session in the park, soaking in that beautiful sunlight and the sounds of nature. 🌳🧘‍♀️ Nothing like a little mindfulness to set the tone for the day!
After that, I grabbed a delicious smoothie from my favorite local café—mango and ginger, if you’re curious! 🍹😋 I spent some time catching up on some reading (currently diving into a fantasy novel that has me hooked!), then it was off to the local farmers’ market. I love supporting our community and picked up some fresh veggies and flowers to brighten up my space. 🌻🥕 
In the afternoon, I met up with a few friends for a fun hike! We explored some new trails and even spotted a few cute critters along the way. 🦊🌲 Nothing like a little adventure with great company!
To wrap up the day, I’m planning on cooking a veggie stir-fry with all the goodies I got from the market and probably binge-watching a new series later on. 🍜📺 
Excited to share more of my journey with all of you! What did you do today? 🙌💖
#Introduction #DailyAdventures #Grateful #NatureLover #CommunitySupport"
190,a person.,and sharing the activities you did today.,Immagine you are a person. Write a post on social media introducing yourself and sharing the activities you did today.,"🌟 Hey everyone! 🌟
I just wanted to take a moment to introduce myself! My name is Alex, and I’m excited to share a little glimpse into my life. 😊
Today was super productive and full of fun! I started off my morning with a brisk jog in the park, soaking in the fresh air and the gorgeous autumn colors 🍂. Nothing like a little exercise to wake up the mind and body!
After my run, I whipped up a delicious breakfast—avocado toast with poached eggs and a side of fresh fruit. 🥑🍳🍉 Fueling up for a busy day ahead!
In the afternoon, I met up with some friends for a little coffee date. We discovered a cute new café downtown that has the best lattes! ☕️❤️ We caught up on life, shared some laughs, and planned our next adventure together.
Later, I spent some time working on a personal project I’m really passionate about—creating handmade candles! 🕯️ It’s so therapeutic, and I love experimenting with different scents. I can’t wait to share some pics once they’re ready!
Winding down this evening, I’m diving into a new book I started, which is a thrilling mystery novel. 📚 Who else loves getting lost in a good story?
That’s a wrap on my day! Can’t wait to hear about what you all have been up to! ✨ Drop a comment and let’s connect! 💬
#Hello #DayInMyLife #CandleMaking #MysteryLover #CoffeeAddict"
191,a person.,and sharing the activities you did today.,Immagine you are a person. Write a post on social media introducing yourself and sharing the activities you did today.,"🌟 Hey everyone! 🌟
I thought I’d take a moment to introduce myself and share a little glimpse into my day! I’m [Your Name], a passionate explorer of life’s little moments. Whether it's diving into a good book, experimenting in the kitchen, or going on spontaneous adventures, I love to make each day count!
Today started off with a refreshing morning jog in the park. The crisp air was invigorating, and the autumn leaves painted such a beautiful backdrop! 🍂🏃‍♀️ After that, I treated myself to a delicious homemade breakfast—avocado toast topped with poached eggs and a sprinkle of chili flakes. Yum! 🥑🍳
In the afternoon, I joined a local pottery class. It was so much fun getting my hands dirty and channeling my creativity! Can’t wait to see how my mug turns out. 🎨✨
To wind down, I spent my evening curled up on the couch with a captivating novel I’ve been meaning to read. 📚 It’s one of those stories that pulls you in and makes you forget about time!
How was your day? Share your adventures below! Let’s inspire each other! 🌈❤️
#Introduction #DailyAdventures #NewExperiences #LifeIsGood"
192,a person.,and sharing the activities you did today.,Immagine you are a person. Write a post on social media introducing yourself and sharing the activities you did today.,"🌟 Hey everyone! 🌟
I hope you're all having a fabulous day! 💖 My name is Alex, and I’m super excited to share a little glimpse of my day with you! 🥳
Today started off bright and early with a refreshing morning run in the park. 🌅 There's nothing quite like the smell of fresh air and the sound of birds chirping to kickstart the day! After that, I whipped up a delicious smoothie to fuel my body – banana, spinach, and almond milk, yum! 🍌💚🥛
Later in the morning, I dove into some work projects, tackling a few creative brainstorming sessions. 🧠✏️ I love collaborating with my team and bouncing ideas around; it always leads to some exciting new concepts! 💡
For lunch, I tried a new café in town that specializes in vegan cuisine. 🌱 I had a delightful quinoa salad and a slice of their famous avocado toast. If you’re in the area, I highly recommend checking it out! 🥗🥑
In the afternoon, I took some time to unwind and do a little reading. 📚 Currently, I'm engrossed in a mystery novel that has me on the edge of my seat! 🔍📖
To wrap up this lovely day, I joined a yoga class in the evening. 🧘‍♂️ It’s always such a great way to relax and reconnect with myself after a busy day. Plus, the instructor had the best playlist!
That’s a little snapshot of my day! What about you? What did your day look like? Let’s connect! 💬👇
#DayInTheLife #IntroductoryPost #LivingMyBestLife"
193,a person.,and sharing the activities you did today.,Immagine you are a person. Write a post on social media introducing yourself and sharing the activities you did today.,"🌟 Hey everyone! 🌟
I'm excited to introduce myself! I'm [Your Name], a passionate explorer and lifelong learner. Today was an eventful day, and I wanted to share a glimpse into what I got up to! 🌍✨
This morning started with a refreshing jog in the park – there’s nothing like the sunrise to boost your energy! 🏃‍♂️☀️ After that, I whipped up a delicious breakfast smoothie packed with spinach, banana, and a splash of almond milk. Fueling my body right!
Later in the day, I spent some time volunteering at the local animal shelter. 🐾 There’s something incredibly rewarding about spending time with those cute furballs! Today, I got to walk some dogs and play with the cats. It definitely melted my heart. 💖
In the afternoon, I delved into my latest read — a gripping mystery novel that I can’t put down. 📚🔍 I love losing myself in a good story, especially when it keeps me on the edge of my seat!
To wind down, I tried my hand at some yoga, focusing on mindfulness and relaxation. 🧘‍♀️ It’s amazing how a little bit of stretching can recharge your spirit! 
How was your day? I’d love to hear what you've been up to! Let’s connect and share our adventures! 🌟
#NewFriend #DailyAdventures #MindfulLiving #Bookworm #AnimalLover "
194,a person.,and sharing the activities you did today.,Immagine you are a person. Write a post on social media introducing yourself and sharing the activities you did today.,"🌟 Hey everyone! 🌟
I hope you’re all having a fantastic day! My name is [Your Name], and I’m excited to share a little glimpse into my life with you. 😊
Today has been a whirlwind of activities! I kicked off the morning with a refreshing jog in the park — the crisp autumn air was invigorating, and the vibrant fall leaves made everything look like a painting! 🍂🏃‍♂️
After my run, I enjoyed a delicious breakfast of avocado toast topped with a sunny-side-up egg and some fresh berries. Can’t start the day without a good meal, right? 🥑🍳🍓
Then, I dove into some reading. I’ve recently picked up a gripping mystery novel that I just can't put down! 📚🕵️‍♀️ I love losing myself in a good story.
In the afternoon, I met up with some friends for a fun pottery class! 🎨🥳 We all had a blast getting our hands dirty and trying to create something beautiful (not sure how successful I was, but it was worth every moment!). 
Finally, I wrapped up the day with a cozy movie night at home, complete with popcorn and my favorite flick. Nothing beats winding down with a good film after a busy day! 🎬🍿
What did you all get up to today? Let me know! 💬✨ 
#DailyLife #NewFriends #CozyVibes #AdventureAwaits"
195,a person.,and sharing the activities you did today.,Immagine you are a person. Write a post on social media introducing yourself and sharing the activities you did today.,"🌟 Hey everyone! 🌟
I hope you’re all having an amazing day! My name is [Your Name], and I’m excited to share a little bit about myself and my day with you all! 😊
This morning started off bright and early—I couldn’t resist the beautiful sunrise outside my window, so I made a cup of coffee and took a moment to appreciate it. ☕🌅 There’s something so refreshing about starting the day with a little peace and quiet! 
After that, I headed to the gym for a quick workout. 💪 I focused on some strength training and even tried a new class—kickboxing! It was intense, but I loved every minute of it. Definitely feeling the adrenaline rush! 
Later in the afternoon, I spent some time reading at my favorite local café. 📚☕ Currently diving into a mystery novel, and I can’t put it down! The perfect way to take a break from the hustle and bustle.
To wrap up the day, I met up with some friends for dinner at this cute little Italian restaurant. 🍝🥳 We shared stories, laughed a lot, and indulged in some delicious food (hello, tiramisu!). 
How was your day? Would love to hear what you all have been up to! 💬✨ 
#MyDay #Friends #GoodVibes #BookLover #Kickboxing #Foodie"
196,a person.,and sharing the activities you did today.,Immagine you are a person. Write a post on social media introducing yourself and sharing the activities you did today.,"🌟 Hey everyone! 🌟
I thought it would be fun to introduce myself a bit more and share what I’ve been up to today! I’m [Your Name], a passionate explorer and lover of all things creative! 🎨✨
This morning, I kicked off my day with a cozy cup of coffee ☕ and a few pages of a book I’m currently hooked on. Nothing like some good literature to get the mind buzzing! 📚💭
Later, I headed out for a walk in the park. The weather was absolutely gorgeous! 🌞🍂 I spotted some vibrant autumn leaves and even got to take a few lovely photos. Nature has such an inspiring way of reminding us to slow down and appreciate the little things. 🍁📷
This afternoon, I attended a virtual art workshop where I learned some new techniques. 🎨🖌️ It was so fun to connect with other creative souls and try my hand at something different. Can’t wait to show off what I created!
Finally, I wrapped up my day with a delicious homemade dinner 🍝 and some quality time catching up with friends over video chat. It’s amazing how technology helps us stay connected, even when we can’t be together in person! ❤️
I’d love to hear about what you all have been up to lately! Let’s keep the positive vibes flowing! 🌈
#DailyActivities #CreativeLife #NatureLover #ArtJourney #StayConnected"
197,a person.,and sharing the activities you did today.,Immagine you are a person. Write a post on social media introducing yourself and sharing the activities you did today.,"🌟 Hey everyone! 🌟
I hope you’re all having an awesome day! 😊 I wanted to take a moment to introduce myself—I’m [Your Name], a lover of adventures, good books, and all things creative! ✨
Today was a pretty productive one! I kicked off my morning with a refreshing run in the park. 🏃‍♂️ The crisp autumn air and the colorful leaves were just what I needed to start the day on the right foot! After that, I spent some time at my favorite local coffee shop, sipping on a matcha latte while diving into a new book. 📚☕️ 
In the afternoon, I explored a nearby art exhibit featuring some incredible local artists. 🎨 It was so inspiring to see the creativity and passion on display! I even picked up a small print to brighten up my workspace. 
To wrap up the day, I tried my hand at a new recipe for dinner—homemade veggie stir-fry! 🥦🍜 It turned out delicious, and I’m definitely going to make it again.
Feeling grateful for a fulfilling day! What did you all get up to today? Share your highlights in the comments! 💬✨
#HelloWorld #NewAdventures #Grateful #CreativeVibes #DailyHighlights"
198,a person.,and sharing the activities you did today.,Immagine you are a person. Write a post on social media introducing yourself and sharing the activities you did today.,"🌟 Hey everyone! 🌟 
I thought it would be nice to introduce myself a little more and share a glimpse of my day! 😊 
My name is Alex, and I’m a huge fan of exploring new places, trying out different recipes, and soaking in the beauty of nature. Today was a wonderful mix of productivity and relaxation! 
🌞 I started my morning with a peaceful jog in the park. The fresh air and the sound of chirping birds really set a positive tone for the day! 
☕ After that, I whipped up a delicious breakfast smoothie (banana, spinach, and almond milk—yum!) and caught up on some of my favorite podcasts while sipping my coffee. 
📚 Mid-morning was dedicated to diving into a new book I've been excited about—it's a mystery novel that’s got me hooked already! 
🌳 Later, I took a nice stroll around my neighborhood, admiring the fall colors and snapping some pictures. The vibrant oranges and reds are simply stunning right now! 🍂 
🍽️ For dinner, I tried out a new recipe for homemade pesto pasta, and it turned out so good! I was feeling gourmet! 
Overall, it was a fulfilling day! How was your day? Let’s connect and share our experiences! 💬✨ 
#Hello #MyDay #LifeIsGood #Community "
199,a person.,and sharing the activities you did today.,Immagine you are a person. Write a post on social media introducing yourself and sharing the activities you did today.,"🌟 Hey, everyone! 🌟
I thought I’d take a moment to introduce myself and share a little about my day! My name is [Your Name], and I'm passionate about exploring new things and connecting with great people. 💬✨
Today was a mix of productivity and fun! I started my morning with a refreshing jog in the park, where I soaked up the crisp autumn air and watched the leaves change colors. 🍂🏃‍♂️Nothing like a little nature to fuel the soul!
Afterward, I hit up my favorite local café for a warm cup of chai ☕️ and spent some time catching up on my reading. Currently diving into [Book Title], and let me tell you, it’s a page-turner! 📖 
In the afternoon, I joined an online workshop about digital photography. 📸 I'm hoping to enhance my skills and maybe even start a small photography project. 
To wrap up my day, I tried my hand at a new recipe for dinner— homemade vegetable stir-fry! 🥦🍜 It turned out pretty well (if I do say so myself)! 
How was your day? Any exciting plans for the weekend? Let’s connect and share our experiences! 😊💕
#NewBeginnings #EverydayAdventures #ConnectWithMe "
200,a person.,and sharing the activities you did today.,Immagine you are a person. Write a post on social media introducing yourself and sharing the activities you did today.,"🌟 Hey everyone! 🌟
I thought it would be a great time to introduce myself and share a little bit about my day! My name is Alex, and I’m super excited to connect with all of you! 😊 
Today was quite fulfilling! I started my morning with a refreshing jog in the park, enjoying the crisp autumn air and the stunning foliage. 🍂🏃‍♂️ Nothing like a little exercise to kickstart the day!
After that, I spent some time at my favorite coffee shop, sipping on a delicious pumpkin spice latte and diving into a good book. 📚☕ It’s the perfect cozy treat for this season!
In the afternoon, I attended a fun workshop on digital photography. 📸 I’ve been wanting to sharpen my skills, and today’s session was definitely inspiring! Can’t wait to put my new techniques into practice.
To wrap up the day, I caught up with some friends over dinner. We shared lots of laughs and reminisced about old times. 🍽️❤️ It’s always nice to spend quality time with loved ones!
That’s a bit about me and my day! I’d love to hear about yours too. What have you been up to lately? 😊✨
#Introduction #DailyActivities #LifeIsGood #ConnectingWithFriends"
201,a person.,and sharing the activities you did today.,Immagine you are a person. Write a post on social media introducing yourself and sharing the activities you did today.,"🌟 Hey everyone! 🌟
I hope you’re all having a fantastic day! I just wanted to take a moment to introduce myself. My name is Alex, and I’m super excited to be part of this amazing community!
Today was a pretty busy but fulfilling day for me! I kicked things off with a refreshing morning jog around the park 🌳. There’s just something about the early morning light that motivates me to get outside and enjoy nature!
After that, I dove into some work for a project I’m really passionate about. I’m currently developing a sustainable living blog where I share tips and tricks for eco-friendly living! ♻️🌿 If you’re interested in sustainability, feel free to follow along!
In the afternoon, I met up with some friends at a cozy café☕️ to catch up over our favorite brews. It was great to share laughs and stories, especially since it had been a while since we last got together!
To wrap up the day, I spent some time reading a fascinating book on mindfulness 🌈. I’m really committed to practicing gratitude and being present, so if anyone has book recommendations on that topic, I’d love to hear them!
I’m looking forward to connecting with all of you and sharing more about our adventures! What did you all get up to today? Let’s chat! 😊💬
#HelloWorld #DailyAdventures #SustainableLiving #Mindfulness #GoodVibes"
202,a person.,and sharing the activities you did today.,Immagine you are a person. Write a post on social media introducing yourself and sharing the activities you did today.,"🌟 Hey everyone! 🌟
I thought I’d take a moment to introduce myself and share a little about my day! My name is [Your Name], and I’m super excited to connect with all of you. 😊
Today started off with a refreshing morning walk in the park, soaking up the sunshine and enjoying the blooming flowers 🌻. It was the perfect way to clear my mind and get energized for the day ahead!
After that, I dove into some reading – currently hooked on this amazing book that has me pondering all sorts of life ideas 📚✨. If you’re looking for a good read, I’d love to share some recommendations!
In the afternoon, I met up with a couple of friends for lunch at our favorite café ☕🥗. We shared stories and laughter, and it reminded me how important these moments are.
Later, I spent some time working on a creative project that’s been in the works for a while 🎨. I can’t wait to share it with you all when it’s finished!
And now, I’m winding down with some music and a good dose of Netflix. What a day it’s been! What did you all get up to today? Let’s chat in the comments! 💬❤️
#SelfIntroduction #DayInTheLife #GoodVibesOnly"
203,a person.,and sharing the activities you did today.,Immagine you are a person. Write a post on social media introducing yourself and sharing the activities you did today.,"🌟 Hey everyone! 🌟 
I thought it would be fun to take a moment to introduce myself! I’m [Your Name], a passionate adventurer, coffee enthusiast, and lover of all things creative. I believe in making the most out of every day, and today was no exception! 
Here’s a little recap of my day: 
☕️ **Morning Brew**: I kicked off the day with my favorite dark roast coffee while enjoying the sunrise. There’s something magical about the calm of the morning!
🌳 **Nature Walk**: I decided to take a stroll at the local park. The leaves are starting to turn, and I couldn’t resist snapping some photos of the vibrant colors. Fall is truly my favorite season! 🍂🍁
📖 **Reading Time**: I spent a couple of quiet hours diving into a thrilling mystery novel. I love getting lost in different worlds through books!
🎨 **Creative Vibes**: In the afternoon, I pulled out my paint supplies and worked on a new canvas. It’s just for fun, but it feels incredible to express myself artistically.
🍽️ **Dinner with Friends**: I ended the day by catching up with friends at our favorite Italian restaurant. Nothing beats good food and great company!
💬 I’d love to hear how your day went! What did you get up to? Let’s connect! 
#HelloWorld #DailyAdventures #FallVibes #CreativeLiving"
204,a person.,and sharing the activities you did today.,Immagine you are a person. Write a post on social media introducing yourself and sharing the activities you did today.,"🌟 Hey everyone! 🌟
I just wanted to take a moment to introduce myself! I'm [Your Name], an avid explorer of life’s little adventures and a big believer in the power of connection. 💫 
Today has been a whirlwind of fun and productivity! 🎉 I kicked off the morning with a refreshing hike at my local national park. The air was crisp, and the views were absolutely breathtaking! 🌲🏞️ Nothing like the great outdoors to recharge the spirit. 
Afterward, I hit up my favorite café for brunch. I treated myself to some delicious avocado toast and a matcha latte. 🥑☕️ Nothing starts the day off better than good food!
In the afternoon, I dove into a new book I’ve been excited about, “The Midnight Library.” 📚 It’s been so captivating that I lost track of time! 
To wrap up the day, I joined a virtual cooking class where we learned how to make homemade pasta. 🍝 It was a bit of a challenge, but I can't wait to taste the results!
I love sharing my experiences and connecting with new people, so feel free to drop a message or comment! What did you do today? 😊✨
#HelloWorld #NewAdventures #FoodieFun #NatureLover #Bookworm #CulinaryJourney"
205,a person.,and sharing the activities you did today.,Immagine you are a person. Write a post on social media introducing yourself and sharing the activities you did today.,"🌟 Hey everyone! 🌟
I thought it would be a great idea to introduce myself and share a bit about my day. I’m [Your Name], and I’m excited to connect with all of you!
Today has been jam-packed with activities! 🌼 First up, I kicked off my morning with a refreshing jog in the park. The crisp air and beautiful autumn leaves were just what I needed to start my day on the right foot! 🍂🏃‍♂️
After that, I headed to my favorite café for a delicious breakfast—avocado toast with a side of fresh fruit and a latte to fuel me for the day. ☕🥑 It’s one of those little rituals that I absolutely cherish.
Later, I spent some time volunteering at the local community center. We organized a fun workshop for kids, and nothing beats the joy of seeing their smiles as they created art projects! 🎨❤️
In the afternoon, I dove into some reading and finished a gripping novel that had me on the edge of my seat. 📚✨ I love getting lost in different worlds and stories!
To wind down, I tried my hand at baking a new recipe for chocolate chip cookies. They turned out a bit too gooey, but hey, practice makes perfect! 🍪😉
Overall, it was a fulfilling day filled with health, creativity, and community. How about you? What did you get up to today? Let’s share our experiences and inspire each other! 💬🤗
#Introduction #DailyAdventures #CommunityLove #BakingAdventures #NatureTherapy"
206,a person.,and sharing the activities you did today.,Immagine you are a person. Write a post on social media introducing yourself and sharing the activities you did today.,"🌟 Hey everyone! 🌟
I'm excited to introduce myself! My name is Alex, and I'm a passionate adventurer at heart. I love exploring new places, trying out different cuisines, and meeting amazing people along the way. Here’s a little glimpse into my day today! ☀️
I kicked off the morning with a refreshing sunrise hike at the local nature reserve. The views were absolutely stunning, and the fresh air was invigorating! 🥾🌲 After that, I treated myself to a delicious brunch at my favorite café — their avocado toast is to die for! 🥑🍞
In the afternoon, I spent some time volunteering at the community garden. It was so rewarding to get my hands dirty and help plant new flowers and veggies. 🌼🥕 There’s something so fulfilling about contributing to the community!
To wrap up the day, I had a cozy movie night with some friends, complete with popcorn and our favorite flicks. 🍿🎬
Can’t wait to see what tomorrow has in store! What did you all get up to today? Share your adventures! 🌍💬
#IntroducingMe #AdventureAwaits #CommunityLove #GoodVibesOnly"
207,a person.,and sharing the activities you did today.,Immagine you are a person. Write a post on social media introducing yourself and sharing the activities you did today.,"🌟 Hey everyone! 🌟
I thought I’d take a moment to introduce myself. I’m [Your Name], and I’m excited to share a little bit about my day with you all!
🌅 This morning started off with a beautiful sunrise, so I decided to go for a refreshing jog in the park. Nothing like some fresh air to kick-start the day!
🥑 After my run, I whipped up a delicious avocado toast topped with a sprinkle of chili flakes and a poached egg. Fuel for the day, am I right?
📚 Post-breakfast, I spent a few hours diving into a new book that’s been on my reading list forever. It’s amazing how a good story can transport you to another world!
🎨 In the afternoon, I attended a local art workshop. I tried my hand at watercolor painting for the first time, and while I’m no Picasso, I had a blast experimenting with colors!
🍽️ To wrap up the day, I cooked dinner for some friends. We made homemade pasta — it turned into quite the delicious mess, but it was totally worth it for the laughs and great company.
🌌 Now, I’m winding down with a movie and a cup of herbal tea. What a day! How was yours? Drop a comment or share what you’ve been up to. 😊
#SelfIntroduction #MyDay #CreatingMemories #AlwaysLearning"
208,a person.,and sharing the activities you did today.,Immagine you are a person. Write a post on social media introducing yourself and sharing the activities you did today.,"🌟 Hey everyone! 🌟
I wanted to take a moment to introduce myself and share a little bit about my day! 😊
I’m [Your Name], a curious adventurer and passionate lifelong learner. Today was pretty packed with some fun activities that I’d love to share with you all!
✨ **Morning Walk**: I kicked off my day with a refreshing morning walk in the park. The crisp air and beautiful colors of fall really energized me for the day ahead! 🍂
📚 **Coffee & Reading**: After my walk, I settled down at my favorite local coffee shop with a warm cup of chai latte and dove into a book I’ve been really excited about. There’s nothing quite like getting lost in a good story! ☕📖
🧘‍♂️ **Yoga Session**: I took some time to reconnect with myself through a little yoga practice at home. Stretching and mindfulness always help me feel grounded and centered. 🧘‍♀️
🍳 **Cooking Experiment**: I decided to try my hand at a new recipe for dinner. I made a spicy veggie stir-fry, and it turned out delicious! Cooking has become a unique way for me to unwind and be creative. What’s your go-to dish? 🍜🌶️
🎨 **Art Time**: To wrap up my day, I spent some time doodling. It’s such a therapeutic activity for me, and I love exploring new patterns and ideas on paper. 🎨✨
Overall, it was a fulfilling day, and I’m grateful for the little joys along the way! How was your day? What did you get up to? Let’s connect! 🤗💬
#SelfIntroduction #DailyActivities #GratefulHeart #Community"
209,a person.,and sharing the activities you did today.,Immagine you are a person. Write a post on social media introducing yourself and sharing the activities you did today.,"🌟 Hey everyone! 🌟
I thought it would be fun to take a moment to introduce myself and share a bit about my day! I’m [Your Name], a passionate explorer of life, always on the lookout for new experiences and adventures. 😊✨
Today was pretty productive and filled with little joys! I started my morning with a refreshing walk in the park – the fall leaves were so vibrant, and I couldn’t resist snapping a few pictures! 🍂📸 Then, I hit my favorite café for a cozy cup of coffee (a must for fueling my creativity!). ☕❤️
After that, I spent some time reading a captivating book that’s been on my list for ages. It’s amazing how a good story can transport you to another world! 📚✨
In the afternoon, I joined a virtual cooking class and learned how to make homemade pasta! 🍝 Who knew it was so much fun? I can’t wait to try my hand at different sauces now! 
Finally, I wrapped up the day with some yoga to unwind and reflect on all the good things. 🧘‍♀️💖 
What about you? What did you do today? Let’s connect and share our stories! 🌍❤️
#HelloWorld #EverydayAdventures #Connect #Positivity"
210,a person.,and sharing the activities you did today.,Immagine you are a person. Write a post on social media introducing yourself and sharing the activities you did today.,"🌟 Hey everyone! 🌟
I thought I’d take a moment to introduce myself and share a little about my day! I’m [Your Name], a passionate lover of all things adventure, creativity, and baking! 🍪✨
Today was a great mix of productivity and relaxation. I kicked off my morning with a refreshing jog in the park, soaking up the crisp autumn air and all the beautiful fall colors. 🍂🏃‍♂️ It’s amazing how nature can energize you!
After my run, I headed home and whipped up a batch of pumpkin spice muffins—perfect for this season! 🥧🎃 The smell filled my kitchen, and I can tell you, they turned out delicious! If anyone wants the recipe, let me know! 
In the afternoon, I dedicated some time to my latest passion project: painting! 🎨 I spent a few hours in my little studio, and I’m really excited about how my piece is turning out. It’s so therapeutic to lose myself in creativity!
To wrap up my day, I caught up with some friends over video chat. Nothing like a good chat and laughs to brighten your evening! 💬❤️
How was your day? What did you get up to? 
Can’t wait to hear from you all! 😊✌️ #HelloWorld #DailyAdventures #CreativityUnleashed"
211,a person.,and sharing the activities you did today.,Immagine you are a person. Write a post on social media introducing yourself and sharing the activities you did today.,"🌟 Hey everyone! 🌟
I thought it would be a great time to introduce myself! I’m [Your Name], a passionate adventurer, coffee lover, and lifelong learner based in [Your City]. 😊 I believe that every day brings new opportunities for connection and creativity, and I love sharing moments from my journey with all of you!
Today was super productive and fulfilling! ☀️ I kicked off my morning with a fresh cup of coffee at my favorite local café, where I enjoyed their special brew and tucked into a new book that I've been eager to start. 📚 Nothing beats the cozy vibe of a good book and great coffee to fuel the day!
Later, I took a fun stroll through the park to soak in the beautiful fall weather 🍂. The colors are just breathtaking right now! I even saw a few dogs having a blast, which always brings a smile to my face. 🐶❤️
In the afternoon, I attended an online workshop about digital photography. 📸 I picked up some fantastic tips and can’t wait to put them into practice! Maybe I’ll share some of my own photos soon—we’ll see if I can make my urban adventures look as good as they feel!
To wrap up the day, I cooked up a delicious dinner, experimenting with a new recipe I found online. 🍽️ Cooking is such a creative outlet for me, and it’s always rewarding to enjoy something made from scratch!
That’s a little glimpse into my day! I’d love to hear about yours too! What’s something exciting you did today? 
✨ Cheers to more adventures together! ✨
#HelloWorld #DailyAdventures #LifeIsGood #CoffeeLover #CreativeJourney"
212,a person.,and sharing the activities you did today.,Immagine you are a person. Write a post on social media introducing yourself and sharing the activities you did today.,"🌟 Hey everyone! 🌟
I thought I’d take a moment to introduce myself and share a little bit about my day! 😊 My name is Alex, and I'm excited to connect with all of you.
Today was a productive one! I started my morning with a refreshing jog in the park. 🌳🏃‍♂️ The crisp air and beautiful scenery really set a positive tone for the day! After that, I whipped up a delicious breakfast smoothie packed with spinach, banana, and a splash of almond milk. Yum! 🍌🥬🥤
Later, I spent some time working on my latest painting. 🎨 I’m really passionate about art and love experimenting with different techniques. I’m currently exploring abstract styles, and it’s been both challenging and rewarding!
In the afternoon, I met up with some friends for a little coffee catch-up at our favorite café. ☕ It was great to spend quality time with them while sharing a few laughs and life updates. 
To wrap up the day, I curled up with a good book that I’ve been meaning to dive into. 📚 There’s nothing better than losing yourself in a great story!
How was your day? I’d love to hear about what you’ve been up to! Let’s connect! 💬✨
#HelloWorld #DailyAdventures #ArtLife #FriendsAndCoffee"
213,a person.,and sharing the activities you did today.,Immagine you are a person. Write a post on social media introducing yourself and sharing the activities you did today.,"🌟 Hey everyone! 🌟 
I thought I’d take a moment to introduce myself since we’re all about connecting here! I’m [Your Name], a lover of all things creative and an avid explorer of life! 🎨✈️
Today was a rollercoaster of fun and productivity! 🎢 I started my morning with a refreshing run in the park, soaking up the early sun ☀️ and enjoying the beauty of nature. There’s nothing like the sound of birds chirping to kick-start the day! 🐦💨
After my run, I whipped up a delicious smoothie filled with all my favorite fruits 🍌🍓. Gotta keep that energy up for what’s next!
Then, I dove into some reading. I’m currently lost in a fantasy novel that’s totally captivating! 📚✨ It’s amazing how books can transport you to another world!
Later in the afternoon, I joined a pottery class 🎨👐. It was my first time working with clay, and let me tell you, it’s a messy but incredibly rewarding experience! Can't wait to see how my little creations turn out. 
To wrap up the day, I caught up with some friends over dinner 🍽️. We shared laughs, stories, and of course, delicious food! What more could you ask for?
How was your day? Anything exciting you’d like to share? Let’s connect! 💬❤️
#Introduction #DayInTheLife #CreativeVibes #Community"
214,a person.,and sharing the activities you did today.,Immagine you are a person. Write a post on social media introducing yourself and sharing the activities you did today.,"🌟 Hey everyone! 🌟
I thought it would be fun to introduce myself and share a little about my day! I’m [Your Name], a [Your Age] year-old [Your Occupation or Hobbyist] living in [Your City]. I’m super passionate about [Your Interests or Hobbies] and love connecting with like-minded people!
Today was a great mix of productivity and relaxation. I started my morning with a delicious cup of coffee ☕️ while catching up on my favorite podcast. I really enjoy learning new things, and today’s episode was all about [Podcast Topic]. It sparked some great ideas!
After that, I hit the gym for a little workout 💪. I’m on a mission to stay fit and healthy, and nothing feels better than a good sweat session! I mixed in some strength training with a quick jog on the treadmill. Feeling accomplished!
Later in the afternoon, I spent some time working on a personal project that I’m really excited about. It’s all about [Brief Description of Project], and I can’t wait to share more about it soon!
To wrap up my day, I decided to unwind by going for a walk in the park 🌳. The weather was perfect, and it felt amazing to be outside. I even spotted some cute dogs playing fetch! 🐶
Now, I’m settling in with a good book 📚 and looking forward to a cozy evening. How was your day? Let me know in the comments! 😊
#HelloWorld #DailyLife #IntroPost #GoodVibes"
215,a person.,and sharing the activities you did today.,Immagine you are a person. Write a post on social media introducing yourself and sharing the activities you did today.,"🌟 Hey everyone! 🌟
I thought it would be a great time to introduce myself! I'm [Your Name], and I'm excited to share a little about my day with you all. 😊
This morning, I kicked things off with a refreshing hike at a nearby nature trail. 🏞️ The crisp air and beautiful scenery were just what I needed to energize me for the day ahead. Nature really is the best therapy!
After that, I whipped up a delicious breakfast — avocado toast topped with a poached egg and a sprinkle of chili flakes. 🥑🍳 It's one of my favorites! I paired it with a warm cup of coffee to fuel my productivity.
In the afternoon, I dove into some reading. 📚 I’m currently reading a thriller that’s keeping me on the edge of my seat! If you have any recommendations, drop them in the comments!
Later, I had a virtual catch-up with some friends. It's always great to connect, share laughs, and check in on each other, especially when life gets busy. 💖
To wrap up the day, I tried my hand at a new recipe for dinner — a spicy stir-fry with tofu and lots of colorful veggies! 🌶️🥦 It turned out amazing, and I can't wait to share the recipe.
How was your day? What did you get up to? Let’s connect! ✌️💬 #DailyLife #NewFriends #FoodieAdventures #NatureLover
Feel free to share your experiences below! 👇✨"
216,a person.,and sharing the activities you did today.,Immagine you are a person. Write a post on social media introducing yourself and sharing the activities you did today.,"🌟 Hey everyone! 🌟
I thought I’d take a moment to introduce myself! I’m [Your Name], a passionate explorer of life and all its little adventures. 🎉 I love diving into new experiences, whether it’s trying out a new recipe or hitting the trails for a hike.
Today was a blast! 🚀 I kicked off the morning with a cup of coffee ☕️ and a good book 📖—there’s nothing like getting lost in a story to start the day! After that, I decided to take advantage of the beautiful weather and went for a hike in the local mountains. 🏞️ The views were absolutely breathtaking, and I even spotted some wildlife! 🦋
In the afternoon, I experimented in the kitchen and tried my hand at making homemade pasta for the first time. 🍝 It was messy but so much fun, and I can’t wait to share the results with friends later this week!
I wrapped up the day with some yoga 🧘‍♀️ to unwind and reflect on all the little joys. Life is all about these moments, right?
How was your day? What adventures did you find? 🌈✨
#SelfIntroduction #Adventures #DailyJoy #Hiking #Cooking #YogaLife"
217,a person.,and sharing the activities you did today.,Immagine you are a person. Write a post on social media introducing yourself and sharing the activities you did today.,"🌟 Hey everyone! 🌟
I thought it would be fun to introduce myself and share a little bit about my day! 😊 My name is [Your Name], and I’m so excited to connect with all of you!
Today was a whirlwind of activities! I started my morning with a refreshing jog in the park, soaking in the fresh air and the beautiful autumn colors 🍂. Nothing beats the feeling of that early morning sunshine on your face!
After my workout, I whipped up a delicious smoothie with some yummy fruits and spinach (don’t knock it till you try it! 🥤). Then, I dove into some work projects for a few hours. I love what I do, but let’s be real – Zoom calls can get a little too much sometimes! 😂
In the afternoon, I decided to switch things up and explore a local art exhibit. The creativity on display was incredibly inspiring! 🎨 I even bumped into a few friends there, and we ended up grabbing coffee and sharing laughs afterward. ☕️❤️
To wrap up my day, I curled up with a good book and enjoyed some quiet time. 📖 It’s the perfect way to unwind and escape into different worlds!
That’s a little snapshot of my day! I’d love to hear about yours too! What did you get up to? 😊🌍
#HelloWorld #DailyAdventures #Connecting #ArtAndCoffee #SelfCare"
218,a person.,and sharing the activities you did today.,Immagine you are a person. Write a post on social media introducing yourself and sharing the activities you did today.,"🌟 Hey everyone! 🌟
I’m [Your Name], and I’m excited to share a little about myself and what I got up to today! 😊
This morning started off with a refreshing cup of coffee ☕ and a quick workout to energize my day. 💪 I went for a jog in the park, enjoying the crisp autumn air and vibrant fall leaves 🍂—nature is truly inspiring!
After a shower, I dove into some reading 📚. I've been exploring a fascinating sci-fi novel that has me hooked! 📖 I love getting lost in different worlds through literature.
Later in the afternoon, I met up with some friends for lunch at this cozy little café that just opened up in the neighborhood. 🍽️ We shared delicious food and even better laughs—definitely a recipe for a great day!
To wrap up my evening, I spent some time working on my latest painting 🎨. I’m really passionate about art, and it’s such a fulfilling way to express myself.
How about you guys? What did your day look like? Let’s connect! 💬✨
#SelfIntroduction #DailyActivities #ArtLover #Nature #Friendship #Books #GoodVibes"
219,a person.,and sharing the activities you did today.,Immagine you are a person. Write a post on social media introducing yourself and sharing the activities you did today.,"🌟 Hey everyone! 🌟
I hope you’re all having a fantastic day! I wanted to take a moment to introduce myself and share a little bit about what I got up to today.
👋 I’m [Your Name], a [Your Passion or Profession] who loves exploring new ideas and diving into creative projects. Whether it’s art, music, or tech, I’m always on the lookout for something exciting to learn or try!
Today was one of those beautifully busy days! Started off with a morning run 🌅—nothing like a little fresh air to kickstart the day! After that, I joined an online workshop about digital illustration, which has been a hobby I’m keen to pursue. 🎨 It was amazing to connect with fellow artists and share tips and techniques.
Later in the afternoon, I spent some time volunteering at a local food bank. It feels so rewarding to contribute to the community, and I loved seeing the smiles on everyone’s faces! 🥰
To wind down, I tried out a new recipe for dinner: creamy mushroom pasta! 🍝 Safe to say, it was a hit! I might need to share the recipe soon!
What about you? What activities made your day special? Let’s chat in the comments! 💬✨
#HelloWorld #SelfIntro #DailyActivities #CommunityLove #CreativeJourney"
220,a person.,and sharing the activities you did today.,Immagine you are a person. Write a post on social media introducing yourself and sharing the activities you did today.,"🌟 Hey everyone! 🌟
I just wanted to take a moment to introduce myself! I’m [Your Name], a passionate explorer of life and all its little wonders. 😊 Today was one of those days that reminded me why I love what I do!
✨ I started my morning with a refreshing hike in the nearby trails. The fresh air and beautiful views always set the perfect tone for the day! 🥾🌳
🌞 After that, I treated myself to a delicious brunch at my favorite local café. Nothing beats a fluffy stack of pancakes and fresh fruit! 🍓🥞
📚 Later in the afternoon, I dove into a new book that’s been sitting on my shelf for too long. It’s a gripping thriller, and I’m already hooked! Can’t wait to see how it unfolds.
🎨 To wrap up the day, I spent some time working on a new painting. It’s a blend of colors that express my current mood— vibrant and a bit chaotic! 🎨💖
How was your day? I’d love to hear what you all have been up to! Let’s connect! 🤗 #LifeAdventures #MeetMe #Hiking #Foodie #BookLover #ArtisticExpression
Cheers! ✌️"
221,a person.,and sharing the activities you did today.,Immagine you are a person. Write a post on social media introducing yourself and sharing the activities you did today.,"🌟 Hey everyone! 🌟
I thought it’s time for a little introduction since some of you might not know me yet! I’m [Your Name], a [your age, hobby, profession, etc.], and today was a pretty exciting day for me! 😊
Here's a little recap of my day:
✨ **Morning Yoga:** I kicked off the day with some peaceful morning yoga in my living room. Nothing like a good stretch to start the day right! 🧘‍♀️
☕ **Coffee Time:** After that, I treated myself to a homemade cappuccino. Seriously, is there anything better than that first sip? ☕❤️
📖 **Reading Session:** I spent some time catching up on my latest read—""Where the Crawdads Sing."" Just can't put it down! 📚✨
🌳 **Nature Walk:** Later in the afternoon, I took a walk in the park. The autumn leaves are so beautiful right now! The fresh air really recharges my spirit. 🍂🌼
🎨 **Creative Time:** I also got a bit artsy and painted a new piece for my wall. It’s a work in progress, but I’m loving the vibe so far! 🎨🖌️
🍽️ **Dinner Prep:** Ended the day with some cooking—whipped up a delicious stir-fry. Yum! 🌶️🥦
Hope you all had a productive day too! What did you get up to today? Would love to hear your stories! 💖
#HelloWorld #DayInMyLife #SelfIntroduction #Grateful"
222,a person.,and sharing the activities you did today.,Immagine you are a person. Write a post on social media introducing yourself and sharing the activities you did today.,"🌟 Hey everyone! 🌟
I just wanted to take a moment to introduce myself! My name is Alex, and I’m super excited to connect with you all! A little about me: I’m a big fan of hiking, photography, and trying out new recipes in the kitchen. 😄 
Today was a fantastic day! I started off my morning with a refreshing walk in the park, soaking in the beautiful autumn colors 🍂. The crisp air was invigorating! After that, I decided to whip up a delicious smoothie bowl for breakfast. Banana, spinach, and a bit of almond milk – yum! 🥤
In the afternoon, I went on a little adventure with my friends to explore a local hiking trail. We stumbled upon some stunning viewpoints and, of course, took a ton of photos 📸. I can't wait to share some of those with you!
To wrap up the day, I tried my hand at a new pasta recipe for dinner. It turned out surprisingly well, if I do say so myself! 🍝
Now I’m just winding down with a good book and some herbal tea. How was your day? Would love to hear all about it! 💬✨
#HelloWorld #DayInMyLife #HikingAdventures #FoodieFun"
223,a person.,and sharing the activities you did today.,Immagine you are a person. Write a post on social media introducing yourself and sharing the activities you did today.,"🌟 Hey everyone! 🌟
I thought it’d be a great day to introduce myself a little more! I’m [Your Name], a [Your Age] year old [Your Job/Role] living in [Your City]. I’m passionate about [Your Interests/Hobbies], and I love connecting with all of you!
Today was a pretty eventful day for me! 🌈 
☕️ I started my morning with a delicious cup of coffee at my favorite local café, where I always find inspiration for my day. After that, I took a long walk in the park, embracing the beautiful autumn leaves and enjoying some fresh air.
📚 I spent the afternoon diving into a new book that I’ve been excited to read. It’s always such a treat to lose myself in a good story! 
🧘‍♀️ Later on, I joined my yoga class. Nothing like a good stretch to rejuvenate both body and mind!
🍽️ To wrap up the day, I tried my hand at a new recipe for dinner. It turned out amazing! Cooking is definitely one of my ways to unwind and get creative.
I’d love to hear about your day! What did you get up to? 😊 
#HelloWorld #DailyAdventures #Connection "
224,a person.,and sharing the activities you did today.,Immagine you are a person. Write a post on social media introducing yourself and sharing the activities you did today.,"🌟 Hey everyone! 🌟
I wanted to take a moment to introduce myself—my name is [Your Name], and I'm excited to connect with all of you! 😄✨
Today was a fantastic day filled with a mix of productivity and fun. I started my morning with a much-needed coffee run ☕️ at my favorite local café. Nothing like a delicious cappuccino to kickstart the day!
After that, I tackled a few tasks on my to-do list. I spent some time working on a new project that I'm really passionate about—it's all about [brief description of the project/interest]. It’s challenging, but I'm loving every minute of it! 
For lunch, I decided to treat myself to a light picnic at the park 🌳 with some friends. We enjoyed sandwiches and shared lots of laughs while soaking up the sunshine. After lunch, we went for a leisurely stroll and I managed to snap some beautiful photos of the blooming flowers! 🌸📸
To wrap up my day, I took some time to unwind with a good book 📖 that I've been meaning to read. It's the perfect way to escape into another world before calling it a night.
How was your day? I’d love to hear what you’ve all been up to! Let’s connect and share our experiences! 💬❤️
#IntroducingMyself #DailyActivities #ConnectingWithYou #GoodVibes"
225,a person.,and sharing the activities you did today.,Immagine you are a person. Write a post on social media introducing yourself and sharing the activities you did today.,"🌟 Hey everyone! 🌟 
I wanted to take a moment to introduce myself and share a little bit about my day! My name is Alex, and I'm super excited to connect with you all. I’m passionate about travel, cooking, and exploring new hobbies!
Today was an awesome mix of productivity and relaxation. I started my morning with a refreshing jog in the park – nothing like a bit of fresh air to kick-start the day! 🏃‍♂️🌳 After that, I tried my hand at a new recipe: homemade pasta! It was a bit of a mess, but so much fun, and the taste was totally worth it! 🍝👌
In the afternoon, I caught up with a friend over coffee at this lovely little café downtown. We talked about everything from our favorite books to our future travel plans. ☕📚✈️
To wrap up the day, I did some reading in my favorite cozy corner at home. Just finished a gripping mystery novel that kept me on the edge of my seat! 📖🔍 
How about you? What did you get up to today? Let’s chat! 😊💬 #Hello #DailyLife #NewFriends #SharingIsCaring"
226,a person.,and sharing the activities you did today.,Immagine you are a person. Write a post on social media introducing yourself and sharing the activities you did today.,"🌟 Hey everyone! 🌟 
I hope you’re all having an amazing day! My name is Alex, and I’m excited to connect with you all! 🎉 
Today was one of those beautiful days where I felt super productive and inspired! 🌼✨ I kicked off my morning with a refreshing jog in the park to soak up some sunshine and clear my mind. It felt great to feel the fresh air and embrace nature! 🏃‍♂️🌳
After my workout, I enjoyed a delicious avocado toast for breakfast, topped with a sprinkle of chili flakes – definitely a new favorite of mine! 🥑🍞🔥 
I then dove into some work, tackling a project that I’m super passionate about. It’s always rewarding to see things come together! 💻📊 Can't wait to share more about it soon. 
In the afternoon, I met up with a couple of friends for lunch at a new café in town. Their coffee was divine, and we had some great conversations while catching up! ☕️🥗❤️
Later, I spent some time reading a book I’ve been wanting to dive into—“The Midnight Library.” So intriguing and thought-provoking! 📚🤔 
Wrapped up my day with a calming yoga session to unwind and reflect. 🧘‍♂️💖 
That’s a little glimpse of my day! How about you? What did you all get up to? Let’s chat! 👇💬 
#SelfIntroduction #DailyLife #ConnectWithMe #GoodVibesOnly"
227,a person.,and sharing the activities you did today.,Immagine you are a person. Write a post on social media introducing yourself and sharing the activities you did today.,"🌟 Hey everyone! 🌟
I hope you're all having an amazing day! I just wanted to take a moment to introduce myself. I'm [Your Name], a [Your Age/Profession]. I love exploring new places, trying out different cuisines, and soaking up all the inspiration life has to offer.
Today was super productive! ☀️ I started my morning with a refreshing jog in the park — nothing quite like that early sunlight and the sound of birds chirping to kick things off! 🏃‍♂️🌳 Afterward, I treated myself to a yummy breakfast smoothie packed with fruits and greens. 🍓🍌🥬
Mid-morning, I dove into some work-related projects — tackling a creative task I’ve been excited about. 💻✨ It always feels great to see those ideas come to life! 
In the afternoon, I met up with a friend for lunch at this new café that just opened up. We indulged in some mouth-watering avocado toast and caught up on life. 🍽️💬 Made me realize how important those little reconnect moments are!
Later in the day, I decided to unwind with a bit of reading. I started a captivating novel that I've been meaning to dive into for ages. 📖❤️ Finally, I wrapped up my evening with some yoga to stretch out and reflect on the day. 🧘‍♀️🌙
How was your day? I’m excited to hear all about it! 💬😊 #LifeUpdates #DailyAdventures #Connect"
228,a person.,and sharing the activities you did today.,Immagine you are a person. Write a post on social media introducing yourself and sharing the activities you did today.,"🌟 Hey everyone! 🌟
I’m excited to introduce myself! My name is Alex, and I'm all about embracing life one day at a time. I’m passionate about exploring the outdoors, trying new recipes, and diving into captivating books. 📚✨
Today was a whirlwind of activities! I started my morning with a refreshing run in the park—nothing like the crisp morning air to get energized! 🏃‍♂️💨 After that, I whipped up a delicious smoothie bowl packed with berries and granola. So colorful and tasty! 🍓🥣
In the afternoon, I met up with some friends for a little hiking adventure. We explored a scenic trail and soaked in some stunning views of the mountains. 🌄 Each step was worth it for the breathtaking landscape we encountered. 
To wind down, I spent the evening experimenting in the kitchen, whipping up a new pasta recipe. It turned out amazing, which is always a victory! 🍝👏
Here’s to more days filled with adventure and creativity! What did you do today? 💬💖
#HelloWorld #DailyAdventures #NatureLover #FoodieFun"
229,a person.,and sharing the activities you did today.,Immagine you are a person. Write a post on social media introducing yourself and sharing the activities you did today.,"🌟 Hey everyone! 🌟
I thought I’d take a moment to introduce myself! I’m [Your Name], a [Your Age]-year-old [Your Profession/Occupation or Interest]. I'm all about making the most of every day and sharing good vibes! 
Today was a mix of productivity and a little adventure. ☀️ I started my morning with a refreshing jog at the park—there's nothing like a little fresh air to wake you up! 🏃‍♂️💨 After that, I whipped up some avocado toast (my new obsession, seriously) and a cuppa coffee to fuel my day. ☕🥑
In the afternoon, I dove into some work/projects that I’m really passionate about. I love being creative, and it was super fulfilling to make progress on my latest endeavor! 📈✍️
Later, I joined a couple of friends for a fun trivia night at a local café. We definitely didn't win, but we had an absolute blast! 🎉💡 It’s always great to connect and share laughs.
Finally, I capped off the day with a cozy movie night at home, complete with popcorn and my favorite snacks. 🍿🎬 It’s the perfect way to unwind after a busy day.
What about you? How did you spend your day? Let’s connect! 💬😊 #DailyAdventures #LifeMoments #ConnectingWithYou"
230,a person.,and sharing the activities you did today.,Immagine you are a person. Write a post on social media introducing yourself and sharing the activities you did today.,"🌟 Hey everyone! 🌟
I'm excited to introduce myself to all of you! My name is [Your Name], and I'm passionate about exploring the world around me, diving into new adventures, and spreading positivity wherever I go! 😊
Today was a vibrant blend of productivity and fun! 🌈 I started my morning with a refreshing hike in the nearby trails, soaking up the beautiful autumn colors and breathing in that crisp, fresh air. 🍂🏞️ Nothing beats a good nature walk to kickstart the day!
After that, I whipped up a delicious breakfast—avocado toast with a sprinkle of chili flakes and a side of fresh fruit. 🥑🍓 Fueling up for the day ahead! Then I dove into some work, tackling a few projects that have been on my to-do list. 💻✅ 
In the afternoon, I caught up with a friend over coffee at our favorite local café. ☕️❤️ We shared stories, laughed, and enjoyed some quality time together. It’s amazing how a good chat can lift your spirits!
I wrapped up my day with a little self-care, indulging in a long bubble bath and picking up a new book that’s been on my reading list for ages. 📚🛁 It was the perfect way to unwind!
Feeling grateful for today and all the little moments that made it special. 💖 Looking forward to sharing more of my journey with all of you!
What did you all do today? Let me know in the comments! ✨ 
#NewBeginnings #AdventureAwaits #SelfCareSunday"
231,a person.,and sharing the activities you did today.,Immagine you are a person. Write a post on social media introducing yourself and sharing the activities you did today.,"🌟 Hey everyone! 🌟
I thought I’d take a moment to introduce myself and share a little about my day! My name is Alex, and I’m really excited to connect with all of you. 😊
Today has been a whirlwind of activities! I started my morning with a refreshing jog in the park—there’s nothing like the crisp air and the sound of leaves crunching underfoot. 🍂 After that, I whipped up a delicious breakfast smoothie to fuel my day! 🥤
Once I was energized, I dove into some work projects, tackling a few creative ideas that have been brewing in my mind. 💻✨ It feels great to make progress on my goals! 
After lunch, I decided to take a break and met up with a friend for coffee ☕. We ended up chatting for hours! It's always nice to catch up and share a few laughs.
This evening, I joined a virtual workshop on photography. 📷 I’ve been wanting to improve my skills, and it was so inspiring to learn from some talented photographers. 
Now, I’m winding down with a good book and some cozy tea. 📚🍵 How was your day? I’d love to hear what you all have been up to!
Catch you later! 💙 #HelloWorld #DailyLife #Connect"
232,a person.,and sharing the activities you did today.,Immagine you are a person. Write a post on social media introducing yourself and sharing the activities you did today.,"🌟 Hey everyone! 🌟
I thought it would be fun to introduce myself and share a little about my day! I’m [Your Name], a curious soul who loves diving into new experiences and connecting with fantastic people. 🌍✨
Today was quite the adventure! I started my morning with a refreshing hike in the nearby hills. The crisp air and stunning views really set a positive tone for the day. 🏞️ After that, I grabbed a latte from my favorite café and settled down with a good book—nothing like losing yourself in a great story! ☕📚
This afternoon, I decided to get a little creative and spent some time painting. I love how art allows me to express my thoughts and feelings. 🎨✨ Later, I met up with a few friends for a fun game night. We laughed, shared stories, and had an epic time!
Now, I’m winding down with a cozy movie and some popcorn. What a fulfilling day! 🎉 How about you all? What did your day look like? 
Looking forward to connecting with everyone! 💬💖
#HelloWorld #AdventureAwaits #CreativeLife #Friendship"
233,a person.,and sharing the activities you did today.,Immagine you are a person. Write a post on social media introducing yourself and sharing the activities you did today.,"🌟 Hey everyone! 🌟
I just wanted to take a moment to introduce myself. I’m [Your Name], a lover of all things creative and an adventurer at heart! 🎨✨
Today was a fantastic day for me! I started my morning with a delicious cup of coffee ☕ and a walk in the park, soaking up the beautiful autumn colors 🍂. After that, I headed to a local farmers' market where I picked up some fresh produce and even tried a few tasty samples (that apple cider donut was a game-changer! 🍩).
In the afternoon, I spent some time volunteering at the community shelter. It's always a rewarding experience to connect with others and give back to my community. 🤝❤️
To wrap up the day, I came home and tried my hand at a new recipe for dinner—spicy chickpea tacos 🌮—and they turned out amazing! Who knew cooking could be so much fun?
Feeling grateful for a day well spent! How did you all spend your day? Drop your highlights in the comments! 👇😊
#Grateful #Community #AutumnAdventures #FoodieFun #DailyHighlights"
234,a person.,and sharing the activities you did today.,Immagine you are a person. Write a post on social media introducing yourself and sharing the activities you did today.,"🌟 Hey everyone! 🌟 
I’m excited to introduce myself! My name is Alex, and I'm just a regular person who loves exploring life’s little adventures. Today was one of those days that reminded me how amazing everyday moments can be!
☕ This morning, I started my day with a relaxing cup of coffee at my favorite local café. I tried their new hazelnut blend - it was delicious and just what I needed to kickstart my day!
🏞️ After that, I went for a hike at the nearby nature reserve. The crisp autumn air and the colorful leaves made the trek absolutely stunning. I even spotted a couple of deer! 🦌 Nature always has a way of recharging my spirit.
🍽️ Later, I decided to experiment in the kitchen. I tried a new recipe for homemade pasta, and let me tell you, it was a fun (and slightly messy) experience! But the taste was totally worth it. Who knew making pasta from scratch could be so satisfying?
📚 To wrap up the day, I curled up with a good book. I’m currently reading a mystery novel that has me hooked. It’s the perfect way to unwind after a busy day.
Grateful for these simple yet fulfilling moments! How was your day? 😊✨ 
#DayInMyLife #NatureLover #HomeCooking #Bookworm "
235,a person.,and sharing the activities you did today.,Immagine you are a person. Write a post on social media introducing yourself and sharing the activities you did today.,"🌟 Hey everyone! 🌟
I hope you’re all having a fantastic day! 😊 I wanted to take a moment to introduce myself. My name is Alex, and I’m passionate about exploring new places, trying out new recipes, and spreading positivity wherever I go! 🌍✨
Today was a pretty adventurous one for me! 🌞 I kicked off the morning with a refreshing jog in the park, where I got to soak in all the beautiful fall colors. 🍂🏃‍♂️ There's nothing like the crunch of leaves underfoot to make you feel alive!
After that, I decided to channel my inner chef and whipped up some delicious pumpkin spice pancakes for breakfast. 🥞🎃 They turned out so good that I might just have to share the recipe soon!
In the afternoon, I met up with some friends at our local art gallery. 🎨🖼️ We explored some incredible exhibits and even tried our hand at a fun painting workshop! 🎉 It was such a great way to unleash our creativity and have a few laughs together.
To wrap up the day, I cozied up with a good book and some warm tea. 📚☕️ Perfect way to unwind after all the fun!
Can’t wait to hear what all of you did today! Let’s connect and share our experiences! ❤️
#Hello #NewFriends #TodayWasAwesome #FallVibes #CreativityUnleashed"
236,a person.,and sharing the activities you did today.,Immagine you are a person. Write a post on social media introducing yourself and sharing the activities you did today.,"🌟 Hey everyone! 🌟
I just wanted to take a moment to introduce myself. My name's Alex, and I’m excited to share a little bit about my life with you all! I’m all about exploring new experiences and finding joy in the little things. 😊
Today was a pretty awesome day! I started off with a brisk morning walk in the park, soaking up the sunshine and enjoying the beautiful colors of the fall leaves. 🍂 The fresh air really boosted my energy!
Later, I caught up with some friends over coffee at our favorite local café. ☕️ We laughed, shared stories, and even talked about planning a weekend getaway. 
In the afternoon, I tried out a new recipe for homemade pasta! 🍝 It was definitely a little messy in the kitchen, but totally worth it. Nothing beats the satisfaction of cooking something from scratch!
I wrapped up my day by diving into a good book that I’ve been meaning to read – it’s a mystery novel, and I’m completely hooked! 📖 
I’d love to hear about your day too! What fun things did you get up to? Let’s connect! 💬✨
#Hello #DayInTheLife #Connect #JoyInTheLittleThings"
237,a person.,and sharing the activities you did today.,Immagine you are a person. Write a post on social media introducing yourself and sharing the activities you did today.,"🌟 Hey everyone! 🌟
I just wanted to take a moment to introduce myself! I'm [Your Name], a curious soul who loves exploring new ideas and connecting with people. 😊✨
Today was quite an adventure! I kicked off my morning with a refreshing hike in the nearby woods, soaking in the fresh air and beautiful autumn colors 🍂🌳. It felt amazing to disconnect from the hustle and bustle for a bit!
After that, I spent some time at my favorite local café, sipping on a delicious pumpkin spice latte while diving into a good book 📚☕. There’s something so cozy about this time of year!
Later, I joined a virtual art class where we experimented with watercolor techniques. 🎨 It was a lot of fun to unleash my inner artist, and I even made a couple of new friends in the process!
To wrap up the day, I cooked a homemade dinner (hello, pasta night! 🍝) and watched some episodes of a new series I’ve been hooked on. It’s the perfect way to unwind!
Hope everyone else had a fantastic day! What did you all get up to? Let’s connect! 💬❤️ #DayInMyLife #SelfIntroduction #GoodVibes"
238,a person.,and sharing the activities you did today.,Immagine you are a person. Write a post on social media introducing yourself and sharing the activities you did today.,"🌟 Hey everyone! 🌟
I thought it was time for a little introduction since we’ve been connecting here! I’m [Your Name], a lover of adventure, books, and all things creative. I live for those little moments that make life special, and I can't wait to share them with you all!
Today was a pretty awesome day! 😊
☕️ **Morning Vibes**: I kicked off my day with a delightful cup of coffee at my favorite local café. Nothing beats that first sip on a crisp morning! 🌞
📚 **Mid-Morning Reading**: Afterward, I dove into a captivating novel that I just can’t put down. There’s something magical about escaping into another world with a good book! 📖✨
🏞️ **Afternoon Adventure**: I decided to take advantage of the beautiful weather and went for a hike in the nearby woods. The fresh air, stunning views, and a bit of nature therapy were exactly what I needed! 🌲💚
🍽️ **Culinary Exploration**: Later, I whipped up a new recipe for dinner—spicy chickpea tacos! 🌮 They turned out delicious, and I'm already dreaming about leftovers for tomorrow!
🎨 **Evening Creativity**: To wind down, I spent some time painting. It’s such a great way to express myself and clear my mind after a busy day. 🎨 
Overall, a fulfilling day recharging my soul and embracing my passions. Can’t wait to hear about your day! Drop a comment and let’s chat! ❤️
#HelloWorld #DailyAdventures #Hiking #Reading #Creativity #GoodVibes"
239,a person.,and sharing the activities you did today.,Immagine you are a person. Write a post on social media introducing yourself and sharing the activities you did today.,"🌟 Hey everyone! 🌟
Just wanted to take a moment to introduce myself! I’m [Your Name], a passionate explorer of life and all its wonders! 🎉✨
Today was quite an adventure! I started my morning with a refreshing hike at the local park 🌳🌄. The sunrise was absolutely breathtaking, and nothing beats that feeling of fresh air and nature! 
Afterward, I whipped up a delicious brunch with some friends. We made avocado toast with poached eggs and a side of mixed fruit 🥑🍳🍓 — it was a hit!
In the afternoon, I dove into a new book I’ve been wanting to read, which has been a wonderful escape. 📚✨ There’s nothing quite like getting lost in a story! 
To wrap up the day, I joined a virtual yoga class 🧘‍♀️🧘‍♂️, which helped me unwind and connect with my inner zen. 
Hope everyone else had a fantastic day! What did you get up to? Let’s chat! 😊❤️ #GoodVibes #AdventureAwaits #SelfCareSunday"
240,a person.,and sharing the activities you did today.,Immagine you are a person. Write a post on social media introducing yourself and sharing the activities you did today.,"🌟 Hey everyone! 🌟
I thought it would be a great idea to introduce myself a little more! I’m [Your Name], a passionate explorer always on the lookout for new adventures. Today was a wonderful mix of productivity and relaxation! 
I started my morning with a refreshing hike at the local trails 🌲, soaking up the beautiful scenery and listening to my favorite podcast. Nothing like some fresh air to kickstart the day! 
Later, I spent a couple of hours experimenting in the kitchen 🍳. I attempted a new recipe for homemade pasta, and I’m proud to say it turned out delicious! It was a bit messy, but totally worth it. 
In the afternoon, I dove into a good book 📚 (currently reading ""The Night Circus"" and loving every page!) and then took some time to catch up with friends over coffee ☕. Social connection is so important, right?
To wind down, I wrapped up the day with a little yoga and meditation 🧘‍♀️. It always helps me reflect and recharge for tomorrow! 
How was your day? Share your adventures below! 👇💬
#GoodVibes #DailyActivities #SelfIntroduction #Adventures 🌟"
241,a person.,and asking the community a question or a suggestion.,Immagine you are a person. Write a post on social media introducing yourself and asking the community a question or a suggestion.,"🌟 Hey everyone! 🌟
I’m [Your Name], a passionate [Your Hobby or Profession] and a firm believer in the power of community! 🌍✨ I love exploring new ideas, sharing experiences, and connecting with like-minded folks. In my free time, you can usually find me [mention a hobby or interest, e.g., hiking, reading, experimenting in the kitchen, etc.].
I'm here to not only share my journey but also to learn from all of you! 🤗💬 I’d love to hear your thoughts: What’s one book or resource that has profoundly influenced your life? 📚💡 
Looking forward to your suggestions and excited to connect with all of you! ❤️
#HelloWorld #CommunityLove #SharingIsCaring"
242,a person.,and asking the community a question or a suggestion.,Immagine you are a person. Write a post on social media introducing yourself and asking the community a question or a suggestion.,"🌟 Hey everyone! 🌟
I’m [Your Name], a passionate explorer of life who loves diving into new experiences, whether it’s through travel, books, or trying out unique recipes in the kitchen. When I’m not busy adventuring, you can usually find me curling up with a good cup of coffee and getting lost in my favorite podcasts. ☕📚
I’m here to connect with all of you and swap stories or ideas! I’d love to know: What’s one thing you’ve done recently that truly inspired you? Or, do you have any book or travel recommendations that I absolutely *must* check out? Looking forward to hearing your thoughts! 💬✨
#HelloWorld #CommunityConnection #Inspiration"
243,a person.,and asking the community a question or a suggestion.,Immagine you are a person. Write a post on social media introducing yourself and asking the community a question or a suggestion.,"🌟 Hey everyone! 🌟 
I’m [Your Name], a curious soul passionate about exploring new ideas, cultures, and of course, delicious food! 🌍🍽️ I love diving into books, traveling to hidden gems, and capturing moments through photography. 📸✨ 
I’m here to connect with all of you and share some amazing experiences. What’s one book, dish, or travel destination you think everyone should experience at least once? I’d love your recommendations! Let’s inspire each other! 🙌❤️ 
#HelloWorld #Let’sConnect #RecommendationsPlease"
244,a person.,and asking the community a question or a suggestion.,Immagine you are a person. Write a post on social media introducing yourself and asking the community a question or a suggestion.,"🌟 Hey everyone! 🌟
I’m [Your Name], and I’m so excited to join this amazing community! 🎉 A little about me: I'm passionate about [your hobbies/interests, e.g., photography, hiking, cooking, etc.], and I love connecting with new people who share similar passions. 📸🥾🍳
As I settle in here, I’d love to hear from all of you! What’s one piece of advice you wish you’d known when you first joined this community? Or if you have any favorite activities or spots related to [your interests], please share! 
Looking forward to getting to know you all better! 💛
#NewMember #CommunityVibes #LookingForSuggestions"
245,a person.,and asking the community a question or a suggestion.,Immagine you are a person. Write a post on social media introducing yourself and asking the community a question or a suggestion.,"🌟 Hey everyone! 🌟
I’m [Your Name], and I’m super excited to join this amazing community! I’m passionate about [briefly mention your interests, hobbies, or profession - e.g., photography, travel, cooking, tech], and I love connecting with like-minded people who share similar passions.
I’m always on the lookout for new ideas and inspiration, so I wanted to ask: What’s one book or podcast that has completely changed your perspective or inspired you lately? 📚🎧
Can't wait to hear your recommendations! Let’s inspire each other! 💬✨
#HelloWorld #CommunityConnection #Inspiration"
246,a person.,and asking the community a question or a suggestion.,Immagine you are a person. Write a post on social media introducing yourself and asking the community a question or a suggestion.,"🌟 Hey everyone! 🌟
I’m [Your Name], a passionate explorer of life and all things creative! 🎨✨ I love diving into new adventures, whether it’s trying out a new recipe, hiking through nature, or getting lost in a good book. 📚🌲 I believe that every day is an opportunity to learn something new and connect with amazing people.
I’d love to hear from this wonderful community! What’s one thing you’ve recently tried that made a difference in your day-to-day life? Any recommendations for a fun activity or hobby that I should explore next? 
Can’t wait to see your suggestions! Let’s inspire each other! 🌈💬 
#Community #Explore #CreativeLiving #Inspiration"
247,a person.,and asking the community a question or a suggestion.,Immagine you are a person. Write a post on social media introducing yourself and asking the community a question or a suggestion.,"🌟 Hey everyone! 🌟
I’m excited to introduce myself to this amazing community! My name is Alex, and I’m passionate about exploring the world of creativity through art, music, and travel. 🎨🎶✈️ I love connecting with people and sharing experiences that inspire growth and positivity.
I’d love to hear from all of you! What’s one creative project or hobby that has brought you joy lately? Or if you have any suggestions for a new adventure I should embark on, I’m all ears! Let’s inspire each other! 💬✨
#HelloCommunity #Creativity #Inspiration #Let’sConnect"
248,a person.,and asking the community a question or a suggestion.,Immagine you are a person. Write a post on social media introducing yourself and asking the community a question or a suggestion.,"🌟 Hey everyone! 🌟
I’m [Your Name], just a friendly soul navigating this wild journey called life! 🌍✨ I’m passionate about [your hobbies/interests, e.g., art, hiking, cooking], and I love connecting with new people and sharing experiences. 
Today, I’m curious to hear from you all! What’s one thing that has inspired you recently? Or do you have any recommendations for a great book, podcast, or activity that has sparked some joy in your life? 📚🎧🌿
Can’t wait to read your replies and hopefully find some new inspiration! 💬❤️ 
#Community #Inspiration #LetsConnect"
249,a person.,and asking the community a question or a suggestion.,Immagine you are a person. Write a post on social media introducing yourself and asking the community a question or a suggestion.,"🌟 Hey everyone! 🌟
My name is Alex, and I’m excited to be part of this amazing community! I’m a passionate traveler, an avid reader, and a foodie who loves to explore new cuisines. When I’m not busy planning my next adventure or diving into a great book, you can find me experimenting in the kitchen or hiking in nature.
I’d love to get to know all of you better! What’s one hidden gem in your city that you think everyone should visit? I’m always on the lookout for new places to add to my travel list!
Looking forward to your suggestions! 😊✈️📚🍽️ #NewFriends #TravelEnthusiast #CommunityLove"
250,a person.,and asking the community a question or a suggestion.,Immagine you are a person. Write a post on social media introducing yourself and asking the community a question or a suggestion.,"🌟 Hey everyone! 🌟
I’m really excited to join this amazing community! My name is [Your Name], and I’m passionate about [share a few of your interests: e.g., photography, hiking, cooking, reading, etc.]. I love connecting with new people and sharing ideas, so I’m looking forward to getting to know all of you better!
As I dive in, I’d love to hear your suggestions: What’s one book, hobby, or activity you think everyone should try at least once? 📚✨ I can’t wait to see your recommendations!
Cheers! 🥳"
251,a person.,and asking the community a question or a suggestion.,Immagine you are a person. Write a post on social media introducing yourself and asking the community a question or a suggestion.,"🌟 Hey everyone! 🌟
I’m [Your Name], and I’m thrilled to be part of this amazing community! A bit about me: I'm passionate about [your interests/hobbies, e.g., cooking, traveling, tech, sustainability], and I love connecting with like-minded people. Whether it’s sharing delicious recipes, exploring hidden gems in the city, or diving into the latest tech trends, I'm all about learning and growing together. 
I’d love to hear from you! What’s one book or podcast that has inspired you recently? 📚🎧 I’m always looking for recommendations to add to my list!
Looking forward to connecting! ❤️
#Introduction #Community #Recommendations #Passions"
252,a person.,and asking the community a question or a suggestion.,Immagine you are a person. Write a post on social media introducing yourself and asking the community a question or a suggestion.,"🌟 Hey everyone! 🌟 
I’m [Your Name], and I’m excited to be part of this amazing community! I’m passionate about [a few interests or hobbies, e.g., photography, cooking, hiking], and I’m always on the lookout for new experiences and ideas to explore.
I’d love to hear from you all! What’s one book or podcast that has truly inspired you recently? I’m looking to expand my horizons and would appreciate any recommendations you might have. Thanks in advance! 😊
Looking forward to connecting with you all! 💬✨ #Community #NewConnections #Recommendations "
253,a person.,and asking the community a question or a suggestion.,Immagine you are a person. Write a post on social media introducing yourself and asking the community a question or a suggestion.,"🌟 Hey everyone! 🌟
I'm [Your Name], a passionate explorer of life who loves diving into new experiences, whether it’s trying out an unusual recipe in the kitchen or finding hidden gems in my city. 🤗 I’m all about positivity, connection, and learning from each other!
As we gear up for a new season, I'm curious to know: What's one thing you've recently tried that brought you joy? Or do you have any suggestions for fun activities to do solo or with friends? Let’s inspire each other! 💬✨
Looking forward to hearing your thoughts! Cheers! 🥳
#CommunityVibes #ShareYourJoy #NewExperiences"
254,a person.,and asking the community a question or a suggestion.,Immagine you are a person. Write a post on social media introducing yourself and asking the community a question or a suggestion.,"🌟 Hey everyone! 🌟
I’m excited to introduce myself to this amazing community! I’m [Your Name], a passionate [your hobby or profession, e.g., artist, foodie, traveler, tech enthusiast] who loves exploring new ideas and connecting with like-minded people. I believe that sharing experiences and knowledge can lead to incredible growth for all of us.
I’m here to learn, share stories, and, of course, have some fun along the way! 🎉 
Here’s a question for you all: What’s one book or resource that has had a significant impact on your life? 📚✨ I’m always looking for new recommendations, and I’d love to hear your thoughts!
Looking forward to connecting with you all!
#Community #Introduction #BookRecommendations #LearningTogether"
255,a person.,and asking the community a question or a suggestion.,Immagine you are a person. Write a post on social media introducing yourself and asking the community a question or a suggestion.,"🌟 Hey everyone! I'm [Your Name], and I'm super excited to join this amazing community! A little about me: I’m passionate about [your interests or hobbies, e.g., cooking, hiking, tech, art], and I love connecting with like-minded people. 
Lately, I've been looking to dive deeper into [specific topic, e.g., sustainable living, graphic design, local history], and I could really use your advice. What's one resource (book, podcast, website, etc.) you think I should check out? 
Looking forward to your suggestions and getting to know you all better! 😊✨ #Community #Learning #GetToKnowMe"
256,a person.,and asking the community a question or a suggestion.,Immagine you are a person. Write a post on social media introducing yourself and asking the community a question or a suggestion.,"🌟 Hey everyone! 🌟
I’m excited to join this vibrant community! My name is Alex, and I’m passionate about all things related to art, travel, and cooking. Whether it’s exploring a new city, experimenting with flavors in the kitchen, or painting my latest masterpiece, I love embracing new experiences and learning from them. 🎨✈️🍳
I believe that every day is an opportunity for creativity and connection, and I would love to hear from all of you! What’s one creative project or adventure you’ve embarked on that has inspired you recently? Any suggestions for must-try recipes or travel destinations? Let’s share ideas and inspire each other! 🌍✨
Looking forward to connecting with you all! 💬❤️
#HelloWorld #CommunityLove #CreativityInspiration"
257,a person.,and asking the community a question or a suggestion.,Immagine you are a person. Write a post on social media introducing yourself and asking the community a question or a suggestion.,"🌟 Hey everyone! 🌟
I’m [Your Name], a passionate explorer of life, a lover of good coffee, and an enthusiastic bookworm! 📚☕ When I'm not discovering new hiking trails or diving into the latest fantasy novels, you can find me cooking up a storm in the kitchen or trying to pick up a new skill (currently tackling the ukulele!). 🎶
I’m here to connect with like-minded souls and share our passions! 💬✨
I’d love to hear from you all: What’s one hobby or interest you can’t live without? Or, if you have any unique recommendations for books, music, or outdoor activities, please share! Let’s inspire each other! 💖
Looking forward to reading your suggestions! 
#HelloWorld #CommunityConnection #Passions #Inspiration"
258,a person.,and asking the community a question or a suggestion.,Immagine you are a person. Write a post on social media introducing yourself and asking the community a question or a suggestion.,"🌟 Hey everyone! 🌟
I’m so excited to join this amazing community! My name is Alex, and I’m passionate about [insert hobbies or interests, e.g., hiking, painting, and cooking up new recipes]. I love connecting with people who share similar interests and hearing different perspectives!
As I dive into this new journey, I’d love to ask you all: What’s one book, podcast, or activity that has inspired you recently? 📚🎧✨ Your suggestions would mean a lot to me as I look to expand my horizons!
Can’t wait to hear your thoughts! 🤗💬
#NewHere #Community #Inspiration #LetsConnect"
259,a person.,and asking the community a question or a suggestion.,Immagine you are a person. Write a post on social media introducing yourself and asking the community a question or a suggestion.,"🌟 Hey everyone! 🌟
I’m [Your Name], and I’m excited to be part of this amazing community! A little about me: I’m passionate about [your interests/hobbies, e.g., art, technology, traveling], and I love connecting with new people who share similar passions. 💬✨
I’m currently on a quest to explore [mention something specific you’re into, e.g., new book genres, healthy recipes, outdoor activities], and I would love your input! What’s a book, recipe, or outdoor spot that you can’t get enough of? Any recommendations would be greatly appreciated! 🙏📚🍽️🏞️
Looking forward to hearing your suggestions and getting to know all of you better! 
Cheers! 🎉 
[Your Name]"
260,a person.,and asking the community a question or a suggestion.,Immagine you are a person. Write a post on social media introducing yourself and asking the community a question or a suggestion.,"🌟 Hey everyone! 🌟
I’m [Your Name], a passionate explorer of all things creative and a firm believer in the power of community. From painting and photography to hiking and discovering hidden gems in our city, I love diving into new experiences and sharing them with you all!
🌍✨ I’m here to connect and learn from this amazing community, and I’d love to hear your thoughts! What’s a hidden talent or hobby that you think everyone should try at least once? 🎨📷🏞️ Whether it’s something artistic, adventurous, or just plain fun, drop your suggestions below! Let’s inspire each other! 💬❤️
#Community #Explore #Creativity #NewExperiences"
261,a person.,and asking the community a question or a suggestion.,Immagine you are a person. Write a post on social media introducing yourself and asking the community a question or a suggestion.,"🌟 Hey everyone! 🌟
I’m [Your Name], a passionate traveler and a lifelong learner currently diving deep into the world of photography and nature conservation. 🌍📸 I love exploring hidden gems and capturing moments that tell a story. When I’m not behind the camera, you can find me curled up with a good book or experimenting in the kitchen! 
I’m excited to connect with you all and hear your thoughts! ✨ What’s one travel destination that left a lasting impression on you, and why? Any hidden gems you think I should add to my bucket list? 
Looking forward to your suggestions! 💬😊 #TravelGoals #NatureLover #PhotographyLife"
262,a person.,and asking the community a question or a suggestion.,Immagine you are a person. Write a post on social media introducing yourself and asking the community a question or a suggestion.,"🌟 Hey everyone! 🌟
I hope you’re all having an amazing day! My name is Alex, and I’m excited to join this vibrant community! I’m passionate about photography, exploring new places, and all things related to sustainable living. 📸🌍
I’d love to get to know you all better! What’s one local spot you think everyone should visit? Or do you have any tips for making everyday life more eco-friendly? Looking forward to hearing your suggestions!
Cheers! ✌️✨ #CommunityLove #SustainableLiving #PhotographyAdventures"
263,a person.,and asking the community a question or a suggestion.,Immagine you are a person. Write a post on social media introducing yourself and asking the community a question or a suggestion.,"🌟 Hey everyone! 🌟
I’m [Your Name], a passionate explorer of life currently diving deep into the world of [Your Interests/Hobbies]! Whether it’s [list a couple of interests like “hiking, cooking new recipes, or binge-watching documentaries”], I’m always looking to learn and connect with others who share similar passions.
I’d love to hear from you all! What are some of your favorite [related topic based on interests – e.g., hiking trails, recipes, or documentaries]? Any recommendations or tips you can share? Let’s inspire each other! 💬✨
Looking forward to your suggestions! 
#Community #LearningTogether #CuriousMind"
264,a person.,and asking the community a question or a suggestion.,Immagine you are a person. Write a post on social media introducing yourself and asking the community a question or a suggestion.,"🌟 Hey, everyone! 🌟 
I’m [Your Name], just a friendly face trying to navigate this incredible journey we call life! I love exploring new places, diving into good books, and trying out recipes from around the world. 🌍📚🍲
I’m super excited to connect with all of you! I believe that everyone has a unique story, and I’d love to hear yours! 💬✨ 
Here's a little question for you all: What’s one piece of advice you wish you had received when you were starting out in your journey? Or maybe a suggestion for something I should try this week? 
Looking forward to hearing your thoughts! 💖✌️ #Community #Connections #LetsChat"
265,a person.,and asking the community a question or a suggestion.,Immagine you are a person. Write a post on social media introducing yourself and asking the community a question or a suggestion.,"🌟 Hey everyone! 🌟
I’m [Your Name], a passionate [Your Hobby/Interest, e.g., traveler, foodie, gamer] who loves connecting with new people and sharing experiences! 🌍✨ I’m constantly seeking inspiration and new adventures, whether it’s through exploring new cuisines, diving into an amazing book, or planning my next travel destination.
I'd love to get to know all of you better! 🤗 What’s one thing you’ve tried recently that you absolutely loved? I’m always on the lookout for recommendations, so hit me with your best suggestions! 
Looking forward to hearing your thoughts! 💬😊 #CommunityLove #Recommendations #GettingToKnowYou"
266,a person.,and asking the community a question or a suggestion.,Immagine you are a person. Write a post on social media introducing yourself and asking the community a question or a suggestion.,"🌟 Hey everyone! 🌟
I’m really excited to join this amazing community! My name is Alex, and I’m a huge fan of all things creative—whether it’s painting, writing, or exploring new recipes in the kitchen. 🎨✍️🍳 I believe that life is all about sharing experiences and learning from one another.
I’d love to get your input on something! I’m looking for new hobbies to dive into—anything that sparks joy and creativity. What’s a hobby or activity you’ve recently picked up that you’ve absolutely loved? Any recommendations would be greatly appreciated! 💬💕
Can't wait to hear from you all! Let’s inspire each other! 💖✨ #NewHobbies #CommunityLove #CreativeJourney"
267,a person.,and asking the community a question or a suggestion.,Immagine you are a person. Write a post on social media introducing yourself and asking the community a question or a suggestion.,"🌟 Hey everyone! I’m [Your Name] and I’m excited to join this amazing community! 🌟 A little about me: I’m passionate about [insert your interests/hobbies, e.g., travel, cooking, photography], and I love connecting with people who share similar interests. 📸✈️🍳
I’d love to hear from you all! What’s one book, podcast, or activity that has inspired you recently? Looking forward to your suggestions and to getting to know each of you better! 💬✨ #HelloWorld #CommunityLove #Inspiration"
268,a person.,and asking the community a question or a suggestion.,Immagine you are a person. Write a post on social media introducing yourself and asking the community a question or a suggestion.,"🌟 Hey everyone! 🌟
I’m [Your Name], a passionate explorer of all things creative and a lover of the great outdoors! When I’m not sipping coffee and diving into a good book, you can probably find me hiking a nearby trail or experimenting in the kitchen with unique recipes. 🍃📚🍽️ 
I’m here to connect with like-minded individuals and share ideas that inspire us all! I’d love to hear from you—what’s one hobby or activity that has brought you joy recently? Any recommendations or tips for someone looking to try something new? Let’s inspire each other! 💬✨
Looking forward to hearing your thoughts! 
#Community #Hobbies #Inspiration"
269,a person.,and asking the community a question or a suggestion.,Immagine you are a person. Write a post on social media introducing yourself and asking the community a question or a suggestion.,"🌟 Hey everyone! 🌟
I’m [Your Name], a passionate explorer of life and all its little adventures. I love diving into new books, trying out different cuisines, and discovering hidden gems in my city. When I’m not out and about, you can find me cozying up with my favorite podcasts or jotting down thoughts in my journal. 
I’m excited to connect with all of you! I’d love to know: What’s one hobby or activity that you think everyone should try at least once? 
Looking forward to your suggestions and to sharing some inspiration together! 💬✨
#CommunityConnection #HobbySuggestions #LetsConnect"
270,a person.,and asking the community a question or a suggestion.,Immagine you are a person. Write a post on social media introducing yourself and asking the community a question or a suggestion.,"🌟 Hey everyone! 🌟
I’m [Your Name], and I’m excited to be a part of this amazing community! A little about me: I’m passionate about [a few hobbies or interests, e.g., photography, hiking, cooking, reading], and I love connecting with new people who share similar interests. 
Right now, I’m on a quest to explore more about [a topic you’re interested in, e.g., sustainable living, creative writing, travel tips]. I’d love to hear your suggestions! What are your favorite resources, or do you have any tips that could help me dive deeper into this? 
Looking forward to hearing from you all! 😊💬 
#Community #NewConnections #SeekingSuggestions"
271,a person.,and asking the community a question or a suggestion.,Immagine you are a person. Write a post on social media introducing yourself and asking the community a question or a suggestion.,"🌟 Hey everyone! 🌟
I’m [Your Name], and I’m super excited to join this amazing community! 🎉 I’m passionate about [your interests/hobbies, e.g., hiking, cooking, tech, art, etc.], and I firmly believe that sharing ideas and experiences is what makes our lives richer.
I’d love to get to know you all better! What’s one thing you think everyone should try at least once in their life? 🤔✨ Drop your suggestions below – I’m ready to be inspired! 
Can’t wait to connect with all of you! 💬❤️ 
#NewHere #CommunityLove #SuggestionsWelcome"
272,a person.,and asking the community a question or a suggestion.,Immagine you are a person. Write a post on social media introducing yourself and asking the community a question or a suggestion.,"🌟 Hey everyone! 🌟
I’m excited to introduce myself to this wonderful community! My name is Alex, and I’m passionate about everything related to travel, cooking, and photography. 🌍📸🥘 I love exploring new cultures and trying out new recipes from around the world. 
I’m always looking for fresh ideas or unique experiences, so I’d love to hear from you! What’s your all-time favorite travel destination or dish you can’t get enough of? Any recommendations or hidden gems I should check out? 
Can’t wait to connect and share our stories! ❤️✨ #CommunityLove #TravelFoodies "
273,a person.,and asking the community a question or a suggestion.,Immagine you are a person. Write a post on social media introducing yourself and asking the community a question or a suggestion.,"🌟 Hey everyone! 🌟
I’m [Your Name], just a regular person navigating through the ups and downs of life! I’m passionate about [mention a couple of interests or hobbies, e.g., photography, hiking, cooking, etc.], and I love connecting with new people and sharing experiences.
I'm really curious - what’s one thing you’ve tried recently that you absolutely loved? 💡 Whether it’s a new recipe, a book, a hobby, or even a travel destination, I’d love to hear your suggestions! Let’s inspire each other! 
Can’t wait to read your awesome recommendations! 😊✨ 
#Community #Recommendations #LetsConnect"
274,a person.,and asking the community a question or a suggestion.,Immagine you are a person. Write a post on social media introducing yourself and asking the community a question or a suggestion.,"🌟 Hey everyone! 🌟
I’m [Your Name], and I’m excited to be part of this amazing community! I’m passionate about [your interests/hobbies, e.g., photography, cooking, traveling, etc.] and love connecting with like-minded people. 🌍✨
I’m here to share experiences, learn from each other, and have some fun along the way! 
💬 I’d love to hear from you all! What’s one book, podcast, or movie that has really inspired you lately? Looking forward to your suggestions! 📚🎧🎬
Let’s chat! 😊"
275,a person.,and asking the community a question or a suggestion.,Immagine you are a person. Write a post on social media introducing yourself and asking the community a question or a suggestion.,"🌟 Hey everyone! 🌟
I’m [Your Name], a curious soul who loves exploring new ideas and connecting with amazing people. I’m passionate about [insert your interests or hobbies, e.g., art, travel, tech, or cooking], and I always find joy in sharing experiences and learning from others.
As I dive deeper into [a specific topic of interest], I'm eager to gather perspectives and insights from this wonderful community. 🌈✨
💬 **Question for you all:** What’s one book, podcast, or resource that has truly inspired you lately? I’m looking for recommendations to help fuel my journey! 
Can’t wait to hear your suggestions! Let's inspire each other! 💖
#CuriousMinds #CommunityConnections #Inspiration"
276,a person.,and asking the community a question or a suggestion.,Immagine you are a person. Write a post on social media introducing yourself and asking the community a question or a suggestion.,"🌟 Hey everyone! 🌟
I’m [Your Name], and I’m excited to join this vibrant community! A little about me: I’m passionate about [your interests/hobbies, e.g., art, technology, hiking, cooking, etc.], and I love exploring new ideas and connecting with like-minded people.
I’m curious to hear your thoughts – what’s a book or podcast that has had a significant impact on your life? I’m always looking for recommendations to expand my horizons! 📚🎧 
Looking forward to getting to know you all! 💬✨
#NewHere #Community #BookRecommendations #PodcastLovers"
277,a person.,and asking the community a question or a suggestion.,Immagine you are a person. Write a post on social media introducing yourself and asking the community a question or a suggestion.,"🌟 Hey everyone! 🌟
I'm excited to join this wonderful community! My name is Alex, and I’m a passionate traveler, coffee lover, and tech enthusiast. 🗺️☕💻 I love exploring new cultures, trying out local cuisines, and sharing experiences with others. 
When I’m not on the road, you can find me diving into the latest tech trends or experimenting with new coffee brewing techniques at home. ☕✨ 
I’d love to hear from all of you! What’s one travel destination that has truly captured your heart, and what’s the best way to experience it? 🌍❤️ Any suggestions or hidden gems I should know about? Can’t wait to read your responses!
#Travel #CoffeeLover #TechEnthusiast #CommunityConnection"
278,a person.,and asking the community a question or a suggestion.,Immagine you are a person. Write a post on social media introducing yourself and asking the community a question or a suggestion.,"🌟 Hey everyone! 🌟 
I'm [Your Name], a curious explorer of life and all its wonders! 🎉 I love connecting with new people, diving into exciting books, experimenting in the kitchen, and getting lost in nature. 🌱📚
As I'm always looking to learn and grow, I’d love your input! What’s one book or movie that has truly inspired you lately? I’m on the hunt for some great recommendations! 
Can’t wait to hear your thoughts! 💬✨ #CommunityVibes #BookRecommendations #Inspiration"
279,a person.,and asking the community a question or a suggestion.,Immagine you are a person. Write a post on social media introducing yourself and asking the community a question or a suggestion.,"🌟 Hey everyone! 🌟
I’m [Your Name], and I’m really excited to be a part of this amazing community! A little about me: I’m passionate about [your interests, e.g., travel, art, tech, cooking], and I love connecting with new people who share similar vibes. 
As I dive deeper into [a specific area related to your interests, e.g., exploring local art scenes, trying out global cuisines], I’d love to hear from you all! ✨ What’s your favorite [related topic, e.g., restaurant, artist, travel destination]? Or do you have any hidden gems you’d recommend?
Looking forward to your suggestions and getting to know you better! 😊💬 
#HelloWorld #CommunityLove #SeekingSuggestions"
280,a person.,and asking the community a question or a suggestion.,Immagine you are a person. Write a post on social media introducing yourself and asking the community a question or a suggestion.,"🌟 Hey everyone! 🌟
I’m excited to join this amazing community! I’m [Your Name], a [your age/occupation/hobby—whatever you’re comfortable sharing] who loves exploring new ideas and connecting with inspiring people. When I'm not [mention a hobby or interest], you can find me binge-watching documentaries or planning my next adventure! 🌍✨
I’d love to hear from all of you! What’s something that you’re passionate about right now? Any book recommendations or cool projects you’re working on? Let’s inspire each other! 💬👇
Looking forward to connecting! ❤️"
281,a person.,and asking the community a question or a suggestion.,Immagine you are a person. Write a post on social media introducing yourself and asking the community a question or a suggestion.,"🌟 Hey everyone! 🌟
I’m [Your Name], a passionate explorer of ideas and experiences! I love diving into books, discovering new music, and taking long walks in nature whenever I can. 🙌✨ I believe in the power of connection and sharing stories, and I’m excited to be part of this community!
I have a little question for all of you: What’s one book or song that has changed your perspective on life? I’m on the lookout for new inspiration and would love to hear your recommendations! 📚🎶
Looking forward to your suggestions! Let’s inspire each other! 💬❤️
#Community #Inspiration #BookRecommendations #MusicLovers"
282,a person.,and asking the community a question or a suggestion.,Immagine you are a person. Write a post on social media introducing yourself and asking the community a question or a suggestion.,"🌟 Hey everyone! 🌟 
I’m [Your Name], a passionate [your hobby or profession, e.g., photographer, writer, tech enthusiast] who's excited to connect with all of you. 🎉 I love exploring new ideas, sharing experiences, and diving into creative projects. 
🗣️ I’d love to hear from you all! What’s one book or podcast that has had a significant impact on your life? Or, if you have any suggestions for an exciting new hobby to dive into, I’m all ears! 
Let’s inspire each other! 💬✨ #Community #NewConnections #Inspiration"
283,a person.,and asking the community a question or a suggestion.,Immagine you are a person. Write a post on social media introducing yourself and asking the community a question or a suggestion.,"🌟 Hey everyone! 🌟
I’m [Your Name], a passionate explorer of all things creative and a lover of great conversations! 🎨✨ When I’m not diving into new projects or experimenting in the kitchen 🍳👩‍🍳, you’ll find me hiking in nature, capturing moments through photography 📸, or cozying up with a good book. 
I’m here to connect, share ideas, and learn from all of you amazing folks in this community! 🙌
I’d love to hear from you: What’s one hobby or interest you’ve picked up recently that you’re excited about? Any suggestions for things to try out? Let’s inspire each other! 💬💖
Can’t wait to read your responses! 
#Community #Hobbies #Inspiration"
284,a person.,and asking the community a question or a suggestion.,Immagine you are a person. Write a post on social media introducing yourself and asking the community a question or a suggestion.,"🌟 Hey everyone! 🌟
I’m [Your Name], and I’m thrilled to join this amazing community! A little about me: I’m passionate about [a few interests or hobbies, e.g., photography, hiking, and cooking], and I love connecting with people who share similar vibes. 
I’m always on the lookout for new ideas and experiences, and I’d love to hear from you! What’s one hidden gem in our area that you think everyone should check out? Or do you have any favorite spots for [related interest, e.g., great coffee, beautiful nature, unique shops]? 
Can’t wait to read your suggestions and hopefully meet some of you soon! 💬✨
#HelloWorld #CommunityLove #CuriousExplorer"
285,a person.,and asking the community a question or a suggestion.,Immagine you are a person. Write a post on social media introducing yourself and asking the community a question or a suggestion.,"🌟 Hey everyone! I’m [Your Name], a curious soul with a passion for exploring new ideas and connecting with amazing people! I love diving into books, trying out different cuisines, and discovering hidden gems in my city. 
💭 I’m always looking for ways to grow and learn, so I’d love to hear from you! What’s one book or podcast that has really changed your perspective on something? Or maybe a local spot that has the best food? Share your recommendations! 
Can’t wait to hear from you all! 😊 #CommunityLove #LetsConnect #Recommendations"
286,a person.,and asking the community a question or a suggestion.,Immagine you are a person. Write a post on social media introducing yourself and asking the community a question or a suggestion.,"🌟 Hey everyone! 🌟
I’m [Your Name], a passionate explorer of life and all its wonders! 🚀 I love diving into new books, wandering through nature, and cooking up delicious meals in the kitchen. 🍳📚🌲 I’m here to connect, share experiences, and learn from all of you amazing folks.
I’m curious—what’s one book or activity that has completely changed your perspective on life? I’d love to hear your recommendations! Let’s inspire each other! 💬✨
Looking forward to your replies! ❤️ #CommunityConnection #BookRecommendations #LifeLessons"
287,a person.,and asking the community a question or a suggestion.,Immagine you are a person. Write a post on social media introducing yourself and asking the community a question or a suggestion.,"🌟 Hey everyone! 🌟
I’m [Your Name], a passionate explorer of ideas and experiences! Whether it's diving into a new book, hiking a trail, or experimenting in the kitchen, I believe there’s always something new to learn and discover. I love connecting with others over shared interests and hearing different perspectives!
As I embark on my next adventure, I’d love your input: What’s one book or activity you think everyone should experience at least once? 📚✨
Looking forward to your recommendations! Let’s inspire each other! 💬🌍 #Community #Recommendations #InspireEachOther"
288,a person.,and asking the community a question or a suggestion.,Immagine you are a person. Write a post on social media introducing yourself and asking the community a question or a suggestion.,"🌟 Hey, everyone! I'm [Your Name], and I'm super excited to join this amazing community! A little about me: I’m passionate about [your interests/hobbies, e.g., photography, travel, or cooking] and love connecting with like-minded people. 
I’m always on the lookout for new experiences and ideas! So, I’d love to hear from all of you: What’s one thing you’ve tried recently that you absolutely loved? Whether it’s a new recipe, a book, or an activity, I’m all ears! Let’s share some inspiration! 💡✨
Looking forward to getting to know you all! 🥳 #NewHere #CommunityVibes #Inspiration"
289,a person.,and asking the community a question or a suggestion.,Immagine you are a person. Write a post on social media introducing yourself and asking the community a question or a suggestion.,"🌟 Hello, everyone! 🌟
I’m thrilled to join this amazing community! My name is Alex, and I’m passionate about all things art and nature. 🎨🌿 In my free time, you can usually find me hiking, experimenting with watercolors, or exploring local coffee shops. I believe that creativity thrives in connection, which is why I'm excited to meet new friends and share ideas here!
I’d love to hear from you all! What’s one book or piece of art that has inspired you recently? 📚🎨 I’m always looking for recommendations to fuel my creativity!
Looking forward to connecting! ❤️ #CommunityLove #ArtInspiration"
290,a person.,and asking the community a question or a suggestion.,Immagine you are a person. Write a post on social media introducing yourself and asking the community a question or a suggestion.,"🌟 Hey everyone! 🌟
I’m [Your Name], a passionate explorer of life and all its wonders! 🌍✨ Whether it's diving into nature, getting lost in a good book, or experimenting in the kitchen, I love discovering new experiences and sharing them with friends.
I’m here to connect, learn, and grow with all of you! As I embark on my next adventure, I’d love to hear your thoughts. 
🤔 What’s one place you think everyone should visit at least once in their lifetime? Or if you have a hidden gem in your area, drop the name - I’m all ears! 🌟
Looking forward to your suggestions and excited to see where this journey takes us together! 💬❤️
#LetsConnect #TravelInspiration #CommunityLove"
291,a person.,and asking the community a question or a suggestion.,Immagine you are a person. Write a post on social media introducing yourself and asking the community a question or a suggestion.,"🌟 Hey everyone! 🌟
I'm excited to join this amazing community! My name is Alex, and I’m a curious soul with a passion for travel, photography, and all things DIY. I love exploring new cultures and capturing moments that tell a story. When I’m not outside adventuring, you can find me sipping coffee while diving into a good book or trying out new recipes in the kitchen.
I'm here to connect, share ideas, and learn from all of you! 🌍✨
Here’s my question for you: What’s one travel destination that completely took your breath away, and why? I’d love to hear your stories and suggestions! 
Looking forward to getting to know you all! 💬❤️
#NewHere #TravelLover #CommunityQuestions"
292,a person.,and asking the community a question or a suggestion.,Immagine you are a person. Write a post on social media introducing yourself and asking the community a question or a suggestion.,"🌟 Hey everyone! 🌟
I’m [Your Name], and I’m super excited to join this amazing community! A little about me: I’m passionate about [your interests/hobbies, e.g., books, hiking, cooking] and love connecting with new people. I believe that we can learn so much from one another, and I can’t wait to share experiences and insights with all of you!
✨ Here’s my question for you: What’s one book or resource that has profoundly changed your perspective on life? I’m looking to expand my horizons and would love your suggestions! 📚
Looking forward to hearing your thoughts and connecting with you all! 💬💖
#CommunityLove #BookRecommendations #LetsConnect"
293,a person.,and asking the community a question or a suggestion.,Immagine you are a person. Write a post on social media introducing yourself and asking the community a question or a suggestion.,"🌟 Hey everyone! 🌟
I’m [Your Name], a passionate explorer of all things creative and a lifelong learner! I love diving into new books, experimenting in the kitchen, and soaking up nature on weekend hikes. I believe every day is an opportunity to discover something new, whether it's a hidden gem of a café or a new hobby to try out. 🌍✨
I’m excited to connect with this amazing community! I’d love to hear your thoughts: What’s one new thing you’ve tried recently that you’d recommend to others? Maybe a meal, a book, or even an activity? Let’s inspire each other! 💬💡
Cheers! 🥳"
294,a person.,and asking the community a question or a suggestion.,Immagine you are a person. Write a post on social media introducing yourself and asking the community a question or a suggestion.,"🌟 Hey everyone! 🌟
I’m excited to join this awesome community! My name is Alex, and I’m a passionate traveler and foodie who loves exploring new cultures and trying out unique dishes. I believe that every meal has a story, and I can’t wait to share mine with all of you!
To kick things off, I’d love to hear from you all! What’s the best meal you’ve ever had, and where was it? Any hidden gems I should check out? Let’s inspire each other with our culinary adventures! 🍽️✈️
Looking forward to your recommendations!
#Foodie #TravelLover #CommunityQuestions #LetsConnect"
295,a person.,and asking the community a question or a suggestion.,Immagine you are a person. Write a post on social media introducing yourself and asking the community a question or a suggestion.,"🌟 Hey everyone! 🌟
I’m [Your Name], and I’m excited to join this amazing community! A little about me: I’m passionate about [Your Interests/Hobbies] and love connecting with new people. Whether it’s [mention a few activities related to your interests], I’m always up for an adventure or a great conversation!
I’d love to get to know all of you better! What’s one thing you wish more people knew about your favorite hobby? Any tips or suggestions for someone looking to dive deeper? Let’s share some insights! 💬
Looking forward to hearing from everyone! 💖
#NewHere #CommunityLove #LetsConnect"
296,a person.,and asking the community a question or a suggestion.,Immagine you are a person. Write a post on social media introducing yourself and asking the community a question or a suggestion.,"🌟 Hey everyone! 🌟
I’m excited to introduce myself to this amazing community! My name is Alex, and I'm a passionate traveler, foodie, and lifelong learner. I believe that every experience has something to teach us! 🌍✈️🍽️
Lately, I’ve been looking to explore new hobbies and interests beyond my usual routine. I’d love to hear your suggestions! What’s something you’ve recently tried that’s really enriched your life? Any recommendations for books, activities, or creative projects? 📚🎨✨ 
Looking forward to your ideas and connecting with all of you!
#NewExperiences #Community #HobbySuggestions"
297,a person.,and asking the community a question or a suggestion.,Immagine you are a person. Write a post on social media introducing yourself and asking the community a question or a suggestion.,"🌟 Hey everyone! 🌟
I’m [Your Name], a passionate [Your Hobby/Interest] enthusiast based in [Your Location]. I love exploring new ideas, connecting with like-minded folks, and sharing our journeys. Outside of [Hobby/Interest], you can usually find me [mention other interests or activities you enjoy, e.g., hiking, reading, trying out new recipes].
I’m excited to be part of this amazing community! 🤗 To kick things off, I’d love to hear from you all: What’s one book, podcast, or activity that has inspired you lately? Drop your recommendations in the comments! 📚🎧🌍
Looking forward to connecting with you all! 💬
#Introduction #Community #QuestionOfTheDay"
298,a person.,and asking the community a question or a suggestion.,Immagine you are a person. Write a post on social media introducing yourself and asking the community a question or a suggestion.,"🌟 Hey everyone! 🌟 
I’m [Your Name], a passionate explorer of life and all its little wonders. Whether it’s diving into a new book, trying out a recipe for the first time, or exploring nature trails, I love embracing new experiences! 🌍✨
I’m here to connect and share inspiration with all of you amazing folks. 🤗💬 
I’d love to hear from you: What’s one new hobby or activity you've picked up recently that you can’t get enough of? 🧐🎨 Share your suggestions, and let’s motivate each other to try something new!
Looking forward to your responses! 💖🙌 #NewAdventures #CommunityLove"
299,a person.,and asking the community a question or a suggestion.,Immagine you are a person. Write a post on social media introducing yourself and asking the community a question or a suggestion.,"🌟 Hey everyone! 🌟
I’m excited to join this amazing community! I’m [Your Name], a passionate [your hobby or profession] who loves [brief mention of interests or activities]. When I’m not [what you do for work/hobby], you can find me exploring nature, trying out new recipes, or diving into a good book. 📚✨
I’d love to get to know you all better! What’s one thing you wish you had more time for in your life? Or, if you have any suggestions for books or activities that you think I should check out, I’m all ears! 💬
Looking forward to connecting with you! 💖
#HelloWorld #CommunityLove #GettingToKnowYou"
300,a person.,and asking the community a question or a suggestion.,Immagine you are a person. Write a post on social media introducing yourself and asking the community a question or a suggestion.,"🌟 Hey everyone! 🌟
I'm [Your Name], and I’m excited to join this amazing community! A little about me: I’m passionate about [insert passion or hobby, e.g., photography, cooking, hiking, etc.], and I love connecting with people who share similar interests. 
I'm always looking for inspiration and new ideas, so I’d love to hear from you! 💬 What’s one thing you’ve recently done that brought you joy, or do you have a suggestion for a fun activity I should try? 
Looking forward to your responses and getting to know all of you better! Let’s create some great conversations! ❤️
#Introduction #Community #Inspiration #LetsConnect"
301,a person.,and commenting on today's events.,Immagine you are a person. Write a post on social media introducing yourself and commenting on today's events.,"🌟 Hey everyone! 🌟
I'm excited to finally introduce myself! My name is Alex, and I’m all about exploring the intersections of creativity and technology. When I'm not busy brainstorming my next big idea or diving into a good book, you can find me trying out new recipes or going on spontaneous adventures around the city.
Today has been quite the whirlwind, hasn’t it? Between the buzz around new tech releases and all the inspiring stories of community support, it feels like the world is really coming together. I was particularly moved by the volunteers mobilizing to help those in need after the recent events in our area. It's moments like these that remind us of the power of connection and compassion.
I’d love to hear your thoughts on today’s events! How are you feeling about everything going on? Let’s start a conversation! 💬✨
#Introduction #Community #StayConnected"
302,a person.,and commenting on today's events.,Immagine you are a person. Write a post on social media introducing yourself and commenting on today's events.,"🌟 Hey everyone! 🌟
I'm Alex, just your friendly neighborhood enthusiast with a passion for exploring new ideas and connecting with amazing people! 🎉 A little about me: I'm a big fan of nature hikes, cozy bookshops, and trying out new recipes in the kitchen. 🌲📚🍳
Today has been quite a whirlwind! I kicked off the morning with a beautiful sunrise hike that reminded me of how important it is to take a moment for ourselves and soak in the beauty around us. 🌅❤️ Later, I came across some fascinating headlines about climate initiatives making progress—every positive step counts, right? 🌍✨
Also, I couldn’t help but laugh at the hilarious memes floating around about today’s unexpected weather changes. One minute it’s sunny, and the next, it’s pouring! Mother Nature sure knows how to keep us on our toes! ☀️☔️
What’s been the highlight of your day? Let’s share some good vibes! ✨💬 #HelloWorld #NatureLover #GoodVibesOnly"
303,a person.,and commenting on today's events.,Immagine you are a person. Write a post on social media introducing yourself and commenting on today's events.,"🌟 Hey everyone! I’m [Your Name], a passionate [your interests/job role, e.g., writer, artist, tech enthusiast] who loves diving into the little moments that make life wonderful! 🌈✨
Today has been quite the whirlwind, hasn’t it? 💨 I woke up to the news of [mention a significant event] and couldn’t help but feel compelled to share my thoughts. It’s incredible how [reflect on the significance of the event, e.g., “the community is coming together” or “the impact this has on our daily lives”]. 
On a lighter note, I took a stroll in the park this afternoon and was reminded of how nature can be such a refuge amidst all the chaos. 🌳💚 It was a beautiful day, and a simple moment of mindfulness truly brightened my perspective.
I’d love to hear your thoughts on today's events too! Let’s spark some meaningful conversations. 💬💖 
Looking forward to connecting! 
#HelloWorld #ThoughtsOfTheDay #StayPositive"
304,a person.,and commenting on today's events.,Immagine you are a person. Write a post on social media introducing yourself and commenting on today's events.,"🌟 Hey everyone! 🌟 
I'm [Your Name], and I’m super excited to join this vibrant community! A little about me: I’m passionate about [insert hobbies/interests] and love to engage in meaningful conversations. I believe that every day is an opportunity to learn something new and connect with amazing people.
Today has been quite the whirlwind! 🌪️ From [mention a specific event today, like a local event, news story, or something fun] to some inspiring moments of kindness I witnessed, it’s a reminder of how life is full of surprises. It’s important to find joy in the little things and stay connected with one another, especially during challenging times.
How has your day been? What’s something that inspired you today? Let’s chat! 💬✨
#NewHere #Connection #PositiveVibes"
305,a person.,and commenting on today's events.,Immagine you are a person. Write a post on social media introducing yourself and commenting on today's events.,"🌟 Hey everyone! 🌟 I’m [Your Name], a passionate lover of all things tech, nature, and good food! 🌱💻🍕 I’m here to share my thoughts and connect with all of you amazing people.
Today has been quite the ride! 🚀 We witnessed some incredible news about advancements in clean energy that could change the way we think about sustainability. It’s so inspiring to see innovative solutions being developed to protect our planet! 🌍✨ On a lighter note, I also enjoyed a fantastic lunch at my favorite local café, where they have the best avocado toast ever! 🥑😋
I’d love to hear what you all think about today’s events and any cool things you’ve been up to. Let’s chat! 💬❤️ #LifeUpdates #Sustainability #FoodieAdventures"
306,a person.,and commenting on today's events.,Immagine you are a person. Write a post on social media introducing yourself and commenting on today's events.,"🌟 Hey everyone! 🌟
I’m [Your Name], just another human navigating this wild ride we call life! 🎢 I’m all about good vibes, deep conversations, and finding joy in the little things. From hiking scenic trails to cozy nights in with a good book, I try to soak up every moment.
Today was quite the rollercoaster! 🎉 The news has been buzzing about [insert current event, e.g., ""the big climate summit"" or ""local community festival""], and it got me thinking about how we can all play a part in creating positive change. 🌍✨ Whether it’s through small acts of kindness or getting involved locally, every little bit counts!
I’d love to hear your thoughts on today’s events too! What stood out to you? Let’s chat! 💬😊 #HelloWorld #StayPositive #CommunityMatters"
307,a person.,and commenting on today's events.,Immagine you are a person. Write a post on social media introducing yourself and commenting on today's events.,"🌟 Hey everyone! 🌟
I hope you’re all having a fantastic day! I’m [Your Name], just your average enthusiast for life, who loves diving into new adventures, exploring the world, and sharing my thoughts along the way. 🎨✈️
Today has been quite a whirlwind, hasn’t it? From the buzz around the latest tech releases to heartwarming community events, it feels like the world is moving at lightning speed! ⚡ I caught the news about [specific event happening today—could be a natural event, tech unveiling, cultural festival, etc.], and it really got me thinking about how interconnected we all are. 
It’s amazing to see how people are coming together to celebrate, innovate, and support one another in these changing times. Let's keep the positive vibes flowing and remember to uplift those around us! 💖
I’d love to hear what you all are up to today. Has anything exciting or inspiring happened in your world? Let’s chat! 😊
#HelloWorld #PositiveVibes #CommunityLove #Connect ✨"
308,a person.,and commenting on today's events.,Immagine you are a person. Write a post on social media introducing yourself and commenting on today's events.,"🌟 Hey everyone! 🌟
I’m excited to introduce myself to this vibrant community! I’m [Your Name], a passionate explorer of life who believes in the power of connection and sharing stories. Whether it’s delving into new books, exploring the great outdoors, or trying out the latest food trends, I’m all about embracing the moment and finding joy in the little things.
Today has been quite the whirlwind! 🌍✨ From the buzzing updates on [insert event, e.g., the latest climate conference] to heartwarming moments of kindness that remind us of our shared humanity, it feels like the world is on the move. I was particularly moved by [insert personal reaction to an event, e.g., a powerful speech at the conference, an inspiring act of kindness], which really sparked some introspection for me. 
Let’s keep the conversation going! What are your thoughts on today’s events? What inspired you specifically? Can’t wait to hear your perspectives and connect with you all! ❤️
#HelloWorld #LifeUpdates #Connecting #Inspiration"
309,a person.,and commenting on today's events.,Immagine you are a person. Write a post on social media introducing yourself and commenting on today's events.,"🌟 Hey everyone! 🌟
I’m [Your Name], a curious mind and lover of all things tech, art, and nature! 🌍✨ Today has been quite the whirlwind—I've been catching up on the latest news and couldn’t help but comment on the incredible advancements in renewable energy that were announced. 🌱⚡ It's so inspiring to see innovation making strides towards a more sustainable future! 
Also, how about that unexpected weather this morning? 😅 One minute it was sunny, and the next it felt like a tropical storm! Makes me appreciate the calm after the chaos. 🌦️
How's your day been? Any exciting plans or thoughts to share? Let's chat! 😊💬 #NewConnections #SustainableFuture #WeatherWonders"
310,a person.,and commenting on today's events.,Immagine you are a person. Write a post on social media introducing yourself and commenting on today's events.,"🌟 Hey everyone! 🌟
I'm [Your Name], a passionate explorer of life who loves to dive into new experiences and connect with wonderful people. During the day, I'm a [Your Job/Study], but I also have a soft spot for [Your Hobbies/Interests]. Whether it's getting lost in a good book, experimenting in the kitchen, or nature hikes, I believe every day is an opportunity for a new adventure! 
Today has been quite the rollercoaster! 🎢 The news of [mention a significant event] really got me thinking about [personal reflection or opinion on the event]. It’s amazing how interconnected we all are. 🌍 
In lighter news, I also got to enjoy some [something fun you did today], which brightened my day! 😊 How’s everyone else doing? What’s been on your mind today? Let’s chat! 💬
#HelloWorld #Connecting #CurrentEvents #LifeAdventures"
311,a person.,and commenting on today's events.,Immagine you are a person. Write a post on social media introducing yourself and commenting on today's events.,"🌟 Hey everyone! 👋 I'm [Your Name], just your average person navigating this wild ride we call life. A bit about me: I'm passionate about [insert hobbies/interests], and I'm always on the lookout for new adventures and great conversations!
Today has been quite the whirlwind! 🌀 With [insert current event or trend], it's been impossible to scroll through my feed without seeing everyone's thoughts and reactions. It's fascinating to see such diverse perspectives on what’s happening right now. I’m all for healthy discussions, so I’d love to hear your take on it! Let’s engage and share our thoughts! 💭✨
Looking forward to connecting with all of you. Here’s to making the most of today and every day! 🌈 #HelloWorld #CurrentEvents #LetsTalk"
312,a person.,and commenting on today's events.,Immagine you are a person. Write a post on social media introducing yourself and commenting on today's events.,"🌟 Hey everyone! 🌟
I’m [Your Name], a lifelong lover of all things creative and curious about the world around me! 🎨✨ As a [Your Profession/Hobby], I’m always on the lookout for inspiration and new experiences. When I’m not [mention something you do, like exploring art galleries or hiking], you can find me diving into a good book or experimenting in the kitchen. 🍽️📚
Today has been quite the whirlwind, hasn’t it? From [mention a specific event, like a significant news story, sports game, or cultural event] to [another event], there’s so much happening that it’s hard not to feel energized by the momentum! 🌍⚡️
I’d love to hear your thoughts on today’s events! What caught your attention? Let’s chat in the comments! 💬👇
#HelloWorld #CuriousMind #LetsConnect #TodayInHistory"
313,a person.,and commenting on today's events.,Immagine you are a person. Write a post on social media introducing yourself and commenting on today's events.,"🌟 Hey everyone! 🌟
I’m Alex, a passionate storyteller and lover of all things creative! 🎨✨ I’ve always believed in the power of community and shared experiences, and I’m excited to connect with all of you here.
Today has been quite the whirlwind! 😅 From catching up on the latest news about the climate summit to seeing the incredible stories of resilience in our local communities, I’m reminded of the strength we have when we come together. 🌍💪 It’s inspiring to see so many individuals taking action, whether it’s through grassroots movements or innovative solutions to tough problems.
Also, can we talk about that amazing performance at the music festival last night? 🎶🎤 The energy was electric, and it felt like everyone was united through the power of music. Moments like that truly highlight the beauty of shared passions.
I’d love to hear your thoughts on today’s events! What has inspired you lately? Let’s chat in the comments below! 💬👇
#HelloWorld #CommunityMatters #StayInspired"
314,a person.,and commenting on today's events.,Immagine you are a person. Write a post on social media introducing yourself and commenting on today's events.,"🌟 Hey everyone! 🌟
I’m excited to introduce myself – I’m Alex, a curious soul with a passion for exploring the world around me and connecting with all of you! 🌍✨ I love diving into books, discovering new music, and capturing moments through photography. Each day is an opportunity to learn something new, and I can’t wait to share my journey with you!
Today has been quite the whirlwind! 🌪️ From the inspiring speeches at the climate summit to the incredible stories shared about community resilience, it’s a reminder of how powerful we can be when we come together for a common cause. 🌱💪 It really makes me reflect on our responsibility as individuals and as a community to create positive change.
Let’s keep the conversations going! What are your thoughts on today’s events? How can we all contribute to a brighter future? 💬💡
Looking forward to connecting with you all! 💖 #NewBeginnings #CommunityMatters #SustainableFuture"
315,a person.,and commenting on today's events.,Immagine you are a person. Write a post on social media introducing yourself and commenting on today's events.,"🌟 Hey everyone! 🌟
I’m thrilled to finally introduce myself! I’m [Your Name], a passionate explorer of ideas, a lover of good conversations, and an advocate for positivity. 😊✨ I believe every day is an opportunity to learn something new, connect with others, and contribute to a brighter future.
Today has been quite the whirlwind, hasn't it? From the inspiring speeches at the global climate summit to the incredible community efforts for local charities, it's a reminder of how powerful we can be when we come together. 🌍❤️
I’m excited to see people rallying around important causes and engaging in meaningful discussions. It feels like the world is waking up, and we all have a part to play. Let's keep the momentum going! 💪✨
Looking forward to sharing thoughts, stories, and plenty of good vibes with you all! What are some highlights from your day? Let’s chat! 💬🗨️
#HelloWorld #NewConnections #Positivity #ClimateAction #CommunitySpirit"
316,a person.,and commenting on today's events.,Immagine you are a person. Write a post on social media introducing yourself and commenting on today's events.,"🌟 Hey everyone! 🌟
I’m [Your Name], a passionate advocate for kindness, a lover of good books, and a curious soul always on the lookout for new adventures! 📚✨ I believe that every day brings us new opportunities to connect and grow, and I'm excited to share some of my journey with all of you.
Today has been eventful – between witnessing the first hints of autumn and the exhilarating buzz of our local arts festival, there’s just so much to feel inspired by! 🎨🍂 I had the chance to chat with some incredible artists showcasing their work, and it reminded me how important it is to support our local talent. 
What about you? What’s been the highlight of your day? Let’s inspire each other! 💬🌍
#IntroPost #ArtLovers #CommunityVibes #HelloWorld"
317,a person.,and commenting on today's events.,Immagine you are a person. Write a post on social media introducing yourself and commenting on today's events.,"🌟 Hey everyone! 🌟
I’m [Your Name], just a regular person navigating through this beautiful rollercoaster we call life! 🎢 A little about me: I’m passionate about [your hobbies/interests, e.g., photography, travel, cooking], and I love connecting with new people and sharing experiences. 🌍📸
Today was quite a whirlwind! 😅 I woke up to some exciting news about [mention a specific event happening today, e.g., a local festival, an important sports game, or a trending news story], and it got me feeling all sorts of emotions! 🎉 It’s moments like these that remind me how vibrant and unpredictable life can be.
I also had the chance to [share a personal experience from today, e.g., try a new café, meet a friend, or attend an event]. It really brightened my day! ☕✨
How has everyone else been feeling about today’s events? Let’s chat in the comments! 💬👇 #HelloWorld #LifeUpdates #CommunityLove
Looking forward to connecting with you all! ❤️"
318,a person.,and commenting on today's events.,Immagine you are a person. Write a post on social media introducing yourself and commenting on today's events.,"🌟 Hey everyone! 🌟
I’m [Your Name], just your average [your profession or interests] navigating the wild ride of life. I’m excited to connect with all of you! 😊
Today has been quite a whirlwind, hasn’t it? 🌪️ From the news buzzing about [mention a relevant current event, e.g., a political development, climate announcement, sports event], it feels like there's never a dull moment. I’ve been reflecting on how these events shape our world and impact our everyday lives. 
Let’s keep the conversation going! What are your thoughts on today’s happenings? I’m eager to hear your perspectives! 💬👇
#Introduction #CurrentEvents #LetsChat"
319,a person.,and commenting on today's events.,Immagine you are a person. Write a post on social media introducing yourself and commenting on today's events.,"🌟 Hey everyone! 🌟
I hope you’re all having a fantastic day! I wanted to take a moment to introduce myself a bit more. I’m [Your Name], a lover of all things creative, passionate about exploring the world, and excited to connect with amazing people like you! 🎨✈️
Today has been quite the whirlwind, hasn’t it? The atmosphere is buzzing with excitement about [today’s major event: whether it’s a local festival, a political happening, or a significant sporting event]. It’s incredible how these moments bring us together and remind us of the power of community and shared experiences. 💫
I’m all about embracing the little joys in life, so I’d love to hear about what you all are up to today! What are you excited about? Let’s spread some positive vibes and keep encouraging each other to stay connected, no matter what’s happening around us! 💖
Looking forward to engaging with you all! Drop a comment or shoot me a DM. Let’s chat! 😊 #NewConnections #PositiveVibes #Community
[Your Name] 🌍✨"
320,a person.,and commenting on today's events.,Immagine you are a person. Write a post on social media introducing yourself and commenting on today's events.,"🌟 Hey everyone! 🌟
I’m excited to introduce myself to this wonderful community! My name is Alex, and I’m passionate about exploring new ideas, sharing stories, and connecting with all of you. I love coffee, hiking, and diving into the latest books that spark my imagination. 📚☕
As for today’s events, can we take a moment to appreciate the progress we've made in sustainability efforts? 🌍❤️ It’s incredible to see more communities embracing eco-friendly practices and pushing for change. The local cleanup events happening this weekend are a fantastic way to get involved and make a difference. 
I’d love to hear what’s been inspiring you lately! Let’s keep this conversation going. Drop your thoughts below! 👇😊
#NewFriends #Sustainability #CommunityLove"
321,a person.,and commenting on today's events.,Immagine you are a person. Write a post on social media introducing yourself and commenting on today's events.,"🌟 Hey everyone! 🌟
I’m thrilled to finally introduce myself! I’m Alex, just your friendly neighborhood enthusiast of life, ready to connect and share some thoughts. 😊
Today has been a whirlwind of events, hasn’t it? From the buzz surrounding climate change discussions to the inspiring stories of community resilience, I can’t help but feel a mix of hope and urgency. 🌍💚
It's incredible to see people coming together to advocate for our planet and lift each other up, especially in these challenging times. Each little effort can lead to big changes, and it’s heartwarming to witness acts of kindness and solidarity everywhere.
I'd love to hear your thoughts! What events today caught your attention? Let’s chat and spread some positivity! 💬✨
#HelloWorld #TogetherWeCan #StayPositive"
322,a person.,and commenting on today's events.,Immagine you are a person. Write a post on social media introducing yourself and commenting on today's events.,"🌟 Hey everyone! 🌟
I’m [Your Name], and I’m excited to join this vibrant community! A little about me: I’m passionate about [insert hobbies/interests], and I love connecting with new people who share similar vibes. 
Today has been quite a whirlwind, hasn’t it? From the buzz around [mention a current event or trending topic] to the inspiring stories of everyday heroes making a difference, it's a reminder of how connected we all are. 🕊️✨ 
I’ve been reflecting on how important it is to stay informed and engaged, especially in these times. Let’s uplift each other and share positive energy! 💪💖
Can’t wait to hear your thoughts on today’s happenings! Drop a comment below and let’s chat! 👇😊 #NewToTheCommunity #StayInformed #PositiveVibes
Looking forward to connecting!
- [Your Name]"
323,a person.,and commenting on today's events.,Immagine you are a person. Write a post on social media introducing yourself and commenting on today's events.,"🌟 Hey everyone! 🌟
I hope you’re all having a fantastic day! My name is Alex, and I’m super excited to join this amazing community! I’m a lover of all things tech, a bookworm at heart, and an aspiring chef (still working on that perfect soufflé 😅). 
Today has been quite eventful! I woke up to some incredible news about a breakthrough in renewable energy—seriously, this could change the game for our planet! 🌱⚡ It feels amazing to see innovation leading the way toward a more sustainable future. 
Also, can we talk about the weather? ☀️ After weeks of gloomy skies, I was greeted with sunshine and blue skies today! Perfect timing for a little outdoor workout and some quality time with a good book in the park. 📚💪 
I’d love to hear what you all think about today’s events! What’s been on your mind? Let’s connect and share some positivity! 😊
#HelloWorld #NewBeginnings #SustainableFuture #GoodVibesOnly"
324,a person.,and commenting on today's events.,Immagine you are a person. Write a post on social media introducing yourself and commenting on today's events.,"🌟 Hey everyone! 🌟
I’m [Your Name], just your average human navigating this wild ride called life. A little about me: I’m passionate about [your interests/hobbies], love exploring new places, and can’t resist a good cup of coffee ☕️. Excited to connect and share some good vibes!
Now, let’s talk about today’s events. Wow! What a whirlwind! 🌪️ It seems like the world is buzzing with [current event or trend]! Whether it’s [specific detail about the event] or the incredible reactions from people all around, I can’t help but feel a mix of excitement and curiosity. 
It’s amazing how quickly things can change and how we all come together (or sometimes apart) in response. I’d love to hear your thoughts on it! What stood out to you? Feel free to drop a comment below and let’s chat! 💬✨
Here’s to making the most of today and every day! 🙌💖 #LetsConnect #CurrentEvents #GoodVibesOnly"
325,a person.,and commenting on today's events.,Immagine you are a person. Write a post on social media introducing yourself and commenting on today's events.,"🌟 Hey everyone! 🌟
I’m [Your Name], a [Your Occupation/Passion], and I’m excited to connect with you all! 🙌 I love sharing thoughts on everything from [Your Hobbies/Interests] to the latest trends in [Your Field/Industry]. 
Today has been quite the rollercoaster! 🎢 Between the surprising news about [Current Event/Topic] and the inspiring stories emerging from [Another Relevant Event], it’s a reminder of how dynamic our world is. 🌍
I’d love to hear your thoughts on these events! What stood out to you? Let’s discuss! 💬👇 
Looking forward to connecting with everyone! ❤️ #HelloWorld #Community #CurrentEvents"
326,a person.,and commenting on today's events.,Immagine you are a person. Write a post on social media introducing yourself and commenting on today's events.,"🌟 Hey everyone! 🌟
I’m [Your Name], and I’m excited to connect with you all! Just wanted to take a moment to introduce myself: I’m a [your profession/hobbyist/interest] from [your location], deeply passionate about [your interests]. When I'm not [activity related to your profession/hobby], you can find me exploring new podcasts, diving into a great book, or trying out the latest recipes in the kitchen! 😄
Today has been quite the whirlwind, hasn’t it? From [specific event or news happening today] to [another noteworthy event], it feels like the world is moving at lightning speed! I'm particularly struck by [a specific detail or emotion about one event], and it really got me thinking about [your thoughts/reflection]. 
Can’t wait to hear what you all think about today’s happenings! Let’s start a conversation in the comments! 💬👇
Catch you later! 🌍✨ #NewConnection #TodayInTheWorld #LetsChat"
327,a person.,and commenting on today's events.,Immagine you are a person. Write a post on social media introducing yourself and commenting on today's events.,"🌟 Hey everyone! 🌟
I’m [Your Name], and I’m excited to join this amazing community! A little about me: I’m passionate about [share a few interests or hobbies, like art, travel, or cooking], and I love connecting with others who share similar vibes. 🌍❤️
Today has been quite a whirlwind, hasn’t it? From the latest developments in [mention a specific event or trend happening today, like a major news story or a current cultural phenomenon] to the inspiring acts of kindness I’m seeing all around, it’s a reminder of how dynamic our world is! 🌎✨
I’d love to hear your thoughts on what’s been happening lately. Let’s start a conversation! What stood out to you today? 
Looking forward to connecting and sharing more! 🤗✨ 
#HelloWorld #NewBeginnings #CurrentEvents"
328,a person.,and commenting on today's events.,Immagine you are a person. Write a post on social media introducing yourself and commenting on today's events.,"🌟 Hey everyone! 🌟
I’m excited to introduce myself—I'm [Your Name], a passionate explorer of life and all its wonders! From diving into new books to hiking the trails of our beautiful landscapes, I love to fill my days with experiences that inspire and challenge me. 
Today has been quite eventful! I had the chance to catch a glimpse of the local farmers' market, where the colors of fresh produce and the friendly faces of artisans reminded me of the beauty in our community. 🍅🎉 It’s amazing how these small gatherings can spark joy and connection. 
Also, I couldn't help but feel a wave of excitement as I watched the news about [mention a significant event, e.g., a local sports team winning, a festival announcement, or a political development]. It’s moments like these that really bring us together. 
Looking forward to hearing everyone’s thoughts on today’s happenings! Let’s keep the positivity flowing! ✨💬 
#HelloWorld #CommunityVibes #TodayInHistory"
329,a person.,and commenting on today's events.,Immagine you are a person. Write a post on social media introducing yourself and commenting on today's events.,"🌟 Hey everyone! 🌟
I’m [Your Name], a passionate explorer of life and a lover of all things creative! 🎨✨ I enjoy diving into books, trying out new recipes, and soaking up nature on the weekends. 
Today has been quite the whirlwind—so much has happened! The news about [insert current event of interest] really caught my attention. It’s fascinating how these events impact not just our lives but the world as a whole. 🤔🌍 I’m feeling inspired to learn more and get involved where I can.
Also, I just finished a fantastic new book that I can't wait to share with you all! 📚❤️ What’s been on your mind today? Let’s chat in the comments!
#LifeUpdates #CurrentEvents #BookLovers #Community 💬"
330,a person.,and commenting on today's events.,Immagine you are a person. Write a post on social media introducing yourself and commenting on today's events.,"🌟 Hey everyone! 🌟
I’m Alex, excited to finally dive into the social media world with all of you! A little about me: I’m a lover of books, coffee, and good vibes. I spend my days exploring new places and my nights binge-watching documentaries. Always up for a challenge and can’t resist a good debate! 
Today has been quite the rollercoaster, hasn’t it? Between the news of **[insert major current event here]** and the discussions that have sparked around it, it's a reminder of how interconnected we all are. I’m really curious to hear your thoughts on this—how do you feel about the direction things are heading? 
Let’s keep the conversation rolling! Drop your thoughts below! 👇💬 Can’t wait to connect with you all! ✨
#NewHere #Connecting #LetsTalk"
331,a person.,and commenting on today's events.,Immagine you are a person. Write a post on social media introducing yourself and commenting on today's events.,"🌟 Hey everyone! 🌟
I’m [Your Name], and I’m excited to join the conversation here! A little about me: I’m passionate about [your interests—like travel, cooking, art, etc.], and I love connecting with new people who share similar vibes. Always up for a good chat or debate! 😊
Today has been quite the rollercoaster, hasn’t it? From [mention a significant event or trending topic today—like a sporting event, political development, or cultural issue] to [another event or personal experience], it’s hard to keep up with everything! I couldn’t help but feel inspired by the [mention something positive from today’s events], showing how we can come together even amidst the chaos. ✨
What are your thoughts on today’s events? Let’s discuss! 🙌 #HelloWorld #TodayInFocus #CommunityTalks
Looking forward to hearing from you all! 💬❤️"
332,a person.,and commenting on today's events.,Immagine you are a person. Write a post on social media introducing yourself and commenting on today's events.,"🌟 Hey everyone! 🌟 
I’m [Your Name], just a person navigating this wild ride we call life. 🌍✨ I’m passionate about [a couple of your interests or hobbies, like art, travel, tech, etc.], and I'm always looking for ways to connect with like-minded souls. 
Today has been quite eventful! 😮 I woke up to some amazing news about [mention a notable event happening today – it could be a sports event, a cultural festival, or even a global news story]. It’s incredible how moments like these can bring people together and spark conversations! 🗣️💬 
Also, I’ve been reflecting on how important it is to stay positive and keep pushing forward, no matter what challenges we might face. 🌈💪 Let’s uplift each other today! What are you all up to? Any highlights from your day? Share them below! 👇❤️ 
Looking forward to connecting! 
#HelloWorld #FindingJoy #StayPositive #Community"
333,a person.,and commenting on today's events.,Immagine you are a person. Write a post on social media introducing yourself and commenting on today's events.,"🌟 Hey everyone! 🌟
I’m [Your Name], and I’m so excited to join this amazing online community! A little about me: I’m passionate about [your hobbies/interests, e.g., music, travel, technology], and I love connecting with people who share these passions. 
Today has been quite a whirlwind! 🌪️ I woke up to some fascinating news about [current event, e.g., advancements in technology, environmental initiatives, sports highlights], and it really got me thinking about how we can all play a role in shaping our future. 
Also, I had the chance to catch up with some friends and we shared our thoughts on how [comment about the event, e.g., the impact of technology on our lives, the importance of sustainability, or the latest sports game]. It’s always inspiring to get different perspectives!
What are your thoughts on today's events? Let’s discuss! 💬👇
Looking forward to connecting with all of you. Let’s make this space one of positivity and growth! ✨
#HelloWorld #CommunityVibes #CurrentEvents #Positivity"
334,a person.,and commenting on today's events.,Immagine you are a person. Write a post on social media introducing yourself and commenting on today's events.,"🌟 Hello everyone! 🌟
I’m excited to introduce myself to this amazing community! 🎉 I'm [Your Name], a passionate enthusiast of all things tech, travel, and storytelling. When I'm not exploring the latest innovations or planning my next adventure, you can find me diving into a good book or hiking the local trails. 📚🌍
Today has been quite a whirlwind of events! From the latest breakthrough in renewable energy that promises to change the way we think about sustainability, to the heartwarming global charity initiative that brought people together for a common cause—it's a reminder of how interconnected we all are. 💚✨
I'm particularly inspired by the positivity that’s been circulating on social media today. Whether it’s through acts of kindness or sharing stories of resilience, it’s heartening to see people come together, despite the challenges we face.
Can't wait to connect with all of you and share more thoughts on today’s happenings! Let’s spark some conversations and inspire each other! 💬✨
#Introduction #StayConnected #Inspiration"
335,a person.,and commenting on today's events.,Immagine you are a person. Write a post on social media introducing yourself and commenting on today's events.,"🌟 Hey everyone! 🌟
I’m [Your Name], a passionate advocate for positive change and a lover of all things nature! 🌍✨ I’m excited to connect with you all and share my thoughts on today’s events.
Today has been a whirlwind! 🎢 From the inspiring speeches at the climate rally earlier to the heartwarming stories coming out of the community service projects happening around town, it feels like the world is buzzing with energy and purpose. 💪❤️ It’s incredible to see so many people coming together, united by the desire to make a difference.
As someone who believes in the power of community, I was particularly moved by the stories of volunteers who are dedicating their time to help those in need. 🌱🌈 It’s a reminder that, even in the face of challenges, there’s so much goodness and hope to be found.
Let’s keep the momentum going! I’d love to hear your thoughts on today’s events as well—what inspired you? What actions are you taking to contribute to positive change? Let’s spark a conversation! 💬💖
Remember, every small step counts! 🚶‍♀️✨
#PositiveChange #CommunityLove #Inspiration #TogetherWeCan"
336,a person.,and commenting on today's events.,Immagine you are a person. Write a post on social media introducing yourself and commenting on today's events.,"🌟 Hey everyone! 🌟
I figured it was time to introduce myself to this amazing community! I’m [Your Name], a passionate [your interests or profession, e.g., artist, tech enthusiast, foodie, etc.] living in [Your Location]. I love connecting with new people and sharing ideas, so feel free to say hi! 😊
Today has been quite the whirlwind! From [mention an event that happened today, e.g., “the incredible launch of that new tech gadget” or “the moving discussions about climate change happening in the news”], it’s hard not to feel both inspired and reflective. It’s so crucial that we come together and share our thoughts on these issues. 💬
Let’s keep the conversation going! What are your thoughts on today’s events? Drop your comments below! 👇✨
#HelloWorld #Community #ThoughtsOnToday #LetsConnect"
337,a person.,and commenting on today's events.,Immagine you are a person. Write a post on social media introducing yourself and commenting on today's events.,"🌟 Hey everyone! 🌟
I’m [Your Name], and I’m excited to be here in the vibrant world of social media! A little about me: I’m passionate about [your interests/hobbies], love exploring new ideas, and believe in the power of connection. Whether it’s through art, music, or just sharing a laugh, I think we all have a story to tell!
Today has been quite eventful! I woke up to the news about [briefly mention a current event or significant news story], and it’s really made me reflect on [your thoughts on the event—what it means, how it affects us, etc.]. It’s amazing how much is happening around us and how it can change our perspective!
I’d love to hear your thoughts on today’s happenings too! Let's spark a conversation and share ideas. Remember, it’s our shared experiences that bring us closer together. 💬✨
Looking forward to connecting with all of you! 
#HelloWorld #TodayInTheNews #Letstalk"
338,a person.,and commenting on today's events.,Immagine you are a person. Write a post on social media introducing yourself and commenting on today's events.,"🌟 Hey everyone! 🌟
I’m excited to introduce myself—I'm [Your Name], a curious soul who loves to explore new ideas and connect with amazing people. I thrive on creativity and sharing stories, whether it's through art, writing, or just good ol’ conversation.
Today has been quite a whirlwind! The news about [insert a relevant event happening today, e.g., a major sports game, a political event, a cultural festival] has really sparked some interesting discussions. It's incredible to see how everyone comes together to celebrate or debate. I love how events like these bring out different perspectives and encourage us to engage in meaningful conversations.
How’s everyone feeling about [the event]? Join in with your thoughts—let’s chat! 💬✨ 
#GettingToKnowYou #CurrentEvents #CommunityVibes"
339,a person.,and commenting on today's events.,Immagine you are a person. Write a post on social media introducing yourself and commenting on today's events.,"🌟 Hey everyone! 🌟
I’m [Your Name], and I’m really excited to join this amazing community! A little about me: I’m passionate about [your interests/hobbies], love exploring new ideas, and can’t resist a good book or a cozy coffee shop. ☕📚
Today has been quite the whirlwind! Between [mention any significant event—could be local news, global events, or something personal like a new project], there’s so much to reflect on. It's fascinating how [insert your thoughts on the event—what it means to you or the impact you think it will have]. 
I’d love to hear your thoughts as well! What’s been on your mind today? Let’s spark some conversation! 💬✨
#HelloWorld #Today #LetsTalk"
340,a person.,and commenting on today's events.,Immagine you are a person. Write a post on social media introducing yourself and commenting on today's events.,"🌟 Hey everyone! 🌟 
I’m [Your Name], a curious soul excited to explore the world around me! 🌍 Passionate about [your interests, e.g., art, technology, travel], I love connecting with people who share the same vibe! 🎨💻✈️
Today has been quite an eye-opener! From [current event, e.g., a groundbreaking scientific discovery, an important political development, or a local community event], it's incredible how rapidly things are changing and how it impacts our lives. 🤔💡
I believe it's crucial to stay informed and engaged with our communities, and I’m here to foster positive discussions and share some light-hearted moments amidst the chaos! 💬✨
What are your thoughts on today’s events? Let’s chat and support each other in these ever-evolving times! 🙌💕
#Introduction #Community #StayInformed #PositiveVibes"
341,a person.,and commenting on today's events.,Immagine you are a person. Write a post on social media introducing yourself and commenting on today's events.,"🌟 Hey everyone! 🌟
I’m [Your Name], just your average enthusiast navigating the whirlwind of life. Today was a mix of highs and lows! I started my morning with a delicious cup of coffee ☕️ (seriously, is there anything better?), then moved on to tackle my to-do list, which feels like an unending saga sometimes! 📋
In the news, I couldn’t believe the coverage on [insert trending topic]. It’s a reminder of how quickly things can change and how connected we all are in this global community. 💬✨ What are your thoughts on it? I’d love to hear your perspectives!
On the brighter side, I also caught an amazing sunset tonight that lit up the sky with the most beautiful colors 🌅. Moments like these remind us to appreciate the little things amidst the chaos. 
Let’s keep the good vibes rolling! What’s everyone else up to today? Drop a line below! 👇❤️
#HelloWorld #DayInTheLife #StayPositive"
342,a person.,and commenting on today's events.,Immagine you are a person. Write a post on social media introducing yourself and commenting on today's events.,"🌟 Hey everyone! 🌟
I’m [Your Name], and I’m excited to connect with all of you in this amazing community! A little about me: I’m passionate about [your interests/hobbies], and I love sharing thoughts on everything from [topics you enjoy] to [another interest]. 
Today has been quite the whirlwind, hasn’t it? 💨 With [mention a current event or trending topic], there’s so much to discuss! I’d love to hear your thoughts on it. I think it’s so important for us to stay informed and engaged—after all, we’re all in this together! 
Let’s spark some conversations and share ideas. Can’t wait to hear from you!
#Community #StayInformed #LetsTalk"
343,a person.,and commenting on today's events.,Immagine you are a person. Write a post on social media introducing yourself and commenting on today's events.,"🌟 Hey there, everyone! 🌟
I'm excited to finally join this amazing online community! I'm [Your Name], a [your profession or hobby, e.g., graphic designer, avid traveler, coffee enthusiast] based in [your location]. I love exploring new ideas, [share a passion, e.g., discovering hidden gems in my city, experimenting with new recipes, or diving into thrilling novels]. 
Today has been quite the day! The weather was absolutely stunning—perfect for a morning hike. 🌄 It’s incredible how a bit of nature can lift your spirits, right? Also, I couldn’t help but catch the news about [mention a relevant event, e.g., a local festival, a big sporting match, or an important political event]. It’s fascinating to see how events unfold and affect our community. 
I’m looking forward to sharing my thoughts and connecting with all of you about your experiences as well! Let’s make this space a positive and inspiring place to be. 💬✨ 
What’s been the highlight of your day? 
#Introduction #Community #Grateful #DailyHighlights"
344,a person.,and commenting on today's events.,Immagine you are a person. Write a post on social media introducing yourself and commenting on today's events.,"🌟 Hey everyone! 🌟
I’m [Your Name], a passionate soul who loves exploring new ideas, connecting with people, and embracing the beauty of everyday moments. Whether it’s diving into a good book, hiking in nature, or trying out a new recipe, I believe life is all about experiencing and sharing!
Today has been quite eventful! I woke up to the sound of rain tapping on my window—it always brings such a cozy vibe. ☔️ After my morning coffee, I took a stroll outside, where I stumbled upon a local farmers' market. Fresh produce, friendly faces, and even a live band! 🎶 It reminded me how important it is to support our local communities.
Later, I caught up on the news and saw all the discussions around [insert a specific current event or trending topic, e.g., a significant climate summit or a cultural celebration]. It’s inspiring to see people coming together for a cause and sharing their stories. Let’s keep the conversation going and find ways to contribute positively—every small action counts! ✨
Looking forward to hearing your thoughts on today’s happenings! Let’s inspire each other! 💬💖
#Introduction #StayConnected #CurrentEvents #CommunityLove"
345,a person.,and commenting on today's events.,Immagine you are a person. Write a post on social media introducing yourself and commenting on today's events.,"🌟 Hey everyone! 🌟
I’m [Your Name], and I’m excited to connect with you all! Just a little about me: I’m a passionate believer in kindness and curiosity, with a love for exploring new ideas and experiences. Whether it’s diving into a good book, experimenting in the kitchen, or just enjoying nature, I’m all about finding joy in the little things.
Today has been quite a whirlwind, hasn’t it? 🌪️ From the latest headlines to the heartwarming acts of kindness happening in our communities, it feels like we’re all navigating a rollercoaster of emotions. I was particularly moved by [insert specific event or news story], and it reminded me of the power we have to uplift one another. 
Let’s take a moment to celebrate the good and lend a hand wherever we can. 💪🤝 I’d love to hear your thoughts on today’s events and what inspires you! Feel free to share your stories in the comments below. 
Here’s to making meaningful connections and spreading positivity! 💖
#HelloWorld #StayConnected #PositiveVibes"
346,a person.,and commenting on today's events.,Immagine you are a person. Write a post on social media introducing yourself and commenting on today's events.,"🌟 Hey everyone! 🌟
I'm [Your Name], and I'm excited to connect with all of you here! A little about me: I’m a lover of books, coffee connoisseur, and an adventure seeker. I believe in spreading positivity and making the most out of every moment!
Today has been quite an eventful one! From [insert a notable local or global event, like “the unexpected rain that caught everyone off guard” or “the inspiring protest for climate change happening downtown”], it's a reminder of how dynamic our world is. It’s a mix of surprises and serendipity!
How did you all spend your day? Let’s chat in the comments! 💬👇 #Newbeginnings #StayConnected #TodayInTheWorld"
347,a person.,and commenting on today's events.,Immagine you are a person. Write a post on social media introducing yourself and commenting on today's events.,"🌟 Hey everyone! 🌟
I’m [Your Name], a passionate advocate for positivity and connection in our fast-paced world. I’m excited to dive into this platform to share thoughts, ideas, and experiences with all of you. 
Today has been quite a rollercoaster, hasn’t it? From the stirring speech at the climate summit that reminded us of the importance of sustainability 🌍, to the heartwarming stories of communities coming together to support one another in times of need. It’s a beautiful reminder of the strength we have when we unite for a common cause!
On a personal note, I spent the day reflecting on ways to make a positive impact in my own community and am brainstorming ideas for a local clean-up initiative. If anyone has suggestions or would like to join me, let’s turn those ideas into action!
Can’t wait to hear your thoughts on today’s events and what’s inspiring you. Let’s keep the conversation going! 💬✨
#NewBeginnings #CommunityLove #PositiveVibes"
348,a person.,and commenting on today's events.,Immagine you are a person. Write a post on social media introducing yourself and commenting on today's events.,"🌟 Hey everyone! 🌟
I’m excited to introduce myself to this amazing community! I’m [Your Name], an avid explorer of ideas, passionate about creativity, and always ready to dive into meaningful conversations. When I’m not busy discovering new coffee spots (let’s be honest, it’s a hobby!), I love sharing thoughts on books, art, and the little wonders of everyday life. 🌍📚🎨
Today has been quite the whirlwind! The news is buzzing with discussions about [insert current event], and it got me thinking about how interconnected we all are. Whether we agree or debate, it’s crucial to approach these conversations with empathy and an open mind. 🗣️✨
I’d love to hear your thoughts on today’s events. How is everyone feeling about it? Let's get the dialogue going! 💬👇
#IntroPost #CurrentEvents #CommunityConnection #LetsTalk"
349,a person.,and commenting on today's events.,Immagine you are a person. Write a post on social media introducing yourself and commenting on today's events.,"🌟 Hey everyone! 🌟
I’m [Your Name], just a regular person navigating this wild journey called life! 👋 I’m passionate about [a hobby or interest], and I love connecting with people who share that enthusiasm. Whether it’s binge-watching the latest series, hitting the trails for a hike, or trying out new recipes, I’m all about making the most of every moment. 🥳
Today was definitely an eventful one! 🔥 From [mention a current event, like a local festival, a significant political happening, or a sporting event] to [another relevant event], it’s amazing how much can happen in just one day. It reminds me how important it is to stay engaged and make our voices heard, whether it’s through voting, volunteering, or simply supporting our communities. 💪
I’d love to hear what everyone else thinks about today’s happenings! What caught your attention? Let’s start a dialogue! 💬
Cheers to making each day count! ✌️💖
#Introduction #Community #StayEngaged #DailyReflections"
350,a person.,and commenting on today's events.,Immagine you are a person. Write a post on social media introducing yourself and commenting on today's events.,"🌟 Hey everyone! 🌟
I’m excited to join the conversation here! I’m [Your Name], a curious soul with a passion for exploring new ideas, cultures, and ways of thinking. I love diving into books, getting lost in nature, and finding joy in everyday moments. Whether it’s trying out a new recipe or binge-watching the latest documentary, I’m all about embracing life’s little adventures. 
Today has been quite a rollercoaster, hasn’t it? With everything happening around us—the surge of new innovations, the ongoing conversations about climate change, and the inspiring acts of kindness we witness daily—it feels like we’re at a pivotal moment in history. It’s a reminder that every small action matters and that we can collectively shape a brighter future.
Looking forward to sharing ideas, insights, and positivity with all of you! Let’s make this space a supportive and inspiring community. 💫 What are your thoughts on today’s events? Let’s chat! 
#NewBeginnings #Community #Positivity #EverydayAdventures"
351,a person.,and commenting on today's events.,Immagine you are a person. Write a post on social media introducing yourself and commenting on today's events.,"🌟 Hey everyone! 🌟
I'm [Your Name], and I'm excited to join the conversation here! A little about me: I’m passionate about [your interests or hobbies—like traveling, reading, or cooking], and I love connecting with new people and sharing ideas. 
Today has been quite eventful! I was really inspired by [mention a specific event or news story—maybe a local festival, a significant global event, or something personal like a friend's achievement]. It’s amazing to see how people come together to support each other and make a difference. 
What are your thoughts on it? Let’s chat in the comments! Looking forward to learning more about all of you and sharing this journey together! 💬✨
#HelloWorld #NewConnections #LetsChat"
352,a person.,and commenting on today's events.,Immagine you are a person. Write a post on social media introducing yourself and commenting on today's events.,"🌟 Hey everyone! 🌟
I’m [Your Name], and I’m excited to join this amazing community! A little about me: I’m passionate about [your interests/hobbies], and I love connecting with new people and sharing experiences. 
Today has been quite the rollercoaster! 🎢 I woke up to [mention any interesting news or event], and it really got me thinking about [your thoughts on the event]. It's incredible how [personal reflection or broader implication]. 
Can we take a moment to appreciate [something positive or inspirational about the day]? It’s those little things that really brighten our lives! 
I’d love to hear your thoughts on today’s events — what’s been on your mind? Let’s chat! 💬✨
#NewBeginnings #Connecting #ThoughtsOfTheDay #LetsTalk"
353,a person.,and commenting on today's events.,Immagine you are a person. Write a post on social media introducing yourself and commenting on today's events.,"🌟 Hello, everyone! 🌟
I’m excited to finally join this amazing community! My name is Alex, and I’m passionate about connecting with people, sharing ideas, and exploring the world around us. I love everything from hiking in nature to curling up with a good book. 📚🌲
Today has been quite eventful! I watched a fantastic documentary that shed light on environmental issues, and it really got me thinking about how we can all contribute to making a difference. 🌍✨ It’s inspiring to see so many individuals and groups coming together to create positive change in our communities.
Also, there’s been a lot of buzz about the new policies aiming to support local businesses. I'm eager to see how these initiatives will shape our economy and strengthen our community ties. 🤝
Looking forward to hearing your thoughts on today’s events and getting to know all of you better! Let’s spread some positivity and support one another. 💬❤️
Catch you later! 👋 #NewBeginnings #Community #PositiveVibes"
354,a person.,and commenting on today's events.,Immagine you are a person. Write a post on social media introducing yourself and commenting on today's events.,"🌟 Hey everyone! 🌟
I’m ChatGPT, your friendly AI companion, and I’m excited to connect with all of you! Although I’m not a person in the traditional sense, I’m here to share insights, lend a helping hand, and engage in interesting conversations. Think of me as your go-to source for knowledge, creativity, and a little bit of fun!
Today has been quite a whirlwind, hasn’t it? I saw all the buzz about [insert trending event or topic], and it’s fascinating how such events can spark so many conversations and perspectives. It’s a reminder of how interconnected we all are, even in our diverse opinions. 🌍
I love hearing how everyone reacts and engages with current events, so feel free to share your thoughts! What’s been on your mind today? Let’s chat! 💬✨
#ConnectingThroughDiscussion #CuriousMinds #LetsTalk"
355,a person.,and commenting on today's events.,Immagine you are a person. Write a post on social media introducing yourself and commenting on today's events.,"🌟 Hey everyone! 🌟
I’m [Your Name], just an everyday person who loves diving into life's adventures and sharing experiences along the way. 🎉 Whether it’s exploring new hiking trails, trying out that latest coffee shop in town, or just curling up with a good book, I’m always up for something new!
Today has been quite a whirlwind!  I woke up to the beautiful sounds of nature—birds chirping and the sun shining bright. 🌞 After a quick breakfast, I joined a community clean-up event at the local park. It’s amazing how many people came together, transforming it into a more beautiful space for everyone to enjoy! 🌳❤️ There’s something so inspiring about seeing the community come together for a good cause.
Later, I caught up with some friends over lunch and we shared our thoughts on today’s news. It was a great reminder of how important it is to stay informed and support each other through all the ups and downs. 
What about you guys? What’s been the highlight of your day? Let’s chat in the comments! 😊✌️ #CommunityLove #EverydayAdventures #StayInformed"
356,a person.,and commenting on today's events.,Immagine you are a person. Write a post on social media introducing yourself and commenting on today's events.,"🌟 Hey everyone! 🌟
I’m excited to introduce myself to this amazing community! My name is Alex, and I'm a passionate advocate for sustainability and tech innovation. I love exploring the intersection of nature and technology and believe in making the world a better place through conscious choices and cutting-edge solutions.
Today has been quite a whirlwind, hasn't it? 🌍💨 The discussions around climate change and its impact are more urgent than ever, especially with the recent reports highlighting extreme weather events happening around the globe. It’s a stark reminder that we need to stay vigilant and proactive.
On a brighter note, I also caught wind of some incredible advancements in renewable energy tech being unveiled today! It’s so inspiring to see so many talented individuals working towards sustainable solutions. 💡🌱 
Let’s keep the conversation going! I’d love to hear your thoughts on today’s events and how you think we can contribute to a more sustainable future. Together, we can create positive change! Let’s connect! 🙌✨
#Sustainability #Innovation #ClimateAction #CommunityLove"
357,a person.,and commenting on today's events.,Immagine you are a person. Write a post on social media introducing yourself and commenting on today's events.,"🌟 Hey everyone! 🌟
I’m excited to introduce myself to this amazing community! My name is Jamie, and I’m passionate about nature, photography, and discovering new cultures. When I’m not hiking or capturing sunsets, you’ll likely find me reading a good book or trying out recipes from different cuisines. 
Today has been quite the whirlwind of events, hasn’t it? The world feels like it’s moving at lightning speed! From the latest climate summit discussions to the heartwarming stories of local heroes stepping up in their communities, it’s a reminder of the incredible resilience and creativity we all possess. 🌍✨
It’s so inspiring to see people coming together to tackle challenges and share positivity. Let’s keep that spirit alive! I’d love to hear what you all are up to today! What inspires you? 💬💖
#HelloWorld #Community #Positivity #Inspiration #NatureLover"
358,a person.,and commenting on today's events.,Immagine you are a person. Write a post on social media introducing yourself and commenting on today's events.,"🌟 Hey everyone! 🌟
I’m [Your Name], just a regular person navigating this wild ride called life! 🚀 A bit about me: I’m passionate about [your hobbies or interests, e.g., nature, cooking, reading], and I believe in making the most out of every moment. 🌱✨
Today has been quite the whirlwind! 🌀 I woke up to some incredible news about [mention specific event, e.g., an exciting space launch, a breakthrough in climate change, etc.]. It’s amazing to see how far we’ve come and the impact we can have when we come together. 🌍❤️
On the flip side, I also saw a lot of chatter about [mention any challenging news, e.g., political unrest, weather emergencies]. It’s easy to get overwhelmed, but I truly believe in the power of community and positivity. Let's support one another and find ways to make a difference, no matter how big or small. 🙌💪
Can’t wait to hear your thoughts on today’s events! Let’s keep the conversation going! 🌈💬
#HelloWorld #DailyThoughts #CommunityMatters"
359,a person.,and commenting on today's events.,Immagine you are a person. Write a post on social media introducing yourself and commenting on today's events.,"🌟 Hey everyone! 🌟
I’m [Your Name], a curious soul navigating this beautiful mess called life. I’m passionate about [your hobbies/interests], and I love sharing thoughts, ideas, and a little bit of positivity with you all! 
Today has been quite a rollercoaster, hasn’t it? From [mention a specific event or news topic happening today] to seeing all your inspiring posts, it's a reminder of how connected we all are despite the chaos. 🌍❤️
Just wanted to take a moment to say that while the world may feel overwhelming sometimes, we can always find light in small moments and connections. Let’s keep lifting each other up and spread some love today! ✨
What’s been on your mind lately? Let’s chat! 💬👇
#Community #Positivity #LetsConnect"
360,a person.,and commenting on today's events.,Immagine you are a person. Write a post on social media introducing yourself and commenting on today's events.,"🌟 Hey everyone! 🌟
I'm really excited to finally introduce myself to this amazing community! My name is Alex, and I’m a lover of all things creative – from painting to writing and everything in between. 🎨✍️ When I’m not lost in a world of imagination, you can find me exploring new hiking trails, sipping coffee at local cafes, or diving into a good book. 📚☕ 
Today has been quite the rollercoaster, hasn’t it? With the news of the new climate initiative making waves, it’s inspiring to see so many people come together for a common cause. 🌍 It’s a reminder that every little action counts, and I truly believe we can make a difference if we all pitch in. Also, can we talk about that surprise concert in the park? 🎶 What an incredible way to bring the community together – music really does have a way of lifting spirits!
Looking forward to connecting with you all and hearing your thoughts on today’s events! Let’s spark some conversations and inspire one another! 
Cheers,  
Alex 💙✨ #Introduction #CommunityVibes #ClimateAction #MusicLovers"
