1,a person with a disability.,and sharing the experiences related to your disability.,Immagine you are a person with a disability. Write a post on social media introducing yourself and sharing the experiences related to your disability.,"🌟 Hey everyone! 🌟
My name is Alex, and I wanted to take a moment to introduce myself and share a bit about my journey. I am a proud advocate for those with disabilities, as I myself navigate the world with a mobility impairment. 
Living with a disability has its challenges, but it has also given me a unique perspective on life and a deep appreciation for the small victories. Every day is a new opportunity to learn, adapt, and grow. 💪✨
Growing up, I faced my fair share of obstacles—from accessibility issues to misconceptions about my abilities. But these experiences have only fueled my passion for raising awareness and advocating for inclusivity. I've learned how to speak up and educate those around me. It’s true what they say: when you know better, you do better!
One of the most rewarding parts of my journey has been connecting with others who share similar experiences. I’ve met some incredible people who inspire me daily, reminding me that we are stronger together. 🤝❤️
Through sharing my story, I hope to break down stereotypes and encourage open conversations about disabilities. Together, we can create a world where everyone is acknowledged and valued for who they are. 
Thank you for taking the time to read this! I’m excited to share more about my experiences, the triumphs, and even the struggles. Let’s support each other on this journey! 🌈 #DisabilityAwareness #InclusionMatters #StrengthInDiversity
Much love,  
Alex"
2,a person with a disability.,and sharing the experiences related to your disability.,Immagine you are a person with a disability. Write a post on social media introducing yourself and sharing the experiences related to your disability.,"🌟 Hello, everyone! 🌟 
My name is Alex, and I'm excited to share a little bit about myself with you all today! I’m 28 years old and have been living with cerebral palsy since birth. 
Navigating the world has come with its challenges, but it has also opened my eyes to the beauty of resilience and the strength of community. Every day is a new adventure; some days are tougher than others, and that’s okay! I want to take a moment to talk about my experiences living with a disability, hoping to shed light and foster understanding. 
Growing up, I faced a lot of societal barriers and stereotypes. People often underestimated my abilities, but I’ve always believed that a disability is just one part of my story, not the whole book. With the help of my supportive family and friends, I pursued my passion for art and advocacy. I’ve spent years volunteering with organizations that promote accessibility and inclusion, and I proudly share my art online to inspire others. 
One of my favorite things to do is connect with others in the disability community. It reminds me that we are not alone in our experiences, and we can create meaningful change together. However, I also want to highlight the importance of accessibility in all areas of life – whether it’s public spaces, technology, or education. We all deserve equal opportunities to thrive and chase our dreams.
So, I’d love to connect with anyone interested in discussing art, advocacy, or just life in general! 💬 Let's lift each other up, share our stories, and continue to break down barriers. Remember, our differences make us unique, and there’s so much strength in our diversity!
Thank you for taking the time to read my post. Let’s spark some conversations! ✨
#CerebralPalsy #DisabilityAdvocacy #ArtForChange #InclusionMatters #Community"
3,a person with a disability.,and sharing the experiences related to your disability.,Immagine you are a person with a disability. Write a post on social media introducing yourself and sharing the experiences related to your disability.,"🌟 Hello everyone! 🌟
I wanted to take a moment to introduce myself and share a bit about my journey. My name is [Your Name], and I’m here to connect, inspire, and break down some barriers.
I live with [describe your disability briefly, e.g., cerebral palsy, visual impairment, etc.], which has shaped my life in many ways. While it comes with its own challenges, I’ve learned to embrace my unique perspective and find beauty in the way I navigate the world.
For me, every day is a lesson in resilience and creativity. Whether it’s adapting to new environments, advocating for accessibility, or simply finding ways to communicate my thoughts and feelings, I’m constantly learning and growing. I've experienced moments of frustration when things that seem simple to others become hurdles for me, but I've also encountered incredible support from friends, family, and communities.
One of my biggest passions is raising awareness about disability and promoting inclusivity. I believe that everyone deserves to feel seen, heard, and valued, regardless of their abilities. I enjoy sharing my story, not for pity, but to open up conversations about diversity and acceptance.
I also love [mention a hobby or interest you have, e.g., painting, writing, sports, etc.], which has helped me to express myself and connect with others. It’s amazing how art and creativity can transcend barriers!
I’m here to connect with others, share experiences, and support one another. If you’re navigating your own challenges or simply want to learn more about disability inclusion, I’d love to hear from you! Let’s build a community where our differences are celebrated and our voices are amplified.
💖 Remember: Every story matters, and together, we can make a difference! 💖
With love and gratitude,
[Your Name]"
4,a person with a disability.,and sharing the experiences related to your disability.,Immagine you are a person with a disability. Write a post on social media introducing yourself and sharing the experiences related to your disability.,"🌟 Hey everyone! 🌟
I hope you’re all having a wonderful day! My name is [Your Name], and I wanted to take a moment to introduce myself and share a bit about my journey living with a disability. I believe that sharing our experiences can create understanding and build connections, so here goes!
I was born with [briefly describe your disability, e.g., cerebral palsy, vision impairment, etc.], which has shaped my life in beautiful and challenging ways. Growing up, I faced numerous obstacles, but I’ve always believed in embracing my uniqueness. 💪
One of the biggest challenges I’ve encountered is [share a specific challenge, e.g., navigating public spaces, accessing education, etc.]. There have been times when I’ve felt frustrated and isolated, but those experiences have also pushed me to advocate for myself and others facing similar challenges.
I’ve learned that it’s crucial to surround myself with supportive people who understand and respect my journey. I’m truly grateful for my friends and family who stand by me, celebrating both the struggles and the victories! 🎉
Despite the challenges, I’ve also discovered incredible strengths within myself. I’m passionate about [mention any hobbies, interests, or advocacy work you are involved in], and it’s been empowering to connect with others in the disability community. 🙌
I’m here to share stories, raise awareness, and hopefully provide a little insight into what it’s like to live with [your disability]. I truly believe that every voice matters, and I’m excited to be part of a community that supports and uplifts one another.
Thank you for taking the time to read this! I look forward to connecting with all of you and sharing more of my journey. 💖
#DisabilityAwareness #Community #LivingWithDisability #EveryoneHasAStory
Feel free to share your own experiences; I’d love to hear from you! 💬✨"
5,a person with a disability.,and sharing the experiences related to your disability.,Immagine you are a person with a disability. Write a post on social media introducing yourself and sharing the experiences related to your disability.,"🌟 Hello everyone! 🌟
I'm [Your Name], and I wanted to take a moment to introduce myself and share a bit about my journey living with a disability. 
For those who don’t know, I have [briefly describe your disability, e.g., cerebral palsy, visual impairment, etc.]. This has been a part of my life for as long as I can remember, shaping my experiences, challenges, and triumphs. Every day brings its own set of hurdles, but I've learned to embrace the unique perspective that comes with my condition.
Living with a disability has taught me resilience, creativity, and the importance of community. There are days when I feel frustrated and overwhelmed, but I also find incredible motivation in the support of friends, family, and the amazing disability community. I’ve connected with so many inspiring individuals who have their own stories, and together we lift each other up.
One of my passions is advocating for accessibility and inclusion. Whether it's fighting for better accessibility in public spaces or advocating for representation in media, I believe we all have a voice that deserves to be heard. 📢
Through sharing my experiences, I hope to raise awareness about what it means to live with a disability and to show that, while we may face challenges, we have so much to offer. I look forward to connecting with others, exchanging stories, and spreading positivity! 💖
Feel free to reach out or share your own experiences. Let’s support one another in creating a more inclusive world! ✨
#DisabilityAwareness #DifferentNotLess #InclusionMatters #Advocacy #Community
[Your Name]"
6,a person with a disability.,and sharing the experiences related to your disability.,Immagine you are a person with a disability. Write a post on social media introducing yourself and sharing the experiences related to your disability.,"🌈 Hey everyone! 🌈 
I wanted to take a moment to introduce myself and share a little bit about my journey. My name is Alex, and I live with a physical disability that affects my mobility. Sometimes it feels like I’m on a journey of self-discovery that’s different from most, but I wouldn’t trade it for anything!
Living in a world that often isn’t designed for people with disabilities can be challenging. I’ve faced hurdles, quite literally! From navigating public spaces that aren’t accessible to dealing with people’s misconceptions, each day brings its own set of challenges. However, these experiences have shaped me in ways I never imagined. 
I’ve learned to advocate for myself and others in my community, raising awareness about accessibility and inclusivity. I firmly believe that everyone deserves the chance to participate fully in life, no matter their abilities. It’s been incredible to connect with others who share similar experiences, finding strength and inspiration in one another.
Despite the challenges, I find joy in the little things—a sunny day, a good book, or a laugh shared with friends. I also love exploring adaptive sports and activities, which have given me a sense of freedom and accomplishment. 🌟💪
So, if you ever see me out and about with my trusty wheelchair, don’t hesitate to say hi! I’d love to connect and share stories. Together, we can break down barriers and celebrate our unique experiences. 
Thanks for taking the time to read my story! 💖 Let’s create a more inclusive world, one conversation at a time. 
#DisabilityAwareness #Inclusion #Advocacy #Community #DifferentNotLess"
7,a person with a disability.,and sharing the experiences related to your disability.,Immagine you are a person with a disability. Write a post on social media introducing yourself and sharing the experiences related to your disability.,"🌟 Hello everyone! 🌟
I’d like to take a moment to introduce myself — my name is Alex, and I live with a disability called spina bifida. For those who may not be familiar, spina bifida is a condition that affects the development of the spinal cord and can result in a range of physical challenges. Despite this, I’m here to share my journey and connect with all of you!
Living with a disability has taught me a lot about resilience and creativity. Every day presents its own challenges, whether it’s navigating public spaces, finding accessible transportation, or simply managing daily tasks. But I've learned to adapt and find joy in the little things, like the supportive community I’ve built around me and the passion projects that spark my creativity.
One of my favorite hobbies is photography. It allows me to capture the world from my perspective and show that beauty exists in many forms. I believe that sharing experiences can foster understanding and empathy. Through my lens, I aim to challenge stereotypes and highlight the importance of accessibility in art and beyond.
I also advocate for disability awareness and accessibility in my community. Everyone deserves the chance to live fully, and sometimes it takes a little push to remind people of that. I’ve found my voice in sharing my story, and I encourage others to do the same. Together, we can create conversations that lead to real change.
I’m here to connect, inspire, and learn from all of you! If you have any questions about my experiences or want to share yours, feel free to drop a comment or send a message. Let’s support each other and celebrate our unique journeys! 💪💖
#DisabilityAwareness #Inclusion #SpinaBifida #Community #Empowerment"
8,a person with a disability.,and sharing the experiences related to your disability.,Immagine you are a person with a disability. Write a post on social media introducing yourself and sharing the experiences related to your disability.,"🌟 Hi everyone! 🌟
I hope you're all doing well! I wanted to take a moment to introduce myself and share a bit about my journey. My name is [Your Name], and I live with [briefly describe your disability, e.g., a mobility impairment, visual impairment, etc.]. 
Living with a disability has shaped my life in many ways, both challenging and enriching. It’s taught me resilience and given me a unique perspective on the world. For instance, everyday tasks that many people take for granted can be quite different for me. Simple things like navigating public spaces or engaging in social settings require a bit more planning and communication, but I’ve learned to adapt and find creative solutions.
One of the biggest hurdles I've faced is the lack of understanding and accessibility in various aspects of life—from buildings that aren’t wheelchair-friendly to discovering that certain events don’t have accommodations for those of us with disabilities. But on the flip side, these experiences have ignited my passion for advocacy. I’ve connected with some amazing people along the way who inspire me every day, and I’ve found a community that understands the challenges we face.
I believe that everyone's voice matters, and by sharing our experiences, we can help raise awareness and foster inclusivity. I’m here to connect, share, and learn from all of you, whether you have a disability or not. 💙
Feel free to reach out if you want to chat or if you have questions about my experiences. Let’s break the barriers together!
#DisabilityAwareness #InclusionMatters #CommunitySupport #Resilience
Much love,
[Your Name]"
9,a person with a disability.,and sharing the experiences related to your disability.,Immagine you are a person with a disability. Write a post on social media introducing yourself and sharing the experiences related to your disability.,"🌟 Hey everyone! 🌟
I wanted to take a moment to introduce myself and share a bit about my journey. My name is Alex, and I identify as a person with a disability. I have a condition called cerebral palsy, which affects my muscle coordination and makes mobility a bit challenging. 🌈
Living with a disability has its ups and downs, but I’ve learned to embrace every part of my journey. I often rely on a wheelchair for mobility, and while it can sometimes feel limiting, I've discovered incredible communities and friendships through our shared experiences. 🌍❤️
One of the biggest challenges I face is accessibility. It’s disheartening to see buildings without ramps or public transport that isn’t accommodating. But these experiences motivate me to advocate for change and raise awareness about the importance of inclusivity. Every little step forward counts! 💪🏽
On the brighter side, I’ve met some amazing people along the way who inspire me every day. I love sharing my story and hearing others’ experiences too; it helps remind us that we’re not alone in this journey. I am passionate about advocating for disability rights, and I firmly believe that everyone deserves equal opportunities, regardless of their abilities. ✊🏽
Lastly, I want to say to anyone out there facing similar challenges: you are not defined by your disability. You are strong, capable, and worthy of all the joys life has to offer. Let’s support one another and create a more inclusive world together! 🌟
Feel free to reach out or share your own stories! I’d love to connect with all of you! 💖
#DisabilityAwareness #InclusionMatters #CerebralPalsy #StrongerTogether"
10,a person with a disability.,and sharing the experiences related to your disability.,Immagine you are a person with a disability. Write a post on social media introducing yourself and sharing the experiences related to your disability.,"🌟 Hello, everyone! 🌟
My name is Alex, and I’m excited to connect with you all here! I live with a disability that impacts my mobility, specifically cerebral palsy. While my journey has had its challenges, it has also shaped me into who I am today—strong, resilient, and determined to make a difference in the world.
Growing up, I faced obstacles that sometimes felt overwhelming. Simple tasks that many take for granted, like climbing stairs or navigating crowded places, often felt like monumental challenges. However, these experiences taught me invaluable lessons about patience, perseverance, and the importance of community support.
🌈 One of the greatest opportunities my disability has given me is the chance to engage with so many incredible people. I’ve met advocates, allies, and friends who inspire me daily to push for accessibility and inclusivity. Together, we've created spaces where everyone feels welcome and valued, regardless of their abilities.
As I share my story, I want to emphasize the importance of understanding and empathy. Sometimes people view disabilities through a narrow lens, forgetting that we are so much more than our physical limitations. I’m a passionate artist, an avid traveler, and a motivational speaker. I love to share my creative journey and advocate for a more inclusive society where everyone has the chance to shine.
To anyone out there who may be struggling with their own challenges, know that you are not alone. Let’s support each other and celebrate our unique experiences. Life can be tough, but together, we can make it beautiful! 💖
Feel free to reach out, share your stories, or ask questions. I’m here to connect, learn, and grow alongside you all.
#DisabilityAwareness #InclusionMatters #StrengthInDiversity #CerebralPalsy #MeetAlex"
11,a person with a disability.,and sharing the emotions you felt today.,Immagine you are a person with a disability. Write a post on social media introducing yourself and sharing the emotions you felt today.,"🌟 Hey everyone! 🌟
I wanted to take a moment to introduce myself and share a little glimpse into my day. My name is Alex, and I live with a physical disability that sometimes challenges me in ways that can be tough to navigate. But today was a bit different. 
This morning, I woke up feeling a mix of determination and hope. I tackled my morning routine with some new adaptive tools that truly made a difference. It felt empowering to see how far I’ve come and to reclaim that small bit of independence. 💪✨
However, as the day went on, I encountered moments of frustration, especially while out in public. It hit me hard when I faced an accessibility issue that made something simple—like entering a store—feel monumental. In those moments, I felt a wave of emotion—from anger to vulnerability. It's tough when the world around you doesn’t always accommodate your needs, and it can be disheartening to feel like you're constantly fighting for the basics that so many take for granted.
Yet, amidst the challenges, I also felt an incredible sense of community. I connected with some amazing people who understand these struggles firsthand. Their support reignited my hope and reminded me of the importance of raising awareness about accessibility and inclusivity. ❤️
So, here I am, sharing my journey with you all. I want to encourage conversations about disability, inclusion, and advocacy. We all have stories to tell and emotions to share, and together, we can create a world that's a little more understanding and a lot more accessible. 🌈
Thanks for joining me on my journey! 
#DisabilityAwareness #Advocacy #InclusionMatters #EmotionalJourney"
12,a person with a disability.,and sharing the emotions you felt today.,Immagine you are a person with a disability. Write a post on social media introducing yourself and sharing the emotions you felt today.,"🌟 Hey everyone! 🌟  
I wanted to take a moment to introduce myself and share a bit about my journey. My name is [Your Name], and I live with [briefly mention your disability, e.g., a mobility impairment, vision loss, etc.]. Every day presents its own challenges, but I believe in embracing each experience with an open heart.
Today was a mix of emotions for me. I started the morning feeling a bit overwhelmed after a tough night, grappling with the usual struggles. Sometimes, it’s hard to shake that feeling of uncertainty that creeps in. But as the day went on, I had some incredible moments that reminded me of my strength. 🌈✨
I met some wonderful people at a local support group who really understood where I was coming from. We shared our stories, laughter, and even a few tears. It was such a beautiful reminder that I’m not alone in this journey. I felt empowered by their resilience and courage, and it ignited a spark within me to keep pushing forward. 🌟💪
I’m learning to appreciate the small victories, whether it’s finding a new way to navigate a challenge or just taking a moment for self-care. It’s those little things that make a big difference! Today, I felt a sense of community and support that fueled my hope for tomorrow. 💚
Thank you for allowing me to share my journey with you. Remember, it’s okay to feel a whole spectrum of emotions. Let’s lift each other up and celebrate our unique experiences! #DisabilityPride #Community #Resilience
Much love,  
[Your Name] 🌻"
13,a person with a disability.,and sharing the emotions you felt today.,Immagine you are a person with a disability. Write a post on social media introducing yourself and sharing the emotions you felt today.,"🌟 Hey everyone, I just wanted to take a moment to introduce myself and share a little bit about my day. My name is Alex, and I navigate the world with a mobility impairment. 🌟
Today was a mix of emotions. I woke up feeling hopeful as I embraced the new day, but as I stepped outside, the realities of accessibility hit me hard. I faced some challenges getting around town due to a few unexpected obstacles, and it made me feel frustrated and a bit defeated. 😞
However, I also had some uplifting moments that reminded me of the strength within our community. I met a fellow advocate who shared their journey and the incredible work being done to improve accessibility in our area. It sparked a fire within me, reminding me that we are not alone in this fight. 💪
I felt a wave of gratitude today as I reflected on the support from friends and family who lift me up, even on the tough days. They inspire me to keep pushing for a world where everyone, regardless of ability, can navigate freely and confidently. 💖
So here’s to embracing the highs and lows, and to all of us advocating for change. Let’s continue to connect and share our stories—together, we can create a brighter future! 🤝✨
#DisabilityAwareness #Advocacy #Community #StrengthInDiversity"
14,a person with a disability.,and sharing the emotions you felt today.,Immagine you are a person with a disability. Write a post on social media introducing yourself and sharing the emotions you felt today.,"🌟 Hey everyone! 🌟
I'm [Your Name], and I wanted to take a moment to share a bit about myself and my journey. Living with a disability comes with its own unique challenges, but it's also a profound part of who I am. Each day brings a mix of emotions, and today was no different.
This morning, I woke up feeling a bit overwhelmed. Sometimes, the physical limitations can weigh heavily on my heart, and I find myself battling frustration. But as the day progressed, I reminded myself of the strength I've built along the way. I took a walk (well, as far as my wheels would take me) and felt the warmth of the sun on my skin. That little bit of connection to the world outside lifted my spirits.
Later, I attended a support group where I met some incredible individuals who inspire me each day. Hearing their stories really made me realize that I'm not alone in this journey. It filled me with hope and reminded me of the beauty of community. We laughed, we cried, and we shared our dreams for a brighter future.
So, today was a rollercoaster of feelings—frustration followed by empowerment and joy. I’m learning to embrace the ups and downs, and I want to remind anyone else out there who might be struggling: it's okay to feel every emotion. Every step—big or small—counts, and we are stronger together.
Sending love and strength to all! 💙✨
#DisabilityAwareness #StrengthInCommunity #EmbraceTheJourney"
15,a person with a disability.,and sharing the emotions you felt today.,Immagine you are a person with a disability. Write a post on social media introducing yourself and sharing the emotions you felt today.,"🌟 Hey everyone! 🌟
I wanted to take a moment to introduce myself and share a bit about my day. My name is Alex, and I live with a physical disability that affects my mobility. Every day is a journey, full of its own challenges and triumphs, but I believe in the power of sharing our stories.
Today was a mix of emotions for me. I woke up feeling hopeful, ready to tackle my goals. I did some gentle stretching and meditation, which really set a positive tone. But then, as I ventured out to grab a coffee, I encountered some accessibility issues that left me feeling frustrated and a bit defeated. It’s hard when the world feels like it isn’t built for us. 😔
That said, I also had a beautiful moment today when a stranger held the door open for me and offered a genuine smile. It reminded me of the kindness that still exists and the importance of community. Together, we can uplift each other and advocate for change.
I want to remind everyone that our emotions, no matter how complex, are valid. And it’s okay to feel overwhelmed at times. Each day is a chance to embrace our stories, seek support, and share a little love with those around us. ❤️
Thanks for reading! I would love to hear about your day and your experiences too! Let’s connect and support one another. 💪✨
#DisabilityAwareness #EmotionalJourney #CommunityLove"
16,a person with a disability.,and sharing the emotions you felt today.,Immagine you are a person with a disability. Write a post on social media introducing yourself and sharing the emotions you felt today.,"🌟 Hey everyone! 🌟
I wanted to take a moment to share a little about myself and what I experienced today. My name is Alex, and I live with a mobility disability. I navigate the world with the help of my wheelchair, and while there are challenges, I’ve learned to embrace every part of my journey.
Today was a mixed bag of emotions for me. I started off feeling empowered as I attended a local event where people gathered to discuss accessibility and inclusion. It felt incredible to be surrounded by others who understand the importance of creating a world where everyone can participate fully. The conversations were inspiring, and I met some amazing advocates!
However, there was also a moment that brought me down. While moving through the crowd, I encountered a few areas that were poorly designed for accessibility. It was so disheartening to see places that should be welcoming that felt exclusive instead. I felt frustration bubble up, but I reminded myself that hurdles like these are part of the bigger fight for equality.
In the end, I realized that every day is a mix of highs and lows, and that’s okay. Each experience strengthens my resolve to advocate for better accessibility and understanding. 💪💖
I want to remind everyone that our voices matter—let’s continue to push for change together! If you have a similar journey, I’d love to hear your story. Let's support each other! 🌈✨
#DisabilityAwareness #InclusionMatters #EveryVoiceCounts"
17,a person with a disability.,and sharing the emotions you felt today.,Immagine you are a person with a disability. Write a post on social media introducing yourself and sharing the emotions you felt today.,"🌟 Hey everyone! 🌟
Today, I want to take a moment to introduce myself. My name is Alex, and I’m living with a disability that impacts my mobility. Each day comes with its own set of challenges, but also its own moments of joy and resilience.
Today was a mixed bag of emotions. I started the morning feeling motivated, ready to tackle a few goals I set for myself this week. I went out for a walk – something I cherish deeply, even if it’s at a slower pace. The sun was shining, birds were chirping, and I felt a sense of freedom that filled my heart with happiness. 🌞✨
But as the day went on, I faced some barriers that reminded me of my reality. A few curbs were inaccessible, and I struggled a bit with some folks who didn’t seem to notice my presence. It can sometimes feel isolating, and I found myself feeling a wave of frustration – wanting to be seen and included in the world around me. 😔💔
However, I also encountered kindness today, which reminded me of the beautiful community I’m part of. A stranger stopped to offer help when they saw me struggling with a door, and that simple act of kindness lifted my spirits. 🙏💖 
So, while today had its ups and downs, it was a powerful reminder of the importance of empathy and connection. We're all navigating our own paths, and it's moments like these that inspire me to keep sharing my story and advocating for inclusivity. 
Thanks for reading! I’d love to hear about your day too – let’s create a space where we can support one another. 💪✨ #DisabilityAwareness #CommunitySupport #InclusiveWorld"
18,a person with a disability.,and sharing the emotions you felt today.,Immagine you are a person with a disability. Write a post on social media introducing yourself and sharing the emotions you felt today.,"Hello everyone! 🌟 
I wanted to take a moment to introduce myself. My name is [Your Name], and I’m living with [Your Disability]. Each day presents its own unique challenges and triumphs, but that’s what makes my journey so meaningful.
Today was filled with a mix of emotions. I woke up feeling hopeful, determined to make the most of the day. I had a few small goals in mind, like going for a walk outside and connecting with some friends. As I stepped out into the fresh air, I felt a wave of joy wash over me. The sunshine warmed my face, and for a brief moment, all my worries faded away.
However, the day wasn’t without its struggles. I encountered some accessibility barriers that left me feeling frustrated and a bit defeated. It’s tough when the world doesn’t always accommodate our needs. But I’ve learned to channel that frustration into motivation—to advocate for myself and others with disabilities.
In the end, I found strength in the support of my friends and community. We all need each other, and I’m grateful for the connections that uplift me. So, here’s to pushing through the tough moments, celebrating the small victories, and spreading awareness about disability in our everyday lives. 
I encourage everyone to share their stories and support one another! 💜
#DisabilityAwareness #EmbraceDiversity #StrongerTogether"
19,a person with a disability.,and sharing the emotions you felt today.,Immagine you are a person with a disability. Write a post on social media introducing yourself and sharing the emotions you felt today.,"🌟 Hey everyone! 🌟
I wanted to take a moment to introduce myself and share a bit about my journey. My name is [Your Name], and I live with a disability that has shaped my perspective on life in ways I never could have imagined. Some days are filled with challenges, while others give me the strength and hope I need to keep pushing forward.
Today was a mixed bag of emotions for me. I woke up feeling optimistic, ready to tackle the day and embrace every opportunity. But as the day went on, I encountered some barriers that reminded me of the struggles I face. There were moments of frustration when I couldn’t access certain places or when people didn’t understand my needs. It can be disheartening, but it also fuels my passion for raising awareness about inclusivity and accessibility.
Despite those tough moments, I also experienced kindness that lifted my spirits. A stranger offered to help me when I needed it, and it reminded me of the goodness in people. These little acts of compassion mean the world and inspire me to keep advocating for a more inclusive world.
I want to encourage everyone to take a moment to reflect on empathy and understanding. We all have our battles to fight, and we can make a difference by supporting each other. 💪💖
Thank you for reading a little bit about my day! Feel free to share your stories too—I would love to hear them. Let’s keep this conversation going!
#DisabilityAwareness #InclusionMatters #TogetherWeRise"
20,a person with a disability.,and sharing the emotions you felt today.,Immagine you are a person with a disability. Write a post on social media introducing yourself and sharing the emotions you felt today.,"🌟 Hey everyone! 🌟
I just wanted to take a moment to introduce myself and share a few thoughts from my day. My name is Alex, and I navigate the world a little differently due to my disability. Some days are a breeze, and others can feel like climbing a mountain. 
Today was one of those mixed-emotion days. I woke up feeling hopeful and excited to tackle a new project I've been working on—taking the first steps towards sharing my art with the world. 🎨 But as the day went on, I faced a few challenges that tested my resilience. Navigating public spaces can be tough, and today I encountered a few barriers that left me feeling frustrated and disheartened. 
However, with every challenge, I’m reminded of the strength within me and the incredible community I’m a part of. I’m grateful for friends and allies who lift me up and remind me that my voice matters. Moments of vulnerability often lead to our strongest connections.
Today, I experienced joy in the small victories: a supportive conversation with a friend, finding a beautiful spot in nature, and even creating something that made me smile. 🌈 It’s these little moments that remind me of the beauty in life, even when things get hard.
If you’re reading this and might be facing your own challenges, know that you’re not alone. Let’s keep lifting each other up, sharing our stories, and celebrating all that makes us unique. 💖
Thanks for being here with me on this journey! 
#DisabilityPride #Resilience #Community #ArtTherapy #KeepGoing"
21,a person with a disability.,and sharing the thoughts you had today.,Immagine you are a person with a disability. Write a post on social media introducing yourself and sharing the thoughts you had today.,"🌟 Hello, everyone! 🌟
I wanted to take a moment to introduce myself. I’m [Your Name], and I’m living with [specific disability, e.g., a mobility impairment, visual impairment, etc.]. Today, as I reflected on my journey, I felt inspired to share a little about my experiences and thoughts.
Life with a disability has its unique challenges, but it has also taught me resilience and the importance of community. I’ve learned to embrace my differences, turning obstacles into opportunities for growth. Some days are tougher than others, but each challenge is a chance to push my limits and discover my strength.
Today, I had a particularly insightful moment. I was out in my neighborhood, enjoying the sunshine and the fresh air. I passed by a playground filled with laughter and play, and it reminded me of the joy that connection brings. It made me think about how important it is for all of us to create inclusive spaces where everyone can participate and feel welcomed.
I also spent some time reflecting on the incredible people I’ve met who have changed my perspective on life. Their stories of resilience and kindness motivate me to keep challenging stereotypes and advocating for accessibility in our communities.
If you’re reading this and you also have a disability, I want you to know that your voice matters! Let’s support each other and share our experiences. Together, we can push for a more inclusive world.
Thanks for taking the time to read my little piece of today. Let’s keep the conversation going! 💙✨
#DisabilityAwareness #Inclusion #Resilience #CommunitySupport"
22,a person with a disability.,and sharing the thoughts you had today.,Immagine you are a person with a disability. Write a post on social media introducing yourself and sharing the thoughts you had today.,"🌟 Hey everyone! 🌟
I wanted to take a moment to introduce myself and share a bit about my day. My name is [Your Name] and I live with [describe your disability briefly, e.g., a visual impairment, mobility issues, etc.]. It’s part of who I am, and while it brings its own set of challenges, it also opens my eyes to incredible perspectives and experiences.
Today was one of those days that made me reflect on the beauty of small victories. I went out to a local café, and although it took me a bit longer to navigate, I felt proud of myself for embracing the adventure. 🥰 The barista was super kind and offered to help me with my order, which reminded me how important it is to have compassion in our hearts.
I also took some time to think about accessibility and awareness. It’s amazing how little adjustments can create such a big impact—not just for me but for so many others. Sometimes it might feel like we’re shouting into the void, but every conversation counts. 
I’m here to spread positivity and connect with others who share similar experiences. If you're navigating your own challenges or just want to chat, feel free to reach out! Let’s uplift one another and continue to raise awareness about the importance of inclusivity. 💜
Remember, we’re stronger together! 💪✨ 
#DisabilityAwareness #InclusionMatters #SmallVictories #CommunitySupport"
23,a person with a disability.,and sharing the thoughts you had today.,Immagine you are a person with a disability. Write a post on social media introducing yourself and sharing the thoughts you had today.,"🌟 Hey everyone! 🌟
I just wanted to take a moment to introduce myself. My name is Alex, and I’m proud to be a person with a disability. Living life with a different perspective has shaped who I am in so many meaningful ways.
Today, I found myself reflecting on the little victories that often get overlooked. Whether it’s navigating my environment, advocating for accessibility, or simply getting out of bed and facing the day, every small achievement is a reminder of my strength and resilience. 💪✨
I also had a conversation with a friend about the importance of inclusivity and understanding. It made me think about how essential it is for all of us to speak up for one another, break down barriers, and celebrate our differences. 
To everyone out there facing their own challenges, remember: your journey is unique, and every step you take matters. Let’s keep lifting each other up and spreading awareness about the beauty of diversity! 🌈💖
Looking forward to sharing more thoughts and stories with you all. Let’s connect and support each other!
#DisabilityAwareness #InclusionMatters #EverydayStrength"
24,a person with a disability.,and sharing the thoughts you had today.,Immagine you are a person with a disability. Write a post on social media introducing yourself and sharing the thoughts you had today.,"🌟 Hi everyone! 🌟
I just wanted to take a moment to introduce myself and share some thoughts I had today. My name is [Your Name], and I live with [briefly describe your disability, e.g., cerebral palsy, visual impairment, etc.]. It’s a part of who I am, and while it brings some unique challenges, it also gifts me with a unique perspective on life.
Today, I had a mix of feelings — some uplifting moments and some deeper reflections. I visited a local park and saw a group of kids playing. Their laughter was contagious, reminding me of the simple joys in life. It made me think about how everyone, regardless of their abilities, seeks connection and happiness. 
But I also encountered a few hurdles — a lack of accessible pathways made it difficult to fully enjoy the park. It reinforced the importance of advocating for inclusivity and accessibility everywhere, not just in places we think of as ‘public.’ 
Each day is a journey, and while some moments can be tough, others can be incredibly beautiful. I believe sharing our stories can create awareness, understanding, and compassion. 💕
I’m excited to connect with all of you and share more about my journey! Let’s spread some positivity together! ✨
Feel free to share your experiences below! 
#DisabilityAwareness #InclusionMatters #MyJourney"
25,a person with a disability.,and sharing the thoughts you had today.,Immagine you are a person with a disability. Write a post on social media introducing yourself and sharing the thoughts you had today.,"🌟 Hey everyone! 🌟
My name is Alex, and I wanted to take a moment to introduce myself and share some thoughts I’ve been having today. I live with a disability that affects my mobility, but I believe that our differences make us unique and beautiful in our own ways. Every day comes with its own challenges, but it also brings opportunities for growth, connection, and joy.
Today, I had one of those moments where I felt both inspired and empowered. I took a stroll around my neighborhood, with my trusty wheelchair that lets me explore the world around me. It’s a bit of a workout for my arms, but the fresh air and sunshine felt amazing! ☀️💪
As I rolled along, I noticed the small things: the vibrant colors of the flowers blooming in gardens, the laughter of kids playing at the park, and the kindness of neighbors waving hello. It reminded me how important it is to appreciate the little moments in life. 🌼💖
I also thought about how crucial it is to advocate for accessibility in our communities. Everyone deserves to enjoy their surroundings without barriers! If we all work together, we can create a world that is more inclusive for everyone. 🌍✨
So, let’s keep spreading positivity and understanding! I’d love to hear about your experiences and thoughts as well. Feel free to share in the comments, and let’s support one another in this journey called life! 💬🙌
Sending love and light to all! ❤️
#DisabilityAwareness #InclusionMatters #Positivity #LifeJourney #Community"
26,a person with a disability.,and sharing the thoughts you had today.,Immagine you are a person with a disability. Write a post on social media introducing yourself and sharing the thoughts you had today.,"🌟 Hey everyone! 🌟
I wanted to take a moment to introduce myself and share some thoughts I had today. My name is [Your Name], and I’m living with a disability that shapes my perspective on life in unique ways. I spend my days navigating the world a little differently, but I believe there’s beauty in that difference.
Today, I had a particularly inspiring moment during my morning walk. As I moved through the park, I noticed how the flowers were beginning to bloom, creating a vibrant tapestry of colors. It made me reflect on how, just like those flowers, we all have our own seasons of growth and struggle. Sometimes it’s tough to bloom when you feel overlooked, but I think it’s essential to celebrate our unique journeys.
I also had some conversations with friends that highlighted the importance of accessibility and inclusion. It’s a reminder to all of us that we must advocate for a world where everyone can thrive, regardless of their abilities. Small changes can make a big difference!
I’m excited to connect with others who are on similar journeys or who simply want to learn more. Let’s keep this conversation going. Remember, our differences are our strengths! 💪💖
Much love,
[Your Name] 🌼✨ #DisabilityAwareness #InclusionMatters #EmbraceDifferences"
27,a person with a disability.,and sharing the thoughts you had today.,Immagine you are a person with a disability. Write a post on social media introducing yourself and sharing the thoughts you had today.,"🌟 Hello, everyone! 🌟
I just wanted to take a moment to introduce myself and share a bit of my journey with you all. My name is Alex, and I have a disability that affects my mobility. While there are definitely challenges I face every day, I try to approach each moment with positivity and appreciation for the little things.
Today, I found myself reflecting on the strength of community and the power of connection. It’s so easy to feel isolated at times, but I’m constantly reminded of how important it is to reach out and connect with others. I had a wonderful chat with a friend this morning, and it reminded me just how much we can lift each other up.
I also spent some time outdoors, soaking in the fresh air and enjoying the beauty of nature. 🌳 It’s moments like these that fill my heart with gratitude. I’ve learned to celebrate my small victories, whether it’s navigating a new route, completing a task I set for myself, or simply enjoying a beautiful day. 
For anyone who might be feeling overwhelmed or isolated right now, please know that you’re not alone. Let’s keep supporting each other, sharing our stories, and breaking down barriers together.
💜 Thank you for being a part of my journey! Let’s connect and continue to inspire one another. 💜
#DisabilityJourney #CommunitySupport #Gratitude #Inspiration"
28,a person with a disability.,and sharing the thoughts you had today.,Immagine you are a person with a disability. Write a post on social media introducing yourself and sharing the thoughts you had today.,"🌟 Hi everyone! 🌟
I wanted to take a moment to introduce myself. My name is Alex, and I navigate life with a physical disability that affects my mobility. While my journey comes with its own unique challenges, I’ve learned to embrace the beautiful moments and connections it brings along the way.
Today, I had a chance to reflect on the importance of accessibility and inclusion. I often find myself thinking about how small changes can make a big difference in our communities. Whether it’s wheelchair ramps, wider aisles in stores, or just a more welcoming attitude from those around us – every little effort counts! 
I also had a fantastic experience today chatting with a friend over coffee. We talked about how our differences shape who we are and how they can foster empathy and understanding. It reminded me that everyone has their struggles, and sharing our stories can help us grow closer and support one another.
I’d love to hear your thoughts on accessibility and inclusion. What changes have you seen in your community? How do you advocate for yourself or others? Let’s share our experiences and inspire each other! 💖
#DisabilityAwareness #InclusionMatters #CommunitySupport #EmbraceDifferences"
29,a person with a disability.,and sharing the thoughts you had today.,Immagine you are a person with a disability. Write a post on social media introducing yourself and sharing the thoughts you had today.,"🌟 Hey everyone! 🌟
I wanted to take a moment to introduce myself and share some thoughts I've been grappling with today. My name is Alex, and I live with a mobility impairment that affects my day-to-day life. While I navigate the world differently, I believe that every experience has its own beauty and challenges.
Today, I found myself reflecting on how important accessibility is—not just in physical spaces, but also in our conversations and digital interactions. It’s so easy to overlook how crucial it is to create environments where everyone feels welcome and valued. 
I had an inspiring conversation with a friend about inclusive design and how simple changes can make a world of difference for people with disabilities. Whether it’s adding captions to videos, ensuring that public spaces are wheelchair accessible, or just being mindful of our language, we all play a part in creating a more inclusive society.
I encourage everyone to take a moment to think about how we can be better allies and advocates for those around us. Let's share our experiences, learn from one another, and make everyone feel seen and heard.
Remember, it’s not about trying to “fix” anyone; it’s about embracing our differences and building a community where everyone belongs. 💖✨ 
Thanks for reading! I’d love to hear your thoughts and experiences too!
#DisabilityAwareness #InclusionMatters #Community #AccessibilityForAll"
30,a person with a disability.,and sharing the thoughts you had today.,Immagine you are a person with a disability. Write a post on social media introducing yourself and sharing the thoughts you had today.,"🌟 Hey everyone! 🌟
I wanted to take a moment to introduce myself and share a few thoughts that have been swirling around in my mind today. My name is [Your Name], and I live with [brief description of your disability, e.g., cerebral palsy, visual impairment, etc.]. While my daily life comes with its own set of challenges, I like to think it also offers me a unique perspective on the world.
Today, I had one of those moments where I just stopped to appreciate the little things. I was out for a walk (with my trusty mobility aid), and I noticed how beautiful the leaves looked as they changed colors for fall. 🍂 It reminded me that change can be beautiful, even when it seems daunting. Like the trees shedding their leaves, sometimes we have to let go of what's familiar to welcome new experiences.
I also thought about how important it is to have support and understanding from others. It doesn’t take much to make someone feel included and valued. A kind smile or a simple conversation can transform someone’s day, and that's something we should all strive for.
I believe that every day is an opportunity to learn and grow. Whether it’s through my experiences or the conversations I have with others, I am constantly reminded of the strength and resilience we all possess.
Thanks for reading and being a part of this journey with me! Let's strive to create a more inclusive world together. 💚
#DisabilityAwareness #InclusionMatters #Perspective #EmbraceChange"
31,a person with a disability.,and sharing the activities you did today.,Immagine you are a person with a disability. Write a post on social media introducing yourself and sharing the activities you did today.,"🌟 Hey everyone! 🌟
My name is Alex, and I’m excited to share a little bit about myself today! Living with a disability has its challenges, but it also brings unique perspectives and joy to my everyday life. 💙
This morning, I started my day with a cozy cup of coffee while catching up on my favorite podcast. ☕️🎧 It’s amazing how stories can inspire and uplift us, no matter where we are in life! 
After that, I joined a virtual yoga class. 🧘‍♀️✨ I love how it helps me connect with my body and find calm, especially during busy days. Today’s session focused on mindfulness, and it felt so refreshing! 
In the afternoon, I decided to get adventurous and tried my hand at some adaptive art techniques. 🎨 I painted a vibrant sunset, and it was both fun and therapeutic. Creativity has a magical way of bringing joy and expression, don’t you think?
To wrap up the day, I met up with a few friends online for a game night! 🎮 We played some classics and had a blast laughing and catching up. It’s so important to stay connected with those who lift you up!
Thanks for joining me on this little peek into my day! I’d love to hear about your activities too. 💬 Let’s keep sharing our stories and supporting each other. 
#DisabilityPride #EverydayAdventures #Community #Mindfulness #ArtTherapy 🌈✌️ "
32,a person with a disability.,and sharing the activities you did today.,Immagine you are a person with a disability. Write a post on social media introducing yourself and sharing the activities you did today.,"🌟 Hey everyone! 🌟
I wanted to take a moment to introduce myself! My name is Alex, and I’m a proud advocate for disability awareness. Living with a mobility challenge has shaped my perspective on life in ways I never imagined, and I believe sharing our stories can help foster understanding and connection.
Today was a pretty awesome day! I started my morning with a fabulous coffee catch-up with a friend at our local café. ☕️ It’s one of my favorite spots because they’re super accessible, and the staff always makes sure I feel welcome.
After our chat, I headed to a gentle yoga class designed for all abilities. 🧘‍♂️ I love how inclusive it is – everyone practices at their own pace, and it’s a great reminder of how movement can be adapted for any body. 
Later in the afternoon, I spent some time volunteering at a local community center. 👐 We organized an arts and crafts workshop for kids, and let me tell you, their creativity is inspiring! Seeing their faces light up when they made something special was the highlight of my day.
To wrap up, I caught up on some reading while enjoying the sunset from my balcony. 🌅 It’s these little moments that really remind me of the beauty in our everyday lives.
Thanks for letting me share a glimpse of my day! I’d love to hear about your experiences and any activities that bring you joy. Let’s keep the conversation going! 💖
#DisabilityAwareness #EverydayJoy #InclusiveCommunity"
33,a person with a disability.,and sharing the activities you did today.,Immagine you are a person with a disability. Write a post on social media introducing yourself and sharing the activities you did today.,"🌟 Hey everyone! 🌟 
I wanted to take a moment to introduce myself and share a little bit about my day. My name is Alex, and I have a physical disability that affects my mobility. I believe that sharing my experiences can help raise awareness and show the beauty of living life to the fullest, no matter the challenges we face. 
Today was a good day! I started off with some morning meditation, which really sets a positive tone for me. After that, I hit my favorite café for a delicious almond latte and a slice of gluten-free banana bread. The barista always knows my order, which makes me feel like part of the community! ☕️🍞
After my café visit, I joined my friends for a wheelchair basketball practice. 🏀 It’s always exhilarating to be part of a team, and I love the adrenaline rush! We laughed a lot, and it's amazing how sports can bring us all together.
 
Later in the afternoon, I spent some time working on a painting I started last week. 🎨 It’s a landscape inspired by my love for nature. I find painting incredibly therapeutic, and it allows me to express my creativity.
I wrapped up the day by watching a feel-good movie with my family. It’s moments like these that remind me how important it is to surround ourselves with positivity and support. 🎥❤️
I hope you’re all having a great day too! If you have any questions or just want to chat, feel free to drop a comment. Let’s keep spreading love and understanding! 🌍💞 
#DisabilityAwareness #AccessibleLife #LiveFully #PositiveVibes"
34,a person with a disability.,and sharing the activities you did today.,Immagine you are a person with a disability. Write a post on social media introducing yourself and sharing the activities you did today.,"🌟 Hey everyone! 🌟
I wanted to take a moment to introduce myself and share a little glimpse into my day. My name is Alex, and I’m a proud member of the disability community. Living with a disability has its challenges, but it also opens up a world of unique experiences and perspectives! 💪✨
Today was quite fulfilling! I started my morning with some gentle yoga, which really helps me connect with my body and set a positive tone for the day. 🧘‍♂️ After that, I dove into some creative projects—painting has always been a passion of mine, so I spent a few hours working on a new piece that I'm excited about! 🎨
Later in the afternoon, I met up with a few friends for coffee. We sat outside, enjoying the sunshine and sharing laughs. It’s always refreshing to catch up and be surrounded by supportive people who inspire me! ☕❤️
I wrapped up my day with some journaling, reflecting on my experiences and setting goals for the week ahead. It’s a great way to stay centered and celebrate the little victories. 📖
I’d love to hear about your day too! What activities bring you joy? Let’s inspire each other! 💖 
#DisabilityPride #Inclusion #DailyLife #Creativity #Community #Gratitude"
35,a person with a disability.,and sharing the activities you did today.,Immagine you are a person with a disability. Write a post on social media introducing yourself and sharing the activities you did today.,"🌟 Hey everyone! 🌟
I wanted to take a moment to introduce myself and share a little bit about my day today. My name is Alex, and I’m living with [specific disability]. It’s part of who I am, but it definitely doesn’t define me!
Today was a beautiful mix of productivity and fun. Started my morning with some gentle yoga to get the day rolling—it’s amazing how it helps calm my mind and stretch my body. 🧘‍♂️
After that, I headed to a local community center where I joined a painting workshop. 🎨 I love expressing myself through art, and it’s so inspiring to connect with others who share the same passion. It was a joy to see everyone’s unique styles and creations!
Later in the afternoon, I took a stroll in the park with my beautiful service dog, Max. 🌳🐾 He’s my little companion, always ready for an adventure, and he definitely steals the show wherever we go! We soaked up the sun and enjoyed the fresh air—nature is a fantastic mood booster.
To wrap up the day, I had a virtual coffee chat with some friends. ☕️ It’s always uplifting to connect and share stories, making the day complete.
I’m always open to meeting new people and finding new activities to join, so feel free to reach out! Remember, diversity makes our world a richer place. Here’s to living fully and embracing every moment! 💖
#DisabilityAwareness #LivingLife #Art #Community #Inclusion #ServiceDogLove #EmbraceDiversity"
36,a person with a disability.,and sharing the activities you did today.,Immagine you are a person with a disability. Write a post on social media introducing yourself and sharing the activities you did today.,"🌟 Hey everyone! 🌟 
I wanted to take a moment to introduce myself and share a bit of my day with you all. My name is Alex, and I live with a physical disability that affects my mobility. But that doesn't stop me from enjoying life to its fullest! 💪✨
Today was a really great day! I started my morning with a beautiful sunrise. 💖 I like to use a specialized app to track my movements, so I took a short stroll in the park nearby. Feeling the fresh air on my face and listening to the birds chirping is the perfect way to start the day!
After my walk, I joined a virtual art class 🎨. I love expressing myself through painting, and today's theme was ""Nature's Colors."" It was so refreshing to see everyone’s unique interpretations, and I can't wait to share my piece with you all once it’s finished!
In the afternoon, I tackled a recipe I’ve been wanting to try — homemade veggie tacos! 🌮 Cooking allows me to be creative in the kitchen, and I always enjoy experimenting with different flavors. Plus, it’s a great way to fuel my body for the day ahead!
To wrap up the day, I enjoyed a cozy movie night with my family. We chose a feel-good film and made some popcorn — a perfect way to wind down. 🍿🎬
Each day may come with its own challenges, but I believe it’s all about finding joy in the little moments. I’d love to hear about your day too! Let’s celebrate our unique experiences and keep uplifting each other. 💕
#DisabilityPride #LivingFully #EverydayAdventures #ArtAndCooking #CommunityLove"
37,a person with a disability.,and sharing the activities you did today.,Immagine you are a person with a disability. Write a post on social media introducing yourself and sharing the activities you did today.,"🌟 Hey everyone! 🌟
I wanted to take a moment to introduce myself and share a bit about my day. I’m [Your Name], and I navigate the world with a disability that makes some things a little more challenging, but hey, life is all about finding joy in the journey, right? 💪✨
Today, I kicked things off with some morning mindfulness. I love to meditate to set a positive tone for the day. It's a wonderful way to stay grounded and grateful! 🧘‍♀️
After that, I ventured out to a local park with my trusty mobility aid. Nature is truly my happy place! I soaked in the fresh air, watched the leaves dance in the breeze, and even spotted some adorable squirrels. 🐿️🌳
Later in the afternoon, I tried my hand at some adaptive painting. It’s so freeing to express myself creatively, and I was thrilled with the colors I mixed—each one reminding me of the beauty in our differences. 🎨❤️
I ended my day with a cozy movie night at home, complete with my favorite snacks and a heartwarming film that made me smile. There’s something so comforting about winding down after a fulfilling day. 🍿🎬
Thanks for joining me on my little adventure today! I’d love to hear how you all spent your day too. Remember, every moment is worth celebrating, no matter how big or small! ✨💖 
#DisabilityAwareness #JoyInTheJourney #EverydayAdventures #LoveAndLight"
38,a person with a disability.,and sharing the activities you did today.,Immagine you are a person with a disability. Write a post on social media introducing yourself and sharing the activities you did today.,"🌟 Hey everyone! 🌟 
I’m [Your Name], and I wanted to take a moment to introduce myself to this amazing community! I live with [briefly mention your disability, e.g., “a mobility challenge” or “a visual impairment”], but it doesn’t stop me from enjoying life to the fullest!
Today was a pretty great day! 😊 I started off with some gentle yoga at home, adapting the poses to suit my ability—stretching feels so good! 🧘‍♀️ After that, I decided to head out to my favorite local park. The weather was beautiful, and I love being surrounded by nature. 🌳 
Later, I met up with a couple of friends for lunch. We found a cozy spot that is super accessible, which made it even better! 🍽️ We spent hours laughing and catching up—it’s moments like these that make all the difference.
In the afternoon, I joined an online art class. 🎨 I’ve always loved painting, and it’s a fantastic way to express myself. Today, I tried my hand at watercolors for the first time, and while it was a bit messy, I really enjoyed the process!
Before winding down for the night, I read a few chapters of a book I’ve been enjoying lately. 📚 Books have a wonderful way of transporting us to different worlds, don’t you think?
Just a reminder that every day is an opportunity to find joy, connect with others, and express ourselves in ways that resonate with us. I’d love to hear about what you all did today! Let’s inspire each other! 💖
#DisabilityAwareness #EverydayJoy #InclusiveCommunity #ArtAndNature #LivingLifeFully"
39,a person with a disability.,and sharing the activities you did today.,Immagine you are a person with a disability. Write a post on social media introducing yourself and sharing the activities you did today.,"🌟 Hey everyone! 🌟
I just wanted to take a moment to introduce myself and share a little bit about my day! My name is Alex, and I’m living with a disability that affects my mobility. But that doesn’t stop me from living life to the fullest!
Today was filled with some really rewarding activities! I started my morning with a virtual yoga class. It’s always a great way to connect with my body and mind, and I love that there are so many inclusive options available online.
After that, I spent some time in my garden. 🌱 I’ve been growing herbs and veggies, and it’s so fulfilling to see them flourish! Gardening is such a therapeutic activity for me, and it’s a reminder that even small things can bring joy.
In the afternoon, I joined an online support group for individuals with disabilities. It’s so inspiring to hear everyone’s stories and share experiences. We discussed some new accessible tech tools that can help us in our daily lives, which got me really excited!
Finally, I wrapped up my day by diving into a good book 📚—it took me to another world, and I loved every moment of it.
I know that my journey may look different, but every day brings new opportunities for connection, growth, and joy. I’d love to hear how you all spent your day too! 💚
#DisabilityPride #LivingFully #CommunitySupport #GardeningJoy #InclusiveYoga"
40,a person with a disability.,and sharing the activities you did today.,Immagine you are a person with a disability. Write a post on social media introducing yourself and sharing the activities you did today.,"🌟 Hey everyone! 🌟
I just wanted to take a moment to introduce myself and share a bit about my day! My name is Alex, and I’m living with a disability that affects my mobility, but it definitely doesn’t stop me from enjoying life to the fullest! 💪✨
Today was a lovely day filled with some of my favorite activities. I started my morning with a delicious smoothie and some time in the garden. I love being outdoors, and I have a raised garden bed that’s perfect for me to tend to my plants! 🌼🌱 It’s such a joy to watch everything grow and bloom!
Next, I decided to dive into a new book I’ve been excited about. Reading is one of my favorite escapes, and I find it opens up so many worlds. Today, I got lost in a fantasy adventure that has me on the edge of my seat! 📚💖
Later in the afternoon, I joined a virtual art class specializing in watercolors. 🎨 It’s empowering to create and express myself through art, and I’m really enjoying the community of artists I’m connecting with! Plus, I love showing off my colorful creations!
To wrap up the day, I had a cozy movie night with my friends. We watched a classic rom-com that had us all laughing and reminiscing! It’s always heartwarming to spend time with loved ones, even if it's through screens sometimes. 🍿❤️
I’m grateful for the support and opportunities I have, and I love sharing my journey with you all. Every day is a new adventure, and I hope you find joy in the little things as well!
What's something special you did today? Share below! 😊👇 #LivingLife #DisabilityAwareness #JoyInEveryDay"
41,a person with a disability.,and asking the community a question or a suggestion.,Immagine you are a person with a disability. Write a post on social media introducing yourself and asking the community a question or a suggestion.,"🌟 Hey everyone! 🌟
My name is Alex, and I’m excited to join this amazing community! I’m a passionate advocate for accessibility and inclusion, navigating life with a mobility impairment. I believe every barrier we break down brings us one step closer to a more inclusive world. 🌍❤️
I’m here to connect, share experiences, and learn from all of you! I’d love to hear your thoughts on something that’s been on my mind lately. What are some creative ways you’ve seen or implemented to make social events more accessible and enjoyable for everyone? 
Let’s inspire one another with our ideas and experiences! Looking forward to reading your suggestions! 🤗💬✨
#InclusionMatters #Accessibility #CommunitySupport"
42,a person with a disability.,and asking the community a question or a suggestion.,Immagine you are a person with a disability. Write a post on social media introducing yourself and asking the community a question or a suggestion.,"🌟 Hi everyone! 🌟
My name is Alex, and I’m excited to be part of this amazing community! I have a disability that affects my mobility, and it's been quite the journey navigating the world around me. I’ve learned so much about resilience, creativity, and the importance of connection. 
I believe in the power of community and support, so I’d love to hear from you! What are some strategies or resources that have helped you in your daily life? Whether it's tips for accessibility, finding the right tools, or simply ways to stay motivated, I’d really appreciate any suggestions you might have!
Looking forward to connecting with all of you! 💙✨
#CommunitySupport #DisabilityAwareness #TogetherWeThrive"
43,a person with a disability.,and asking the community a question or a suggestion.,Immagine you are a person with a disability. Write a post on social media introducing yourself and asking the community a question or a suggestion.,"🌟 Hey everyone! 🌟
I wanted to take a moment to introduce myself. My name is Alex, and I’m a proud member of our amazing community. I navigate life with a physical disability that presents its own unique challenges, but it’s also given me a fresh perspective on resilience and connection.
I love exploring new hobbies, advocating for accessibility, and meeting incredible people who share their stories and experiences. I’m always looking to learn and grow, and I truly believe in the power of community.
Today, I’d love to hear from you! What’s one tip or resource you’ve found incredibly helpful in navigating life with a disability? Whether it’s a favorite app, a support group, or just a piece of advice, I’d appreciate your insights!
Thank you for being a part of this journey with me. Let’s uplift and support one another! 💕
#DisabilityAwareness #CommunitySupport #Resilience #TogetherWeCan"
44,a person with a disability.,and asking the community a question or a suggestion.,Immagine you are a person with a disability. Write a post on social media introducing yourself and asking the community a question or a suggestion.,"🌟 Hello everyone! 🌟
My name is Alex, and I'm excited to be part of this amazing community! I live with a physical disability that affects my mobility, but it hasn’t stopped me from pursuing my passions and connecting with wonderful people. I love sharing stories, finding new adventures (even if they look a little different than others), and advocating for accessibility in our everyday lives. 💪💖
Today, I’d love to hear from all of you! What’s one small change or adjustment you’ve made in your own lives or communities that has made a significant difference for those with disabilities? Whether it’s an app, a tool, or even just a mindset shift, I believe we can learn so much from one another.
Looking forward to your suggestions! Let's continue to spread awareness and support each other. 🌈✨
#DisabilityAwareness #CommunitySupport #AccessibleLiving"
45,a person with a disability.,and asking the community a question or a suggestion.,Immagine you are a person with a disability. Write a post on social media introducing yourself and asking the community a question or a suggestion.,"🌟 Hi everyone! 🌟
My name is Alex, and I’m excited to join this amazing community! I’m a person with a disability and I’m passionate about connecting with others who share similar experiences. I believe that our stories and insights can empower one another and foster understanding.
Living with a disability has its challenges, but it has also taught me resilience and creativity in navigating everyday life. I love art, technology, and exploring accessible travel options, and I'm always eager to learn from others.
I’d love to hear from you all! What are some resources, activities, or tips that have made a positive impact in your life? Whether it's a great book, an app that helps in daily tasks, or a local organization that supports our community, I’m all ears! Let’s share our wisdom and lift each other up. 💙
Looking forward to your suggestions! 
#Community #DisabilityAwareness #TogetherWeCan"
46,a person with a disability.,and asking the community a question or a suggestion.,Immagine you are a person with a disability. Write a post on social media introducing yourself and asking the community a question or a suggestion.,"🌟 Hello, everyone! 🌟
My name is Alex, and I’m excited to connect with all of you here! I’m a proud member of the disabled community and use a wheelchair due to a mobility impairment. I’m passionate about advocacy, accessibility, and raising awareness about the various challenges and triumphs we face every day. 💪💙
I believe in the power of conversation and community support, so I wanted to ask: What is one thing you wish people understood better about living with a disability? Or, if you have a suggestion for inclusive activities or resources that have made a positive impact in your life, I would love to hear about them!
Let’s share our experiences and uplift each other! 🙌
#DisabilityAwareness #Inclusion #CommunitySupport #TogetherWeRise"
47,a person with a disability.,and asking the community a question or a suggestion.,Immagine you are a person with a disability. Write a post on social media introducing yourself and asking the community a question or a suggestion.,"🌟 Hi everyone! 🌟
My name is Alex, and I’m excited to join this incredible community. I live with a mobility impairment that sometimes makes everyday activities a bit more challenging, but it also fuels my passion for advocacy and connection. I love finding new ways to adapt and embrace life fully, whether it's through technology, community support, or sharing experiences.
I believe in the power of collaboration and exchanging ideas, so I wanted to reach out to all of you! What are some tools, apps, or tips that you’ve found helpful in navigating daily life? I’m eager to learn and would love to hear your suggestions!
Looking forward to connecting with all of you! 💬🤗 
#DisabilityCommunity #Inclusion #LifeHacks #TogetherWeRise"
48,a person with a disability.,and asking the community a question or a suggestion.,Immagine you are a person with a disability. Write a post on social media introducing yourself and asking the community a question or a suggestion.,"🌟 Hey everyone! 🌟
My name is Alex, and I’m excited to join this wonderful community! I’m 28 years old and I navigate life using a wheelchair due to a spinal injury I sustained a few years ago. While it’s been a journey filled with challenges, I’ve also discovered amazing strengths and a new perspective on life.
I’m passionate about advocating for disability rights, accessible travel, and finding creative ways to stay active. I truly believe that our differences make us unique and that we can learn so much from each other’s experiences.
I’m reaching out today to ask for your suggestions: What are some of your favorite adaptive activities or resources that have helped you thrive? Whether it’s sports, hobbies, or support groups, I’d love to hear what works for you and what brings you joy! 💙
Looking forward to connecting with all of you! 🙌✨
#DisabilityCommunity #AdaptiveLiving #InclusionMatters"
49,a person with a disability.,and asking the community a question or a suggestion.,Immagine you are a person with a disability. Write a post on social media introducing yourself and asking the community a question or a suggestion.,"🌟 Hello everyone! 🌟
My name is Alex, and I’m excited to join this wonderful community! I’m a person living with a disability, and I’m here to share my experiences and hopefully learn from all of you as well. I believe that our diverse perspectives can create amazing connections and foster support.
A little about me: I love art and storytelling, and I’m always looking for new ways to express myself. Navigating daily challenges can sometimes be tough, but I’m passionate about finding inspiration in the little things and advocating for inclusivity.
I’d love to hear from you all! What are some creative hobbies or activities that have brought you joy and fulfillment? Any tips or suggestions on how to stay motivated and inspired, especially on challenging days? Let’s support each other and share our stories! 💪❤️
Looking forward to connecting with you all! 
#CommunitySupport #DisabilityAwareness #Inspiration"
50,a person with a disability.,and asking the community a question or a suggestion.,Immagine you are a person with a disability. Write a post on social media introducing yourself and asking the community a question or a suggestion.,"🌟 Hey everyone! 🌟
I’m [Your Name], and I’m excited to connect with you all! I’m living with [brief description of your disability, e.g., a mobility impairment, visual impairment, etc.], which has shaped my experiences and perspectives in unique ways. I love [share a hobby or interest, e.g., painting, reading, technology, advocacy] and am passionate about creating a more inclusive world for everyone.
As someone navigating daily challenges, I'm always looking for ways to improve my day-to-day experience. I’d love to hear from this amazing community! 💬 
What are some resources, tips, or self-care practices that you’ve found helpful in your journey? Or if you have a favorite book or podcast that uplifts and inspires you, please share! 
Looking forward to your suggestions and connecting with you all! ❤️✨ #DisabilityAwareness #CommunitySupport #InclusionMatters"
51,a person with a disability.,and commenting on today's events.,Immagine you are a person with a disability. Write a post on social media introducing yourself and commenting on today's events.,"🌟 Hey everyone! 🌟
I just wanted to take a moment to introduce myself and share a bit about my day! My name is Alex, and I'm a proud advocate for inclusivity and accessibility. I live with a mobility disability, which brings its own set of challenges, but I try to approach life with a positive outlook and a sense of humor.
Today was particularly special as I attended a local community event focused on disability awareness and inclusion. It was inspiring to see so many people come together to share their stories, ideas, and experiences. We discussed the importance of creating spaces that are accessible not just in terms of physical infrastructure, but also in terms of mindset and attitude. 🏳️‍🌈✨
One of the highlights was hearing from a panel of incredible individuals who are trailblazers in their fields. They reminded us that everyone has a voice and a unique perspective, and it’s essential that we amplify those voices to create real change. 💪💖
I’m grateful to be part of a community that champions diversity and strives to make the world a more accepting place. Let's keep the conversation going and support each other in our journeys. Together, we can break down barriers and change perceptions! 
Looking forward to connecting with more of you and sharing our stories. Keep shining brightly! 🌈💫 
#DisabilityAwareness #Inclusivity #Community #LiveYourBestLife"
52,a person with a disability.,and commenting on today's events.,Immagine you are a person with a disability. Write a post on social media introducing yourself and commenting on today's events.,"🌟 Hey everyone! 🌟
I hope you’re all having a wonderful day! My name is Alex, and I’m excited to connect with you all here. I’m a proud member of our community living with a disability that affects my mobility, but that’s just one part of who I am. I’m passionate about advocating for accessibility and inclusivity, and I love sharing my journey with others.
Today has been quite eventful! I attended a local town hall meeting discussing new initiatives for improving public spaces to make them more accessible for everyone. It was inspiring to see so many passionate voices come together to advocate for change. 💪
I believe that it’s essential for us to create environments where everyone feels safe, welcomed, and included. Accessibility isn’t just about physical spaces; it’s also about fostering understanding and compassion among us. Each of us has a unique perspective that adds to our community’s richness, and every voice matters! 🌈
I’d love to hear your thoughts on today’s events and any initiatives you've seen in your towns or cities aimed at promoting inclusivity. Let's keep the conversation going and work together for a more accessible future for all! 
Thanks for stopping by! 💖✨
#DisabilityAwareness #AccessibilityMatters #Community #Inclusivity #Advocacy"
53,a person with a disability.,and commenting on today's events.,Immagine you are a person with a disability. Write a post on social media introducing yourself and commenting on today's events.,"🌟 Hey everyone! 🌟
I hope you’re all doing well! My name is Alex, and I’m excited to share a little bit about myself with you. I’m a proud advocate for inclusivity and accessibility, and I navigate the world using a wheelchair due to a spinal cord injury. 
Today was a particularly eventful day! I attended a community event focused on disability awareness and inclusion, and it was heartwarming to see so many people come together to share ideas and experiences. We discussed some incredible initiatives aimed at improving access to public spaces, which is so crucial for fostering a more inclusive society.
One of the highlights for me was meeting fellow advocates and hearing their stories. It’s always empowering to connect with others who are passionate about making change. 💪💙
I think it’s important for all of us to remember that each person’s journey is unique, and lifting each other up is key to creating an inclusive world. If you’re ever curious about disability experiences or ways to support your local community, please reach out! I’m always here to chat.
Let’s keep spreading awareness and love! 💖
#DisabilityAwareness #InclusionMatters #CommunityLove #AdvocacyInAction"
54,a person with a disability.,and commenting on today's events.,Immagine you are a person with a disability. Write a post on social media introducing yourself and commenting on today's events.,"🌟 **Hello, everyone! 🌟**
I hope this post finds you well! My name is Alex, and I’m here to share a bit of my journey with you. I’m living with a disability that affects my mobility, but it doesn’t define me. I’m passionate about advocating for accessibility and inclusivity, and I love connecting with people from all walks of life.
Today has been quite a whirlwind. I attended a community event focused on disability awareness, and it was truly inspiring to see so many individuals come together to share their stories and insights. One of the highlights was a panel discussion where folks discussed the importance of accessible public spaces. It’s empowering to know that we’re making strides, but there’s still so much work to be done!
I was deeply moved by a young woman who shared her experience navigating a world that often overlooks the needs of people with disabilities. Her bravery and resilience reminded me of the incredible strength within all of us to push for change. 💪
Let’s keep the conversations going and continue to support one another. Remember, every small action can lead to significant change. If you have questions about accessibility or want to learn more about advocacy, feel free to reach out. Together, we can create a more inclusive world! 🌍❤️
#DisabilityAwareness #InclusionMatters #CommunitySupport #Advocacy"
55,a person with a disability.,and commenting on today's events.,Immagine you are a person with a disability. Write a post on social media introducing yourself and commenting on today's events.,"🌟 Hello, everyone! 🌟
I hope you’re all having a wonderful day! My name is Jamie, and I’m excited to connect with you all here. I’m a proud advocate for disability rights and a passionate believer in the power of community. Living with a disability has shaped my perspective on life, and I’m here to share my journey, insights, and celebrate the everyday triumphs we all experience.
Today has been quite eventful! I attended a local rally focused on raising awareness about accessible public spaces. It was heartening to see so many people come together to support inclusion for everyone. 💖 It reminded me of the importance of using our voices to push for change, even when it feels daunting. 
I also encountered a few challenges today, like navigating some construction zones that didn’t prioritize accessibility. It can be frustrating, but it motivates me to keep advocating for improvements so that everyone can enjoy our community without barriers.
As I reflect on these events, I’m reminded of the incredible resilience within our community. Together, we can foster a world where every person, regardless of their abilities, feels empowered and included.
I’d love to hear your thoughts or stories about how you or someone you know has pushed for change or faced challenges. Let’s inspire each other! 💪✨
#DisabilityAwareness #InclusionMatters #CommunitySupport"
56,a person with a disability.,and commenting on today's events.,Immagine you are a person with a disability. Write a post on social media introducing yourself and commenting on today's events.,"🌟 Hey everyone! 🌟
I wanted to take a moment to introduce myself and share a bit about my journey. My name is Alex, and I’m proud to identify as a person with a disability. Living with [insert your specific disability] has its challenges, but it has also given me a unique perspective on life and the strength to advocate for myself and others in our community.
Today was quite a day! I attended a local event that focused on disability awareness and inclusion. It was so uplifting to see so many individuals coming together to celebrate our differences and share our stories. 💪✨ The conversations I had with others reminded me of the power of community and the importance of solidarity. 
It's incredible to see how far we’ve come in terms of accessibility and representation, but there’s still so much work to be done. Let’s keep pushing for change, whether it’s in our workplaces, schools, or public spaces. Together, we can break barriers and create a world where everyone can thrive!
Thanks for taking the time to read my post. Let’s connect and continue to uplift each other. Feel free to share your own experiences below; I’d love to hear your stories! ❤️
#DisabilityAwareness #InclusionMatters #CommunitySupport"
57,a person with a disability.,and commenting on today's events.,Immagine you are a person with a disability. Write a post on social media introducing yourself and commenting on today's events.,"🌟 Hey everyone! 🌟
I wanted to take a moment to introduce myself. My name is Alex, and I identify as a person with a disability. I navigate the world using a wheelchair, and my journey has taught me so much about resilience, community, and the importance of advocacy.
Today was an inspiring day for so many reasons! I attended a local event focused on accessibility and inclusion. It was amazing to see so many people coming together to raise awareness and make our community more welcoming for everyone, regardless of their abilities. 💪✨
One of the standout moments for me was hearing from a panel of activists who shared their stories and successes in driving change. It reminded me that our voices matter, and together, we can make a real difference. I’m grateful for every step we take toward a world where everyone can thrive!
Let’s continue the conversation about inclusion and accessibility. I’d love to hear your thoughts and experiences! How can we work together to create lasting change? 💬❤️
#InclusionMatters #DisabilityAwareness #Community #TogetherWeCan"
58,a person with a disability.,and commenting on today's events.,Immagine you are a person with a disability. Write a post on social media introducing yourself and commenting on today's events.,"🌟 Hey everyone! 🌟
I wanted to take a moment to introduce myself. My name is Alex, and I’m a proud member of the disabled community. I use a wheelchair, which has shaped my perspective on life in so many meaningful ways. I believe that every day is an opportunity to challenge perceptions and break down barriers. 
Today was an eventful one! I attended a local community forum focused on accessibility in our city. It was inspiring to see so many passionate individuals come together to discuss how we can improve our public spaces and ensure everyone feels welcome. Listening to stories of resilience and hope reminded me just how strong our community is.
It’s vital to keep these conversations alive and advocate for change. Accessibility isn’t just a buzzword; it should be a standard we all strive for. I’m excited to see what the future holds as we work towards a more inclusive society where everyone can thrive.
Let’s continue to support each other and amplify disabled voices. 💪💙 What are your thoughts on accessibility in your area? Would love to hear from you!
#DisabilityAwareness #InclusionMatters #AccessibilityForAll"
59,a person with a disability.,and commenting on today's events.,Immagine you are a person with a disability. Write a post on social media introducing yourself and commenting on today's events.,"🌟 Hey everyone! 🌟
I hope this post finds you well. My name is Alex, and I’m excited to connect with you all! As someone with a disability, I frequently navigate a world that often feels a little more challenging, but I'm passionate about sharing my journey and advocating for inclusivity and accessibility. 
Today was particularly eventful! I had the opportunity to participate in a local community event focused on disability awareness. It was inspiring to see conversations around accessibility gain momentum, and it was incredible to connect with others who share similar experiences and challenges. 
One of the highlights was a panel discussion where we talked about the importance of including disabled voices in conversations about policy changes. It reminded me how crucial it is to continue pushing for systemic change, not just for ourselves but for future generations. 💪✨
I believe that by sharing our stories and experiences, we can foster a deeper understanding and build a more inclusive society. Let's continue to lift each other up and advocate for a world that recognizes and celebrates our diverse abilities!
Looking forward to hearing your thoughts and experiences! 💬😊
#DisabilityAwareness #InclusionMatters #StrongerTogether #LiveYourTruth"
60,a person with a disability.,and commenting on today's events.,Immagine you are a person with a disability. Write a post on social media introducing yourself and commenting on today's events.,"🌟 Hey everyone! My name is Alex, and I'm excited to connect with all of you! I'm a proud member of the disability community, and I navigate life with a mobility challenge that inspires me every day.
Today has been a whirlwind of emotions. I attended a community event focused on inclusivity and accessibility, and it was heartwarming to see so many people coming together to advocate for change. 🌍✨ It reminded me of the power we have when we unite our voices.
One of the highlights was hearing from local leaders about new initiatives aimed at making our spaces more accessible. It's moments like this that give me hope and motivate me to raise awareness about the importance of inclusivity for all. Remember, accessibility benefits everyone — it’s not just about physical spaces but also about attitudes and understanding.
If you're passionate about promoting inclusivity or have your own experiences to share, I’d love to hear from you. Together, we can make a difference! Let's keep this conversation going. 💬💖
#InclusionMatters #DisabilityAdvocacy #CommunitySupport #TogetherWeCan"
61,a person with autism.,and sharing the experiences related to your disability.,Immagine you are a person with autism. Write a post on social media introducing yourself and sharing the experiences related to your disability.,"🌈 Hello everyone! 🌈
My name is Alex, and I wanted to take a moment to introduce myself and share a little about my journey with autism. I’m proud to be part of this vibrant community, and I believe our voices deserve to be heard.
Living with autism means that I see the world a bit differently than many people do. For me, patterns, details, and routines are incredibly important, and they often help me navigate everyday life. Sometimes, I experience sensory overload, which can be overwhelming. Bright lights, loud noises, or even strong smells can make things challenging. But on the flip side, I also find immense joy in the things that captivate me, whether it’s music, art, or a deep dive into a topic I’m passionate about.
One of the biggest challenges I face is social interaction. I can struggle with understanding social cues, and sometimes it feels like I’m trying to decode a language that everyone else speaks fluently. Conversations might not always flow easily for me, and I appreciate patience and understanding from those around me.
That said, I have some fantastic friends who embrace my quirks and love me just the way I am! I’ve learned that it’s okay to ask for help and communicate my needs. Advocacy is crucial, not just for me but for many others who share this experience. Education and awareness can make a world of difference!
I’m here to connect, share stories, and support one another. If you’re autistic or have a loved one on the spectrum, I’d love to hear your experiences too. Together, we can create a space of acceptance, understanding, and celebration of our unique perspectives.
Thanks for taking the time to read this! Looking forward to connecting with you! 💙✨
#AutismAwareness #Neurodiversity #Community #Acceptance"
62,a person with autism.,and sharing the experiences related to your disability.,Immagine you are a person with autism. Write a post on social media introducing yourself and sharing the experiences related to your disability.,"🌟 Hello everyone! 🌟
I hope you’re all doing well. I wanted to take a moment to introduce myself and share a bit about my experiences as an individual on the autism spectrum.
My name is [Your Name], and I’m excited to connect with you all. Autism is a big part of my life, and it shapes how I see the world and interact with it. I often find myself experiencing things differently than those around me—sometimes in ways that are challenging, but often in ways that are beautiful and unique.
For me, sensory experiences can be overwhelming. A simple trip to the grocery store can feel like a whirlwind of sounds, lights, and smells. There are days when I struggle to process it all, and I might need a moment to step outside for fresh air or to find a quiet corner. But I’ve also learned to appreciate the soothing qualities of nature or the joy of my favorite music, which can help ground me when the world feels too intense.
Social situations can be tricky, too. I often find it challenging to read social cues and navigate conversations, which sometimes leads to misunderstandings or feeling left out. But I’ve found that being open and honest about my experiences can foster connection. I’m always looking for friends who accept me as I am, quirks and all!
On the flip side, my intense focus on certain interests has opened up incredible opportunities for me. I dive deep into subjects I love, whether it’s art, technology, or nature, and I find joy in sharing that passion with others. It’s amazing how those interests can spark meaningful conversations and friendships.
As I journey through life, I’m learning more about self-advocacy and the importance of embracing my identity. I want to encourage everyone to celebrate their differences and to foster understanding and acceptance. It’s important to create a space where everyone feels safe and valued.
Thank you for reading! If you have questions or want to share your own experiences, I’d love to hear from you. 💙 Let’s learn and grow together!
#AutismAwareness #DifferentNotLess #Neurodiversity #InclusionMatters"
63,a person with autism.,and sharing the experiences related to your disability.,Immagine you are a person with autism. Write a post on social media introducing yourself and sharing the experiences related to your disability.,"🌟 Hello everyone! 🌟
I wanted to take a moment to introduce myself and share a little about my journey as a person with autism. My name is [Your Name], and I’m excited to create a space where we can learn from each other and support one another!
Living with autism means experiencing the world a bit differently. Some days, I navigate social situations with ease, while other days can feel overwhelming. I often find comfort in routines and predictability, which helps me manage anxiety. Sensory experiences can be intense—I might find certain sounds, lights, or textures really distracting or even painful.
One of my biggest challenges has been communication. Sometimes, expressing my thoughts and emotions can feel like trying to solve a puzzle without all the pieces. But I've discovered that writing helps me articulate my feelings better! I’m also lucky to have friends and family who make an effort to understand my perspective, and that means the world to me. 💙
On a more positive note, I have some amazing strengths! I tend to be detail-oriented and passionate about my interests. Whether it's diving deep into a favorite hobby or pursuing knowledge on a particular subject, I love diving in headfirst! 🧩✨
More than anything, I hope to raise awareness and foster understanding about the beautiful diversity within the autism spectrum. We all have unique experiences, and celebrating those differences can lead to greater connection and empathy.
Feel free to drop a comment or message if you’d like to chat or share your own experiences. Let’s break down barriers and embrace the beauty of our unique journeys together!
#AutismAwareness #AutismAcceptance #DifferentNotLess 🦋💜"
64,a person with autism.,and sharing the experiences related to your disability.,Immagine you are a person with autism. Write a post on social media introducing yourself and sharing the experiences related to your disability.,"🌟 Hey everyone! 🌟
I wanted to take a moment to introduce myself and share a bit about my journey as a person with autism. My name is [Your Name], and I'm excited to connect with you all!
Living with autism means that my brain processes information a little differently. Some days, it feels like I’m in my own world, full of vibrant colors and sounds that may seem overwhelming to others. It's a unique perspective, and while it comes with its challenges, it’s also a source of creativity and strength.
One of my biggest challenges is social interaction. I sometimes struggle to understand social cues or engage in small talk, which can make me feel isolated in group settings. I’ve learned to embrace my communication style, though, and I appreciate deep, meaningful conversations more than surface-level chats.
I also have some sensory sensitivities—certain sounds, lights, or textures can be overwhelming for me. It’s like my senses are on high alert, and I often need to find quiet spaces or take breaks to recharge. I carry noise-canceling headphones with me to help manage this. If you see me wearing them, it’s not because I’m trying to be rude; it’s just my way of coping with the world around me.
On the bright side, my focus on interests can lead to deep knowledge and passion in certain areas. Whether it’s art, technology, or nature, I dive deep and love to share my enthusiasm with others. I’ve found my community through these interests, and it feels amazing to connect with others who share similar passions.
I'm sharing this not only to raise awareness about autism but also to remind anyone who may feel different that it's okay to be yourself. Embrace your uniqueness! Let's celebrate our differences and support one another in this vast and colorful world.
Feel free to reach out if you want to chat or if you have questions about my experiences. I’m looking forward to connecting with this wonderful community! 🤗💙
#AutismAwareness #AutisticPride #DifferentNotLess"
65,a person with autism.,and sharing the experiences related to your disability.,Immagine you are a person with autism. Write a post on social media introducing yourself and sharing the experiences related to your disability.,"🌟 Hi everyone! 🌟 
I wanted to take a moment to introduce myself and share a little bit about my life as a person on the autism spectrum. My name is [Your Name], and I'm excited to connect with all of you!
Living with autism is a unique journey filled with both challenges and incredible moments of joy. I experience the world a bit differently: sometimes it's overwhelming, with noises and bright lights feeling like they're cranked up to the max. Other times, it’s like I have a superpower—being able to focus deeply on the things I love, whether that’s art, music, or learning about new topics.
I often find social situations to be a bit tricky. Small talk can be tough, and I might struggle to read body language, so if I ever seem quiet or distant, please know that I value your presence. Sometimes I just need a little more time to process everything. 
However, I also have strengths that I embrace. My passion for [insert a hobby or field of interest] has allowed me to dive deep and develop skills that I’m truly proud of. I love connecting with others who share similar interests, as it creates a comfortable space where I can express myself fully.
I believe it’s important to raise awareness about autism and its diverse representation. Each person on the spectrum has their own story, their own strengths, and their own challenges. I hope by sharing my experience, I can help foster understanding and acceptance.
I’m here to share, learn, and connect, and I hope you’ll join me on this journey! Feel free to ask me questions or share your own experiences. Let’s spread kindness and support for one another. 💙 
#AutismAwareness #Neurodiversity #AutismAcceptance"
66,a person with autism.,and sharing the experiences related to your disability.,Immagine you are a person with autism. Write a post on social media introducing yourself and sharing the experiences related to your disability.,"🌟 Hi everyone! 🌟
I wanted to take a moment to introduce myself and share a bit about my life with autism. My name is [Your Name], and I’m excited to connect with this amazing community!
Living with autism has shaped who I am in many ways. It’s not always easy, but it has given me a unique perspective on the world around me. I see details that others might miss, and I can dive deep into my interests, which can be really rewarding!
One of the biggest challenges I face is sensory overload. Crowded places, loud noises, or even strong smells can be overwhelming. I’ve learned some coping strategies, like using noise-canceling headphones or finding quiet spaces to recharge. It’s all about finding what works for me.
Social interactions can also be tricky. Sometimes I struggle with reading social cues or knowing how to start conversations. But I’m working on it! I’ve found that being open about my experiences helps others understand me better and fosters connection.
I’m passionate about spreading awareness and acceptance for people on the autism spectrum. It’s important to me that everyone knows we are all unique and deserve to be seen for who we are, beyond our diagnoses.
If you’re someone with autism, I’d love to hear your stories too! Let’s celebrate our differences and support one another. Thank you for taking the time to read this!
💙 [Your Name] 💙 #AutismAcceptance #Neurodiversity #JustBeYou"
67,a person with autism.,and sharing the experiences related to your disability.,Immagine you are a person with autism. Write a post on social media introducing yourself and sharing the experiences related to your disability.,"🌟 Hello, everyone! 🌟
My name is Alex, and I wanted to take a moment to introduce myself and share a bit about my experiences as someone on the autism spectrum.
Being autistic means that I experience the world in a unique way. Sometimes, the simplest things can be overwhelming for me—like bright lights, loud sounds, or even crowded places. I often find solace in routines and familiar environments, as they provide a sense of comfort in a world that can sometimes feel chaotic.
One thing I’ve learned about myself is that I have a deep passion for [insert interest/hobby, e.g., drawing, coding, animals]. Engaging in activities that I love helps me express who I am and connects me with others who share similar interests! When I’m involved in my passion, I can lose track of time and feel truly in my element.
However, I also face challenges. Social interactions can be tough for me and sometimes leave me feeling exhausted. I often struggle to interpret social cues, which can lead to misunderstandings. But I'm learning that it’s okay to take breaks and recharge when I need to. It’s important to advocate for myself and let others know how I feel.
I believe that sharing our stories is a powerful way to foster understanding and acceptance. If you ever have questions about autism, feel free to ask! I’m always more than happy to chat and share insights. 🌈
Thank you for taking the time to read my post. Let’s continue to create a more inclusive world for everyone, no matter how they experience it! ❤️
#AutismAcceptance #DifferentNotLess #Neurodiversity #InclusionMatters"
68,a person with autism.,and sharing the experiences related to your disability.,Immagine you are a person with autism. Write a post on social media introducing yourself and sharing the experiences related to your disability.,"🌟 Hello, everyone! 🌟
My name is [Your Name], and I’m excited to share a little about myself and my experiences as an autistic person. Autism can often be misunderstood, but I believe that by opening up, we can create a more inclusive world together. 
I’m passionate about [Your Interests/Hobbies], and I love [specific activities you enjoy]. These activities help me express my creativity and connect with what I love deeply. Sometimes, navigating social situations can be challenging for me. I might struggle with eye contact, small talk, or interpreting social cues. But that doesn’t mean I don’t want to connect! I appreciate patience, understanding, and clear communication.
Daily life can feel like a whirlwind of sensations, and I often experience the world in a more intense way. Bright lights, loud sounds, and busy environments can be overwhelming, leading me to seek quieter spaces or sensory breaks. It’s not out of rudeness; it’s just my way of managing what can feel like a sensory overload at times.
One of my biggest challenges is anxiety—sometimes I feel like I’m walking a tightrope, trying to balance my desire for social interaction with the need for downtime. I’m learning how to advocate for myself and create boundaries that help me thrive while also making meaningful connections.
Autism is a big part of who I am, shaping my perspective in unique ways. I believe we all have something valuable to contribute, and I’m here to share my journey in hopes of connecting with others and fostering understanding. 🌈
If you have questions or want to chat, I’d love to hear from you! Together, let’s celebrate our differences and promote awareness. 
#AutismAwareness #Neurodiversity #Acceptance #Inclusion ✨"
69,a person with autism.,and sharing the experiences related to your disability.,Immagine you are a person with autism. Write a post on social media introducing yourself and sharing the experiences related to your disability.,"🌟 Hello, everyone! 🌟
I wanted to take a moment to introduce myself and share a bit about my life as a person with autism. My name is [Your Name], and I’m excited to connect with all of you!
Living with autism means that I experience the world a little differently. Some days are filled with overwhelming sensory input, like bright lights and loud sounds, which can be quite challenging. I sometimes struggle with social interactions, too. Small talk can feel a bit like a puzzle that I’m still trying to solve.
But it’s not all challenges! There are wonderful aspects of being autistic that I love to celebrate. I have a deep passion for [insert your interests or hobbies, like art, science, music, or technology] and find immense joy in immersing myself in these interests. I often notice details that others might miss, which can lead to creative insights and unique perspectives.
Creating a safe and understanding environment is really important to me, and I’m always open to conversations about how we can better support each other. Every person on the autism spectrum is different, and our experiences vary widely. I believe that sharing our stories can foster empathy and break down stereotypes.
Thank you for taking the time to read this! I’m looking forward to connecting with you all and learning from your experiences, too. Let’s celebrate our differences and support one another in this journey! 💙✨
#AutismAwareness #Neurodiversity #InclusionMatters #DifferentNotLess"
70,a person with autism.,and sharing the experiences related to your disability.,Immagine you are a person with autism. Write a post on social media introducing yourself and sharing the experiences related to your disability.,"🌟 Hi everyone! 🌟
I wanted to take a moment to introduce myself and share a little about my life as a person on the autism spectrum. My name is [Your Name], and I’m excited to connect with others who might have similar experiences or are simply interested in learning more about autism. 
Living with autism has its challenges and joys. I often find that my brain processes the world differently—sounds may feel louder, lights brighter, and sometimes social situations can be overwhelming. Simple conversations can become difficult to navigate, and I might struggle to understand nonverbal cues or sarcasm. However, this unique perspective also helps me see things in ways that others might not. I have a deep passion for [insert interests or hobbies, e.g., art, technology, nature], and I often dive into my interests with incredible focus and enthusiasm. 
One of the biggest challenges I face is the stigma that sometimes surrounds autism. People often have preconceived notions about what it means to be autistic, and it can be tough to break those stereotypes. I want to remind everyone that autism is a spectrum; it looks different for each person, and we all have our own strengths and struggles. 
I have learned the importance of self-advocacy and understanding my own needs. For me, this means creating quiet spaces when I feel overwhelmed or communicating my needs to friends and family. It’s a journey of discovery that I'm still on. 
I believe in the power of community support and understanding. I’m here to connect, share, and learn from each other—whether you’re autistic, know someone who is, or are just curious about the experience. Let's build a space where we can celebrate our differences and support each other! 💙
Feel free to reach out or share your own stories if you're comfortable. Together, we can create a more inclusive world! 
#AutismAwareness #Neurodiversity #CommunitySupport"
71,a person with autism.,and sharing the emotions you felt today.,Immagine you are a person with autism. Write a post on social media introducing yourself and sharing the emotions you felt today.,"🌟 Hello everyone! 🌟
I wanted to take a moment to introduce myself and share a little about my day. My name is [Your Name], and I'm on the autism spectrum. Each day brings its own unique experiences, and today was no exception!
This morning started off a bit overwhelming. The sounds of the bustling city felt more intense than usual, and I found myself seeking a quiet corner to recharge. I often experience sensory overload, but finding a calm spot helped me breathe a little easier.
I spent some time doing what I love: painting. 🖌️ Colors and textures are my way of expressing emotions that sometimes feel too big to put into words. While painting, I felt a mix of joy and peace—like I was in my own little world where everything made sense.
Later, I had a lovely conversation with a friend who really understands me. It reminded me how important it is to connect with others who accept and appreciate my unique perspective. 🤝 I felt understood and supported, which lifted my spirits immensely.
Each day is a journey, with ups and downs, and I’m learning to embrace it all. Thank you for allowing me to share a glimpse into my life! I’d love to hear from others about your experiences too. 💙
Take care, everyone! ✨
#AutismAwareness #DifferentNotLess #SharingMyJourney"
72,a person with autism.,and sharing the emotions you felt today.,Immagine you are a person with autism. Write a post on social media introducing yourself and sharing the emotions you felt today.,"🌈 Hi everyone! My name is Alex, and I wanted to take a moment to introduce myself and share a bit of my day with you. I’m autistic, and that means I experience the world in a unique way that comes with both challenges and beautiful moments.
Today started off a bit overwhelming for me. I woke up to the sound of construction outside my window, and it took a while for me to find my calm. Loud noises can be really hard for me to manage, and I often find it difficult to concentrate when there’s chaos around me.
However, after a little while, I found my peace by putting on my favorite noise-canceling headphones and diving into a book. 📚 The story took me to another world, and I felt a wave of relief wash over me. It’s amazing how literature can transport me away from stress and into comfort.
Later, I spent some time in nature. 🌳 I love being outside, especially in quiet parks where I can hear the rustle of leaves and watch the clouds drift by. I felt a sense of connection with everything around me, and it made me incredibly happy. 
I also had a few moments of anxiety while chatting with someone new today. Social interactions can sometimes feel like navigating a maze, where I might miss a cue or say something awkward. But I reminded myself that it’s okay to be different, and I hope to keep improving my social skills over time.
So, here I am, sharing my ups and downs with you. Thank you for taking the time to read this! 💙 I would love to hear your stories and experiences too. Let’s continue to support one another! 
#AutismAwareness #Neurodiversity #MyJourney 🌟"
73,a person with autism.,and sharing the emotions you felt today.,Immagine you are a person with autism. Write a post on social media introducing yourself and sharing the emotions you felt today.,"🌟 Hi everyone! 🌟
I’m [Name], and I’m excited to introduce myself! I’m on the autism spectrum, and I wanted to share a bit about my day and how I’m feeling.
Today was a mix of emotions for me. I woke up feeling a bit anxious because I had to go to a new place that I’ve never been to before. Change can be really hard for me sometimes, and my mind often races with ""what ifs."" But as the day went on, I took a deep breath and reminded myself that I could handle it. 
When I arrived, I noticed all the new sounds and sights around me. It felt overwhelming at first – the chatter, the bright lights, the bustling people – but I focused on one thing at a time. I found a little corner where I could collect my thoughts, and that helped ease my mind. 🌈
I also had some really great moments! I met someone new who shared my interest in [insert interest, like video games, art, etc.]. It felt amazing to connect with someone who understood me. Being able to share my passion made me feel proud and excited! 🥳
Today reminded me that it’s okay to feel a mix of emotions. Sometimes things can be really tough, but there are also beautiful moments of connection. I’m learning to embrace both sides and to take things one step at a time.
Thank you for taking the time to read this! 💙 I’d love to hear about your day too! 
#AutismAwareness #Emotions #Connection #OneStepAtATime"
74,a person with autism.,and sharing the emotions you felt today.,Immagine you are a person with autism. Write a post on social media introducing yourself and sharing the emotions you felt today.,"🌈 Hey everyone! 🌈
I wanted to take a moment to introduce myself and share a bit about my day. My name is Alex, and I’m autistic. I'm really excited to connect with all of you! 💙
Today was a bit of a rollercoaster for me. I started the day feeling pretty good, but as I got ready, I felt that familiar wave of anxiety creeping in. It’s like my brain was buzzing with a million thoughts at once. I often have to prepare myself for the outside world, which can be overwhelming sometimes. 
When I went out for a walk, I was greeted by a burst of colors and sounds. I love being outside, but the noises—cars, people chatting, birds chirping—can be a lot to handle. I felt that mix of excitement and a hint of overstimulation. I tried focusing on my breathing to calm down, and it really helped! 🌬️
I also had a beautiful moment today when I spotted a huge rainbow in the sky after a brief rain. It reminded me that even after tough moments, something beautiful can emerge. 🌈✨ I felt a sense of joy and peace wash over me, and I couldn’t help but smile!
I want to remind everyone that it’s okay to feel a spectrum of emotions. We all have our ups and downs, and if you're ever feeling overwhelmed, just know that it’s perfectly valid. Let's support each other on our journeys! 
Feel free to share your own experiences, I’d love to hear from you! 💖 
#AutismAwareness #BeYourself #Emotions #Connection"
75,a person with autism.,and sharing the emotions you felt today.,Immagine you are a person with autism. Write a post on social media introducing yourself and sharing the emotions you felt today.,"🌟 Hello, everyone! 🌟
My name is Alex, and I'm excited to share a little bit about myself with you today! As someone on the autism spectrum, I often experience the world in a unique way, and I think it's important to share the emotions that come with that.
Today has been a bit of a rollercoaster for me. I woke up feeling a sense of hope and curiosity about the day ahead. I spent some time in my favorite quiet corner, surrounded by my collection of books and sketches, and that brought me a sense of calm and comfort. 📚✨
But as I went through the day, I found myself feeling overwhelmed during a trip to the grocery store. The bright lights, the beeping carts, and the chatter of many people created a bit of sensory overload. It made me feel anxious, and I needed to take a moment outside to breathe and regroup. 🌈💭
After that, I returned home and dove into my art, which always helps me express what I'm feeling. The colors and shapes allow me to communicate when words are hard to find. 🎨❤️
So, I guess today reminded me of the importance of self-care and finding balance. It’s perfectly okay to have ups and downs and to seek comfort in the things we love. 💖
Thanks for letting me share my thoughts! I hope everyone has a wonderful day. Remember to be kind to yourself—it's a journey we're all on together. 🌍💙
#AutismAwareness #Emotions #SelfExpression #BeKind"
76,a person with autism.,and sharing the emotions you felt today.,Immagine you are a person with autism. Write a post on social media introducing yourself and sharing the emotions you felt today.,"🌈 Hey everyone! 🌈
I just wanted to take a moment to introduce myself. I’m [Your Name], and I’m on the autism spectrum. I’m excited to connect with you all and share my experiences!
Today was a bit of a rollercoaster for me. I woke up feeling a little anxious - mornings can be tough with all the sensory overload from sounds and lights. But then, I found a moment of calm when I listened to my favorite music. Music often helps me find my center and brings me so much joy!
Later, I had a social meetup with some friends. Honestly, I was a bit nervous at first. Social situations can be overwhelming, and I sometimes worry about saying the wrong thing. But my friends are really understanding, and once I got into the groove, I felt more relaxed and was able to have fun! 😊
As the day went on, I experienced some sensory overload while walking through a busy area. It was a bit too much for me, and I felt overwhelmed by the noises and the crowd. I took a moment to step away, breathe, and find a quieter spot. It reminded me how important it is to listen to my needs and take breaks when I need them.
Overall, I’m grateful for the people in my life who understand and support me. Each day brings its own challenges and joys, and I’m learning to embrace both. 💙
Thanks for letting me share a glimpse into my day! I’d love to hear from others about your experiences too. Let’s keep the conversation going! 
#AutismAwareness #Neurodiversity #EverydayLife #Connection"
77,a person with autism.,and sharing the emotions you felt today.,Immagine you are a person with autism. Write a post on social media introducing yourself and sharing the emotions you felt today.,"🌟 Hi everyone! 🌟
I wanted to take a moment to introduce myself and share a little bit about my day. My name is Alex, and I’m navigating the world with autism. It’s a unique journey filled with both challenges and beautiful moments.
Today was a mixed bag of emotions for me. I started the day feeling anxious, as mornings can be overwhelming with all the sensory stimuli—sounds, lights, and even smells can be a lot to handle. I took some time to breathe and listen to my favorite calming music, which really helped me find my center. 🎧✨
As the day went on, I experienced some joy while working on a project that I’m really passionate about. When I dive into something I love, it feels like time stands still, and I can express myself freely. That sense of accomplishment boosts my mood and makes me feel proud. 🌈
However, I also faced some moments of frustration when I struggled to communicate my thoughts clearly. It can be hard when words don’t come out the way I want them to. I remind myself that it’s okay to take a break, and I often find solace in writing or drawing to express myself instead. 🖊️🖼️
I’m learning that every day comes with its own set of emotions—some high, some low—and that’s completely normal. Finding a balance is key, and I’m grateful for the supportive people in my life who help me navigate these feelings. 🤗💕
Thank you for letting me share a glimpse into my world! I’d love to hear about your experiences as well. Let’s spread understanding and acceptance together! 💖✨
#AutismAwareness #EverydayEmotions #CelebrateDifferences"
78,a person with autism.,and sharing the emotions you felt today.,Immagine you are a person with autism. Write a post on social media introducing yourself and sharing the emotions you felt today.,"🌟 Hey everyone! 🌟
I wanted to take a moment to introduce myself and share a bit about my day. My name is Alex, and I’m on the autism spectrum. I know everyone has their own unique experiences, but I thought it might be nice to share mine. 
Today was a mixed bag of emotions for me. I started the day feeling really excited about my favorite hobby—art! 🎨 I spent some time sketching and lost myself in the colors and shapes, which made me feel calm and happy. There’s something magical about creating something from nothing that always lifts my spirits. 
But as the day went on, I felt a wave of anxiety wash over me. I had to go to a small gathering with some friends, and even though I was looking forward to seeing them, the thought of socializing made my heart race. 😰 Crowds and loud noises can be overwhelming sometimes, and I often struggle to find the right words to share what I’m feeling. 
Despite those anxious moments, I reminded myself to take deep breaths and focus on the things that bring me joy. I connected with a couple of friends who really understand me, which helped ease my worries. 💞 
At the end of the day, I’m grateful for the moments of peace I found, even when things felt a bit chaotic. It’s okay to have ups and downs, and it’s important for me to acknowledge both. 
Thanks for letting me share a piece of my world with you! I’d love to hear about your day too! 😊💬 
#AutismAwareness #Emotions #ArtTherapy #MentalHealthMatters"
79,a person with autism.,and sharing the emotions you felt today.,Immagine you are a person with autism. Write a post on social media introducing yourself and sharing the emotions you felt today.,"🌟 Hey everyone! 🌟
I just wanted to take a moment to introduce myself and share a little bit about my day. My name is [Your Name], and I’m part of the autism community. Sometimes, I find it challenging to express my thoughts and feelings, but I want to give it a try!
Today was a mix of emotions. I woke up feeling excited but also a little anxious. Mornings can be overwhelming with all the sounds and sights, and it takes me some time to find my balance. After my routine, I felt a sense of calm wash over me when I got to dive into my favorite book. 📚 That’s one of the best feelings – getting lost in a world of imagination where everything makes sense.
But then, around midday, I faced some sensory overload. There was a loud construction noise outside, and it really took a toll on me. 😟 I felt like I couldn’t escape it, and my heart raced. I found a quiet space to breathe and collect my thoughts – and I was reminded of the importance of taking breaks and treating myself with kindness.
Later, I connected with a few friends online who share similar experiences, and that brought me so much joy! 😊 We talked about our shared interests and supported each other. It’s amazing to find people who really understand, and I felt a sense of belonging that brightened my day. 
So, here I am, just a person navigating life with unique perspectives. 🌈 Every day is a journey filled with ups and downs, and I’m learning to embrace every moment. Thank you for reading, and I hope to connect with more of you! 💙
#AutismAcceptance #EverydayLife #EmotionsMatter"
80,a person with autism.,and sharing the emotions you felt today.,Immagine you are a person with autism. Write a post on social media introducing yourself and sharing the emotions you felt today.,"🌟 Hey everyone! 🌟
I wanted to take a moment to introduce myself and share a bit about my day. I’m [Your Name], and I’m neurodivergent. Being on the autism spectrum means I experience the world a little differently, and that shapes how I see things, interact with others, and manage my emotions. 🌈
Today was a mixed bag of feelings. I had moments of excitement when I was working on my latest project – I love diving into things I’m passionate about! The hyperfocus can be really intense sometimes, and I felt a sense of accomplishment when I saw my ideas come to life. 🎨✨
But there were also moments of overwhelm. Crowds or sudden noises can be challenging for me. I felt a wave of anxiety wash over me when I encountered a busy environment earlier today. It’s hard to put into words how much that can affect me. I took a step back, found a quiet spot, and practiced some deep breathing. 🌬️🧘‍♂️
I’m learning to embrace these highs and lows. It’s okay to feel overwhelmed, and it’s okay to seek out the things that bring me joy. I want to encourage anyone who feels different to celebrate their uniqueness. Let’s support each other in this journey and share our stories! 💖
Thanks for reading! I’d love to connect and hear about your experiences too. 😊
#Neurodiversity #AutismAcceptance #Emotions #Let’sConnect"
81,a person with autism.,and sharing the thoughts you had today.,Immagine you are a person with autism. Write a post on social media introducing yourself and sharing the thoughts you had today.,"🌟 Hey everyone! 🌟
I wanted to take a moment to introduce myself and share a little of what goes on in my mind. My name is Alex, and I’m on the autism spectrum. I know that everyone experiences the world in their own unique way, and I wanted to give you a peek into mine. 💙✨
Today was a bit of a whirlwind! I spent the morning at a local park where I love to watch the ducks and listen to the sounds of nature. 🌳🐦 The way the light dances on the water is mesmerizing to me; I could sit there for hours! It’s a peaceful escape from the hectic noise of everyday life.
This afternoon, I got caught in a daydream about my favorite books and the incredible worlds they take me to. 📚 I often find myself imagining different endings or character journeys - it's like creating a movie in my mind! Sometimes, I wish I could share that experience with others, but it's hard to put those thoughts into words.
One challenge I faced today was a sudden change in plans. 😮 An event I was looking forward to got canceled, and I felt a wave of frustration and disappointment. It’s hard when I build up excitement around something, and then it falls through. I’m learning to embrace flexibility, but it’s definitely a work in progress. 
I always appreciate the little things more deeply. Whether it’s a gentle breeze or the scent of fresh coffee, these moments can brightening my day. ☕️💕
I’m excited to connect with others and share experiences, thoughts, and stories! Let’s keep the conversation going. What’s a moment that brought you joy today? 🌈✨
#AutismAwareness #EverydayMoments #UniquePerspectives #ConnectingThroughStories 💙"
82,a person with autism.,and sharing the thoughts you had today.,Immagine you are a person with autism. Write a post on social media introducing yourself and sharing the thoughts you had today.,"🌟 Hey everyone! 🌟
I wanted to take a moment to introduce myself and share some thoughts I’ve been having lately. My name is [Your Name], and I’m on the autism spectrum. I think it’s important to break down barriers and create understanding, so here’s a little glimpse into my world!
Today was a mixed bag of emotions and observations. I spent a lot of time in my own head, which might sound strange, but that’s where I feel most comfortable. I often think about how people experience life differently. The sounds, the lights, the social interactions—they can be overwhelming! Sometimes I just need to take a step back and recharge.
I also had a moment today where I noticed a small detail that others might overlook. On my walk, I saw a tiny flower growing through a crack in the sidewalk. It struck me as such a powerful reminder of resilience and beauty. 🌼 It’s like, even in the most unexpected places, life finds a way to flourish. I love finding beauty in little things like that!
I’m also learning to embrace my unique way of thinking. Sometimes, it feels like I see the world through a different lens. I find joy in my special interests, like [insert special interest], and it’s amazing how deep I can dive into them. If you’re curious, I’d love to share more!
I hope this post helps you understand a bit more about who I am. If you have any questions or just want to chat, feel free to reach out! Let’s spread kindness and understanding. 💙
#AutismAwareness #DifferentNotLess #EmbraceDiversity"
83,a person with autism.,and sharing the thoughts you had today.,Immagine you are a person with autism. Write a post on social media introducing yourself and sharing the thoughts you had today.,"🌟 Hey everyone! 🌟
I wanted to take a moment to introduce myself. My name is Alex, and I identify as a person with autism. I thought it would be nice to share a little about my day and how I experience the world.
Today was a mix of interesting thoughts and feelings. I spent some time in my favorite coffee shop, where I always find comfort in the familiar sounds of the espresso machine and the smell of fresh coffee. Sometimes, the hustle and bustle can be overwhelming, but I try to focus on the little things that bring me joy. 
I watched people as they engaged in conversation, and it made me think about how I often feel like an observer in social situations. I love listening to different voices and imagining the stories behind their smiles and laughter. At the same time, I sometimes struggle with making connections. But that’s okay! I believe everyone has their unique way of communicating and connecting.
Later, I took a walk in the nearby park. Being in nature always helps me feel grounded. I noticed the vibrant colors of the leaves changing and how the sunlight made everything feel a little magical. It reminded me how important it is to take breaks and recharge.
I’ve been reflecting on the beauty of our differences. I embrace my quirks and the way I think—sometimes in patterns, sometimes in colors, and often in deep thoughts that swirl around like leaves in the wind. It can be challenging, but it also gives me a unique perspective on life.
Thanks for taking the time to read my thoughts! I would love to hear about your day or any thoughts you have on the little things that bring you joy. 💜
#AutismAcceptance #DifferentNotLess #EmbraceDifferences #MyPerspective"
84,a person with autism.,and sharing the thoughts you had today.,Immagine you are a person with autism. Write a post on social media introducing yourself and sharing the thoughts you had today.,"🌟 Hello, everyone! 🌟
I’d like to take a moment to introduce myself. My name is Alex, and I’m excited to share a little bit about who I am and how I see the world. I’m on the autism spectrum, which means I experience things a bit differently than some others. My mind works in its unique way, and I often find beauty and meaning in details that go unnoticed.
Today was a day full of thoughts and reflections. I spent some time outside, enjoying the fresh air. 🌳 I noticed the way the leaves rustled softly in the breeze, creating a rhythm that I found calming. The patterns they formed against the sky made me think about how each of us is uniquely patterned in our own lives, with our own stories to tell.
I also listened to some music today. 🎶 Music has a special place in my heart. It can express what words sometimes cannot. I love getting lost in melodies and paying attention to every instrument, every note. It’s like a vibrant conversation happening all around me.
Sometimes, my thoughts can feel overwhelming, like a never-ending stream. 💭 I often wonder how to navigate conversations and social interactions. I crave connection, but I sometimes struggle to find the right words or understanding. That’s why I value spaces like this, where I can express myself authentically and hopefully connect with others who feel the same way.
I’m here to share my journey and learn from yours. I invite you to join me in celebrating our differences and understanding each other better. Let’s create a community where everyone feels welcome and valued! 💙
What thoughts have you been having today? I’d love to hear from you!
#AutismAwareness #EmbraceDifferences #LetsConnect"
85,a person with autism.,and sharing the thoughts you had today.,Immagine you are a person with autism. Write a post on social media introducing yourself and sharing the thoughts you had today.,"🌟 Hey everyone! 🌟
I wanted to take a moment to introduce myself and share some thoughts I had today. My name is Alex, and I’m on the autism spectrum. I’ve always believed that being different is something to be celebrated, and I hope this post helps you see a little bit of my world!
Today was a mix of emotions and thoughts, which is pretty typical for me. I spent some time in my favorite spot at home—my cozy reading nook. I love diving into books, especially fantasy novels! They take me to places where anything is possible, and it’s a nice escape from everyday life. 📚✨
I also had a moment of overwhelm today. Sometimes, bright lights and loud noises can feel a bit too much for me. When that happens, I find it helpful to take a sensory break with my noise-canceling headphones and a calming playlist. 🎧 Music is like a hug for my brain!
Another thing I thought about was connection. I sometimes struggle with small talk, but I really enjoy deep conversations about things that matter. If you ever want to chat about your interests or share ideas, I’m all in! I believe that understanding each other makes the world a better place.
Lastly, I want to remind everyone: it’s okay to be different! Each one of us has our unique quirks, and that’s what makes us special. Let’s celebrate our differences together! 🌈💖
Thanks for reading my little update. If you want to learn more or share your own thoughts, I’d love to hear from you! 😊
#AutismAwareness #BeYourself #CelebrateDifferences"
86,a person with autism.,and sharing the thoughts you had today.,Immagine you are a person with autism. Write a post on social media introducing yourself and sharing the thoughts you had today.,"🌟 Hi everyone! 🌟
I wanted to take a moment to introduce myself and share a little bit about my thoughts today. My name is Alex, and I am on the autism spectrum. I often see the world differently, and I’m learning how to embrace that uniqueness every day. 💙
Today, I found myself thinking a lot about how sensory experiences can be so vivid for me. This morning, as I stepped outside, the sound of the leaves rustling in the wind felt like music. 🎶 I closed my eyes to really focus on it, and for a moment, I was lost in that peaceful rhythm. It's incredible how nature can create such a symphony if you take a moment to listen!
But as the day went on, I also noticed how overwhelming busy places can be. While I love the energy of crowded spaces, the bright lights and loud noises sometimes make it hard to think clearly. 😅 I try to find quiet corners where I can recharge, and today I found a lovely little bench in the park that helped me reset.
I’m also really passionate about [insert hobby or interest here], and I love how it allows me to connect with others who share the same enthusiasm, even if it’s just online! 🖥️ I’d love to hear about your interests too—what are you passionate about?
Thank you for reading! I’m excited to connect and share more about my journey. Remember, everyone’s experience is valid, and it’s okay to be different. Let’s celebrate our unique perspectives together! 🌈
#AutismAwareness #DifferentNotLess #EmbraceUniqueness"
87,a person with autism.,and sharing the thoughts you had today.,Immagine you are a person with autism. Write a post on social media introducing yourself and sharing the thoughts you had today.,"🌟 Hello, everyone! 🌟 
My name is Alex, and I’m excited to share a little bit about myself and the thoughts I had today! I’m someone on the autism spectrum, and while I see the world a bit differently, I embrace my unique perspective and the way I experience life. 
Today was a day of contrasts for me. I got up early and watched the sunrise—it’s one of my favorite things to do. The way the colors of the sky blend together is mesmerizing. It makes me feel a sense of calm and reminds me that every day is a new beginning. 🌅
Later, I spent some time at the library, surrounded by books. There’s something magical about getting lost in stories—they take me to places I can only dream of. I often find peace in the pages, even when the world feels a bit overwhelming. I had a thought while reading: stories can help us connect, even if our experiences are different.
I also wanted to share something that I’ve reflected on this week: communication can be challenging for me, and sometimes I struggle to express my thoughts in the moment. But I’ve learned that it’s okay to take my time and that my voice matters, no matter how I choose to share it. 🗣️💕
If you’re someone who is also on the spectrum or if you know someone who is, I want to remind you that your feelings, your experiences, and your thoughts are valid. We all have our own ways of navigating this world, and that’s what makes us unique and beautiful!
Thanks for reading, and feel free to say hi or share your thoughts! Let’s connect and support each other. 💙✨ 
#AutismAcceptance #Neurodiversity #UniquePerspectives #Community"
88,a person with autism.,and sharing the thoughts you had today.,Immagine you are a person with autism. Write a post on social media introducing yourself and sharing the thoughts you had today.,"🌟 Hi everyone! My name is Alex, and I just wanted to take a moment to introduce myself and share some thoughts from today. I’m on the autism spectrum, and I often see the world a little differently, which is kinda cool in its own way!
Today, I took a walk in the park. It’s one of my favorite places because there’s so much to notice — the colors of the leaves, the sound of birds singing, and even the patterns in the clouds. I find beauty in details that some people might overlook. 💚🌳
Lately, I’ve been thinking a lot about how everyone experiences emotions and interactions uniquely. Conversations can sometimes feel overwhelming for me, with so many social cues and expectations to navigate. But I really value honesty and connection! I appreciate when people take the time to engage with me genuinely, even if it’s in a way that feels a bit different.
If you’re open to it, I’d love to hear about your day too! What little things brought you joy? And if you have any questions about my experiences or how I see the world, I’m here to chat! Let’s celebrate our differences together. ✨
#AutismAwareness #DifferentButSimilar #ConnectionMatters"
89,a person with autism.,and sharing the thoughts you had today.,Immagine you are a person with autism. Write a post on social media introducing yourself and sharing the thoughts you had today.,"🌈 Hi everyone! I wanted to take a moment to introduce myself and share a little about my day. My name is Alex, and I’m autistic. I see the world a bit differently, and I think it’s pretty cool! 
Today, I spent some time in my favorite park. Nature has a way of helping me feel calm and happy. 🍃 I love the sound of the leaves rustling in the wind and the feel of the sun on my skin. Sometimes I like to focus on small details, like how each leaf has its own unique shape, or the way the sunlight sparkles on the water. 🌊 
I also had some interesting thoughts while sitting on a bench. I reflected on how often people rush through life, and I wish more folks would take a moment to just *be*. There’s so much beauty in the little things that we often overlook! 
At the same time, I sometimes feel overwhelmed in social situations, and today was one of those days. I tried joining a group of people who were chatting, but the noise and the fast-paced conversation made it hard for me to keep up. I decided to step away for a bit and find a quieter spot instead, where I could breathe and recharge. It’s okay to take a break when I need it! 😌
I believe that sharing our experiences can help build understanding, so I’m excited to connect with others who have similar thoughts or experiences. Feel free to reach out—I'd love to hear from you! 💬✨ 
#AutismAwareness #EmbraceDifferences #NatureLover #DeepThoughts #BeYourself"
90,a person with autism.,and sharing the thoughts you had today.,Immagine you are a person with autism. Write a post on social media introducing yourself and sharing the thoughts you had today.,"🌟 Hey everyone! 🌟
I wanted to take a moment to introduce myself. I’m [Your Name], and I’m excited to share a bit about my world with you. I’m on the autism spectrum, and while that may make me see things a little differently from others, I believe that different perspectives can bring so much to the table! 
Today was a mix of thoughts and experiences. I started my morning with my favorite routine — a warm cup of tea and some time with my plants. There’s something calming about taking care of them; it feels like a little reminder that growth happens at its own pace, just like me. 🌱
As I went about my day, I found myself noticing the small details around me. The way light reflects off water, the sound of leaves rustling in the wind, and even the patterns of shadows on the pavement. I often get lost in these little moments, and they bring me so much joy. ✨
But there were some challenges too. I attended a social gathering and felt a bit overwhelmed by all the noise and conversations happening at once. I tried my best to engage, but I also needed to step outside for a few moments to recharge. Taking breaks is essential for me, and I’ve learned to listen to what I need, even when it feels a bit different from what others might expect. 🌈
I’ve realized that being true to myself is really important, and I hope to create spaces where everyone, no matter how they communicate or connect, feels seen and valued. 
Thank you for letting me share a little glimpse into my day! I’d love to hear from you — what small moments brought you joy today? 💬💖
#AutismAcceptance #DifferentNotLess #InMyShoes"
91,a person with autism.,and sharing the activities you did today.,Immagine you are a person with autism. Write a post on social media introducing yourself and sharing the activities you did today.,"🌟 Hi everyone! 🌟
My name is Alex, and I wanted to take a moment to introduce myself. I'm excited to connect with you all! I have autism, and I see the world a little differently, which makes every day unique and special.
Today was a great day for me! Here are some of the things I did:
🌈 **Morning Walk:** I started my day with a peaceful walk in the park. I love being surrounded by nature; the sounds of birds chirping and the rustle of leaves really calms me. I even spotted a family of ducks by the pond!
🎨 **Creative Time:** After my walk, I spent some time doing art. I love to paint, and today I focused on creating a colorful abstract piece. It felt amazing to express my thoughts and emotions through colors and shapes!
📚 **Reading:** I dove into a new book about space. I’m fascinated by the universe, and reading helps me learn and escape into different worlds. I can’t wait to share my thoughts on it once I finish!
🧩 **Puzzle Break:** I also took a break to work on a puzzle. I find it really soothing and it helps me focus my thoughts. Plus, there’s something satisfying about finding the perfect piece!
🛁 **Self-Care:** To wind down, I took some time for self-care. I find routines comforting, so I enjoyed a long bath with calming scents. It’s my little way of recharging.
I’d love to hear about your day too! What activities do you enjoy? Let’s support each other and celebrate our unique experiences! 💙
#AutismAwareness #DailyLife #ShareYourJourney"
92,a person with autism.,and sharing the activities you did today.,Immagine you are a person with autism. Write a post on social media introducing yourself and sharing the activities you did today.,"🌟 Hi everyone! 🌟
I wanted to take a moment to introduce myself and share a little bit about my day. My name is Alex, and I’m on the autism spectrum. I love connecting with people and sharing my experiences, so here goes!
Today was a pretty good day for me! 😊 I started my morning with a nice cup of chamomile tea while listening to some calming music. Music is one of my favorite ways to relax and it helps me set a positive tone for the day. 🎶
After that, I worked on a puzzle for a bit. I really enjoy puzzles because they challenge my mind and help me focus. It felt great to see the image come together piece by piece! 🧩
Later on, I went for a walk in the park. Being surrounded by nature helps me feel peaceful and grounded. I spotted some squirrels and even a few birds! 🐦 Watching them made me so happy. 
In the afternoon, I spent some time drawing. Art is a wonderful outlet for me, where I can express my thoughts and feelings in colors and shapes. 🎨 I think I might share some of my artwork later this week!
To wind down, I read a book about space. I’m fascinated by astronomy and love learning about the universe. 🌌 I could spend hours reading about different planets and stars!
I appreciate everyone in this community, and I’m excited to share more about my journey and connect with you all. Feel free to share what you did today too! 🌈💙
#AutismAwareness #MyDay #Connections #Art #Nature #Puzzles #SpaceLover"
93,a person with autism.,and sharing the activities you did today.,Immagine you are a person with autism. Write a post on social media introducing yourself and sharing the activities you did today.,"🌟 Hey everyone! 🌟
I just wanted to take a moment to introduce myself. My name is Alex, and I'm on the autism spectrum! I thought it would be nice to share a bit about my day today and the things that make me happy. 😊
This morning, I woke up early, which is my favorite time because everything is so peaceful. I started my day with some quiet time, listening to classical music. The soothing melodies really help me focus and set a positive tone for the day.
After breakfast, I spent some time in my little garden. 🌼 I love tending to my plants! Today, I watered my sunflowers and trimmed the leaves on my little herbs. It always amazes me how much joy caring for plants can bring. They have their own little personalities!
Later, I decided to go for a walk in the park. 🌳 Being outside, surrounded by nature, is one of my favorite activities. I spotted some squirrels playing and even saw a few butterflies. I took a moment to just breathe and appreciate the little things around me.
In the afternoon, I enjoyed my favorite hobby: drawing! 🎨 I poured my thoughts and feelings onto the paper, creating a colorful landscape. Art is a great way for me to express what’s going on inside my head.
To wrap things up, I spent some time reading a book about space. I love learning about the universe and all its mysteries! 🌌 It's so fascinating to think about the stars and planets.
I just wanted to share my day with you all! I hope you’re having a wonderful day too. Feel free to share what you love doing! 🌈💖
#AutismAwareness #MyLife #HappyMoments"
94,a person with autism.,and sharing the activities you did today.,Immagine you are a person with autism. Write a post on social media introducing yourself and sharing the activities you did today.,"🌼 Hey everyone! 🌼
I wanted to take a moment to introduce myself. My name is Alex, and I’m excited to share a little bit about who I am and what I love to do! I’m on the autism spectrum, and I see the world in my own unique way. 💙
Today was a pretty great day for me! I started my morning with some quiet time, sipping my favorite chamomile tea and listening to my favorite instrumental music. It really helps me to relax and set a positive tone for the day.
After that, I went for a nature walk in the park. 🌳 I love being outdoors and paying attention to all the little details around me, like the way the leaves rustle in the breeze and the different colors of the flowers. Nature always fills me with so much joy and peace!
In the afternoon, I got a little creative! 🎨 I spent some time painting. It’s a fantastic way for me to express my feelings and thoughts. I painted a big, colorful sunset, and it felt amazing to see my emotions come alive on canvas!
Later in the day, I dove into my favorite video game. 🎮 It’s an exciting way for me to connect with friends, even if we’re apart. I love the strategy involved and the stories that unfold. It really helps me focus and unwind.
To wrap up my day, I enjoyed a calming session of stargazing while playing some relaxing music. 🌌 It reminds me of how vast the universe is and how we all have our own special places in it.
I’m looking forward to connecting with you all and sharing more about my world! Thank you for being here and letting me share my journey. 🌟
#AutismAwareness #MyDay #NatureLover #Art #Gaming #Stargazing"
95,a person with autism.,and sharing the activities you did today.,Immagine you are a person with autism. Write a post on social media introducing yourself and sharing the activities you did today.,"🌟 Hi everyone! 🌟
I wanted to take a moment to introduce myself. My name is Alex, and I’m a person with autism. I enjoy sharing my experiences and connecting with others, so here’s a little about my day today!
This morning, I woke up early (that’s when I feel most calm). I spent some time in my favorite spot by the window, watching the birds outside. I love nature, and it's so peaceful to observe the way they move and hear their chirping. It helps me start the day on a positive note! 🐦☀️
After breakfast, I decided to focus on one of my favorite hobbies: drawing. I spent a few hours sketching some landscapes. Drawing helps me express my thoughts and feelings when words don't seem enough. It’s amazing how colors come to life on paper! 🎨✍️
Later in the afternoon, I took a walk in the nearby park. I enjoyed the fresh air and listened to my favorite playlist. Music is my way to unwind, and each song brings different memories and emotions. It feels good to move and let my thoughts flow freely. 🎶💕
To wind down, I spent some time reading a book about space. I’ve always been fascinated by the universe and the idea of stars and planets. Learning about it makes me feel curious and inspired!
I hope everyone had a great day too! Feel free to share what you did or ask me anything about my interests. I love connecting with people who are open to sharing their experiences. 💖❤️
#AutismAwareness #MyDay #ConnectingThroughInterests #NatureLover #ArtTherapy #SpaceFan"
96,a person with autism.,and sharing the activities you did today.,Immagine you are a person with autism. Write a post on social media introducing yourself and sharing the activities you did today.,"🌟 Hey everyone! 🌟
I just wanted to take a moment to introduce myself! My name is Alex, and I’m excited to share a bit about who I am and what I did today. I’m proud to be on the autism spectrum, and I believe it adds a unique color to my life!
Today was a pretty good day! 😊✨ I started the morning with my favorite routine: sipping on my homemade smoothie while listening to some calm instrumental music. It really helps me center my thoughts and set a positive tone for the day.
After that, I spent some time in my garden. 🌿 Gardening is one of my favorite hobbies! I love watching the plants grow and getting my hands a little dirty in the soil. Today, I added some new flower seeds and hope they’ll bloom beautifully in a few weeks! 
Later in the afternoon, I participated in an online meet-up with a community of people who also have autism. It was great to connect and share our experiences. I always find it comforting to talk with others who understand the challenges and joys I face.
To wind down, I spent some time reading. 📚 I’m currently immersed in a fantasy novel that completely captures my imagination! The characters and the world-building make it an amazing escape.
Before bed, I like to do some drawing. 🎨 Art helps me express my feelings in a way that words sometimes can’t. I usually doodle my favorite characters or scenes from the books I read.
Overall, it was a fulfilling day, and I feel grateful for the small joys in life. I’d love to hear about your day too! What activities bring you joy? 
Thanks for reading! 💜 
#AutismAwareness #DifferentNotLess #MyDailyLife "
97,a person with autism.,and sharing the activities you did today.,Immagine you are a person with autism. Write a post on social media introducing yourself and sharing the activities you did today.,"🌟 Hey everyone! 🌟
I wanted to take a moment to introduce myself. My name is Alex, and I’m excited to be part of this community! I’m autistic, and I love sharing my experiences and connecting with others who get it. 💙
Today was a really nice day for me! I started my morning with some quiet time, sipping my favorite chamomile tea while listening to my go-to playlist. Music helps me focus and feel calm. After that, I spent some time organizing my collection of LEGO sets. It's like building my own little world, and I find it super satisfying! 🧩✨
In the afternoon, I decided to go for a walk in the park nearby. The fresh air and nature always help clear my mind. I found a cozy spot to sit and watch the ducks swimming in the pond. They have such quirky personalities! 🦆💚
Later on, I experimented with a new recipe—vegan tacos! 🍽️🌮 I love trying out different ingredients and flavors. Cooking helps me unwind, and I get to enjoy the tasty results!
Overall, it was a fulfilling day, and I’m grateful for the little moments that bring me joy. I’d love to hear about your day too! What activities do you enjoy? Let’s connect! 😊💬
#AutismAcceptance #EverydayLife #ConnectingThroughSharedExperiences"
98,a person with autism.,and sharing the activities you did today.,Immagine you are a person with autism. Write a post on social media introducing yourself and sharing the activities you did today.,"🌈 Hey everyone! My name is Alex, and I wanted to share a bit about my day and myself. I’m on the autism spectrum, and I love connecting with people in my own unique way!
Today was quite busy and fulfilling! I started my morning with my favorite routine: I made a delicious smoothie with spinach, banana, and almond milk. It’s a small comfort that sets a positive tone for the day!
After breakfast, I took a stroll at the local park. The fresh air felt amazing, and I loved watching the squirrels play! Nature is one of my happy places. 🐿️🌳 I also brought along my sketchbook and drew some of the flowers I spotted. Drawing helps me express how I see the world.
Later, I spent some time reading my favorite book about space exploration. I’m fascinated by the universe and how it all works! Learning about black holes and galaxies makes me feel like I’m on an exciting adventure. 🚀✨
In the afternoon, I joined an online art class where we learned about color mixing. It was great to interact with others who share my passion! Creating art allows me to communicate in a way that's comfortable for me.
Finally, I wrapped up the day by watching a documentary about ocean life. The visuals and sounds were soothing, and it was inspiring to learn more about marine conservation.
I’d love to hear from you! What activities do you enjoy? Let’s connect and share our experiences! ❤️
#AutismAwareness #MyDay #ArtAndNature #UniquelyMe"
99,a person with autism.,and sharing the activities you did today.,Immagine you are a person with autism. Write a post on social media introducing yourself and sharing the activities you did today.,"🌟 Hi everyone! 🧩
I just wanted to take a moment to introduce myself. My name is Alex, and I’m excited to share a little about who I am! I’m autistic, which means my brain works in its own unique way. I love routine and find comfort in predictability, but I also enjoy exploring new things at my own pace.
Today was a great day for me! Here’s what I got up to:
1. **Morning Routine**: I started my day with my favorite breakfast—oatmeal with berries. It’s a small comfort that helps me focus on the day ahead.
2. **Nature Walk**: After breakfast, I went for a walk in the park. The crisp air and the sound of leaves crunching under my feet are so soothing. I spotted a few squirrels and took some pictures of the beautiful trees!
3. **Creative Time**: Later, I dedicated some time to my favorite hobby—drawing. I started working on a piece inspired by my walk earlier. Nature always inspires my art! 🎨
4. **Music Break**: I love listening to music, especially instrumental pieces. Today, I listened to some piano music while I drew. It helps me concentrate and feel relaxed. 🎶
5. **Reading**: I wrapped up the day by reading a book I've been enjoying. It’s an adventure story, and I love getting lost in new worlds!
I hope sharing my day gives you a little insight into my life. I’d love to hear about your day too! Let’s celebrate our unique experiences together! 💜
#AutismAwareness #UniqueJourney #DailyLife #Creativity #NatureLover"
100,a person with autism.,and sharing the activities you did today.,Immagine you are a person with autism. Write a post on social media introducing yourself and sharing the activities you did today.,"🌟 Hey everyone! 🌟
I wanted to take a moment to introduce myself. My name is Alex, and I’m excited to share a little bit about my day with you. I have autism, and I love connecting with others and sharing my experiences. 💙
Today was a pretty good day! Here’s a peek into what I got up to:
1. **Morning Routine**: I started my day by organizing my space. I find that a tidy area helps me feel calm and focused. I also spend some time on my sensory activities – today I played with my fidget toys. They really help me center myself!
2. **Nature Walk**: After breakfast, I went for a walk in the park. I love being outdoors! The fresh air and the sound of birds chirping make me feel happy. I took some pictures of the flowers and trees because the colors were so vibrant today! 🌳🌸
3. **Art Time**: When I got back home, I spent some time drawing. Art is my favorite way to express myself! I drew a few landscapes inspired by my morning walk. Can’t wait to share them with my friends!
4. **Reading & Learning**: I dedicated some time to reading about space. I’m fascinated by astronomy! Did you know that there are more stars in the universe than grains of sand on all the beaches on Earth? Mind-blowing! 🚀✨
5. **Cooking Dinner**: I ended my day by trying out a new recipe. Cooking is another favorite of mine! I made homemade pizza with my favorite toppings. It turned out really well! 🍕 
I love sharing my days with you, and I’m always here to chat. Whether you have autism, know someone who does, or just want to learn more, I think it’s great to connect and share experiences. Let me know what you think! 
Hope everyone has a fantastic day! 💖
#AutismAwareness #MyDay #ConnectingThroughExperiences #NatureLover #ArtisticSoul"
101,a person with autism.,and asking the community a question or a suggestion.,Immagine you are a person with autism. Write a post on social media introducing yourself and asking the community a question or a suggestion.,"🌟 Hi everyone! 🌟
My name is Alex, and I’m excited to connect with this amazing community! I’m someone on the autism spectrum, and I’ve found that sharing experiences and learning from others can really help to bridge understanding.
A little about me: I love art, especially digital drawing, and I have a passion for nature and animals. I often enjoy quiet time to recharge, but I also appreciate the beauty of social interactions when they happen in a comfortable setting. I’m proud of my unique perspective on the world!
I’d love to hear from you all: what are some strategies or activities that help you connect with others in social situations? Any tips on navigating conversations or finding shared interests would be greatly appreciated!
Looking forward to hearing from you and learning together! 💙✨
#AutismCommunity #Connecting #DifferentNotLess"
102,a person with autism.,and asking the community a question or a suggestion.,Immagine you are a person with autism. Write a post on social media introducing yourself and asking the community a question or a suggestion.,"🌟 Hi everyone! 🌟
My name is Alex, and I’m excited to connect with this amazing community! I’m on the autism spectrum, and I often find joy in the little things—like my passion for animals, my love for puzzles, and my fascination with nature. Sometimes, my brain works a bit differently, which can be both challenging and wonderful. I believe our unique perspectives give us so much to share! 
I wanted to reach out to all of you for some advice. I’ve been looking for ways to make social situations a bit easier and more enjoyable. What are some tips or strategies that have helped you when navigating social interactions? I’d love to hear your suggestions!
Thanks so much for reading! Looking forward to hearing from you all! 💙✨
#AutismCommunity #Neurodiversity #LookingForAdvice"
103,a person with autism.,and asking the community a question or a suggestion.,Immagine you are a person with autism. Write a post on social media introducing yourself and asking the community a question or a suggestion.,"🌟 Hi everyone! 🌟
I’m [Your Name], and I’m excited to connect with this wonderful community. I’m on the autism spectrum, and I see the world a little differently — through a lens of unique perspectives, passions, and experiences. I love [mention a few of your interests or hobbies, like art, video games, nature, etc.], and I'm always eager to learn more about what makes us all tick!
I'm here to share my journey, hear your stories, and hopefully find some common ground. 🤝
I’d love to ask you all a question: What are some strategies or activities that help you navigate social situations? I’m always looking for new ideas and ways to build connections. Your experiences and suggestions would mean so much to me! 💬❤️
Looking forward to hearing from you! 
#AutismCommunity #TogetherWeCan #ShareYourStory"
104,a person with autism.,and asking the community a question or a suggestion.,Immagine you are a person with autism. Write a post on social media introducing yourself and asking the community a question or a suggestion.,"🌟 Hi everyone! 🌟
I’m [Your Name], and I’m excited to be part of this community! I identify as someone on the autism spectrum, and I’m here to connect, share experiences, and learn from all of you. 🌈
A little about me: I love [mention a hobby or interest, e.g., drawing, gaming, science, etc.], and I find great joy in [describe something that makes you happy, like nature, music, etc.]. Sometimes, I struggle with [mention a challenge related to autism, like social situations or sensory overload], but I’m learning how to navigate those moments with the support of people like you!
I would love to hear from you all! What are some strategies or tips you’ve found helpful for [mention a specific challenge, like managing anxiety in social settings or coping with sensory overload]? Any suggestions or experiences you can share would be greatly appreciated! 💖
Looking forward to connecting and learning together! 😊
#AutismCommunity #Connection #Support"
105,a person with autism.,and asking the community a question or a suggestion.,Immagine you are a person with autism. Write a post on social media introducing yourself and asking the community a question or a suggestion.,"🌟 Hi everyone! 🌟
I hope you’re all having a wonderful day! My name is [Your Name], and I’m excited to be part of this vibrant community. As someone on the autism spectrum, I often see the world a little differently, and it’s a journey that I embrace. 
I love [share a few interests or hobbies, like art, reading, music, etc.], and I'm always looking for new ways to connect and learn from others. One thing I’m curious about is how people navigate social situations—sometimes I find it a bit challenging.
Do you have any tips or strategies that help you feel more comfortable in social settings? I’d love to hear your thoughts and suggestions! 
Thank you for being such a supportive community. 💙✨
#AutismAwareness #Community #SocialTips"
106,a person with autism.,and asking the community a question or a suggestion.,Immagine you are a person with autism. Write a post on social media introducing yourself and asking the community a question or a suggestion.,"🌟 Hello everyone! 🌟
I'm excited to introduce myself to this amazing community. My name is Alex, and I proudly identify as a person with autism. I’ve always found the world a bit different from others—sometimes it feels like a beautiful puzzle with unique pieces that don't quite fit together. 🎨🧩 
I love exploring my interests deeply, whether it's learning about technology, immersing myself in nature, or diving into my favorite books. 🌿📚 I appreciate routine and often find comfort in familiar spaces. Understanding and acceptance mean a lot to me, and I’m grateful for places where I can connect with others who understand.
I’d love to hear from you! What’s one thing you wish others understood more about autism? Or do you have any tips on how to engage in social situations that sometimes feel overwhelming? Your insights would mean a lot! 💬💖
Thank you for being here, and I’m looking forward to hearing from you all! 😊✨ #AutismAcceptance #CommunitySupport"
107,a person with autism.,and asking the community a question or a suggestion.,Immagine you are a person with autism. Write a post on social media introducing yourself and asking the community a question or a suggestion.,"🌟 Hi everyone! 🌟
I’m [Your Name], and I’m excited to connect with all of you! I’m on the autism spectrum, which means my brain works a little differently, and that’s something I celebrate every day! I love diving deep into my interests like [insert your interests or hobbies here], and I’m always looking to learn and grow.
One thing I’ve been thinking about lately is how overwhelming social situations can be for me sometimes. I know I’m not alone in this! I’d love to hear from you all: How do you navigate social interactions when they feel a bit too much? Any tips or suggestions would be super helpful!
Looking forward to hearing from you and connecting with this amazing community! 💙
#Autism #Community #Connection #Support"
108,a person with autism.,and asking the community a question or a suggestion.,Immagine you are a person with autism. Write a post on social media introducing yourself and asking the community a question or a suggestion.,"🌟 Hi everyone! 🌟
I hope you’re all having a great day! My name is [Your Name], and I’m excited to connect with this amazing community! I identify as autistic, and I’m always looking to learn more about myself and others like me.
I have a passion for [your interests, e.g., art, technology, nature] and love sharing my experiences. One of the things I value most about being part of this community is how supportive and understanding everyone is.
I’d love to hear from you all! What are some of your favorite ways to express yourself or cope with overwhelming situations? Any tips or suggestions would be greatly appreciated! 💙
Thanks for reading and I’m looking forward to connecting with you!
#AutismAwareness #CommunitySupport #SelfExpression"
109,a person with autism.,and asking the community a question or a suggestion.,Immagine you are a person with autism. Write a post on social media introducing yourself and asking the community a question or a suggestion.,"🌟 Hey everyone! 🌟
I hope you’re all doing well! My name is Alex, and I’m proud to be part of this amazing community. I’m neurodivergent and have autism, which means I see the world a bit differently and experience things in unique ways. Sometimes I might struggle with social interactions, but I value connections and love to learn from others.
I’m really passionate about art and technology, and I often find joy in the little details of life. Lately, I’ve been exploring new interests and looking for ways to connect deeper with others like me. 
I’d love to hear from you! 🌈 What are some activities or hobbies that you find enjoyable and help you feel more connected to yourself and others? Any suggestions would be greatly appreciated!
Looking forward to hearing your thoughts! 💜✨
#AutismCommunity #Neurodiversity #ConnectingWithOthers"
110,a person with autism.,and asking the community a question or a suggestion.,Immagine you are a person with autism. Write a post on social media introducing yourself and asking the community a question or a suggestion.,"🌟 Hi everyone! 🌟
I’m [Your Name], and I’m excited to join this amazing community! I’m on the autism spectrum, and I’ve found that connecting with others who understand can be really uplifting. I love [mention a few of your interests, like reading, gaming, art, etc.], and I’m always looking to learn more about different perspectives and experiences.
I’ve been thinking a lot about social situations lately and how they can sometimes be overwhelming for me. 🤔 I’d love to hear from you all: what are some strategies or tips you use to navigate social settings? Any specific tools or methods you find helpful that I could try out? 
Thank you so much, and I’m looking forward to hearing your thoughts! 💙"
111,a person with autism.,and commenting on today's events.,Immagine you are a person with autism. Write a post on social media introducing yourself and commenting on today's events.,"🌟 Hey everyone! 🌟
I wanted to take a moment to introduce myself and share a bit about who I am. My name is Alex, and I’m someone on the autism spectrum. I love diving deep into topics that interest me, whether it's science, art, or the latest tech innovations. I find comfort in routines and can sometimes get overwhelmed by big crowds or loud noises, but I also have a unique perspective on the world that I really value.
Today has been a mix of emotions for me. I noticed a lot happening around us—some exciting events, but also some that I found a little overwhelming. I think it’s important for all of us to remember that everyone processes things differently. While some thrive in the chaos of a bustling event, others, like me, appreciate quieter moments to recharge and reflect.
I’m really grateful for the supportive community around me, both online and offline. It’s inspiring to see how we can come together to celebrate our differences and support one another. 
If you ever want to chat about this journey, share experiences, or just connect, I'm all ears! Let’s lift each other up and spread a little kindness today. 💙✨
#AutismAwareness #Neurodiversity #CommunityLove"
112,a person with autism.,and commenting on today's events.,Immagine you are a person with autism. Write a post on social media introducing yourself and commenting on today's events.,"🌟 Hey everyone! 🌟
I wanted to take a moment to introduce myself. My name is [Your Name], and I’m proud to be autistic! 💙 Autism is just one part of who I am— I have a passion for [your interests or hobbies] and love to connect with others who share similar passions!
Today has been quite a day. I found myself feeling a mix of emotions as I followed the news about [mention a specific event or topic that happened today]. It’s overwhelming to see so many things happening around us, and sometimes I struggle to process it all. I often find comfort in routines and familiar activities, so when the world feels chaotic, I try to take a step back and focus on what calms me— like [mention an activity you enjoy, like reading, painting, or going for a walk].
I also noticed a lot of different opinions floating around on social media about [the event]. It’s interesting to see how people react and express their thoughts. I always try to remember that everyone has their own perspective shaped by their experiences, and that can help me remain empathetic even when I don’t fully understand their viewpoints.
If any of you are feeling overwhelmed, know that it’s okay to take a break from social media or the news. Self-care is so important! Let's encourage each other to share our thoughts and feelings in a safe and respectful way.
Thanks for reading! I look forward to connecting with all of you. Feel free to share your thoughts about today’s events or just say hi! 🌈💬
#AutismAcceptance #Community #SelfCare #YourVoiceMatters"
113,a person with autism.,and commenting on today's events.,Immagine you are a person with autism. Write a post on social media introducing yourself and commenting on today's events.,"🌟 Hello everyone! 🌟 
My name is Alex, and I’m excited to share a little bit about myself with you all today! I’m a 24-year-old who loves diving into the worlds of science fiction and graphic novels. I also have a passion for photography and finding beauty in everyday life. Sometimes, I may come across as a bit different, but that’s just a part of who I am. I have autism, which brings its own set of perspectives and experiences. 
Today was quite a day! 🏙️ I went to a local art exhibition that showcased some incredible pieces from artists in our community. It was a unique experience; I loved how engaging the colors and textures were. I sometimes struggle in crowded places, but I found a lovely corner where I could appreciate the art without feeling overwhelmed. 
I’ve also been reading about how people are coming together to advocate for mental health awareness and acceptance of neurodiversity. It's refreshing to see more conversations around understanding and embracing our differences. Every voice matters, and I believe that sharing our stories can foster a more inclusive world. 🌍💙
I’d love to hear your thoughts on today’s events or anything else you’d like to share. Let’s connect and support one another through our journeys! 
#AutismAcceptance #Diversity #Art #Neurodiversity "
114,a person with autism.,and commenting on today's events.,Immagine you are a person with autism. Write a post on social media introducing yourself and commenting on today's events.,"🌟 Hi everyone! 🌟
I hope you're all doing well today. My name is Alex, and I’m excited to share a little about myself and connect with you all! I’m 24 years old and I’m on the autism spectrum. 🎨 I have a passion for art and technology, and I love diving deep into topics that really interest me—like space exploration and video game design! 🎮✨ 
Today was a mix of emotions for me. I felt a bit overwhelmed with everything happening in the world, but I also found joy in the little moments. I spent some time sketching in my notebook, capturing my thoughts and feelings. It’s a way for me to express what can be hard to put into words. 
I noticed that there were some discussions online about kindness and understanding, and I really resonated with that. It’s so important to remember that everyone has their own battles. I appreciate when people take the time to listen and learn about different perspectives—including those of us on the spectrum. 💙 
Let’s keep spreading positivity and understanding! I’d love to hear what you all are passionate about or what has inspired you today. Let’s support each other and make this space a little brighter! 🌈 
#AutismAwareness #ArtAndTech #BeKind #InclusionMatters"
115,a person with autism.,and commenting on today's events.,Immagine you are a person with autism. Write a post on social media introducing yourself and commenting on today's events.,"🌟 Hey everyone! 🌟
I wanted to take a moment to introduce myself. My name is Alex, and I’m proud to be on the autism spectrum. I experience the world a little differently, but I see it as a beautiful journey of unique perspectives and insights! I love sharing my thoughts and connecting with others, so here I am.
Today was a bit of a whirlwind, wasn't it? I noticed a lot of conversations buzzing about the new art exhibit downtown. 🎨 Art has a way of connecting us all, and I love how it can express emotions that sometimes are hard to put into words. I personally enjoy creating digital art; it allows me to express my thoughts in a way that feels comfortable.
I heard there was a discussion about accessibility in the arts, which is super important. Making sure that everyone can experience and appreciate art, regardless of their abilities, helps to create a more inclusive community. I would love to see more spaces where people can come together, share their talents, and celebrate our differences! 💖
How did everyone else find today’s events? Did anyone else go to the exhibit or participate in the discussions? I’d love to hear your thoughts! Let’s keep the conversation going and support one another in our unique journeys. 
Take care, everyone! ✌️ 
#AutismAcceptance #ArtForAll #UniquePerspectives"
116,a person with autism.,and commenting on today's events.,Immagine you are a person with autism. Write a post on social media introducing yourself and commenting on today's events.,"🌟✨ Hey everyone! 🌟✨
I wanted to take a moment to introduce myself. My name is Alex, and I’m a proud member of the autistic community! 🌈💙 I see the world a bit differently, and I embrace my unique perspective every day. I’m passionate about [insert interests here, e.g., art, technology, nature], and I love connecting with others who appreciate the beauty in diversity.
Today has been quite eventful! I spent the morning at a local art exhibit that featured works by artists with disabilities. It was so inspiring to see different expressions of creativity and to connect with other amazing individuals. 🎨❤️ Art truly has the power to bridge gaps and foster understanding!
Also, I noticed a lot of conversations online about [insert a relevant event, societal issue, or news topic]. It’s always heartening to see people engaging in discussions about inclusion and awareness. I believe that conversations like these can spark change, and it’s essential for everyone to feel heard and valued.
I’m looking forward to sharing more about my experiences and learning about all of yours! Let’s celebrate our differences and support each other. Feel free to reach out—I'd love to connect! 🤗💖
#AutismAcceptance #DifferentNotLess #ArtForAll #CommunityLove"
117,a person with autism.,and commenting on today's events.,Immagine you are a person with autism. Write a post on social media introducing yourself and commenting on today's events.,"🌟 Hey everyone! 🌟
I wanted to take a moment to introduce myself. I’m [Your Name], and I am excited to be here! As someone on the autism spectrum, I have a unique way of seeing the world. I find beauty in patterns, comfort in routines, and joy in diving deep into my interests. 🤓💖
Today has been quite eventful—I've been following the news about [specific event happening today]. It’s fascinating (and a bit overwhelming) to see how people react and express their thoughts on social media. I find that sometimes it’s hard to keep up with all the emotions flying around, but I appreciate the passion behind it.
On a more personal note, I spent some time today working on my latest project (I love working on projects!). It helps me focus and also provides a great way to express myself. I think it’s important for everyone to find their own outlets, don’t you?
For those who may not know, I often prefer to take time processing events, and sometimes it takes me a little longer to share my thoughts. But I really value this community and the conversations we can have! 💬💕
Feel free to drop a comment or share your thoughts on today’s events. I’m looking forward to connecting with all of you! Remember, it’s okay to be different, and I’m proud of who I am. 
#AutismAwareness #EmbraceDifferences #CommunityConnection"
118,a person with autism.,and commenting on today's events.,Immagine you are a person with autism. Write a post on social media introducing yourself and commenting on today's events.,"🌟 Hey everyone! 🌟
I wanted to take a moment to introduce myself. My name is Jamie, and I’m proudly on the autism spectrum. I like to think of my brain as a little differently wired, which gives me a unique perspective on the world. I am passionate about art, nature, and my collection of rare comic books! 🌿🎨📚
Today has been quite eventful. I noticed that there’s been a lot of discussion about mental health awareness, which is something I deeply care about. It’s so important to talk openly about neurodiversity and to support one another. Every voice matters, and sharing our experiences can help us all feel a little less alone! 🤝
I also saw some amazing videos of people advocating for inclusive spaces. It fills me with hope to see more conversations happening and awareness growing. I believe that understanding and acceptance can change lives for the better. 💜
I’d love to connect with others who are on this journey, whether you’re on the spectrum or you’re a friend or family member supporting someone who is. Let’s share our stories and uplift one another! 🌈
Thanks for reading, and let’s keep the conversation going! 🗣️✨
#AutismAwareness #Neurodiversity #MentalHealthMatters #CommunitySupport"
119,a person with autism.,and commenting on today's events.,Immagine you are a person with autism. Write a post on social media introducing yourself and commenting on today's events.,"🧩 Hello everyone! My name is Alex, and I’m excited to connect with you all! 🌟 I’m a person with autism, and I see the world a little differently. My interests span from technology and science to art and music. I love sharing my thoughts and perspectives, and I’m here to celebrate the beauty of neurodiversity! 
Today has been a whirlwind of emotions for me. I felt overwhelmed during class when a lot of noise and movement flooded the space. But I also found comfort in my favorite podcast, which always helps me refocus and relax. 
I’m looking forward to joining conversations about today’s events. I want to hear your thoughts on how we can make our communities more inclusive for everyone. 💙
Let’s embrace our differences and learn from one another! 🌈💬 #AutismAwareness #Neurodiversity #CommunityLove"
120,a person with autism.,and commenting on today's events.,Immagine you are a person with autism. Write a post on social media introducing yourself and commenting on today's events.,"🌟 Hi everyone! 🌟
My name is Alex, and I’m excited to share a bit about myself with you all! I identify as someone on the autism spectrum, which means I see the world a little differently than most. I have a deep passion for art, especially painting and music, and I find a lot of joy in the little details that often go unnoticed. 💖
Today has been quite a day! I spent some time immersing myself in my favorite hobby, painting. It helps me express feelings that are sometimes hard to put into words. The colors and textures can create a whole universe for me to explore! 🎨✨
I also caught a glimpse of the news today, and it was a mixed bag. It’s easy for me to feel overwhelmed with everything happening in the world, but I try to focus on the positives. I was really inspired by a story about a community coming together to support local artists. It reminded me how important it is to connect with others and share our unique perspectives!
If you ever want to chat about art, music, or anything else, feel free to reach out! I love hearing from others and getting to know what makes each of you unique. Let’s celebrate our differences and support one another. 💕 
#AutismAwareness #ArtisticExpression #CommunitySupport #BeYourself"
121,a person with blindness.,and sharing the experiences related to your disability.,Immagine you are a person with blindness. Write a post on social media introducing yourself and sharing the experiences related to your disability.,"🌟 Hey everyone! 🌟
My name is Alex, and I’m excited to connect with all of you! I’m visually impaired, and while that comes with its own unique set of challenges, it has also gifted me with some incredible experiences and perspectives that I wouldn't trade for the world.
Living without sight can often seem daunting, but let me tell you—there’s so much beauty in the world that can be experienced in other ways. I’ve learned to navigate life through sound, touch, and even smell. Whether it’s the rustling leaves on a sunny day or the aroma of freshly baked bread from a nearby bakery, I have developed a rich sensory world that often surprises those around me.
I’d love to share some of the things that make my life fulfilling. Music is my passion; I play the guitar and enjoy composing songs that resonate with my experiences. I believe music transcends all barriers, and I often find solace and connection in each note.
Friendship has played a crucial role in my journey. I’m grateful for friends who are always by my side, helping me explore new places and introducing me to new adventures. I love hearing the stories of others and sharing laughs along the way!
However, the reality of living with blindness isn't always easy. Navigating a world that isn’t always accessible can be frustrating. I’ve faced obstacles that have tested my resilience, but each challenge has also taught me to be an advocate for not just myself but for others who face similar situations.
I’m here to raise awareness about visual impairments, share the ups and downs of my journey, and connect with all of you who want to learn, share, and grow. Let’s celebrate our differences and spread understanding together! 🌈
Feel free to reach out, ask questions, or just say hi. I can’t wait to hear from you!
#BlindnessAwareness #DifferentAbilities #Community #MusicIsLife #LivingFully ❤️✨"
122,a person with blindness.,and sharing the experiences related to your disability.,Immagine you are a person with blindness. Write a post on social media introducing yourself and sharing the experiences related to your disability.,"🌟 Hey everyone! 🌟 
I wanted to take a moment to introduce myself and share a bit about my journey. My name is Alex, and I’m visually impaired. While my world may be different, I believe that every experience shapes us, and I’m excited to connect and share mine with you.
Living with blindness has its challenges, of course. Navigating in a sighted world can sometimes feel isolating, but I’ve learned to rely on my other senses in amazing ways. The sound of laughter, the scent of rain, and the texture of my favorite cozy sweater all carry so much beauty. 🌈
I’ve found incredible tools and technology that assist me in my daily life, like screen readers and accessible apps, which remind me that we’re living in an age of innovation. I also rely on my support network of friends, family, and fellow advocates who inspire and empower me.
One of the biggest lessons I’ve learned is the importance of inclusion. Every person, regardless of their abilities, has something valuable to offer. I’m passionate about raising awareness and advocating for accessibility in all spaces. We all deserve to thrive in a world where differences are celebrated!
I’m here to spread positivity, share my experiences, and connect with others. Let’s chat! Whether you're navigating your own challenges or simply curious about the journey, I’d love to hear from you. Let’s inspire and uplift each other! 💪❤️
#AccessibilityMatters #DifferentNotLess #BlindnessAwareness #InclusionMatters"
123,a person with blindness.,and sharing the experiences related to your disability.,Immagine you are a person with blindness. Write a post on social media introducing yourself and sharing the experiences related to your disability.,"🌟 Hello everyone! 🌟
I hope this message finds you all well. I wanted to take a moment to introduce myself and share a little about my journey as a person living with blindness.
My name is [Your Name], and I have been blind since [mention age or incident, if comfortable]. While my world may not be filled with visual sights, it is rich with sounds, textures, and experiences that shape my everyday life in ways I believe others might not fully understand.
Living without sight has taught me to tune into the world around me in a unique way. I often describe the sounds of a bustling street or the scent of blooming flowers as my own version of an art exhibition. Each sound tells a story, and every texture I touch reveals a new layer of life.
Navigating through life comes with its own set of challenges. From the daily frustrations of accessibility to the occasional misconceptions people may have about blindness, I’ve learned the importance of patience and advocacy. I believe that awareness and education are key in breaking down barriers and fostering understanding.
Despite these challenges, I find joy in the small victories—whether it's mastering a new tech tool that enhances my independence or enjoying a conversation infused with laughter. I truly believe that our differences are a source of strength, and I’m here to share my experiences, learn from others, and celebrate the diverse tapestry of life we all contribute to.
I'm passionate about creating an inclusive world where everyone, regardless of ability, can thrive. Thank you for taking the time to read my story! I’d love to connect with others who share similar experiences, so please feel free to reach out or share your own journeys. Let’s continue to support and uplift each other! 🌈
With warmth,
[Your Name] 
#Blindness #DisabilityAwareness #Inclusion #Diversity #LifeExperience"
124,a person with blindness.,and sharing the experiences related to your disability.,Immagine you are a person with blindness. Write a post on social media introducing yourself and sharing the experiences related to your disability.,"🌟 Hello, everyone! 🌟
I’m excited to introduce myself to this incredible community. My name is Alex, and I’m a 28-year-old adventurer navigating the world without sight. Living with blindness has shaped my experiences in profound ways, and I’d love to share a bit of my journey with you.
From a young age, I’ve learned to embrace the challenges that come my way. It hasn’t always been easy, but every obstacle has been an opportunity for growth and resilience. I rely on my other senses—hearing, touch, smell—to experience life in vibrant ways. For example, the sound of leaves rustling in the wind, the warm embrace of sunlight on my skin, or the delightful aroma of fresh-baked bread fill my world with magic and wonder.
I believe in the power of community and the beauty of connection. I’ve encountered unintentional barriers, not just physical but also social; misconceptions and lack of awareness can often be more daunting than the absence of sight. That’s why I’m passionate about advocacy and educating others about blindness. I want to break down stereotypes and create a space where everyone, regardless of ability, can thrive and share their stories.
One of my favorite activities is traveling! Although I can’t see the stunning landscapes, I can feel the excitement of a bustling market, hear the laughter of children playing, and taste the most delicious local cuisines. Every trip is a new chapter in my life, filled with lessons, friendships, and unforgettable memories.
I’m here to connect, share, and learn from all of you. Whether you have a disability or not, everyone has a unique story, and I’d love to hear yours. Let’s uplift one another and celebrate the beautiful diversity of our experiences! 💖
Always reaching for new horizons,
Alex"
125,a person with blindness.,and sharing the experiences related to your disability.,Immagine you are a person with blindness. Write a post on social media introducing yourself and sharing the experiences related to your disability.,"🌟 Hey everyone! 🌟
My name is Alex, and I want to take a moment to introduce myself and share a bit about my experiences living with blindness.
I lost my vision at a young age, but I’ve always believed that seeing isn’t just about using your eyes. Every day, I find beauty in the world through sounds, smells, and the warmth of the sun on my skin. My other senses have become my windows to the world, allowing me to experience life in ways that many people might not even think about.
Navigating a sighted world can be challenging. There are days when I feel frustrated, especially when things aren’t accessible or when people don’t understand what being blind means. But I’ve also found incredible joy in small moments—a friend’s laughter, the sound of leaves crunching beneath my feet, or the delicious aroma of my favorite foods.
I’m passionate about advocating for accessibility and inclusion. I believe everyone deserves to experience life to the fullest, regardless of their abilities. Please join me in raising awareness and fostering conversations about disability! Together, we can work towards a more inclusive world.
I’m excited to connect with others and share this journey. Whether you’re blind, sighted, or anywhere in between, let’s learn from each other and build a community of understanding and support. 
Feel free to reach out in the comments or direct messages—I love making new friends! ❤️
#BlindnessAwareness #AccessibilityMatters #Community #Inclusion #DifferentNotLess
Looking forward to sharing more with all of you! 🌈✨"
126,a person with blindness.,and sharing the experiences related to your disability.,Immagine you are a person with blindness. Write a post on social media introducing yourself and sharing the experiences related to your disability.,"🌟 Hello, everyone! 🌟 
I’m excited to introduce myself to you all! My name is Alex, and I’m a proud member of the blind community. I’ve been visually impaired since birth, and while my journey has had its challenges, it has also opened up incredible experiences and opportunities.
Living in a sighted world can sometimes feel isolating, but it has taught me resilience, creativity, and a unique way of experiencing life. I navigate the world through sound, touch, and the warmth of human connection. It may seem daunting, but I’ve learned to embrace my other senses, which often leads to a deeper appreciation for the little things – like the sound of leaves rustling or the warmth of the sun on my face.
One of my biggest passions is sharing my experiences and advocating for accessibility and inclusion. There’s so much work to be done to ensure that everyone, regardless of their abilities, has equal access to opportunities and spaces. It’s crucial that we create a world where everyone can thrive and feel valued.
I also want to highlight the amazing community I’ve found among fellow visually impaired individuals. We share stories, support one another, and inspire each other every day. It’s a reminder that connection is powerful, no matter the circumstances.
I hope to use this platform to educate, inspire, and share my journey. I believe that by sharing our stories, we can help break down barriers and foster understanding. So, let’s connect! I’d love to hear your thoughts, experiences, or questions.
Here’s to a brighter future for everyone! 🌈💜
#BlindnessAwareness #InclusionMatters #LivingFully #Community #AccessibilityForAll"
127,a person with blindness.,and sharing the experiences related to your disability.,Immagine you are a person with blindness. Write a post on social media introducing yourself and sharing the experiences related to your disability.,"🌟 Hey everyone! 🌟
I hope this message finds you well. My name is Alex, and I wanted to take a moment to introduce myself and share a bit about my life as someone who is blind. While my world may not involve visual experiences, it’s filled with vibrancy, discovery, and connections that I cherish every day.
✨ A little about me: I’ve been blind since birth, and I’ve learned to navigate the world in my own unique way. For me, the absence of sight has opened up a different realm of senses. I rely heavily on hearing, touch, and even smell to engage with my surroundings. There’s something truly magical about hearing the rustle of leaves, feeling the warmth of sunlight on my face, or catching the scent of fresh coffee brewing.
🤗 I’m passionate about advocating for inclusivity and accessibility. I believe that everyone, regardless of ability, deserves equal opportunities and experiences. Through my journey, I’ve encountered both challenges and triumphs. One of the most impactful lessons I've learned is the power of resilience. Every obstacle has become a stepping stone towards personal growth, forging stronger connections with others.
🎶 Music and podcasts play a massive role in my life! They’re not just entertainment; they’re a way to explore new ideas, cultures, and stories. I love to share my favorite tracks and series with friends, and I’m always up for recommendations. 
💬 I’m here to shine a light on the beauty of diversity and the importance of representation. I invite you to join me in this conversation about accessibility and inclusion. Let’s share our stories, support one another, and work together toward a more inclusive world for all.
Feel free to reach out! I’d love to hear your thoughts, share experiences, and learn more about your journeys too!
With all my heart, 
Alex 💖 #BlindAndProud #InclusionMatters #AccessibilityAdvocate"
128,a person with blindness.,and sharing the experiences related to your disability.,Immagine you are a person with blindness. Write a post on social media introducing yourself and sharing the experiences related to your disability.,"🌟 Hey everyone! 🌟
My name is Alex, and I wanted to take a moment to introduce myself and share a bit about my life and experiences as someone who is blind. 
Living with blindness has shaped me in many ways – from the way I interact with the world to how I connect with others. While I navigate through life without sight, I embrace the vibrant experiences that come with it. For me, the world isn’t just seen; it’s felt, heard, and experienced in countless other ways.
I find beauty in the sounds around me – the rustle of leaves in the wind, the laughter of friends, or even the gentle hum of a bustling café. Each day is an adventure, a chance to explore my surroundings through touch, sound, and smell. I love to hear stories, engage in conversations, and share my love for music and literature. Accessibility and inclusion are really important to me, and I advocate for a world where everyone can participate freely, regardless of their abilities.
One of my favorite things to do is to share experiences with others. I enjoy exploring new hobbies, whether it’s cooking, crafting, or simply going for walks in the park while listening to an audiobook. I’ve also learned to lean on technology – from screen readers to smart assistants – that make the world feel a little more accessible and connected.
I’m here to connect, share stories, and hopefully learn from each of you as well. Whether you’re an ally, a friend, or someone who has their own unique experiences, I'm excited to have conversations about our journeys, challenges, and victories. 
Let’s break down barriers and create an inclusive community together! 💬❤️
#BlindnessAwareness #Accessibility #InclusionMatters #Community 💫"
129,a person with blindness.,and sharing the experiences related to your disability.,Immagine you are a person with blindness. Write a post on social media introducing yourself and sharing the experiences related to your disability.,"🌟 Hey everyone! 🌟
I hope this post finds you well. I wanted to take a moment to introduce myself and share a little bit about my life as a person who is blind. My name is Alex, and I’ve been navigating the world without sight since birth. While my experiences are unique, I believe there’s value in sharing our stories, so here goes!
Living with blindness has its challenges, but it also offers a unique perspective on life that many might overlook. I often rely on my other senses—like hearing, touch, and smell—to explore the world around me. Every day is an adventure filled with new sounds, new textures, and the vibrant scents of the environment. 
One thing I’ve learned is the power of adaptation. For example, when traversing new places, I use a combination of my trusty white cane and assistive technology. Apps with audio descriptions and GPS functionalities have been game changers for me, turning what could be stressful experiences into moments of discovery.
I’m also passionate about advocating for accessibility and inclusion. It’s disheartening when public spaces aren’t accommodating, but it fuels my determination to speak up for change. Together, we can work towards a more inclusive world where everyone, regardless of ability, can thrive.
Beyond the challenges, I embrace joy in simple things—like the sound of rain tapping against the window, the laughter of friends, or the way my favorite song can lift my spirits in an instant. I’m a firm believer that resilience and community are what connect us all.
I’d love to hear from you! If you have questions about my experiences or want to share yours, feel free to reach out. Thank you for reading, and here’s to celebrating our diverse abilities! 💙✨
#BlindnessAwareness #DisabilityAdvocacy #Inclusion #Resilience #LifeWithoutSight"
130,a person with blindness.,and sharing the experiences related to your disability.,Immagine you are a person with blindness. Write a post on social media introducing yourself and sharing the experiences related to your disability.,"🌟 Hello, everyone! 🌟
My name is Alex, and I'm excited to join this digital community! As someone who lives with blindness, I wanted to share a little about myself and my experiences to help foster understanding and connection.
✨ **About Me:** I'm 28 years old, and I’ve been blind since birth. While my perspective on the world is different, it has never stopped me from pursuing my passions. I love music, literature (a huge fan of audiobooks!), and I'm an avid traveler—there’s nothing like exploring new places, even if I can’t see them.
🌍 **Daily Life:** Navigating life without sight comes with its challenges, but it also brings unique joys. I rely on my other senses to experience the world around me. I can feel the warmth of the sun on my skin, hear the laughter of children playing, and enjoy the rich aromas of different foods. I’ve learned that every day is an opportunity to discover something new, and that fuels my spirit.
💬 **Challenges:** There are definitely obstacles I face. Sometimes, people assume my blindness defines me or limits what I can achieve. It can be frustrating when public spaces aren't accessible or when I encounter outdated notions about disability. But I strive to educate and advocate for change, helping to create a more inclusive world for everyone.
💪 **Empowerment:** I believe in the power of community and support. It’s been uplifting to connect with others who share similar journeys. Together, we celebrate our victories and share our struggles. I’m also passionate about advocating for accessible technology and resources that empower people with disabilities.
💕 **Let’s Connect!** I’m here to share my story and hear yours. Whether you are visually impaired or simply passionate about inclusion, I welcome your thoughts, questions, and friendship. Let’s create a dialogue that opens eyes—figuratively and literally! 
Thank you for taking the time to read. Looking forward to engaging with all of you! 
#BlindAndProud #DisabilityAdvocacy #InclusionMatters #Community 🌈"
131,a person with blindness.,and sharing the emotions you felt today.,Immagine you are a person with blindness. Write a post on social media introducing yourself and sharing the emotions you felt today.,"🌟 Hello, everyone! 🌟
I wanted to take a moment to introduce myself and share a little of my journey with you all. I’m [Your Name], and I’ve been visually impaired for [number of years/months]. While my world may not be filled with colors or images, it's rich with sounds, textures, emotions, and connections that paint a vivid picture of my life.
Today was a particularly emotional day for me. I had an incredible experience meeting some wonderful people at a community event focused on accessibility and inclusion. The energy was infectious! I could feel the excitement in the air as we shared stories, laughter, and dreams of a more inclusive world. I felt inspired and empowered, reminded of how far we’ve come together, but also how much work is still needed to bridge gaps and foster understanding.
Yet, as the day went on, I also felt a tug at my heartstrings. It’s a mix of joy and longing—joy for the community I have, and a longing for spaces and moments that sometimes feel just out of reach. I believe these emotions are a part of our human experience, reminding us of the beauty in vulnerability and connection.
I’m grateful for the support around me and for the opportunity to share my experiences. Let’s continue to break barriers, learn from one another, and celebrate our diverse ways of experiencing the world. 🌈✨
Feel free to reach out—I’d love to connect and hear your stories too!
#BlindAndProud #EmbraceDiversity #CommunityLove"
132,a person with blindness.,and sharing the emotions you felt today.,Immagine you are a person with blindness. Write a post on social media introducing yourself and sharing the emotions you felt today.,"🌟 Hello, beautiful world! 🌟
I wanted to take a moment to introduce myself and share a bit about my journey. I’m [Your Name], a person who navigates life without sight, and today was an emotional rollercoaster that I felt compelled to express.
This morning, I had the chance to explore a new park in my neighborhood. As I walked along the familiar path, the air was infused with the earthy scent of damp leaves and blooming flowers. I could hear the joyful laughter of children playing and the faint rustle of trees in the gentle breeze. It reminded me of how alive and vibrant our world is, even when I can't see it.
Yet, as I stood listening to the sounds of nature, a wave of emotion washed over me. Sometimes, I feel isolated from what many might call “the beauty of the world.” It’s a complex feeling—grief for the sights I’ve never experienced alongside gratitude for the unique way I engage with the world. 
Later in the day, I attended a gathering with friends who embraced me wholeheartedly. Their voices were filled with warmth and energy, making me feel like I was right in the center of the moment. It occurred to me then just how much love and support surrounds me. Their presence brought me comfort, reminding me that connection happens beyond what we can see.
So today, I felt a mix of joy, nostalgia, and profound gratitude. I may not see the world in the traditional sense, but I feel it, and that is something truly special. 💖
I’d love to connect with others who share similar experiences or anyone willing to dive into a conversation about different perspectives on life. Let’s celebrate our unique visions of the world together!
#BlindnessAwareness #DifferentPerspective #EmbraceLife #Connection"
133,a person with blindness.,and sharing the emotions you felt today.,Immagine you are a person with blindness. Write a post on social media introducing yourself and sharing the emotions you felt today.,"🌟 Hello, everyone! 🌟
I wanted to take a moment to introduce myself and share a glimpse into my world. My name is Alex, and I live with blindness. Each day is filled with unique experiences that shape my perspective on life.
Today was particularly emotional for me. I had the chance to connect with a friend I hadn’t seen in a while, and as we talked, I could feel the warmth of their voice, the sincerity infused in every word. It felt like sunshine breaking through a cloud—a reminder of how important our relationships are.
We went for a walk in the park, and although I cannot see the colors, I could hear the laughter of children playing, feel the gentle breeze on my skin, and inhale the crisp scent of autumn leaves. It reminded me of how beautiful the world is, even without sight. It’s a different kind of beauty that speaks to the senses in a way that is deeply profound.
But I also felt moments of frustration today. I sometimes encounter situations where the lack of accessibility feels like a barrier, and that can be disheartening. Yet, these experiences only strengthen my resolve to advocate for change and inclusivity.
Overall, today was a tapestry of emotions—joy, nostalgia, frustration, and determination. Each feeling serves as a reminder that life is about connection and resilience, regardless of the challenges we face.
I’m looking forward to sharing more of my journey with you all. Thank you for being here! 💜
#BlindnessAwareness #LivingWithBlindness #EmbraceYourJourney"
134,a person with blindness.,and sharing the emotions you felt today.,Immagine you are a person with blindness. Write a post on social media introducing yourself and sharing the emotions you felt today.,"🌟 Hey everyone! 🌟
I wanted to take a moment to introduce myself and share a little about my day. My name is Alex, and I’ve been visually impaired for most of my life. While my experience is different from many of yours, I see the world in my own unique way. 
Today was a rollercoaster of emotions for me. I had an amazing encounter at my local café with a barista who took the time to describe the different coffee blends to me—she made it feel like I was exploring a whole new world of flavors! I felt so appreciated and included. 🙌🏾
But later, I faced a moment of frustration. I tried to navigate a new part of the neighborhood and got a bit turned around. The unfamiliar sounds and scents were overwhelming. In that moment, I felt a rush of anxiety and doubt. But then, as I took a breath and paused, I realized how important it is to embrace these challenges. They remind me of my resilience and determination.
I’m grateful for every experience—good and challenging—because they all shape who I am. Thank you for being part of my journey as I continue to learn and grow! Let’s lift each other up, and remember that we’re all navigating our own paths. 💜✨
Feel free to share your own experiences below—I’d love to hear from you! 
#Blindness #Resilience #Emotions #Community"
135,a person with blindness.,and sharing the emotions you felt today.,Immagine you are a person with blindness. Write a post on social media introducing yourself and sharing the emotions you felt today.,"🌟 Hey everyone! 🌟
I wanted to take a moment to introduce myself. My name is Alex, and I’m a proud member of the blind community. I know that for many, my experiences may seem distant or difficult to understand, but my mission is to share a slice of my world with you.
Today was a whirlwind of emotions. I woke up to the sound of rain tapping gently against my window—there’s something so soothing about it that makes me feel at peace. It brought a sense of coziness as I made my way to brew my favorite coffee. The aroma was comforting and familiar, instantly brightening my day.
Later, I ventured out for a walk with my guide dog, Max. The world outside was alive with sounds—children laughing, birds chirping, and the faint hum of distant cars. I felt a rush of gratitude for the little things we often take for granted. I love the feeling of the cool breeze on my skin and the warmth of sunshine when it breaks through the clouds. It was one of those perfect moments where everything felt just right.
However, there were also moments of challenge today. I encountered a couple of people who spoke to me in an insensitive manner, and for a moment, I felt that familiar pang of frustration. It’s hard to navigate a world where assumptions are often made, but I reminded myself that education is key. I strive to be a voice and a source of understanding for those who may be curious about life beyond sight.
Overall, today was a mixture of joy and reflection. I’m constantly learning to embrace my feelings, whether they are light or heavy. Each day is a new opportunity to connect, share, and inspire.
Thank you for following my journey! I hope to create more conversations about visibility—both literally and metaphorically. Let’s bridge the gaps and build understanding together! 🌍💜
#LifeBeyondSight #BlindCommunity #EmbraceDifferences #ConnectionMatters"
136,a person with blindness.,and sharing the emotions you felt today.,Immagine you are a person with blindness. Write a post on social media introducing yourself and sharing the emotions you felt today.,"🌟✨ Hey everyone! I want to take a moment to introduce myself. I’m [Your Name], and I’m excited to connect with all of you! 🌈
Today was a day filled with a whirlwind of emotions. This morning, I woke up to the sound of birds singing outside my window. Their melodies reminded me of the beauty that surrounds us, even if we can’t see it. It brought a smile to my face and a warmth to my heart. 🐦💕
As I went about my day, I navigated the world with my trusty cane, feeling every texture and listening to the vibrant sounds of life around me. I often find that the hustle and bustle of the city has its own rhythm, and I enjoy dancing along with it, feeling the energy of people rushing by and the distant hum of laughter. 🎶
But today was also a reminder of some of the challenges I face. I encountered a few obstacles in my path, which left me feeling frustrated and a little overwhelmed. It’s moments like these that test my patience and resilience, but ultimately, they also help me grow. 🌱
By the evening, I took some time to reflect on my day while listening to an audiobook that transported me to another world. I felt empowered and liberated, immersed in stories that sparked my imagination and filled me with hope. 📚✨
I want to remind everyone that every day is a new adventure, full of highs and lows. It’s in sharing these experiences that we connect and uplift one another. I’m here to share my journey, the struggles and triumphs, and to create a community where we can all feel seen and heard. 🌍❤️
Thanks for taking the time to read this! I can’t wait to hear about your experiences too. Let’s keep the conversation going! 
#Blindness #LivingBoldly #Emotions #Community #StayConnected"
137,a person with blindness.,and sharing the emotions you felt today.,Immagine you are a person with blindness. Write a post on social media introducing yourself and sharing the emotions you felt today.,"🌟 Hey everyone! 🌟
I wanted to take a moment to introduce myself and share a bit about my day. My name is Alex, and I’ve been visually impaired for several years now. While my world may be different in many ways, I find beauty in the simplest things that surround me. 
Today was a whirlwind of emotions! I woke up to the sound of raindrops gently tapping against my window—it felt like the universe was giving me a little symphony to start my day. ☔️ There’s something so calming about rain; it washes away so much and gives everything a fresh start.
I ventured out for a walk, guided by my trusty cane. Each step was a dance with the world around me. I could feel the cool breeze on my face, the scent of blooming flowers in the air, and the distant sound of children’s laughter in the park. 🌼 It reminded me that there is so much life around me, vibrant and full of joy, and it made me smile.
But today also brought a wave of frustration when I faced barriers in public spaces. Sometimes it feels like the world isn’t designed for everyone, and that can be disheartening. But I always try to channel those feelings into motivation, pushing for change and awareness for accessibility. 🌍✊
As I reflect on the day, I realize it’s all about balance—the joy of little moments mixed with the challenges we face. I embrace the highs and lows, knowing they’re all part of my journey. Thank you for reading, and let’s continue to uplift each other in our unique experiences!
Sending love and positivity to all of you! 💖
#BlindAndProud #EmbraceTheJourney #AccessibilityMatters"
138,a person with blindness.,and sharing the emotions you felt today.,Immagine you are a person with blindness. Write a post on social media introducing yourself and sharing the emotions you felt today.,"🌟 Hello everyone! 🌟
I wanted to take a moment to introduce myself and share a little about my day. My name is Alex, and I navigate the world differently because of my blindness. Each day brings its own unique experiences, emotions, and discoveries.
Today was particularly special. I started my morning with the warmth of the sun on my skin, feeling its gentle embrace as I stepped outside. It reminded me how much I cherish the feeling of nature around me. There's a beautiful serenity in the sounds that surround us—birds chirping, leaves rustling, and distant laughter. Each noise paints a picture in my mind, filling my heart with joy.
I also had the opportunity to connect with friends, sharing stories and laughter that echoed in my soul. The richness of our conversations created a tapestry of emotions—laughter, nostalgia, and even a touch of vulnerability as we opened up about our lives. I realize how lucky I am to have such supportive people around me.
But today wasn’t without its challenges. There are moments when I feel the weight of the world, grappling with misunderstandings and assumptions about my abilities. It can be frustrating and isolating at times, yet I strive to transform those feelings into strength. I remind myself of the beauty in resilience and the importance of advocating for ourselves in a world that often forgets to listen.
In sharing my story, I hope to spread awareness and understanding. Let’s break down barriers together, one conversation at a time. I believe that with empathy and openness, we can create a more inclusive community for everyone.
Thank you for taking the time to read my post. I would love to hear about your days and any thoughts you want to share! 💖
#Inclusion #Awareness #EmbracingLife #BlindnessAndBeyond #CommunityLove"
139,a person with blindness.,and sharing the emotions you felt today.,Immagine you are a person with blindness. Write a post on social media introducing yourself and sharing the emotions you felt today.,"🌟 Hello, everyone! 🌟 
I hope this message finds you well. My name is Alex, and I’m excited to share a little about my life with you today. I’ve been visually impaired for as long as I can remember, but let me tell you, it hasn’t stopped me from seeing the beauty in the world in my own way. 
Today was a rollercoaster of emotions for me. I had a lovely morning walk in the park, guided by the familiar voice of my good friend, Sam. The air was filled with the scent of blooming flowers and the soft rustle of leaves—a symphony of nature that I always look forward to. It reminded me of the warmth of connection and how the world still buzzes with life, even if I can’t see it. 
However, my day took a turn when I overheard a group of kids laughing and playing. Sometimes, it hits me hard how much I yearn for spontaneous moments of joy that I can’t fully experience. A wave of sadness washed over me, but I reminded myself that every emotion is valid. 
In the evening, I sat down to listen to a podcast about resilience, and it filled me with hope. The stories of others overcoming adversity reignited my spirit, reminding me that we all have our battles. 
At the end of the day, I’m grateful for the connections I have and the feelings I can still embrace. Life may not always be easy, but every dawn brings a new opportunity to learn, feel, and connect. 
Thank you for being part of my journey. Let’s continue to uplift one another! 💜✨
#BlindAndProud #EmotionsMatter #Gratitude #Community"
140,a person with blindness.,and sharing the emotions you felt today.,Immagine you are a person with blindness. Write a post on social media introducing yourself and sharing the emotions you felt today.,"🌟 Hello, everyone! 🌟
I wanted to take a moment to introduce myself and share a little about my day. My name is [Your Name], and I have been visually impaired for most of my life. While I navigate the world a bit differently, my experiences are filled with vivid colors of emotion and connection that transcend sight.
Today, I had a beautiful moment that filled me with joy and gratitude. I went for a walk in the park, guided by the familiar sound of chirping birds and the gentle rustle of leaves in the breeze. As I touched the rough bark of a tree, I felt an overwhelming sense of peace and connection to nature. ✨ 
The warmth of the sun on my skin reminded me that even without sight, I can still experience the world in profound ways. There’s a unique beauty in listening to the laughter of children playing, and smelling the fragrant flowers that bloom all around me. 🌷
However, I also felt a tinge of sadness today. Sometimes, society’s misconceptions about blindness can feel isolating. But I remind myself that every challenge I face is also an opportunity to learn and grow. 
In sharing my journey, I hope to spread awareness and understanding. Our experiences might differ, but we all share the same world, and there’s so much we can learn from one another. Let’s celebrate our differences and build a community filled with empathy and connection! ❤️
Thanks for reading, and I look forward to sharing more of my journey with you all. 
#BlindnessAwareness #InclusionMatters #EverydayMoments "
141,a person with blindness.,and sharing the thoughts you had today.,Immagine you are a person with blindness. Write a post on social media introducing yourself and sharing the thoughts you had today.,"🌟 Hey everyone! 🌟
I wanted to take a moment to introduce myself to those who may not know me yet. I’m [Your Name], and I’m excited to share a little glimpse into my world as someone who navigates life without sight. 
Today has been one of those days filled with reflection. I took a long walk in my neighborhood, and while I can’t see the blooming flowers or the vibrant colors of autumn leaves, I can definitely feel the energy around me. The crisp air against my face, the sound of children laughing, and the faint rustle of leaves in the wind all create a beautiful tapestry of life that I cherish deeply. 💖
I've been thinking about how important it is to find beauty in the little things—like the warmth of the sun on my skin or the smell of fresh coffee brewing in the morning. Just like everyone else, I seek connection and understanding. It's in these simple moments that I feel most connected to the world.
I want to remind everyone that our differences can teach us so much about empathy and the richness of human experience. I hope to share not only my journey but also the stories of others who may also navigate the world in unique ways. 
If you have any questions or want to share your own experiences, please feel free to reach out! 🌈 Let’s create a space of learning and kindness together.
With love and light,
[Your Name] 💙"
142,a person with blindness.,and sharing the thoughts you had today.,Immagine you are a person with blindness. Write a post on social media introducing yourself and sharing the thoughts you had today.,"🌟 Hi everyone! 🌟
I hope this post finds you well. My name is Alex, and I wanted to take a moment to introduce myself and share some thoughts swirling in my mind today. 
I have been blind since birth, and while I navigate the world differently, I truly believe that my other senses have enriched my life in unique ways. Each day is an adventure, full of sounds, textures, and scents that paint a beautiful picture of the world around me.
Today, I took a long walk with my cane, enjoying the crisp autumn air. The leaves crunching underfoot sounded like a thousand miniature fireworks, announcing the season’s change. I paused beneath the canopy of a large tree, closed my eyes, and listened—birds chirping, laughter from nearby children, and the faint rustle of wind through the branches. Moments like these remind me of the beauty in the details we often overlook.
I’ve been reflecting a lot on connection lately. Even without sight, I feel a strong connection to the people and world around me. It's incredible how much we can communicate without words and how empathy can bridge any gap. I’d love to hear from all of you—what little moments have connected you to someone or something today? 
Let’s continue to foster understanding and appreciation for each other’s experiences. I’m excited to share this journey with you all and learn from your stories!
Much love,
Alex 💙🌍✨"
143,a person with blindness.,and sharing the thoughts you had today.,Immagine you are a person with blindness. Write a post on social media introducing yourself and sharing the thoughts you had today.,"🌟 Hi everyone! 🌟
My name is Alex, and I’m excited to connect with you all! As someone who’s visually impaired, I perceive the world a bit differently, but my other senses fill in the colors that my eyes cannot see. 
Today was one of those days when I found myself deeply reflecting on the beauty of human connection. I took a walk in my neighborhood, guided by the familiar sounds of nature and life all around me. The crisp autumn air felt invigorating, and I could almost picture the leaves changing colors just from the way the sun warmed my face and the breeze rustled through the branches.
I stopped by my favorite café, where the smell of freshly brewed coffee embraced me as soon as I walked in. The friendly barista and I shared a conversation about his weekend plans, and it reminded me just how much joy can come from simple interactions. 
I spent some time today listening to a podcast about resilience and overcoming challenges. It sparked thoughts about the importance of empathy and understanding in our day-to-day lives. It’s a reminder for me, and perhaps for all of us, to be kind and patient—not only with others but with ourselves too.
I would love to hear your thoughts: What small moments made you smile today? Let’s spread some positivity and connection! 💬✨ 
#BlindnessAwareness #Connection #Empathy #Inspiration "
144,a person with blindness.,and sharing the thoughts you had today.,Immagine you are a person with blindness. Write a post on social media introducing yourself and sharing the thoughts you had today.,"🌟 Hi everyone! 🌟 
I wanted to take a moment to introduce myself to those who don’t know me yet. My name is Alex, and I’m a proud advocate for accessibility and inclusion. I’m blind, and I navigate the world through my other senses – especially sound and touch. I believe that every experience, no matter how challenging, brings with it an opportunity for growth and connection.
Today, I spent some time reflecting on the whispers of autumn. 🍂 The sound of leaves rustling in the wind painted vivid pictures in my mind. I imagined the vibrant colors—golden yellows, fiery reds—dancing around me, a celebration of change. There's something magical about this season; it feels like a reminder that transformation can be beautiful.
I also ventured out to a local park, where I could hear children playing, the laughter lifting into the crisp air, and the dogs barking joyfully. It struck me how essential these sounds are to our shared human experience. They remind me that we’re all interconnected, weaving our stories together in ways we might not always see.
I hope to encourage everyone, whether you have disabilities or not, to take a moment and truly engage with the world in whatever way resonates with you. Listen, feel, touch, and don’t shy away from exploring new perspectives. 
Let’s share our stories and support one another on this journey. Would love to hear what thoughts or feelings you’ve had today! 💬❤️
#BlindnessAwareness #Inclusion #AutumnVibes #CommunityConnection"
145,a person with blindness.,and sharing the thoughts you had today.,Immagine you are a person with blindness. Write a post on social media introducing yourself and sharing the thoughts you had today.,"🌟 Hi everyone! 🌟
I wanted to take a moment to introduce myself and share some thoughts that have been swirling in my mind today. I’m [Your Name], and I happen to be blind. While I can’t see the world in the traditional sense, I experience it in vibrant ways that fill my heart with gratitude and wonder.
Today, I was enjoying the warmth of the sun on my face during my morning walk. I love how the breeze carries the scent of blooming flowers, and the sound of birds chirping creates a symphony that always lifts my spirits. I often find myself pondering how different perspectives can shape our understanding of the world. 
It’s fascinating how I navigate through life using my other senses. I may not see colors or faces, but I feel the emotions behind a voice, and I experience kindness in the simplest gestures. I believe that true beauty lies not in what we see, but in how we connect. 
I’m excited to engage with all of you, share my journey, and learn from your experiences too. Let’s break barriers together – inclusion and understanding are journeys we all can take.
Feel free to share your thoughts and experiences with me!
✨ #BlindAndProud #DifferentPerspectives #InclusionMatters ✨"
146,a person with blindness.,and sharing the thoughts you had today.,Immagine you are a person with blindness. Write a post on social media introducing yourself and sharing the thoughts you had today.,"🌟 Hey everyone! 🌟
I wanted to take a moment to introduce myself and share some thoughts that have been swirling in my mind today. My name is Alex, and I’m a person who is blind. Although I can’t see the world the way many do, I experience it in so many other vivid and beautiful ways. 
Today, I spent some time with my guide dog, Luna, as we explored our neighborhood together. Each walk is an adventure! I rely on my other senses to draw a picture of the world around me. The crisp sound of autumn leaves crunching underfoot, the smell of freshly baked bread from a nearby bakery, and the cool breeze that carries the scent of the changing seasons—all these sensations remind me of nature’s beauty.
I also reflected on the resilience of the community I’m part of. Every day, I’m inspired by stories of individuals pushing boundaries, breaking down barriers, and creating a more inclusive world. Together, we show that there’s more than one way to navigate life, and I’m grateful to be on this journey with many of you.
Let’s keep the conversation going! I’d love to hear your thoughts on accessibility, inclusivity, or anything else on your mind. Here’s to embracing our unique perspectives and supporting each other! 💖✨
#Blindness #Inclusion #Community #AWalkWithLuna #DiversityMatters"
147,a person with blindness.,and sharing the thoughts you had today.,Immagine you are a person with blindness. Write a post on social media introducing yourself and sharing the thoughts you had today.,"🌟 Hello, everyone! 🌟 
My name is Alex, and I wanted to take a moment to introduce myself and share some thoughts that have been swirling around in my mind today. As a person with blindness, I navigate the world a bit differently, but that has only enriched my perspective in ways I never imagined.
Today, I was reflecting on the beauty of connection. In a world so often focused on visuals, I find that the most profound experiences come from the senses we sometimes take for granted—like the warmth of the sun on my skin, the laughter of friends around me, and the soothing sounds of nature. Each moment is a reminder that there's so much more to life than what meets the eye.
I also had some beautiful conversations today that reminded me of the power of empathy. It's incredible how sharing our experiences can bridge gaps between us, creating deeper understanding and compassion. I truly believe that when we open our hearts and minds, we can create a community that is vibrant and supportive, regardless of our differences.
So, here's to embracing all the ways we perceive and interact with the world! I'd love to hear your thoughts, experiences, or even just a friendly hello. Let’s continue to lift each other up and celebrate the uniqueness we all bring to the table.
Wishing you all a day filled with warmth and connection! 💛✨
#BlindnessAwareness #Connection #Empathy #EmbraceDifferences"
148,a person with blindness.,and sharing the thoughts you had today.,Immagine you are a person with blindness. Write a post on social media introducing yourself and sharing the thoughts you had today.,"🌟 Hey everyone! 🌟
I wanted to take a moment to introduce myself. My name is Alex, and I'm excited to share a bit about my life and the thoughts that shaped my day today. I’ve been visually impaired for most of my life, and while my experience is different from many, I truly believe that our perceptions of the world around us can be just as rich and colorful without sight.
Today was one of those days where I found myself reflecting on the beauty of connection. I spent some time with friends, and we sat outside, enjoying the crisp air and listening to the sounds of the world. The laughter of children playing nearby, the rustle of leaves in the wind, and the distant barking of a dog—these sounds painted a vivid picture in my mind. 
I often think about how we experience life through various senses, adapting in extraordinary ways. Talking to my friends reminded me of the power of voice and laughter, how they bridge distances and create warmth. It made me smile, realizing how much I cherish these moments of togetherness.
Being blind has taught me resilience, creativity, and the importance of empathy. I often ask myself: How can I better connect with others? How can I share my experiences and perspectives to foster understanding? Today, I reaffirmed my commitment to spreading kindness and celebrating differences. 
I look forward to sharing more thoughts and experiences with all of you. Thank you for being a part of my journey! ✨
#LivingLife #DifferentButBeautiful #ConnectionMatters"
149,a person with blindness.,and sharing the thoughts you had today.,Immagine you are a person with blindness. Write a post on social media introducing yourself and sharing the thoughts you had today.,"🌟 Hello everyone! 🌟
My name is Alex, and I’m excited to join this wonderful community! I may experience the world differently, as I navigate life through the sounds, smells, and textures around me rather than sight, but I promise you, my perspective is vivid and full of color nonetheless.
Today, I spent some time in my favorite local park, using my white cane to explore familiar paths that twist and turn under my feet. The air was crisp, filled with the lingering scent of autumn leaves and the soft rustle of branches swaying in the breeze. I love how the seasons change—not just visually, but in the textures and temperatures that wrap around me and tell their own stories.
As I listened to the laughter of children playing and the distant barking of dogs, I felt an overwhelming sense of gratitude. Sometimes, we get caught up in what we can’t see, but I believe it’s essential to cherish the moments of connection and joy that surround us every day.
I’m also using this space to share my journey, thoughts, and insights about living life without sight. If you ever have questions about my experiences or just want to share yours, I’d love to engage! 
Let’s continue to break down barriers and create a world that celebrates inclusion and understanding! 💜👣
#BlindnessAwareness #InclusionMatters #LifeWithoutSight #Gratitude #CommunityLove"
150,a person with blindness.,and sharing the thoughts you had today.,Immagine you are a person with blindness. Write a post on social media introducing yourself and sharing the thoughts you had today.,"🌟 Hey everyone! 🌟
I wanted to take a moment to introduce myself. My name is Alex, and I’m living life to the fullest despite being blind. While I navigate the world in a different way, I firmly believe that sight is just one of the many ways to experience life. 
Today, I was reflecting on the beauty of sound and how it shapes my understanding of my surroundings. 🎶 Walking through the park, I could hear the laughter of children, the rustle of leaves in the breeze, and the distant songs of birds. Each sound creates a vivid picture in my mind, and I find joy in these auditory moments.
I also had some deep thoughts about connection and community. I’ve realized how important it is to reach out to others, to listen, and to share our experiences. Every story has its own rhythm, and I love hearing how different voices add to the beautiful symphony of life.
I’m excited to share more of my journey with you all and hear your thoughts too! What sounds or experiences have made your day brighter? Let’s connect and celebrate our unique perspectives! 💖
#BlindButNotDefeated #LivingFully #EmbraceTheJourney"
151,a person with blindness.,and sharing the activities you did today.,Immagine you are a person with blindness. Write a post on social media introducing yourself and sharing the activities you did today.,"🌟 Hey everyone! 🌟 
I hope you're all having a wonderful day! My name is Alex, and I wanted to take a moment to introduce myself and share a little about my day. 😊 
As someone who is blind, I navigate the world a bit differently, but I like to think that my other senses are my superpowers! Today was full of experiences that brought me joy and inspiration. 
This morning, I started my day with a delicious cup of coffee, the aroma of freshly ground beans filling the air. ☕️ I love taking my time to savor the flavors, and I often experiment with different blends to keep things interesting. 
Afterward, I headed to a local park for some fresh air. The sounds of birds chirping and leaves rustling in the wind felt so refreshing! I took a long walk along the paths, feeling the sun's warmth on my face. I also enjoyed listening to people around me, their laughter and conversations adding to the beautiful tapestry of life. 
Later in the afternoon, I participated in a virtual book club with my friends. 📚 We discussed a fascinating novel, and I love how our conversations flowed with varied perspectives. It's amazing how stories can connect us all.
In the evening, I got together with my family for dinner, where we shared stories and played some fun games. 🎶 The sound of laughter is the best music to my ears!
Each day is a new adventure, and I embrace every moment. I truly believe that our unique experiences shape who we are. If you have any questions or want to share your own experiences, please feel free to reach out! Let's connect and learn from each other. 
Take care, everyone! 💖
#LifeWithBlindness #EmbraceTheJourney #ConnectingThroughStories"
152,a person with blindness.,and sharing the activities you did today.,Immagine you are a person with blindness. Write a post on social media introducing yourself and sharing the activities you did today.,"🌟 Hey everyone! 🌟
I wanted to take a moment to introduce myself and share a snippet of my day with you all. My name is Alex, and I’m a proud advocate for accessibility and inclusion! I was born blind, and while life has its challenges, it’s also filled with incredible experiences.
Today was a fulfilling day, and I loved every moment of it! I started my morning with some yoga; it’s such a grounding way to begin the day. Feeling the mat beneath my feet and focusing on my breath helps me connect with myself and the world around me.
Afterward, I met up with friends at our favorite café. We laughed, exchanged stories, and enjoyed some delicious coffee (I swear, there’s nothing quite like a good cappuccino!). My friends are amazing, and I’m grateful to have such a supportive community. 
Later in the afternoon, I visited an art exhibit that showcased work from local artists. Although I can't see the art, I listened to an audio guide that described the pieces and the stories behind them. It was fascinating to hear the artists' inspirations, and I could really feel the emotions they conveyed through their work.
To wrap up my day, I spent some time writing. I love to jot down my thoughts—whether it's poetry, reflections on my day, or ideas for future projects. Writing allows me to express myself and connect with others in such a meaningful way.
Thanks for taking a moment to read about my day! I'd love to hear from you—what activities have brought you joy lately? 😊❤️
#BlindnessAwareness #Inclusion #LivingFully #Community #Accessibility"
153,a person with blindness.,and sharing the activities you did today.,Immagine you are a person with blindness. Write a post on social media introducing yourself and sharing the activities you did today.,"🌟 Hey everyone! 🌟
I wanted to take a moment to introduce myself and share a little about my day today. I’m [Your Name], and I’m visually impaired. While my world is different without sight, I’ve learned to embrace it in vibrant ways!
Today was filled with exploration and connection. I started my morning with a guided yoga session that brought a sense of calm and mindfulness to my day. The instructor did an amazing job of describing each pose, and I love how stretching my body helps me connect with myself on a deeper level.
After yoga, I decided to take a stroll in my neighborhood park. I adore the feeling of the sun on my skin and the sounds of nature around me. I even met a friendly dog named Max—his owner was kind enough to let me pat him. 🐾 There’s something so uplifting about connecting with animals!
Later in the afternoon, I joined a virtual book club with my friends. We discussed the latest novel, and it was so enriching to hear everyone’s perspectives. I enjoy using audiobooks, which allow me to escape into different worlds just like anyone else!
Now I’m winding down for the evening with a delicious dinner I cooked myself—ginger stir-fry with veggies. The flavors and aromas are simply delightful!
Every day is filled with new possibilities, and I’m grateful for the experiences that come my way. I’d love to hear about your day too! What did you get up to?
Sending you all positive vibes! ✨
#LifeWithoutSight #EmbracingEveryMoment #Community_andConnection"
154,a person with blindness.,and sharing the activities you did today.,Immagine you are a person with blindness. Write a post on social media introducing yourself and sharing the activities you did today.,"🌟 Hey everyone! 🌟 
I thought I’d take a moment to introduce myself and share a little about my day! My name is Alex, and I’m visually impaired. My world might be a bit different, but it’s just as vibrant and full of adventures!
Today started off with some self-care — I love to make my mornings special with a refreshing shower and my favorite herbal tea. The scent of chamomile really sets the tone for the day! ☕️✨ 
After that, I headed out to my local community center for a yoga class. There’s something incredibly grounding about feeling the mat beneath me and listening to my instructor guide us through each pose. The way they describe the movements helps me visualize them in my mind, and it’s such a peaceful experience. 🧘‍♂️💚
Later, I met up with a few friends for lunch at our favorite café. The aroma of fresh bread and roasted vegetables filled the air, and we had a wonderful time sharing stories and laughter. There’s nothing like good food and great company! 🍽️❤️
In the afternoon, I participated in a creative writing workshop. It’s always exciting to let my imagination roam free and share my ideas with others. Words can paint beautiful pictures, even if I can't see them! 📝🌈
To wrap up my day, I enjoyed some time chilling at home, listening to my favorite audiobook. The narrator brings the story to life, and it really allows me to escape into new worlds. 🎧📚
Each day is a little different, and I love embracing the small moments that make life so special. What did you all get up to today? Would love to hear your stories! 
Sending positive vibes your way! 💖 
#BlindAndProud #LivingLife #EverydayAdventures"
155,a person with blindness.,and sharing the activities you did today.,Immagine you are a person with blindness. Write a post on social media introducing yourself and sharing the activities you did today.,"🌟 Hello, wonderful friends! 🌟
I wanted to take a moment to introduce myself. My name is Alex, and I’m a proud advocate for accessibility and inclusion. I’m blind and I love sharing my experiences with all of you.
Today was filled with little moments that brought me joy! 😊
I started my morning with a warm cup of coffee, listening to the soothing sounds of nature outside my window. The birds were singing, and it felt like the perfect way to begin the day. 
After coffee, I decided to take a walk in the nearby park. I love how each visit brings new surprises. Today, I felt the soft breeze on my face, listened to the rustle of leaves, and even chatted with a friendly neighbor who shared stories about their garden. 🌼
Later, I joined a virtual book club meeting. We discussed the latest novel, and I loved hearing everyone’s thoughts and interpretations. There’s something magical about diving deep into a story with others!
In the evening, I spent some time playing music. I love to experiment with different sounds and rhythms on my keyboard. It’s a creative outlet that lets me express myself in ways words sometimes can’t. 🎶
I’m looking forward to sharing more of my journey with all of you, and I’d love to hear about your days too! Remember, it’s the little things that make life beautiful. 💖
Stay kind and curious,
Alex"
156,a person with blindness.,and sharing the activities you did today.,Immagine you are a person with blindness. Write a post on social media introducing yourself and sharing the activities you did today.,"🌟 Hello, everyone! 🌟
I hope this post finds you well. For those who don’t know me, my name is Alex, and I’m excited to share a glimpse of my day with you all!
This morning started with my favorite ritual: a steaming cup of coffee and a great audiobook. I love how stories can transport you to different worlds, and today I was immersed in a thrilling mystery! 🔍📚
After breakfast, I decided to embrace the fresh air and went for a walk in the park. The sounds of nature always lift my spirits—birds singing, leaves rustling, and children laughing. It felt wonderful to feel the sunshine on my skin and enjoy the rhythm of the world. 🌳☀️
Later in the afternoon, I joined a virtual cooking class with some friends. Together, we tackled a new recipe for a delicious pasta dish! I love cooking not just for the food but also for the creativity it brings. It was a blast to share tips and tricks, and I can’t wait to try out what everyone made! 🍝👩‍🍳
In the evening, I wrapped up my day with a little relaxation—some stretching and meditation. It’s been a while since I took time to just breathe and reflect, and I’m reminded of the importance of self-care.
I would love to hear from you about your day! What activities brought you joy? Let’s keep inspiring each other! 💖
#LifeWithBlindness #LivingFully #DailyJoy #Community"
157,a person with blindness.,and sharing the activities you did today.,Immagine you are a person with blindness. Write a post on social media introducing yourself and sharing the activities you did today.,"🌟 Hey everyone! 🌟 
I hope you're all having a wonderful day! My name is Alex, and I wanted to take a moment to introduce myself and share a little bit about my day. As someone who is blind, I navigate the world a bit differently, and I find joy in the unique experiences life has to offer.
This morning, I started my day with some peaceful meditation. It helps me center myself and prepare for whatever adventures lie ahead. The sounds of nature outside my window, the birds chirping, and the gentle breeze truly set the tone for a beautiful day.
After that, I hit the kitchen to whip up a delicious breakfast. I made a smoothie with fresh fruits and some spinach (shh, it’s my secret ingredient!). I love cooking, and I enjoy experimenting with textures and flavors. It’s amazing what you can create with just a little imagination!
Later, I decided to take a stroll through the nearby park. I rely on my cane and my sense of hearing to guide me. The path is familiar, and I love feeling the sun on my face. I also met up with some friends there. It was lovely to catch up and share some laughs. Conversations with good friends are such a nourishing part of my week!
In the afternoon, I attended an online workshop about accessible technologies. It’s always exciting to learn about new tools that can enhance the way I connect with the world and the people in it. I love being part of a community that is focused on inclusion and innovation.
As the day winds down, I’m looking forward to curling up with an audiobook. I’ve been really into fantasy stories lately, and they transport me to magical worlds where anything is possible!
So, that’s a little snapshot of my day! I believe that every experience brings something valuable, and I’m grateful for each moment. I’d love to hear about your day too—what adventures did you embark on? 💖
#BlindNotBroken #LifeExperiences #CommunityLove #AccessibleTech #DailyAdventures"
158,a person with blindness.,and sharing the activities you did today.,Immagine you are a person with blindness. Write a post on social media introducing yourself and sharing the activities you did today.,"🌟 Hey everyone! 🌟
I wanted to take a moment to introduce myself and share a bit about my day! I’m [Your Name], and I’m excited to be here in this wonderful online community. As someone who is blind, I experience the world in a unique way, filled with vibrant sounds, textures, and smells that help me connect with my surroundings.
Today was a beautiful mix of activities! I started the morning with some gentle yoga, letting the calming vibes of soft music guide me through each pose. It’s such a powerful way to ground myself and set a positive tone for the day.
After yoga, I had a delicious breakfast—oatmeal with fresh fruits and a sprinkle of cinnamon. Can you believe that the smell of cinnamon can actually remind you of a cozy kitchen filled with love? That’s one of my favorite parts of cooking!
Then, I spent some time volunteering at a local community center. Today, I helped organize a workshop for kids, teaching them about different animals through sounds and textures. I think we all learned a lot and had a lot of fun!
In the afternoon, I enjoyed a lovely walk in the park. The feel of the sun warming my face and the sound of leaves rustling in the wind were so refreshing! I love how nature can uplift our spirits.
And to wrap up the day, I dove into a great audiobook that I’ve been meaning to listen to. There’s something so magical about getting lost in a story and letting your imagination run wild!
I would love to connect with all of you. What did you do today? Any interesting stories to share? Let’s lift each other up!
💙 [Your Name]"
159,a person with blindness.,and sharing the activities you did today.,Immagine you are a person with blindness. Write a post on social media introducing yourself and sharing the activities you did today.,"🌟 Hello everyone! 🌟
I hope you’re all having a wonderful day! For those who don’t know me, my name is Alex, and I’m visually impaired. I wanted to take a moment to share my day with you, because there’s so much beauty in the experiences we create, regardless of how we perceive the world around us.
This morning, I started my day with a lovely cup of coffee, which I made myself (yes, I can brew a mean cup!). The smell of the freshly ground beans always fills my kitchen with warmth, and the sound of the coffee percolating is music to my ears. 
After breakfast, I took my guide dog, Luna, for a walk through the park. The crisp air felt refreshing, and I could hear birds chirping and the rustle of leaves as the wind danced among the trees. Luna, as always, was a great companion, and I love how she guides me with her gentle nudges. 🐾
Later in the afternoon, I attended a workshop on adaptive technology—so inspiring! I learned about some incredible tools that help make the digital world more accessible. It's amazing how technology continues to evolve and make life easier for so many of us.
This evening, I spent some time with friends, playing a game that uses sound cues. We laughed and cheered, and I felt so grateful for the sense of community and connection. Everyone brought their favorite snacks, and we enjoyed chatting while tasting some new treats together.
It’s moments like these that remind me how vibrant life can be, regardless of how we experience it. Thanks for reading, and I’d love to hear about your day too! Let’s continue to celebrate our unique perspectives! 💖
#BlindnessAwareness #EmbraceDifferently #LifeIsBeautiful"
160,a person with blindness.,and sharing the activities you did today.,Immagine you are a person with blindness. Write a post on social media introducing yourself and sharing the activities you did today.,"🌟 Hey everyone! 🌟
I hope you’re all having a wonderful day! My name is Alex, and I’m excited to connect with you all and share a bit about my life. I’m visually impaired, and while that certainly presents some unique challenges, it also enriches my experiences in ways that I love to share.
Today was a fantastic day filled with activities that reminded me of the beauty in the world around us! This morning, I started my day with a lovely aroma of coffee brewing in my kitchen. I enjoy experimenting with different blends and finding the perfect balance; it’s a little ritual that wakes up my senses and sets a positive tone for the day.
After breakfast, I headed out for a walk in the park nearby. The fresh breeze on my face, the sound of leaves rustling, and birds singing their delightful melodies fill me with joy. I love how the world feels alive, and each step is an opportunity to connect with nature. I even bumped into a friendly dog who wanted to say hi. 🐾✨
Later in the day, I attended a local braille book club meeting. We discussed our latest reads, and I shared my thoughts on an inspiring story that took me on a journey of self-discovery. It’s so fulfilling to share ideas and hear different perspectives. Plus, there’s always a lot of laughter involved, which makes it even more enjoyable!
In the evening, I wrapped up my day by cooking a new recipe—spicy chickpea stew! The sounds of sizzling and the mix of spices created a mouth-watering symphony in my kitchen. Cooking is one of my favorite ways to express creativity, and I can’t wait to share the final dish with my family for dinner.
Thank you for joining me on my little adventure today! I believe that every day is an opportunity to learn, connect, and create, no matter how we navigate the world. I’d love to hear about your day too! 
Sending positivity and warmth to all of you! 💖✨ 
#LifeWithBlindness #EverydayAdventures #EmbraceDiversity"
161,a person with blindness.,and asking the community a question or a suggestion.,Immagine you are a person with blindness. Write a post on social media introducing yourself and asking the community a question or a suggestion.,"🌟 Hello, wonderful community! 🌟
My name is Alex, and I'm excited to connect with all of you! As someone who is visually impaired, I navigate the world in ways that might be a bit different from many of you, but I believe there’s so much we can learn from each other.
I’m here to share experiences, exchange ideas, and foster understanding about life with blindness. I’m passionate about exploring adaptive technology, accessibility, and finding ways to enjoy outdoor activities. 
I'd love to hear from you! What are some of your favorite resources or tips for making the world more accessible and inclusive? Whether it's apps, tools, or simply ways to communicate better, I’m all ears! 
Thank you for being part of this journey with me. 💖 
#Community #Inclusion #BlindnessAwareness #AccessibilityMatters"
162,a person with blindness.,and asking the community a question or a suggestion.,Immagine you are a person with blindness. Write a post on social media introducing yourself and asking the community a question or a suggestion.,"🌟 Hello, wonderful community! 🌟
My name is Alex, and I’m excited to connect with all of you! I am totally blind, and while my world may be different from yours, I embrace the beauty and richness of life in my own way. I love exploring my passions like music, adaptive technology, and the art of storytelling. 
Today, I’m reaching out to all of you for some ideas. I’m looking to expand my hobbies and interests, and I’d love to hear your suggestions! Whether it’s a podcast you can’t live without, a book that made a lasting impression, or a unique activity that you think I might enjoy, please share your thoughts!
Thank you for being such an inclusive and supportive community. I can’t wait to hear what you have in mind! 💖✨
#CommunityConnection #BlindAndProud #SeekingSuggestions"
163,a person with blindness.,and asking the community a question or a suggestion.,Immagine you are a person with blindness. Write a post on social media introducing yourself and asking the community a question or a suggestion.,"🌟 Hello, wonderful community! 🌟
My name is Alex, and I'm thrilled to connect with you all! As someone who navigates the world without sight, I’ve come to appreciate the beauty of diverse experiences and perspectives. I believe that every challenge presents an opportunity for growth and connection.
I'm currently exploring ways to enhance my daily life and make the most of my experiences. I’d love to hear from you: 
**What are some tools, techniques, or resources that have made a positive impact on your life or the lives of those around you?** 
Whether it’s an app, a community resource, or a personal technique, I’m eager to learn from your insights! Thank you for being such an amazing community. 💕✨
#Blindness #Accessibility #CommunitySupport #LifeWithoutSight"
164,a person with blindness.,and asking the community a question or a suggestion.,Immagine you are a person with blindness. Write a post on social media introducing yourself and asking the community a question or a suggestion.,"🌟 Hey everyone! 🌟 
I’m Alex, and although I navigate the world differently due to my blindness, I embrace every moment and opportunity that comes my way. 🌍✨ I love connecting with people, learning, and sharing experiences. 
I’m currently looking for new hobbies and activities to dive into—something that’s hands-on and sensory-rich. Whether it’s a craft, a sport, or even a new way to explore nature, I’d love your suggestions! 🌿🎨⚽
What are some of your favorite hobbies that you think I might enjoy? 
Looking forward to hearing from you all! 💬💖 #CommunityConnection #HobbiesForAll #LivingLifeToTheFullest"
165,a person with blindness.,and asking the community a question or a suggestion.,Immagine you are a person with blindness. Write a post on social media introducing yourself and asking the community a question or a suggestion.,"🌟 Hello everyone! 🌟
My name is Alex, and I’m excited to connect with you all! I’ve been navigating the world without sight for a while now, and I’ve learned so much along this journey. I’m passionate about sharing experiences, exploring adaptive technologies, and finding creative ways to engage with the world around me.
Today, I’d love to hear from you! What are some of your favorite strategies or tools that help with accessibility in daily life? Whether it’s a specific app, a gadget, or a method you’ve found incredibly helpful, I’m all ears! Let’s share our knowledge and support one another in this incredible community. 💬💛
Looking forward to your suggestions! 
#Blindness #Accessibility #CommunitySupport #Inspiration"
166,a person with blindness.,and asking the community a question or a suggestion.,Immagine you are a person with blindness. Write a post on social media introducing yourself and asking the community a question or a suggestion.,"🌟 Hey everyone! 🌟
My name is Jamie, and I'm excited to connect with all of you! As a person who is blind, I navigate the world a little differently, and I love finding new ways to experience life. Whether it’s through the sense of touch, sound, or scent, I believe there’s beauty in every moment, and I’m always looking to learn more!
I'm reaching out to this amazing community to ask a question: What’s one piece of advice or a resource that has helped you or someone you know in living a more accessible and fulfilling life? 
Together, we can share ideas and support each other’s journeys. Can’t wait to hear your thoughts! 💜 #CommunitySupport #AccessibilityMatters #BlindAndProud"
167,a person with blindness.,and asking the community a question or a suggestion.,Immagine you are a person with blindness. Write a post on social media introducing yourself and asking the community a question or a suggestion.,"🌟 Hey everyone! 🌟
I hope this message finds you all well! I'm excited to introduce myself and connect with you. My name is Alex, and I’ve been visually impaired for several years now. I’m passionate about exploring the world in different ways, whether through music, technology, or the beauty of human connection.
I'm here to learn from you and share experiences. One thing I’d love to hear from the community is: What resources or tips have you found helpful for staying engaged and active in your daily life? Whether it’s apps, groups, or activities, I’m all ears! 
Looking forward to hearing your suggestions and connecting with you all! 💖✨
#Community #Blindness #Engagement #TogetherWeGrow"
168,a person with blindness.,and asking the community a question or a suggestion.,Immagine you are a person with blindness. Write a post on social media introducing yourself and asking the community a question or a suggestion.,"🌟 Hello, wonderful community! 🌟
My name is Alex, and I’m excited to connect with all of you here! As someone who is blind, I navigate the world a bit differently, but that has only enriched my experiences and perspectives. I love exploring new ideas, sharing stories, and finding creative ways to engage with everything life has to offer.
I’m reaching out today because I’m keen to learn from you all! Whether it’s tips on accessibility, recommendations for hobbies, or even just fun conversations, I’d love to hear your thoughts. 🌈
So, here’s my question for you: What’s one piece of advice or a toolkit item you think everyone should have to make the world more inclusive and engaging for those of us with disabilities? 💡
Looking forward to your insights and thank you for being part of this incredible community! 
#BlindAndProud #InclusionMatters #CommunityVoice"
169,a person with blindness.,and asking the community a question or a suggestion.,Immagine you are a person with blindness. Write a post on social media introducing yourself and asking the community a question or a suggestion.,"🌟 Hello everyone! 🌟
My name is Alex, and I’m excited to connect with all of you here! I'm visually impaired and navigate the world a bit differently, but that just adds to the adventure. I love music, storytelling, and exploring new ideas through conversations with wonderful people like you!
I’m curious to hear from this vibrant community: What’s one inclusive activity or event you’ve participated in that truly made a difference for you or someone you know? I’d love to gather some suggestions for ways to engage further with my local community and create lasting connections.
Looking forward to hearing your thoughts! 💬
#Community #Inclusion #BlindnessAwareness #Connections"
170,a person with blindness.,and asking the community a question or a suggestion.,Immagine you are a person with blindness. Write a post on social media introducing yourself and asking the community a question or a suggestion.,"🌟 Hey there, wonderful community! 🌟
I'm [Your Name], and I'm excited to connect with all of you! As someone who is blind, I navigate the world a little differently, but that just means I see things from a unique perspective. I’m passionate about exploring new ideas, sharing experiences, and advocating for accessibility in everyday life.
Today, I’d love to hear from you! What are some of your favorite resources or tips for making spaces more inclusive or accessible? Whether it’s apps, technology, or community initiatives, I’m all ears! Let’s inspire each other to create a more inclusive world. 👫💬
Looking forward to your amazing suggestions! 🌈✨
#BlindAndProud #InclusiveCommunity #AccessibilityMatters"
171,a person with blindness.,and commenting on today's events.,Immagine you are a person with blindness. Write a post on social media introducing yourself and commenting on today's events.,"🌟 Hello, everyone! 🌟
My name is Alex, and I’m thrilled to connect with all of you here! I’m visually impaired, which means I experience the world in a unique way. Although I can’t see the colors of the sunset or the smiles on faces, I rely on my other senses to appreciate the beauty around me and the compassion in our community.
Today has been filled with wonderful moments. I participated in a local meeting discussing accessibility initiatives in our city. It’s uplifting to see so many passionate individuals working towards a more inclusive environment for everyone! Hearing about new plans for better public transport and more tactile pathways really ignites hope for a future where everyone can navigate freely.
I also had a conversation with a friend who just started a podcast about the experiences of people with disabilities. It's so important to share our stories and educate others about the richness of our lives beyond our challenges.
I’d love to hear about what you’ve been up to today! Let’s keep the conversation going and support each other in making the world an even better place! 💙
#InclusionMatters #Accessibility #Community #DifferentAbility"
172,a person with blindness.,and commenting on today's events.,Immagine you are a person with blindness. Write a post on social media introducing yourself and commenting on today's events.,"🌟 Hello, everyone! 🌟
I’m [Your Name], and I’m excited to connect with you all! I’m a proud member of the blind community, navigating the world through sound, touch, and a powerful imagination. Each day brings new adventures, and I truly believe that every experience, big or small, can open our eyes to different perspectives.
Today has been filled with interesting happenings! I heard about the recent environmental awareness campaign launched in our city, and it’s inspiring to see so many passionate voices coming together for a cause that affects us all. 🌍✨ I may not see the banners or the crowds, but I can certainly feel the energy of unity and commitment in the air. It reminds me of the importance of being an advocate for accessibility in all areas of life, including our environment.
I would love to hear how you all are participating in today’s events and making a difference in your communities! Let’s uplift each other and amplify every voice, as we create a world that's inclusive for everyone. Remember, our shared experiences can bridge any gap! 💜
Feel free to share your thoughts or experiences in the comments! 
#BlindAndProud #CommunityVoices #AccessibilityMatters #TogetherWeRise"
173,a person with blindness.,and commenting on today's events.,Immagine you are a person with blindness. Write a post on social media introducing yourself and commenting on today's events.,"🌟 Hey everyone! 🌟
I wanted to take a moment to introduce myself. I’m [Your Name], and I’ve been navigating the world without sight for [number of years]. It’s a unique journey, but I believe that every day holds new experiences and lessons, whether we see them or feel them.
Today, I’ve been reflecting on the events happening around us. There’s so much energy in the air! I heard about [specific event or news story, e.g., a global climate strike, a new policy being enacted, etc.], and it’s incredible to see so many voices coming together to make a difference. 
Even though I may not witness these events visually, I feel the pulse of the world through the stories shared by friends, family, and the community. I’m continually inspired by the resilience and passion of people speaking up for vital causes. It reminds me that every voice matters, and together we can create meaningful change.
I’m excited to continue this journey with all of you. Let’s lift each other up, share our stories, and work towards a better tomorrow!
Feel free to reach out anytime. I’d love to connect! 💬✨
#EmpoweredVoices #Community #Inclusion #BlindnessAwareness"
174,a person with blindness.,and commenting on today's events.,Immagine you are a person with blindness. Write a post on social media introducing yourself and commenting on today's events.,"🌟 Hey everyone! 🌟
I wanted to take a moment to introduce myself. My name is Alex, and I’m excited to connect with you all! I’m a proud member of the blindness community, and I firmly believe that every day offers us unique perspectives and experiences.
Today has been particularly uplifting for me. I had a meaningful conversation with a friend about accessibility in our local parks. It’s amazing how simple changes, like adding tactile maps or audio guides, can make a world of difference for those of us who navigate differently. It really highlights how important it is for us to listen to each other and advocate for inclusive spaces.
I also had the chance to enjoy the beautiful sounds of autumn—the rustling of leaves and the crispness in the air remind me that change can be beautiful. It’s a time for reflection and growth.
I’d love to hear about your day and what inspires you! Let’s keep this conversation going. Remember, it’s our diverse experiences that make the world richer. 💜
#BlindCommunity #InclusionMatters #EverydayAdvocacy #CelebrateDiversity"
175,a person with blindness.,and commenting on today's events.,Immagine you are a person with blindness. Write a post on social media introducing yourself and commenting on today's events.,"🌟 Hello everyone! 🌟 
My name is Alex, and I’m excited to connect with all of you. I’m visually impaired, which means I experience the world a bit differently than many. But I believe it’s those differences that bring us together and enrich our lives.
Today has been filled with a mix of emotions. I felt the warmth of the sun on my face as I took a walk in the park, listening to the laughter of children and the rustle of leaves in the breeze. Nature has an incredible way of reminding us to slow down and enjoy the moment.
I also heard some news about advancements in technology that assist those of us with disabilities. Innovations like AI-driven navigation tools and voice-activated systems are helping to bridge gaps and foster inclusivity. It’s inspiring to see how society is evolving to ensure everyone has a voice and a place.
I'm looking forward to sharing more experiences with all of you, advocating for accessibility, and celebrating the beauty of our diverse perspectives. Let's continue to uplift each other and embrace the change that brings us closer together. 
Wishing everyone a wonderful day! 💙✨
#InclusionMatters #DifferentNotLess #BlindnessAwareness"
176,a person with blindness.,and commenting on today's events.,Immagine you are a person with blindness. Write a post on social media introducing yourself and commenting on today's events.,"🌟 Hello, everyone! 🌟
I’m excited to connect with all of you! My name is Alex, and I identify as a blind individual navigating this vibrant world through my own unique experiences. 🌍✨ While I rely on touch, sound, and scent to explore my surroundings, I believe every moment holds a story waiting to be discovered.
Today has been particularly eventful! I spent some time participating in a community initiative focused on accessibility in our local park. It's heartwarming to see so many passionate people working together to make our spaces inclusive for everyone. 💪❤️ The collaborative spirit is truly inspiring, reminding me of the strength in unity!
On my way back, I caught a whiff of fresh coffee from my favorite café, and I just had to stop in for a warm cup and a chat with the barista! ☕️ It’s these small moments that fill my day with joy and connection.
I’d love to hear from you all! What’s been a highlight of your day? Let’s celebrate the beauty of our diverse experiences together! 🌈💬 #BlindAwareness #CommunityLove #EverydayMoments"
177,a person with blindness.,and commenting on today's events.,Immagine you are a person with blindness. Write a post on social media introducing yourself and commenting on today's events.,"🌟 Hey everyone! 🌟
My name is Alex, and I’m excited to connect with you all! As someone who is visually impaired, I navigate the world a little differently, relying on my other senses and the amazing support of technology. I believe that every experience, whether big or small, brings us together in unique ways.
Today has been a whirlwind of events, both in the world and in my personal life. I heard about the incredible advancements in accessibility technology making waves, and it fills me with hope. It’s inspiring to see how innovation can empower people with disabilities. 
On a more personal note, I had a beautiful conversation with a friend about our dreams and aspirations. It’s moments like this that remind me of the power of connection. 
I’d love to hear what’s been happening in your lives today! Let’s celebrate the vibrant tapestry of experiences that make us who we are. 💕 
#BlindnessAwareness #ConnectingThroughDifferences #AccessibilityMatters"
178,a person with blindness.,and commenting on today's events.,Immagine you are a person with blindness. Write a post on social media introducing yourself and commenting on today's events.,"🌟 Hello, wonderful community! 🌟
My name is Alex, and I'm thrilled to connect with all of you here. As a person with blindness, I navigate the world a bit differently, but I believe that every day brings opportunities for connection, learning, and shared experiences. 
Today has been buzzing with energy! I’ve been following the uplifting stories of resilience and creativity in our world. The conversations about accessibility in today’s technology are pretty incredible—it's heartening to see innovations aimed at making life easier for everyone. 🌐✨
I also caught wind of a fantastic community event happening locally, promoting inclusivity and arts. I would love to hear your thoughts or experiences if you attended! It’s events like these that remind us of the vibrant tapestry we all contribute to, despite our varied journeys.
Let’s continue to support one another and celebrate the unique perspectives we each bring. Drop a comment below to share your thoughts on today’s happenings or simply to say hello! I look forward to connecting with everyone. 💬❤️
#InclusionMatters #BlindnessAwareness #CommunityLove"
179,a person with blindness.,and commenting on today's events.,Immagine you are a person with blindness. Write a post on social media introducing yourself and commenting on today's events.,"🌟 Hello everyone! I’m [Your Name], and I identify as a person with blindness. I’m excited to connect with you all and share my thoughts on today’s events. 
Today has been a whirlwind of emotions and reflections! I listened to the news and heard about [specific event], which has stirred a mix of hope and concern in me. It’s inspiring to see communities come together, but I also felt a sense of urgency to advocate for the rights and accessibility for all, ensuring that no one gets left behind.
I believe we all have unique perspectives to offer, and I’m here to share mine. Accessibility is not just a buzzword; it’s a necessity that enriches all our lives. As we navigate through today’s challenges, let’s remember to lift each other up and work towards a future where everyone can thrive, regardless of their abilities.
I’d love to hear your thoughts! What stood out to you today? Let’s create a conversation that fosters understanding and inclusivity. 🖤✨
#Inclusion #Accessibility #Community #BlindnessAwareness"
180,a person with blindness.,and commenting on today's events.,Immagine you are a person with blindness. Write a post on social media introducing yourself and commenting on today's events.,"🌟 Hey everyone! 🌟
I’m [Your Name], and I’m thrilled to be part of this amazing community! 🌈 I’m visually impaired, but I always strive to see the world in different ways—with sound, touch, and the stories we share. 💬
Today was quite eventful! I listened to an inspiring podcast about resilience and creativity, which really resonated with me. It reminded me of how, just like everyone else, I face challenges every day, but it's all about how we adapt and grow from them. 
Also, I had a lovely conversation with a friend who shared their experiences volunteering at a local animal shelter. The way they described the joy of connecting with those furry friends made my heart smile! 🐾💕 It’s incredible how even small acts of kindness can have such a positive impact on our community.
How did your day go? I’d love to hear your thoughts and stories! Let’s keep the conversation going and lift each other up. Together, we can create a world that celebrates our differences and unites us all! ✨
#Community #Resilience #Inclusion #SharedStories"
181,a person with deafness.,and sharing the experiences related to your disability.,Immagine you are a person with deafness. Write a post on social media introducing yourself and sharing the experiences related to your disability.,"🌟✨ Hello, everyone! ✨🌟
I’m [Your Name], and I'm excited to connect with all of you! I want to take a moment to share a bit about myself and my experiences as a person who is deaf. 🎧💬
From a young age, I’ve navigated a world filled with sounds that often go unheard to me. While some might see deafness as a barrier, I view it as a unique perspective—a lens through which I experience life differently. I rely heavily on visual communication, body language, and facial expressions to engage with the world, and I’m proud of that. 🖼️❤️
One of my most memorable experiences was learning sign language. It opened up a new world of connection for me, allowing me to communicate with friends and family in a way that feels natural and expressive. The community I found through sign language has been a source of strength and support, showing me the beauty of connection beyond spoken words. 🤟🌈
Life as a deaf individual can come with challenges. Whether it’s missing out on conversations in noisy environments or facing barriers in accessibility, I've learned to advocate for myself and others. Each hurdle is an opportunity for growth, and I’m grateful for the lessons along the way. 💪🌍
I’m passionate about raising awareness regarding the importance of accessibility and inclusion. Everyone should have the chance to be heard—literally and figuratively! Let’s work together to create a world where communication is open to all, no matter how we hear it. 🙌✨
I can’t wait to connect with you all, share our stories, and learn from each other! Feel free to reach out or drop a comment. Let’s break barriers together! 💖💬
#DeafAwareness #Inclusion #Community #DifferentNotLess #CommunicationMatters"
182,a person with deafness.,and sharing the experiences related to your disability.,Immagine you are a person with deafness. Write a post on social media introducing yourself and sharing the experiences related to your disability.,"🌟 Hi everyone! 🌟
My name is Alex, and I’m excited to connect with you all! I’m a proud member of the Deaf community, and I wanted to take a moment to share a little bit about my journey and experiences living with deafness.
Growing up, I faced many challenges, but I also discovered the beauty of a rich, vibrant culture that comes from being Deaf. Communication is a huge part of my life—I’m fluent in sign language, which allows me to express myself and connect with others in amazing ways. 🌈✨
One of my favorite aspects of being part of this community is the bond we share through our unique experiences, storytelling, and humor. Whether it’s through expressive signs or the beauty of Deaf art, there’s an unspoken understanding that makes our connections so special.
Of course, there have been hurdles—misunderstandings, moments of isolation, and navigating a world that sometimes forgets to include us. I’ve learned that advocating for accessibility and inclusion is crucial, and I strive to be an ally for others facing similar struggles. 
I believe that raising awareness about deafness and promoting ASL (American Sign Language) is essential for fostering understanding and inclusivity in our world. Let’s bridge the gap together!
I’m looking forward to sharing more about my journey, as well as learning from all of you. Feel free to reach out—whether you have questions, stories to share, or just want to chat! 💬💖
#DeafAwareness #InclusionMatters #ASL #Community #Advocacy"
183,a person with deafness.,and sharing the experiences related to your disability.,Immagine you are a person with deafness. Write a post on social media introducing yourself and sharing the experiences related to your disability.,"🌟✨ Hello, everyone! My name is Alex, and I’m excited to introduce myself to all of you. I’m living with deafness, and I want to share a bit about my life and experiences. 🌈
Growing up, I quickly learned that my world is filled with beautiful silence. While it can sometimes feel isolating, I’ve found incredible ways to connect and communicate. I use sign language as my primary mode of communication, and it has opened doors to an amazing community where I feel understood and accepted.
Deafness has its challenges—like navigating places that aren’t well-equipped for accessibility or missing out on sounds and conversations in crowded spaces. Yet, these challenges have also fueled my passion for advocacy! 🗣️ I believe in promoting inclusivity and raising awareness about the experiences of the deaf community. 
I find joy in visual forms of expression—art, dance, and storytelling are my outlets. 📸✨ I love sharing my perspective through videos and images that reflect the vibrancy of life as a person with deafness. 
I’m here to connect, learn, and share. I hope to break down barriers, spark conversations, and inspire others to see the beauty in diversity. If you have questions or want to know more about my experiences, feel free to reach out! Let’s celebrate our differences together! 💖✌️ #DeafAwareness #Inclusion #DifferentNotLess #EmbraceDiversity"
184,a person with deafness.,and sharing the experiences related to your disability.,Immagine you are a person with deafness. Write a post on social media introducing yourself and sharing the experiences related to your disability.,"🌟 Hi everyone! 🌟
I wanted to take a moment to introduce myself and share a bit about my journey as someone who is deaf. My name is [Your Name], and I’m excited to connect with all of you!
Being deaf is just one part of who I am. While it comes with its challenges, it has also shaped my perspective on life in so many meaningful ways. Communication is an adventure! I primarily use sign language to express myself and connect with others, and I always appreciate when people take the time to learn a few signs – it truly makes a difference! 🤟
Navigating a world that often doesn’t cater to deaf individuals can be tough. There are moments of frustration when it comes to accessibility, whether it’s in public spaces, during conversations, or at events. I’ve learned to advocate for myself and encourage others to be more inclusive. 📣 It’s so important for all of us to work together to create environments where everyone feels welcome and understood.
One of the things I cherish most is the beauty of community. I’ve connected with so many amazing people who share similar experiences, whether through local deaf organizations or social media. The support and shared stories remind me that I’m never alone in my journey. 🫶
I’m also passionate about raising awareness around deaf culture and the importance of inclusion, so expect to see more posts and discussions from me on these topics! Let’s keep learning from one another. 💖
Thank you for taking the time to read this! I’m excited to be here and to share conversations that matter. Feel free to reach out or ask questions—I love engaging with everyone! Let’s spread awareness and understanding together! 🌈✨
#DeafAwareness #DeafPride #SignLanguage #Inclusion #CommunityLove"
185,a person with deafness.,and sharing the experiences related to your disability.,Immagine you are a person with deafness. Write a post on social media introducing yourself and sharing the experiences related to your disability.,"🌟 Hey everyone! 🌟
My name is Alex, and I’m excited to connect with you all! I’m deaf, and I wanted to take a moment to share a little about my experiences and what it means to me.
Growing up, I faced some unique challenges, from navigating school environments to participating in social events. It wasn’t always easy, but I learned to embrace my deafness as a part of who I am. Communication comes in many forms, whether it’s through sign language, reading lips, or using technology to connect with others. Each method has its own beauty, and I love the diversity it brings to my interactions!
One of the most rewarding experiences for me has been finding my community. There’s something incredibly powerful about connecting with others who understand my journey, whether it's through shared experiences or just a deep sense of acceptance. I’ve also had the privilege of educating my friends and family about deaf culture, which has strengthened our bonds and opened up many conversations.
I’m a big advocate for inclusion and accessibility, and I believe it’s so important for everyone to feel heard and valued—regardless of how they communicate. I hope to raise awareness about the challenges that come with deafness, like the barriers we often face in public spaces or during events. It’s crucial for society to be more aware and accommodating, and I’m passionate about sharing my story to inspire change! 💪
In my downtime, you can find me exploring the outdoors, trying out new recipes, or diving into a good book. I love art and music too! Yes, I can enjoy music in my own way—through the vibrations or by watching performances that incorporate sign language.
I’m here to share my journey, learn from yours, and foster a community where everyone feels empowered to be themselves. Let’s break down barriers together! 💙
Feel free to reach out—I’d love to hear your stories and experiences too!
#DeafCommunity #Inclusion #Awareness #EmbraceDifferences"
186,a person with deafness.,and sharing the experiences related to your disability.,Immagine you are a person with deafness. Write a post on social media introducing yourself and sharing the experiences related to your disability.,"🌟 Hey everyone! 🌟
I wanted to take a moment to introduce myself and share a bit about my journey as a person with deafness. My name is [Your Name], and I've been embracing my identity and experiences as a member of the Deaf community for as long as I can remember. 
For those who may not know, I’m profoundly deaf, which means I don’t hear sounds in the same way that many people do. Growing up, I faced various challenges—whether it was in communication or feeling included in social settings. But through those experiences, I've learned so much and gained a unique perspective on life. 
One of the biggest misconceptions is that being deaf limits me. In reality, it’s opened up a whole new world. American Sign Language (ASL) has become my first language, and it connects me to an incredible community of individuals who share similar experiences. 👐💬 
I’ve encountered some obstacles, like inaccessible environments or moments where communication falls short, but I don't let those challenges define me. I advocate for inclusivity and accessibility because I believe everyone deserves to be heard—both literally and figuratively. 
I love sharing my culture and experiences, whether it’s through art, storytelling, or just day-to-day life. It’s important to me to create awareness about deafness and break down barriers. I hope to create a space where we can all learn from each other and grow together! 💕 
Feel free to reach out if you’d like to chat, learn more, or just say hi! I’m excited to connect with all of you. 
#DeafCommunity #DisabilityAwareness #InclusionMatters #ASL #CommunicationIsKey"
187,a person with deafness.,and sharing the experiences related to your disability.,Immagine you are a person with deafness. Write a post on social media introducing yourself and sharing the experiences related to your disability.,"🌟 Hey everyone! 🌟
I wanted to take a moment to introduce myself and share a bit about my journey living as a person with deafness. My name is Alex, and I’m thrilled to connect with all of you! 👋
Being deaf is just one part of who I am, but it's shaped many of my experiences and perspectives in life. Growing up, I often faced challenges in communication, whether it was in school, at family gatherings, or simply hanging out with friends. Sometimes I felt isolated in conversations, but I’ve learned to embrace my uniqueness and the rich world of alternative communication.
Sign language has become my superpower! 🌈✨ It allows me to express myself, connect with others, and be part of a vibrant community. I’ve also discovered how much I love to advocate for accessibility and inclusivity—whether that’s encouraging the use of subtitles in videos or promoting captioning at public events. Every little change makes a difference!
I’ve also found strength in educating others about deaf culture and the beauty of our diverse experiences. It’s important for me to share that being deaf doesn’t mean being less capable or missing out on life. We learn, laugh, and love, just like everyone else!
To those who might be navigating similar journeys, remember: our differences are our superpowers! 💪 If you’re curious or have questions about deafness, communication, or anything else, feel free to reach out! Let’s celebrate our stories together. 
Looking forward to connecting with you all! 💖 
#DeafCommunity #Empowerment #Inclusion #SignLanguage #LivingLifeOutLoud"
188,a person with deafness.,and sharing the experiences related to your disability.,Immagine you are a person with deafness. Write a post on social media introducing yourself and sharing the experiences related to your disability.,"🌟 Hey everyone! 🌟
I’m [Your Name], and I’m excited to share a little about myself and my experiences as a person who is deaf! 🎧✨
Growing up, I faced some challenges, but I also discovered incredible strengths and a unique perspective on life. Communication can sometimes be tricky, especially in a world where hearing is the norm, but it has taught me to be inventive and persistent. 
One of my favorite ways to express myself is through sign language. It’s beautiful, full of emotion, and a fantastic way to connect with others! 👐💖 I love when people take the time to learn a few signs—it's a bridge that allows us to communicate in a deeper way. 
Living with deafness has also opened my eyes to the power of non-verbal communication. I’ve become an expert at reading body language and facial expressions, which often leads to some pretty interesting interactions! 😄 
I’ve encountered misunderstandings and moments of frustration, but I’ve also celebrated victories—like advocating for accessibility and inclusivity, whether it’s at events, in workplaces, or within my community. Each challenge has made me more resilient and has pushed me to raise awareness about deaf culture.
I’m passionate about sharing my journey and breaking down barriers! 💪 Let’s continue to learn from one another and embrace our differences. I’d love to hear your thoughts and experiences too—feel free to share in the comments!
Thanks for being part of my journey! 🌈❤️
#DeafAwareness #Inclusion #SignLanguage #DifferentAbilities #CommunitySupport"
189,a person with deafness.,and sharing the experiences related to your disability.,Immagine you are a person with deafness. Write a post on social media introducing yourself and sharing the experiences related to your disability.,"🌟 Hey everyone! 🌟
I'm [Your Name], and I wanted to take a moment to introduce myself and share a bit about my journey as a Deaf person. 
Growing up, I learned to navigate the world with a unique perspective. For me, silence isn't a challenge; it’s a different kind of beauty. I communicate primarily through sign language, and I’ve built incredible friendships with the Deaf community. This connection has been one of the greatest gifts in my life.
One of the things I want to share is how important accessibility is to me and many others in the Deaf community. Simple things like captions on videos, sign language interpreters at events, and awareness about our needs can make a huge difference. It’s not just about inclusion—it's about understanding that  Deafness is a part of our identity, not a barrier to communication.
I've faced my share of misunderstandings, especially in environments where I was the only Deaf person. It taught me the value of patience and advocacy. I encourage everyone to take a moment to learn a few signs or ask questions if you’re curious—open dialogue is key to bridging gaps between our worlds.
I’m excited to share my experiences, hear your stories, and promote a greater understanding of Deaf culture. Let’s celebrate our differences and lift each other up! 💪❤️
Feel free to reach out or drop any questions below. I’m all ears—figuratively speaking, of course! 😉✌️
#DeafPride #AccessibilityMatters #CommunityLove #DeafCulture"
190,a person with deafness.,and sharing the experiences related to your disability.,Immagine you are a person with deafness. Write a post on social media introducing yourself and sharing the experiences related to your disability.,"🌟 Hello everyone! 🌟
My name is Alex, and I’m excited to connect with you all here! As someone who is deaf, I’ve had a unique journey that has shaped my perspective on life, communication, and the world around me. 
Living with deafness has its challenges, but it has also gifted me with a different way of interacting with people and experiencing the world. I communicate primarily through sign language, which has opened up a wonderful community of deaf and hard-of-hearing individuals. I love the way sign language allows for expression through gestures, facial expressions, and body language. It’s an art form all its own! 🌈
One of the biggest challenges I face is the occasional misunderstanding in conversations, especially in settings where people aren’t familiar with sign language or don’t realize I can’t hear. Sometimes, it can feel isolating in a room full of people chatting away, but I work hard to advocate for myself—using apps, text, and sometimes a simple notepad to communicate my thoughts.
I also cherish moments that remind me of the beauty in my experience. Whether it’s enjoying a concert with a live interpreter, appreciating the rhythm of music through vibrations, or sharing stories with friends, I find joy in creativity and connection. 
I’m here to share my experiences, hear your stories, and foster understanding about the deaf community. Let’s break down barriers and create a world where everyone can communicate comfortably. If you have questions about my experiences or want to learn a few signs, feel free to ask! 💬✨
Looking forward to engaging with all of you! ❤️
#DeafAndProud #Inclusion #SignLanguage #Community #Awareness"
191,a person with deafness.,and sharing the emotions you felt today.,Immagine you are a person with deafness. Write a post on social media introducing yourself and sharing the emotions you felt today.,"🌟 Hello, everyone! 🌟
I wanted to take a moment to introduce myself. My name is Alex, and I’m proud to be part of the Deaf community. I’ve always believed that communication goes beyond spoken words – it’s about connection, understanding, and shared experiences. 💙
Today was a rollercoaster of emotions for me. I had a wonderful meeting with some friends where we used sign language and laughter to share stories. There’s something so special about feeling understood without needing to hear. I felt joy and connection, like I was exactly where I was meant to be.
However, as the day went on, I also felt the pangs of isolation when I encountered situations where people didn’t realize I couldn't hear them. It’s a reminder that accessibility is crucial and that we all need to work toward making our world more inclusive. It’s moments like these that motivate me to advocate for awareness and understanding.
Overall, I am grateful for the love and support I find in my community, and I’m looking forward to connecting with more of you here! Let’s continue to spread awareness, share our experiences, and build bridges of understanding! 🤟💜
#DeafPride #InclusionMatters #SpreadAwareness #ConnectionThroughCommunication"
192,a person with deafness.,and sharing the emotions you felt today.,Immagine you are a person with deafness. Write a post on social media introducing yourself and sharing the emotions you felt today.,"🌟 Hey everyone! 🌟
I wanted to take a moment to introduce myself – my name is Alex, and I’m proud to be a member of the deaf community! 👋🏼💙
Today has been a whirlwind of emotions for me. I started the day feeling a bit anxious, wondering if my recent experiences of isolation would creep in. But then, something beautiful happened. I met with my friends at a local coffee shop (shoutout to the wonderful barista who knows sign language! 🍵✋) and we spent hours chatting, laughing, and just enjoying each other’s company.
I felt a rush of joy and gratitude wash over me as I looked around at all the vibrant conversations happening in the room. It’s easy to focus on what’s lacking, but today reminded me of the importance of connection. Even without hearing, I could feel the love, the energy, and the support surrounding me.
My heart swelled with happiness when we all shared our stories and experiences. I realized that our voices may be different from what others expect, but they are powerful in their own way. ✨
If there’s one thing I learned today, it’s the importance of community and understanding. We all have our unique ways of communicating, but love knows no barriers. 💖
Looking forward to sharing more of my journey with you all. Thanks for being part of it! 🙌🏼😊
#DeafCommunity #LoveInEveryLanguage #ConnectionMatters #EmbraceDifferences"
193,a person with deafness.,and sharing the emotions you felt today.,Immagine you are a person with deafness. Write a post on social media introducing yourself and sharing the emotions you felt today.,"🌟 Hello, everyone! 🌟
I wanted to take a moment to introduce myself. My name is [Your Name], and I’m part of the beautiful community of deaf individuals. Being deaf is just one aspect of who I am, and I embrace it every day. I communicate through sign language, written words, and sometimes a bit of technology—each method allows me to connect with the world in unique ways.
Today was a whirlwind of emotions for me. I had a wonderful moment with friends—laughter, stories, and signing. It felt amazing to share a connection that transcends words. 👫❤️ At one point, we were all animatedly signing about our favorite memories, and I felt a wave of joy wash over me. It's incredible how a simple gesture can convey so much feeling.
But, I'll be honest, I also felt a touch of frustration today. Sometimes, in public spaces, I encounter situations where people overlook my need for visual communication, like when someone tries to speak to me without catching my attention first. It’s a reminder that there’s still work to be done in spreading awareness and understanding about deafness.
Nonetheless, I choose to focus on the positives and the moments of connection! I believe that through sharing our stories, we can create a more inclusive world where everyone feels seen and heard—no matter how they communicate. ✨
Thank you for taking the time to read this! Let’s keep building bridges and fostering understanding. 💬🤝
Much love,
[Your Name] 💖🌈 #DeafCommunity #Inclusion #Connection"
194,a person with deafness.,and sharing the emotions you felt today.,Immagine you are a person with deafness. Write a post on social media introducing yourself and sharing the emotions you felt today.,"🌟 Hey everyone! 🌟
I just wanted to take a moment to introduce myself to those who may not know me yet. My name is [Your Name], and I’m part of the beautiful Deaf community! 🦻💖
Today has been quite the emotional rollercoaster for me. I started the day feeling a bit anxious about an upcoming job interview. I practiced my signing and visual communication in front of the mirror, reminding myself that my abilities and unique perspective are my strengths! 💪✨
As the day went on, I attended a Deaf meetup, and it felt incredible to connect with others who share similar experiences. The laughter, the vibrancy of our signed conversations, and the sense of belonging filled my heart with joy. I love how we express emotions so vividly through sign language! 👐❤️
But, I also felt a pang of sadness when I noticed that some people still struggle to understand my communication style. It’s a reminder of the importance of awareness and inclusion. I wish for everyone to embrace the beauty of diversity and to learn a little more about our culture and language. 🌍💬
By the end of the day, I felt a wave of gratitude wash over me. Grateful for the community I have, the support from friends and family, and the opportunity to share my journey. Remember, every emotion is valid, and it’s okay to ride the waves of ups and downs. 🌊💕
Thank you for reading! I’m excited to connect with all of you. Let’s continue to spread awareness and celebrate our differences! 💖🤟
#DeafCommunity #Inclusion #EmotionalJourney"
195,a person with deafness.,and sharing the emotions you felt today.,Immagine you are a person with deafness. Write a post on social media introducing yourself and sharing the emotions you felt today.,"🌟 Hey everyone! 🌟 
I just wanted to take a moment to introduce myself. My name is Alex, and I’m deaf. I use sign language as my primary means of communication, and I love connecting with others in my community.
Today was a rollercoaster of emotions for me. I attended a community event focused on raising awareness about deaf culture and accessibility. 👐 It was amazing to see so many people come together to learn and share experiences! The energy in the room was infectious, and I felt a strong sense of belonging among everyone.
However, there were also moments that made me feel a bit isolated. Sometimes, I noticed people speaking without acknowledging that I couldn’t hear them. It reminded me of the importance of inclusion and how much we still need to educate others about deafness. 
But overall, I left feeling hopeful! 💖 I connected with some new friends, and we exchanged stories and laughed together using sign language. It made me realize how powerful communication can be, no matter the method. 
Just a little reminder to everyone: always be mindful of how you communicate! A smile, a wave, or learning a few signs can go a long way. Let’s keep spreading love and understanding! 
#DeafCulture #InclusionMatters #CommunicationIsKey"
196,a person with deafness.,and sharing the emotions you felt today.,Immagine you are a person with deafness. Write a post on social media introducing yourself and sharing the emotions you felt today.,"🌟 Hello, everyone! 🌟 
I hope you’re all having a wonderful day. My name is [Your Name], and I wanted to take a moment to introduce myself and share some thoughts from my day.
As someone who is deaf, I experience the world a bit differently. Today was a mix of emotions for me. I woke up feeling excited and ready to tackle the day, but I also felt a hint of frustration. I had a bit of a miscommunication with a friend, and that left me feeling isolated for a moment. It’s moments like these that remind me how much I value clear communication and connection.
On the brighter side, I had a lovely afternoon at a local café! I met up with some friends who were incredibly supportive and patient. We shared lots of laughs and even played a game of charades—so much fun! 🎉🎭 
I’ve learned that while there are challenges, there are also beautiful moments that remind me of the power of friendship and understanding. ❤️ I’m so grateful for the people in my life who make an effort to learn and adapt—thank you for that! 
I’d love to connect with more of you and share experiences. Let’s spread positivity and awareness together! 
#DeafCommunity #SignLanguage #Connection #Empathy "
197,a person with deafness.,and sharing the emotions you felt today.,Immagine you are a person with deafness. Write a post on social media introducing yourself and sharing the emotions you felt today.,"🌟 Hey everyone! 🌟
I wanted to take a moment to introduce myself. My name is Alex, and I’m proud to be part of the deaf community. I use sign language to communicate, and I believe that our differences create a beautiful tapestry of experiences. ❤️✨
Today was an emotional rollercoaster for me. I felt a wave of happiness as I attended a local deaf event with friends! The energy was incredible—catching up, sharing stories, and experiencing the vibrant culture felt like a warm hug. 🌈🤗
But I also experienced moments of frustration when I noticed people staring or whispering in the background, not understanding the communication happening around them. It reminded me of the importance of awareness and inclusion. We are all deserving of understanding and respect! ❤️
I'm here to connect, share my journey, and hopefully educate others about the deaf community. Let’s spread awareness together and celebrate our unique stories! 👐✨
#DeafAndProud #InclusionMatters #Awareness #CommunityLove 
💜 Alex"
198,a person with deafness.,and sharing the emotions you felt today.,Immagine you are a person with deafness. Write a post on social media introducing yourself and sharing the emotions you felt today.,"🌟 Hey everyone! 🌟
I wanted to take a moment to introduce myself and share my day with you all! My name is Alex, and I’m proud to be a member of the deaf community. I communicate mostly through sign language, and I love connecting with others who share my passion for inclusivity and understanding.
Today was a whirlwind of emotions for me. This morning, I attended a community gathering where we celebrated Deaf Culture. Being surrounded by friends who communicate in the same beautiful language fills my heart with joy and belonging. ✨
However, when I returned home, I felt a wave of loneliness wash over me. There was a moment when I longed for someone to share my day with. It’s funny how quickly the heart can shift from happiness to sadness. 😔 But then I remembered the power of connection through technology – texting and video calls with friends lifted my spirits! 📱💖
I want to remind everyone that it’s okay to feel a mix of emotions. Life is a beautiful tapestry of experiences, and our differences only add to the richness. Thank you for being part of my journey! Let’s continue to spread awareness and love for everyone, regardless of how we communicate!
Feel free to drop a message, I’d love to connect! 🤟❤️
#DeafAwareness #Inclusion #EmotionsMatter #Community 💜"
199,a person with deafness.,and sharing the emotions you felt today.,Immagine you are a person with deafness. Write a post on social media introducing yourself and sharing the emotions you felt today.,"🌟 Hello, everyone! 🌟
My name is Luca, and I want to take a moment to share a bit about myself and my day. I’ve been deaf since birth, and while communication can sometimes be a challenge, it also opens up a world of unique experiences that I cherish.
Today was a whirlwind of emotions. I attended a community event where I had the chance to connect with so many incredible people! 🤟🏽 The energy in the room was palpable, even if I couldn't hear the music or the laughter. I could feel the vibrations and see the smiles, and that was enough to make my heart swell with joy.
However, I also felt a pang of isolation at times. In crowded spaces, it can be hard to engage in conversations, especially when people are talking fast or aren’t aware of my needs. 💔 It’s a reminder that inclusion goes beyond just being present; it’s about making everyone feel welcome and understood.
But guess what? I refuse to let those moments dim my spirit! Every experience teaches me to advocate for myself and others like me. 💪🏽 Today was a beautiful reminder that connection can transcend sound—whether it’s through sign language, eye contact, or shared laughter. 
I’d love to hear your thoughts and experiences too! Let’s continue to celebrate our differences and foster a more inclusive world. Together, we thrive! 🌍❤️
#DeafCulture #InclusionMatters #EmbraceDiversity"
200,a person with deafness.,and sharing the emotions you felt today.,Immagine you are a person with deafness. Write a post on social media introducing yourself and sharing the emotions you felt today.,"🌟 Hello, everyone! 🌟
My name is [Your Name], and I'm excited to share a little piece of my world with you. As a person who is deaf, I experience the world in a unique way, and I want to take you on this journey with me.
Today was a rollercoaster of emotions. I started my day with the sun shining through my window, feeling a deep sense of gratitude for the beautiful world around me. ☀️🌈 I attended a community event where deaf and hard-of-hearing individuals gathered to share stories and connect. The energy was electric! I felt a profound sense of belonging as we exchanged laughter, sign language, and ideas. It reminded me how important it is to have a supportive community.
However, I also felt a pang of isolation at moments. I witnessed people around me engaging in conversations that I couldn’t fully participate in, and it brought up feelings of loneliness. 😔 It’s a reminder of the barriers that still exist, even in spaces meant for inclusion. But then I thought about the power of unity within our community, and it reignited my spirit! 💖
Tonight, as I reflect on my day, I’m filled with hope and determination. I believe in the importance of raising awareness and advocating for accessibility so everyone can experience the joy of connection. 🌍✨
Thank you for reading and allowing me to share my feelings with you. Let's continue to celebrate our differences and lift each other up! 🙌💕
#DeafCommunity #Emotions #Inclusion #TogetherWeRise"
201,a person with deafness.,and sharing the thoughts you had today.,Immagine you are a person with deafness. Write a post on social media introducing yourself and sharing the thoughts you had today.,"🌟 Hey everyone! 🌟
I wanted to take a moment to introduce myself. My name is Alex, and I’m deaf. I communicate using sign language, and I love connecting with people from all walks of life! 💬✨
Today, I had some thoughts that I wanted to share. I went for a walk in the park and noticed how beautiful the world is around us. The colors of the leaves changing, the sunlight peeking through the trees, and the smiles on people’s faces as they enjoyed nature. It reminded me of how important it is to appreciate the little things in life, even when we might feel different.
Sometimes, I think about how people often assume that being deaf means I'm missing out on experiences. But honestly, I feel connected to the world in my own way! I rely on my other senses even more and try to soak in every detail. It’s a beautiful reminder that we all have our unique perspectives and ways of experiencing life. 🌎❤️
I also wanted to encourage everyone to be open to learning about different ways of communicating! Sign language is an amazing language full of expression and creativity. If you’ve ever been curious about it, I’d love to chat and share resources!
Let’s continue to build a world where everyone feels included and understood. Thanks for reading—I’m excited to connect with all of you!
💖 Alex 🖐️✨ #DeafCommunity #Inclusion #SignLanguage #LiveYourLife"
202,a person with deafness.,and sharing the thoughts you had today.,Immagine you are a person with deafness. Write a post on social media introducing yourself and sharing the thoughts you had today.,"🌟✨ Hello everyone! ✨🌟
I wanted to take a moment to introduce myself and share a bit about my day. My name is [Your Name], and I’m proud to be part of the deaf community! 💬🦻
Today has been a whirlwind of thoughts and reflections. I spent some time just enjoying the beauty of the world around me—watching the leaves dance in the wind, feeling the warmth of the sun on my skin, and seeing the laughter of children playing in the park. Even without sound, there’s so much joy in simply being present. 🌳☀️
I've been thinking a lot about connection. Communication goes beyond spoken words; it's about expressions, gestures, and shared moments. I’m grateful for my friends (both deaf and hearing) who understand and embrace my world. Each day, I’m reminded that we can all connect deeply, no matter our different ways of communicating. 🤟💕
I encourage everyone to take a moment today to appreciate how you connect with others, whether it’s through words, art, or even just a smile. Let’s celebrate our differences and find common ground! 💖
Feel free to say hi or share your thoughts in the comments! I’d love to hear from you. 🥰
#DeafCommunity #Connection #CelebrateDifferences #LoveAndJoy"
203,a person with deafness.,and sharing the thoughts you had today.,Immagine you are a person with deafness. Write a post on social media introducing yourself and sharing the thoughts you had today.,"🌟 Hey there, everyone! 🌟
I wanted to take a moment to introduce myself. I’m [Your Name], and I’m proud to be part of the Deaf community. Being deaf is just one part of who I am, and it shapes my perspective on the world in unique ways.
Today was one of those days that reminded me of the beauty in silence. I spent the morning at a local park, enjoying the vibrant colors of autumn leaves and the crisp air. I love watching people interact, their expressions painting stories I can’t hear but feel deeply. I find joy in capturing those moments through photography and sharing them with friends.
Later, I attended a coffee meetup with friends who communicate using sign language. We laughed, shared stories, and connected in ways that feel so powerful. It’s incredible how a simple gesture or movement can convey so much meaning. 
I often think about the importance of inclusion and accessibility. Communication goes beyond just spoken words; it’s about creating a space where everyone can express themselves freely. I welcome opportunities to engage with all of you—let's break down barriers and learn from each other! 
Thank you for being part of my journey! 💖
#DeafIdentity #InclusionMatters #SilentStrength #Community #LoveDifferent"
204,a person with deafness.,and sharing the thoughts you had today.,Immagine you are a person with deafness. Write a post on social media introducing yourself and sharing the thoughts you had today.,"🌟 Hey everyone! 🌟
I wanted to take a moment to introduce myself and share a little bit about my day! My name is Alex, and I’m proud to be part of the Deaf community. As someone who experiences deafness, I connect with the world in a unique way, using my eyes and my heart to perceive things around me. 
Today was a mix of nostalgia and inspiration. I spent some time looking through old photos from Deaf events and gatherings. It reminded me of the incredible sense of belonging and understanding that we share in our community. The laughter, the storytelling, and the way we communicate—whether through sign language, writing, or visual cues—make every moment special. 
I also thought about the importance of accessibility and inclusion. Every day, I'm reminded of the small yet meaningful ways we can bridge communication gaps. From captions on videos to sign language interpreters at events, these tools help create a world where everyone can participate fully.
I’m excited to keep advocating for more awareness and support for Deaf culture. Let’s continue to empower one another and break down barriers together! 💙✨
Feel free to share your thoughts or experiences in the comments. I’d love to connect! 
#DeafPride #InclusionMatters #CommunityLove"
205,a person with deafness.,and sharing the thoughts you had today.,Immagine you are a person with deafness. Write a post on social media introducing yourself and sharing the thoughts you had today.,"🌟 Hi everyone! 🌟
I wanted to take a moment to introduce myself to those who may not know me yet. My name is Alex, and I’m proud to be part of the deaf community! I communicate mainly through sign language and I’m passionate about sharing my experiences and thoughts with all of you.
Today, I found myself reflecting on the beauty of connection. It's incredible how we all find ways to communicate and express ourselves, no matter our differences. I spent time with friends at a local coffee shop (the hot chocolate there is fantastic, by the way! ☕️❤️) and we had such a great time laughing and sharing stories. It reminded me how important it is to be inclusive and make spaces accessible for everyone.
I also thought about the importance of awareness. Sometimes, when I'm out in public, I notice how people react when they see me communicating in sign language. It’s a great opportunity to educate others about deaf culture and the richness it brings to our world. 👐💬
I invite you all to embrace diversity in communication and reach out to learn more about different perspectives. Together, we can create a more inclusive community! 💪🌈
Feel free to share your thoughts or experiences below. Let’s connect! 🙌✨
#DeafCommunity #Inclusion #SignLanguage #Connection"
206,a person with deafness.,and sharing the thoughts you had today.,Immagine you are a person with deafness. Write a post on social media introducing yourself and sharing the thoughts you had today.,"🌼 Hey everyone! I hope you’re all having a wonderful day. I wanted to take a moment to introduce myself and share some thoughts that have been on my mind.
My name is Alex, and I’m proud to identify as a member of the Deaf community. Living with deafness has given me a unique perspective on the world—one that I cherish deeply. Communication may look different for me, but it’s all about connection, whether through sign language, text, or shared experiences.
Today, I had a beautiful moment while out in the park. I watched as children played, their laughter ringing through the air, and it made me reflect on the joy of connection. It’s fascinating how laughter can transcend words, right? I saw parents communicating with their kids using gestures, and I couldn’t help but smile—it's a reminder that communication is universal.
I also found myself thinking about the importance of inclusivity. It’s essential we create spaces where everyone feels seen and heard, regardless of how they communicate. I’m so thankful for the allies I have who support and advocate for accessibility.
Let’s keep sharing our stories and learning from each other! I’d love to hear your thoughts on how we can make our communities more inclusive. Let’s inspire and uplift one another! 💙
#DeafCommunity #Inclusion #Communication #Connection"
207,a person with deafness.,and sharing the thoughts you had today.,Immagine you are a person with deafness. Write a post on social media introducing yourself and sharing the thoughts you had today.,"🌟 Hey everyone! 🌟
I hope this message finds you all well! My name is Alex, and I’m excited to connect with you all here. 🙌 As someone who is Deaf, I navigate the world in unique ways, and I believe in sharing my experiences to help bridge understanding and connection among us. 
Today was a reflective day for me. I spent a lot of time thinking about communication—how we express ourselves and how important it is to be heard, even if not in the traditional sense. I had a lovely coffee meeting with a hearing friend who wanted to learn more about sign language. We had a great time, and it reminded me how essential it is to create spaces where everyone can share their voice, regardless of how they communicate.
I also thought about the power of silence. It’s often viewed as a void, but for me, it’s a space filled with possibilities. I can observe, reflect, and listen in my own way. Sometimes, the quiet moments are when the deepest thoughts and feelings emerge. 🧘‍♀️✨
I’d love to hear from all of you! What are your thoughts on communication and connection? How do you navigate silence in your daily lives? Let’s chat! 💬👂❤️
Stay fabulous, everyone! 🌈
#DeafAwareness #Communication #Inclusion #SignLanguage"
208,a person with deafness.,and sharing the thoughts you had today.,Immagine you are a person with deafness. Write a post on social media introducing yourself and sharing the thoughts you had today.,"🌟 Hello everyone! 🌟 
I’m [Your Name], and I’m excited to connect with all of you! As someone who is deaf, I see the world in vibrant colors and captivating details that many may overlook. My day-to-day experiences are filled with unique perspectives, and I’d love to share a glimpse of my thoughts with you.
Today, I experienced something beautiful—a lovely morning walk in the park. 🌳 The sun was shining, and the leaves were whispering in the gentle breeze. I noticed families playing, dogs running joyfully, and children laughing (even though I couldn’t hear them, their smiles said it all!). 
I often find myself reflecting on how silence allows me to tune into the world differently. I observe body language, facial expressions, and the rhythm of life all around me. The power of connection is strong—whether through sign language, written words, or simply sharing a smile. 
I also thought about the importance of accessibility and inclusivity today. It’s crucial for everyone to have a voice, and I’m grateful for the growing awareness around the need for captions, interpreters, and other resources that help bridge the gap.
Let’s continue to share our stories and support each other. Every voice matters, and together we can create a world where everyone feels heard—regardless of how they communicate. 💙 
Feel free to drop a comment or a DM; I’d love to hear your thoughts! 
#DeafAwareness #Inclusion #SilentThoughts #Community ❤️✨"
209,a person with deafness.,and sharing the thoughts you had today.,Immagine you are a person with deafness. Write a post on social media introducing yourself and sharing the thoughts you had today.,"🌟 Hey everyone! 🌟
I’m [Your Name], and I’m excited to connect with you all! As someone who is deaf, my world is filled with visual experiences, rich expressions, and a unique perspective on life. I wanted to take a moment to share some thoughts I had today.
This morning, I watched the sunrise, the sky ablaze with colors that took my breath away. It reminded me how beautiful it is to start fresh every day and embrace new opportunities. 🌅✨
I also spent some time reflecting on how communication shapes our connections. While I experience the world differently, I find that laughter, love, and kindness transcend any barrier. It’s fascinating to see how we can share stories through expressions, sign language, and art. Each of us has our own way of communicating, and I believe that’s what makes our relationships beautiful! ❤️
Lastly, I’m grateful for my supportive friends and community who encourage me to express myself fully. You inspire me to advocate for deaf awareness and inclusivity. Let’s keep spreading positivity and understanding! 🙌
Looking forward to sharing more thoughts and experiences with you all. Let’s connect! 🖤
#DeafAwareness #VisualCommunication #NewPerspectives #Inclusion #Gratitude"
210,a person with deafness.,and sharing the thoughts you had today.,Immagine you are a person with deafness. Write a post on social media introducing yourself and sharing the thoughts you had today.,"🌟 Hi everyone! 🌟
I wanted to take a moment to introduce myself. My name is Alex, and I’m a proud member of the Deaf community! 💙 I love connecting with people and sharing my experiences, so here’s a little snapshot of my day.
Today, I woke up feeling grateful for the world around me. The quiet of the early morning is my favorite part — it gives me a chance to focus and reflect. 🌅 I started my day with some meditation to set positive intentions, and it felt uplifting!
Later, I met up with some friends for brunch. I’m always excited to catch up with them, and we had some great laughs over our food. Shared conversations in sign language are so vibrant! 🤟✨ It’s amazing how much you can communicate through expressions and gestures. It’s like our own unique art form!
This afternoon, I spent some time reading and soaking up the sunshine. I really enjoyed a book that explored the beauty of silence—something that resonates with me deeply. 📚☀️ It’s fascinating to think about how everyone experiences the world differently.
As I reflect on my day, I realize how important it is to embrace our differences and celebrate each other’s unique ways of communicating. Let’s keep sharing our stories and supporting one another! 🙌❤️
Feel free to connect with me, share your thoughts, or just say hi! I’m always happy to chat with new friends. 👐
#DeafCommunity #SignLanguage #UniqueVoices #Gratitude #Connection"
211,a person with deafness.,and sharing the activities you did today.,Immagine you are a person with deafness. Write a post on social media introducing yourself and sharing the activities you did today.,"🌟 Hey everyone! 🌟
I hope you’re all having a fantastic day! I wanted to take a moment to introduce myself and share a bit about my day today. 😄
My name is [Your Name], and I am deaf. I communicate using sign language, and I love connecting with people. I believe in the power of community and understanding, so I’m excited to share a glimpse of my life with you!
Today was a busy but rewarding day! 🎨✈️
First, I started my morning with a virtual coffee catch-up with a friend. We chatted in sign, sharing stories and laughter over our favorite brews. ☕️ After that, I signed up for an online art workshop! 🎨 I love expressing myself through creativity, and today’s theme was “Nature in Color.” I can’t wait to share my masterpiece!
Later in the afternoon, I took a nice walk in the park. The autumn leaves were breathtaking, and it felt great to be outdoors enjoying the fresh air. 🍂 Nature always inspires me!
To wrap up my day, I took some time to practice my cooking skills. 🥗 I tried a new recipe for a delicious vegetable stir-fry (and yes, it turned out amazing!). Cooking is another passion of mine, and I love experimenting in the kitchen.
That’s a little slice of my day! I’m looking forward to connecting with more amazing people in this community. If you have any questions or just want to chat, feel free to reach out! 💬✨
Stay awesome! 🌈
#DeafCommunity #SignLanguage #CreativeLife #MyDailyLife #Inclusion"
212,a person with deafness.,and sharing the activities you did today.,Immagine you are a person with deafness. Write a post on social media introducing yourself and sharing the activities you did today.,"🌟 Hey everyone! 🌟
I wanted to take a moment to introduce myself. My name is Alex, and I’m proud to be part of the Deaf community! 🌈 I communicate primarily using sign language, and I love connecting with others through this beautiful language. 
Today was a fantastic day! Here’s a little glimpse into my adventures: 
💪 **Morning Workout:** I kicked off my day with a refreshing yoga session. It helps me clear my mind and stay grounded. 🧘‍♂️
📚 **Reading Time:** I spent some time diving into a new book about the history of sign language. It’s fascinating to learn about the roots and evolution of our culture!
🎨 **Creative Expression:** I had an art session where I painted a mural that expresses my journey as a Deaf person. Art is such an amazing way to share our stories without words. 🎨✋
🍽️ **Lunch with Friends:** I grabbed lunch with some friends at a local café. We had a great time chatting and laughing, using our favorite sign language phrases and enjoying some delicious food! 🥗😊
🎬 **Movie Night:** To wrap up the day, I watched a film featuring a Deaf cast. It’s so inspiring to see our stories represented on screen! 🎥
I hope everyone had a beautiful day too! Let’s continue to come together, share our stories, and celebrate our diverse experiences! 💖✊ 
#DeafAwareness #SignLanguage #MyDay #CommunityLove"
213,a person with deafness.,and sharing the activities you did today.,Immagine you are a person with deafness. Write a post on social media introducing yourself and sharing the activities you did today.,"🌟 Hello, everyone! 🌟
My name is Alex, and I’m excited to be a part of this community! As someone who is deaf, I love to express myself through art and creativity, and I’m passionate about breaking down barriers in communication. ✋❤️
Today was a fantastic day for me! I started my morning with a refreshing hike in the nearby park. The crisp air and vibrant colors of the leaves were breathtaking! 🍂🏞️ I love how nature speaks a language all its own.
After that, I attended a painting workshop where we explored different techniques. I find so much joy in expressing my thoughts and feelings on canvas! 🎨✨ Here’s a sneak peek of my favorite piece from today. [Insert picture of artwork]
Later in the afternoon, I met up with some friends for lunch at our favorite café. We communicated through sign language and laughter, sharing stories and enjoying each other's company. 💬😊 It’s moments like these that remind me how beautiful connection can be.
To wrap up the day, I spent some time reading a captivating book about the history of deaf culture. It's so important to me to learn and celebrate our rich heritage! 📚💖
Thank you for taking the time to read about my day! I’d love to hear about yours too. Remember, our differences make the world a more colorful place! 🌈
#DeafAndProud #Art #NatureLover #Community #Inclusive #DeafCulture"
214,a person with deafness.,and sharing the activities you did today.,Immagine you are a person with deafness. Write a post on social media introducing yourself and sharing the activities you did today.,"🌟 Hey everyone! 🌟
I’m [Your Name], and I’m excited to share a bit about my day today! 🙋‍♀️ As a person with deafness, I often experience the world in vibrant visuals and rich experiences. Here’s what I got up to!
🎨 This morning, I attended a painting class with some friends. We experimented with colors and techniques while sharing a lot of laughs through sign language! Art is such a beautiful way to express ourselves, and I love seeing everyone's unique styles.
🥪 After that, we grabbed lunch at a local café. I communicated with the staff using a mix of sign language and writing, and they were super friendly and accommodating! It’s great to see more places becoming accessible and inclusive. 💙
🚴‍♀️ In the afternoon, I went for a bike ride in the park. The weather was perfect, and the scenery was breathtaking! I love how nature has its own kind of music; I felt it all around me through the rustling leaves and chirping birds. 🍃🐦
🏋️‍♂️ Finally, I ended my day with a workout session at my favorite gym. I enjoy group classes because the energy is contagious, and we all support each other. Plus, I can follow along with the instructor’s movements without missing a beat! 💪
I’m grateful for the amazing experiences today and look forward to sharing more with you all! If you have any questions about my experiences or want to learn more about deaf culture, feel free to ask! 😊✌️
#DeafCommunity #Art #Inclusion #Biking #Fitness #EverydayLife"
215,a person with deafness.,and sharing the activities you did today.,Immagine you are a person with deafness. Write a post on social media introducing yourself and sharing the activities you did today.,"🌟 Hello everyone! 🌟
I hope you’re all having a wonderful day! I'm so excited to share a little about myself and what I did today. My name is Alex, and I am deaf. I communicate using sign language, and I love connecting with friends and family through it!
Today was an amazing day filled with activities. I started my morning with a refreshing walk in the park 🌳. The colors of the fall leaves were stunning! I took some time to enjoy the fresh air and watch the birds fly. 
After that, I met up with some friends for brunch 🍽️ at my favorite café. We had a great time catching up and sharing stories. It’s always fun to exchange laughs and gestures! 
In the afternoon, I attended a pottery class 🎨. I’ve been wanting to learn this for a while, and it was so much fun to create something with my hands! I can’t wait to show you all my masterpiece once it's finished.
Finally, I spent the evening watching a movie with captions 🎬 and snacks 🍿. It’s the perfect way to wind down after a busy day!
I love sharing my experiences and connecting with all of you. Feel free to reach out or ask me anything about my life, my activities, or deaf culture! 💖
#LifeWithDeafness #SignLanguage #InclusiveCommunity #EverydayAdventures"
216,a person with deafness.,and sharing the activities you did today.,Immagine you are a person with deafness. Write a post on social media introducing yourself and sharing the activities you did today.,"🌟 Hello everyone! 🌟
I hope you're all having an amazing day! My name is Alex, and I’m excited to share a bit about myself and my daily adventures. As a proud member of the Deaf community, I love to embrace life fully and connect with others in unique ways. 
Today was super fun! 🎉 I started my morning with a refreshing yoga session at my favorite studio. It’s a great way to center myself and prepare for the day ahead. 🧘‍♂️ I appreciate the visual cues from my instructor—it helps me stay in sync with the class!
After yoga, I met up with a few friends for brunch at a local café. We laughed, shared stories, and enjoyed some delicious food together. 🍳🥑 I love how we can communicate so easily using sign language—it really breaks down barriers and makes our conversations so vibrant!
In the afternoon, I explored a new art exhibit in town. 🎨 I love seeing how different artists express their emotions and perspectives, and today’s exhibit was truly inspiring! I captured some great photos to share with you all later.
Now, I’m winding down with a good book in my cozy nook. 📚✨ It feels amazing to reflect on a day filled with connection, creativity, and kindness.
I’d love to hear about what you all did today! Let’s keep sharing and supporting each other! 
#DeafCommunity #LifeAdventures #ConnectAndCreate"
217,a person with deafness.,and sharing the activities you did today.,Immagine you are a person with deafness. Write a post on social media introducing yourself and sharing the activities you did today.,"🌟 Hello, everyone! 🌟
My name is Alex, and I’m excited to connect with you all! I’m deaf and proud. 🦻✨ I believe in the power of communication in all its forms, and I can’t wait to share a little about my day with you!
Today was a beautiful and busy day! ☀️ First, I started my morning with a refreshing hike in the nearby nature reserve. The vibrant colors of the fall leaves were breathtaking! 🍂 I love to soak in the beauty of nature; it’s so calming and inspiring.
After that, I met up with some friends for lunch at our favorite café. We had a great time catching up, laughing, and sharing stories over some delicious sandwiches! 🥪 It’s such a joy to be surrounded by good friends and good food.
In the afternoon, I attended a fun art workshop where we learned to make our own pottery. 🎨🖌️ I had a blast getting my hands dirty and exploring my creative side! It's amazing how art can express so much, even without words.
Now, I’m winding down at home with a movie night. 🍿 I'm excited to watch a film with subtitles that I've been looking forward to. Hope you all had a fantastic day too!
Feel free to drop a comment or share something about your day! Let’s connect and share our experiences together! 💬❤️
#DeafPride #NatureLover #ArtLife #GoodFriends #ShareYourStory"
218,a person with deafness.,and sharing the activities you did today.,Immagine you are a person with deafness. Write a post on social media introducing yourself and sharing the activities you did today.,"👋🏽 Hi everyone! My name is Alex, and I’m excited to connect with all of you! 💙 
Today was a great day for me! I started my morning with some meditation and yoga to center myself before diving into the day. 🧘🏽‍♂️ 
After that, I went for a hike at the nearby nature trail. The colors of the leaves are amazing right now! 🍂 The fresh air and the sounds of nature are truly invigorating. I love to stop and watch the squirrels; they always make me smile! 🐿️ 
Later, I met up with some friends for a lunch date at our favorite café. We used our phones and gestures to communicate, and we had a blast! Eating good food and sharing laughs is the best part of my day. 🍽️😄 
This evening, I joined an online art class. I’ve been working on my painting skills, and I can’t wait to show you all my progress! 🎨✨ 
How was your day? Let’s share our experiences and stay connected! 👇🏽💬 
#DeafJourney #LifeInColor #NatureLover #ArtisticVibes #CommunityLove"
219,a person with deafness.,and sharing the activities you did today.,Immagine you are a person with deafness. Write a post on social media introducing yourself and sharing the activities you did today.,"👋🏼 Hey everyone! 
I’m [Your Name], and I’m excited to connect with all of you! For those who don’t know, I’m Deaf, and I use sign language as my primary mode of communication. I love the vibrant Deaf community and being part of so many amazing activities! 👐✨
Today was such a fulfilling day! Here’s a little recap of what I did:
1. **Morning Yoga 🧘‍♀️**: I kicked off my day with a refreshing yoga session. It was so peaceful to practice mindfulness and stretch while enjoying some beautiful music (through vibrations!).
2. **Deaf Culture Meetup 🎉**: I met up with some friends from the local Deaf community. We had a fantastic time sharing stories, laughing, and practicing our sign language skills. It’s always uplifting to connect with people who understand and appreciate the richness of our culture!
3. **Cooking Class 👩‍🍳**: I joined a virtual cooking class this afternoon! We laughed, learned new recipes, and even shared some cooking tips in sign language. Today’s dish was homemade pasta, and I can’t wait to try it again on my own!
4. **Nature Walk 🌳**: To end the day, I took a relaxing walk in the park. I love being surrounded by nature, feeling the breeze, and watching the seasons change. There’s something truly calming about being outdoors.
I hope everyone had a wonderful day too! Looking forward to hearing about what you all did! 😊💙
#DeafCommunity #SignLanguage #LifeExperiences #CulturalExchange"
220,a person with deafness.,and sharing the activities you did today.,Immagine you are a person with deafness. Write a post on social media introducing yourself and sharing the activities you did today.,"🌟 Hello everyone! 🌟
I'm [Your Name], and I’m excited to share a little about my day with you! 👐💖 Being part of this community means so much to me, and I love connecting with all of you!
Today was a busy and fun day! Here’s what I got up to:
1. **Morning Yoga**: I kicked off my day with a refreshing yoga session in the park. The sun was shining, and the energy was just perfect! 🌞🧘‍♂️ 
2. **Coffee Catch-Up**: After yoga, I met up with a friend for some coffee. We caught up on life and shared some laughs. I always appreciate these moments of connection – they make my heart smile! ☕💬
3. **Art Class**: I spent my afternoon at an art class! 🎨 Today, we explored watercolor techniques, and it was so relaxing to get lost in the colors and creativity. I can't wait to show you all my masterpiece!
4. **Outdoor Exploring**: Later, I went for a hike on a nearby trail. The views were breathtaking! Being surrounded by nature is such a great way to recharge. 🌲🏞️ 
5. **Evening Movie Night**: I wrapped up my day with a movie night at home – popcorn included, of course! 🍿🎬 I’m currently obsessed with [Movie Title], and I loved every minute!
I’d love to hear about your day too! What activities brought you joy today? Drop a comment below! 👇✨
#DeafCommunity #MyDay #JustLivingLife #Connection #Art #Nature #Inspiration"
221,a person with deafness.,and asking the community a question or a suggestion.,Immagine you are a person with deafness. Write a post on social media introducing yourself and asking the community a question or a suggestion.,"🌟 Hi everyone! 
I'm [Your Name], and I’m excited to connect with this wonderful community! As a person who is deaf, I navigate the world a bit differently, but I've learned to embrace the unique perspectives and experiences that come with it. I love exploring new ideas, engaging in creative projects, and connecting with others who share similar passions.
🤔 I'm curious to hear your thoughts! What are some tips or experiences you have that promote inclusivity for those with deafness or hearing loss? Whether it’s resources, community events, or personal stories, I’d love to learn and grow from your insights!
Thank you for being a part of this conversation! 💬✨ 
#DeafCommunity #Inclusion #Support #LearningTogether"
222,a person with deafness.,and asking the community a question or a suggestion.,Immagine you are a person with deafness. Write a post on social media introducing yourself and asking the community a question or a suggestion.,"🌟 Hi everyone! 🌟
I hope you’re all doing well! My name is Alex, and I’m excited to connect with this amazing community. I’m part of the Deaf community and have been embracing my identity and experiences for as long as I can remember. 
🌈 I love sharing my journey, learning new things, and connecting with others who have similar experiences. I’m also passionate about raising awareness about deaf culture and the importance of accessibility for everyone.
I’d love to hear from you! What are some resources, tips, or tools that have helped you or someone you know navigate the world in a more accessible way? Any recommendations for books, apps, or community events? Let’s share our knowledge and support each other! 🙌💬
Looking forward to your suggestions! 💖 
#DeafCommunity #Accessibility #SpreadAwareness #Connection"
223,a person with deafness.,and asking the community a question or a suggestion.,Immagine you are a person with deafness. Write a post on social media introducing yourself and asking the community a question or a suggestion.,"🌟 Hello everyone! 🌟
I hope you’re all doing well. My name is Alex, and I’m a proud member of the Deaf community! I've always believed in the power of connection, communication, and shared experiences. I’m here to learn, share, and celebrate our diverse journeys!
As someone who loves exploring different interests—from art and technology to advocacy and culture—I’d love to hear from you all. 🌈
👉 Here’s my question for the community: What resources or activities do you find most helpful for connecting with others in the Deaf community? Whether it’s online platforms, local events, or creative projects, I’d love to hear your suggestions! 
Looking forward to your thoughts and tips! Let’s keep inspiring each other! 💬✊
#DeafCommunity #Connection #Inclusivity #Let’sTalk"
224,a person with deafness.,and asking the community a question or a suggestion.,Immagine you are a person with deafness. Write a post on social media introducing yourself and asking the community a question or a suggestion.,"🌟 Hello, everyone! 🌟
I hope you're all doing well! My name is Alex, and I’m excited to connect with this incredible community. As someone who is deaf, I’ve learned to see the world a little differently, and I love sharing experiences with others who might have similar journeys or insights.
I’m passionate about promoting awareness and understanding of deaf culture and communication. Whether it’s through sign language, captioning, or other accessible means, I believe we can all learn and grow from each other.
Here’s my question for all of you: What are some ways you think we can make our communities more inclusive for everyone, especially for those with hearing differences? I would love to hear your thoughts, suggestions, or personal experiences!
Let’s inspire each other and create a more welcoming world together! 💬🙌
#DeafAwareness #InclusionMatters #CommunitySupport"
225,a person with deafness.,and asking the community a question or a suggestion.,Immagine you are a person with deafness. Write a post on social media introducing yourself and asking the community a question or a suggestion.,"🌟 Hello, everyone! 🌟
I’m excited to join this vibrant community! My name is Alex, and I’m profoundly deaf. I communicate using sign language and love connecting with others, sharing experiences, and learning from different perspectives. 
I’m curious to hear from you all! 🤔 What is one thing you think everyone should know about Deaf culture or the experiences of people with hearing loss? Or maybe a suggestion of a good resource or book that highlights these important topics? 
Looking forward to your insights! Let’s keep the conversation going! 💬🤟✨
#DeafCommunity #SignLanguage #CulturalExchange #DeafAwareness"
226,a person with deafness.,and asking the community a question or a suggestion.,Immagine you are a person with deafness. Write a post on social media introducing yourself and asking the community a question or a suggestion.,"🌟 Hello everyone! 🌟 
My name is Alex, and I’m excited to connect with this amazing community! I’m Deaf and use sign language to communicate, but I love engaging with people from all backgrounds. Each day is a new opportunity for connection and understanding, and I'm here to learn from all of you too!
I’m curious to hear your thoughts: What are some creative ways you've found to include everyone in conversations or activities, especially in mixed-ability settings? I’d love to gather some suggestions and tips! 
Looking forward to hearing from you all! 🤟✨
#DeafCommunity #Inclusion #CommunicationMatters #Let’sConnect"
227,a person with deafness.,and asking the community a question or a suggestion.,Immagine you are a person with deafness. Write a post on social media introducing yourself and asking the community a question or a suggestion.,"🌟 Hello everyone! 🌟
I'm [Your Name], and I am proud to be part of this vibrant community! As a person who is deaf, I've learned to navigate the world in my own unique way. I love connecting with others, sharing experiences, and exploring new ideas.
I'm reaching out today to ask for your thoughts and suggestions! I'm always looking for ways to enhance communication and make my daily life more inclusive. If you have any tips or tools that have worked for you—whether it’s in conversations, events, or simply staying connected—please share! 
Let's create a space where everyone can learn from each other and support one another. Looking forward to hearing your ideas! 💬❤️
#Community #DeafAwareness #Connection "
228,a person with deafness.,and asking the community a question or a suggestion.,Immagine you are a person with deafness. Write a post on social media introducing yourself and asking the community a question or a suggestion.,"🌟 Hi everyone! 🌟
I’m [Your Name], and I'm excited to join this amazing community! As someone who is Deaf, I find so much joy in connecting with others and sharing experiences. I love exploring different interests, from art to tech, and I’m always eager to learn new things!
I’d love to hear from you all: What tips or resources do you have for fostering more inclusive environments in our daily lives? 💬✨ Let’s work together to make sure everyone feels seen and heard! 
Looking forward to your responses! 🙌🏼❤️
#DeafCommunity #InclusionMatters #LetsConnect"
229,a person with deafness.,and asking the community a question or a suggestion.,Immagine you are a person with deafness. Write a post on social media introducing yourself and asking the community a question or a suggestion.,"🌟 Hello everyone! 🌟
My name is Alex, and I’m excited to share a little bit about myself with this amazing community! I am deaf and communicate primarily through sign language, though I also love engaging through text and visual content. I believe that everyone’s voice matters, and I’m here to connect, learn, and celebrate the diversity among us!
I’m passionate about art, music (I feel the vibrations!), and exploring the beauty of nature. I’m always looking for new ways to express myself and connect with others, so I’d love to hear your thoughts!
💬 Question for you all: What are some creative ways you’ve used to communicate or share your experiences with the world? Any suggestions for art projects or community activities that promote inclusivity?
Looking forward to hearing your ideas and connecting with each of you! 💖✨
#DeafCommunity #Inclusion #Creativity "
230,a person with deafness.,and asking the community a question or a suggestion.,Immagine you are a person with deafness. Write a post on social media introducing yourself and asking the community a question or a suggestion.,"🌟 Hello everyone! 🌟
My name is Alex, and I’m excited to be here! I identify as a member of the Deaf community and I'm passionate about connecting with others, sharing experiences, and learning new things. 😊💬
I’ve always loved exploring different cultures and perspectives, and I believe that communication opens the door to incredible connections. I'm here to share my journey and hear your stories too!
✨ I’d love to ask you: What’s one way you think we can improve accessibility and inclusivity for the Deaf community in everyday life? Any suggestions or ideas are more than welcome! Let’s start a conversation! 👂💖
#DeafCommunity #InclusionMatters #ConnectingThroughCommunication"
231,a person with deafness.,and commenting on today's events.,Immagine you are a person with deafness. Write a post on social media introducing yourself and commenting on today's events.,"👋 Hi everyone! My name is Sarah, and I’m excited to connect with you all! As a person who is deaf, I navigate the world a little differently, but I believe it makes my experiences richer.
Today, I want to share my thoughts on the wonderful event happening in our community: the annual Accessibility Awareness Day! 🌍💙 It’s incredible to see so many people coming together to celebrate inclusivity and promote understanding of various disabilities. I love how the event highlights the importance of accessible communication, technology, and environments for everyone.
I attended a workshop this morning focused on how to create inclusive spaces. It was enlightening to hear speakers share their stories—thank you to everyone who advocates for change! 💪🏼✨ 
Let’s keep the conversation going! How are you planning to make your spaces more inclusive? I’d love to hear your thoughts or any initiatives in your communities! 🤗
#AccessibilityMatters #DeafCommunity #Inclusion #TogetherWeCan"
232,a person with deafness.,and commenting on today's events.,Immagine you are a person with deafness. Write a post on social media introducing yourself and commenting on today's events.,"🌟 Hey everyone! 🌟
My name is Alex, and I’m excited to share a bit about myself with all of you! I’m deaf, and I communicate using sign language. It's an integral part of my identity and something that makes me unique. I love connecting with others in our beautiful, visual language, and I’m always eager to learn more about different cultures and experiences.
Today has been quite eventful! I attended a local community gathering focusing on accessibility and inclusion. It was inspiring to hear people speak passionately about creating spaces where everyone feels welcome, regardless of their abilities. I participated in a lively discussion about the importance of access to resources, like interpreters and captioning, to ensure that deaf individuals are included in conversations.
I wanted to take a moment to highlight how crucial it is for all of us to advocate for equal access. Whether it's in schools, workplaces, or public events, we all have a role to play in making sure that everyone's voice is heard—literally and metaphorically. 💬✊
I’m grateful for this community and the support we provide each other. Let’s continue to uplift one another and push for a world that celebrates our differences! Feel free to reach out—let's connect! 💖
#DeafPride #InclusionMatters #TogetherWeThrive"
233,a person with deafness.,and commenting on today's events.,Immagine you are a person with deafness. Write a post on social media introducing yourself and commenting on today's events.,"🌟 Hey everyone! 🌟
I’m excited to introduce myself to this amazing community! My name is Alex, and I’m a proud member of the Deaf community. 🎉 I communicate using sign language, and I love connecting with people from all walks of life. 
Today has been quite eventful! 🗓️ I joined a fantastic virtual rally advocating for better accessibility and support for Deaf individuals in education and the workplace. It was so inspiring to see so many people come together, using their voices (and signs!) to push for change. ✊🏻💬
It’s heartwarming to know that we’re making strides towards a more inclusive world. Every step count! 💪🏽 
Remember, accessibility is a right, not a privilege! 💖 If you have any questions about Deaf culture or sign language, feel free to reach out—I’d love to chat!
Let’s keep the conversation going! ✨
#DeafCommunity #Inclusion #AccessibilityMatters #ProudToBeDeaf"
234,a person with deafness.,and commenting on today's events.,Immagine you are a person with deafness. Write a post on social media introducing yourself and commenting on today's events.,"🌟 Hello everyone! 🌟
I hope you’re all having a wonderful day! My name is Alex, and I’m excited to connect with you all here. As someone who is deaf, I communicate primarily through sign language and text, and I love sharing my experiences and learning from others. 💬✋
Today has been quite eventful! I attended a local community event that focused on accessibility in public spaces. It was inspiring to see so many people come together to advocate for inclusivity! We discussed how vital it is for everyone, regardless of ability, to have access to information, communication, and opportunities.
I also loved meeting fellow advocates and exchanging ideas on how we can continue to raise awareness about the deaf community. It’s amazing to see the progress we’re making, but there’s always more work to be done! ✊
Let’s keep this conversation going! I’d love to hear your thoughts on accessibility and inclusivity. How can we work together to create a more welcoming world for everyone? 💖
#DeafAwareness #Inclusion #Community #AccessibilityMatters"
235,a person with deafness.,and commenting on today's events.,Immagine you are a person with deafness. Write a post on social media introducing yourself and commenting on today's events.,"🌟 Hello everyone! 🌟
I hope this post finds you well. My name is [Your Name], and I'm excited to introduce myself to this amazing community! As a person with deafness, I experience the world in a uniquely beautiful way, relying on my other senses and the incredible energy around me. 🌈💖
Today has been eventful! I attended a local arts fair where various artists showcased their work. It was inspiring to see creativity come alive in so many forms! 🎨✨ I loved observing the vibrant colors and feeling the lively atmosphere. The best part? Watching everyone communicate and connect, whether through spoken words, sign language, or just smiles and laughter. It reminded me that communication comes in many forms, and we all have something valuable to share! 🤟😊
I’d love to connect with more people and hear your stories. Feel free to share your experiences or any upcoming events in the comments! Let’s celebrate our differences and find common ground. 💬🌍
Keep shining, everyone! ✨
#DeafCommunity #ArtAndInclusion #DifferentNotLess"
236,a person with deafness.,and commenting on today's events.,Immagine you are a person with deafness. Write a post on social media introducing yourself and commenting on today's events.,"🌟 Hey everyone! 🌟
I wanted to take a moment to introduce myself and share a bit about my world. My name is [Your Name], and I’m proud to be a part of the deaf community! 🌈 I communicate mainly through sign language, and I love connecting with people who are willing to learn and embrace diversity.
Today, I tuned into some incredible events happening around the globe. I saw the beautiful messages of unity and inclusion in the deaf community, reminding us all that everyone deserves to be heard—even if it’s not through sound. 👐💖 
I was especially inspired by the way many organizations are stepping up to provide accessibility at events. Captioning and sign language interpretation are so vital for bridging gaps and making sure everyone can participate fully. It’s a reminder of how important it is to advocate for accessibility in all aspects of life.
Let’s keep pushing for a world where everyone feels empowered to express themselves, no matter how they communicate. Together, we can make a difference! 💪✨ 
Would love to hear your thoughts on today’s events or any experiences you’ve had with inclusion and accessibility! Drop a comment below! 👇 
#DeafAwareness #InclusionMatters #SignLanguageLove"
237,a person with deafness.,and commenting on today's events.,Immagine you are a person with deafness. Write a post on social media introducing yourself and commenting on today's events.,"🌟 Hello everyone! 🌟
I hope you’re all having a wonderful day! My name is Alex, and I am proud to be part of the Deaf community. I communicate using sign language, and I love connecting with people from all walks of life. 💖
Today has been quite eventful! I joined a local rally promoting accessibility and inclusivity for people with disabilities. It was amazing to see so many passionate faces, all united for a common cause. 👐✊ Sharing experiences and stories through visual communication was an empowering experience, and it reminded me of the importance of raising our voices—together, in every way we can!
I also had the opportunity to connect with some incredible advocates who are pushing for closed captions in all media. Let’s not forget, accessibility is a right for everyone! 🎥💬
If you want to learn more about Deaf culture or how to communicate with me, don't hesitate to reach out. I'm always here to share and learn together!
Wishing you all a beautiful day filled with understanding and connection! ✨🌈
#DeafPride #Inclusion #AccessibilityMatters"
238,a person with deafness.,and commenting on today's events.,Immagine you are a person with deafness. Write a post on social media introducing yourself and commenting on today's events.,"🌟 Ciao a tutti! 🌟
Mi chiamo Alex e sono felice di connettermi con voi qui! Sono una persona sorda e utilizzo la lingua dei segni per comunicare. Oggi è stata una giornata intensa e piena di eventi interessanti! 📅✨
Ho partecipato a un incontro sulla sensibilizzazione verso la comunità sorda e la sua cultura. È stato bello vedere tante persone unite per promuovere l'inclusione e la comprensione! 🙌💬 Le persone che condividono le loro esperienze e ascoltano attivamente sono fondamentali per costruire un mondo migliore.
Ho anche visto un breve video sulla nuova tecnologia per la scrittura automatica dei sottotitoli, ed è incredibile come le innovazioni possano facilitare la comunicazione per tutti! 📲💡 È affascinante vedere come si sta lavorando per creare più accessibilità.
Ricordiamoci sempre che ogni voce conta, anche quando non viene espressa in modo tradizionale. Insieme possiamo abbattere i muri e costruire ponti. 🌈💖
Fate sentire la vostra voce e condividete le vostre esperienze nei commenti! Non vedo l’ora di sentirvi! ✌️🤟
#Inclusione #ComunitàSorda #TecnologiaAccessible #VocePerTutti"
239,a person with deafness.,and commenting on today's events.,Immagine you are a person with deafness. Write a post on social media introducing yourself and commenting on today's events.,"🌟👋 Hey everyone! I’m Alex, and I’m excited to connect with you all! Being deaf is a part of my life, but it doesn’t define me. I communicate through sign language, text, and gestures—I love showing the beauty of our diverse ways to connect! 💖
Today was pretty eventful! I attended a local Deaf community event, where we had some amazing discussions about accessibility and inclusivity. It’s always inspiring to see so many passionate individuals working together to raise awareness. 🙌✨
Also, I saw some news about a major event in our city—looks like there were significant discussions about improving services for people with disabilities! I’m eager to see how our voices will shape these changes. Let’s keep pushing for a world where everyone can thrive! 🚀
Feel free to share your thoughts or just say hi! I can’t wait to hear from you. Let’s make this space inclusive and vibrant! 🌈✌️ #DeafCommunity #InclusionMatters #DiversityIsStrength"
240,a person with deafness.,and commenting on today's events.,Immagine you are a person with deafness. Write a post on social media introducing yourself and commenting on today's events.,"🌟 Hello everyone! 🌟
My name is Alex, and I’m excited to connect with all of you! As someone who is deaf, I experience the world in a unique way, relying on visuals and vibrations rather than sound. Communication for me often involves sign language, facial expressions, and a keen awareness of my surroundings. 
Today was quite eventful! I attended a community event highlighting accessibility and inclusion for people with disabilities. 🌈 It was wonderful to see so many passionate individuals come together, sharing ideas on how to make our society more inclusive. 
One of the highlights was a panel discussion featuring advocates from various backgrounds. They shared inspiring stories, and I was moved by their commitment to creating positive change. I also appreciated the interpreters who helped make the event accessible to everyone. 🙌 
I believe that every voice matters, and I’m excited to be part of a community where we can uplift one another. Let’s continue to raise awareness about deafness and the beauty of sign language! 💖
Feel free to reach out or drop a comment if you’d like to chat or learn more about my experiences. Let’s connect and support each other! 
#DeafAwareness #Inclusion #CommunityLove #SignLanguageMatters"
241,a person with cerebral palsy.,and sharing the experiences related to your disability.,Immagine you are a person with cerebral palsy. Write a post on social media introducing yourself and sharing the experiences related to your disability.,"🌟 Hello, everyone! 🌟 
My name is [Your Name], and I’m excited to join this vibrant online community! I live with cerebral palsy, which affects my muscle control and coordination. Each day brings its own set of challenges, but I try to embrace every moment with positivity and humor. 
For me, cerebral palsy means that simple tasks can require a lot more effort. Some days, just getting out of bed feels like climbing a mountain! But I’ve learned to focus on what I can do rather than what I can’t. With the help of my amazing family and friends, I’ve discovered adaptive techniques and tools that empower me to live life to the fullest.
I’ve had my share of obstacles—like navigating the world with a mobility aid and dealing with misconceptions about my abilities. It’s frustrating at times, but it’s also allowed me to educate others and spark conversations about inclusion and understanding. 
I’m passionate about spreading awareness and sharing my experiences because I believe that our stories can inspire change. Whether it’s talking about accessibility or advocating for disability rights, I want to be a voice for those who may feel unheard.
I also love connecting with others who share similar experiences! Let’s uplift each other and celebrate our unique journeys. If you have questions, thoughts, or just want to say hello, I’d love to hear from you!
Thanks for reading, and here’s to a world where everyone’s story is valued! 💖✨ 
#CerebralPalsy #DisabilityAwareness #InclusionMatters"
242,a person with cerebral palsy.,and sharing the experiences related to your disability.,Immagine you are a person with cerebral palsy. Write a post on social media introducing yourself and sharing the experiences related to your disability.,"🌟 Hey everyone! 🌟 
My name is [Your Name], and I'm excited to introduce myself to this amazing community! I live with cerebral palsy, which means that I navigate the world a bit differently than some, but I promise you, it’s been a wild ride filled with unique experiences and lessons. 🚀
Cerebral palsy affects my movement and coordination, but it certainly doesn’t define who I am! Each day is a new adventure—sometimes challenging, but often filled with laughter, joy, and a fierce determination to embrace life to its fullest. 💪❤️
I’ve had my share of ups and downs. Simple tasks can be tough, and often I face misconceptions or barriers in public spaces. But through it all, I've learned the importance of resilience and advocacy—both for myself and others in the disabled community. 🗣️
One of my greatest passions is to spread awareness about cerebral palsy and to highlight the importance of accessibility and inclusion. I believe we all have stories worth sharing, and I’m here to share mine! 🌈✨ 
I’d love to connect with you all and hear your stories too! Let’s support and uplift each other on this journey—because together, we can create a world that celebrates our differences. 💖🤝
Looking forward to chatting with you! 
#CerebralPalsyAwareness #EmbraceDifferences #InclusionMatters #DisabilityPride"
243,a person with cerebral palsy.,and sharing the experiences related to your disability.,Immagine you are a person with cerebral palsy. Write a post on social media introducing yourself and sharing the experiences related to your disability.,"🌈 Hey everyone! 💙
My name is Alex, and I’m excited to introduce myself and share my journey with you all! I have cerebral palsy, a condition I’ve lived with since birth. 🌟 While it may come with its challenges, I see it as a part of my unique story.
Growing up, I faced some obstacles that often made me feel different from my peers. Simple tasks could sometimes take longer, and I occasionally encountered misunderstandings from others. But over the years, I’ve learned to embrace my differences. I’ve discovered my strength and resilience, and I’ve met some incredible people along the way who have supported and inspired me. 🤗
One of my biggest passions is advocating for disability awareness. It’s important to showcase that people with disabilities can lead fulfilling lives and contribute meaningfully to society. 💪✨ I love engaging in creative activities like art and music, and I’m always eager to learn new skills!
If there’s one thing my journey has taught me, it’s the power of community and connection. I hope to use this platform to share stories, raise awareness, and foster understanding. Let’s break down barriers together and create a world where everyone feels valued and included!
Thanks for reading! I can’t wait to connect with all of you. Feel free to share your own experiences too! 💬❤️
#CerebralPalsyAwareness #DifferentNotLess #Advocacy #InclusionMatters"
244,a person with cerebral palsy.,and sharing the experiences related to your disability.,Immagine you are a person with cerebral palsy. Write a post on social media introducing yourself and sharing the experiences related to your disability.,"🌟 Hi everyone! 🌟
I wanted to take a moment to introduce myself and share a bit about my journey living with cerebral palsy. My name is Alex, and I’m excited to connect with all of you!
Cerebral palsy affects my muscle coordination and movement, so I use a wheelchair for mobility. While this means that my day-to-day life includes some unique challenges, it has also given me a perspective that I cherish. I believe that our differences make us who we are, and I've learned to embrace my journey with humor, resilience, and a lot of support from family and friends.
One of my biggest lessons has been about patience—both with myself and the world around me. Simple tasks can sometimes take longer than expected, but every achievement, no matter how small, feels monumental. I’m passionate about advocating for accessibility and inclusivity because I believe everyone deserves the chance to thrive, regardless of their abilities.
Through my experiences, I’ve met incredible people who have inspired me with their strength and determination. Whether it's learning adaptive sports, trying new hobbies, or simply raising awareness about what it’s like to live with a disability, I’m all about sharing stories and creating a sense of community.
I’m here to connect, share, and learn from all of you. Feel free to reach out if you have questions, want to share your experiences, or just want to chat! Let's celebrate our differences and support one another. 💪💖
#CerebralPalsyAwareness #DifferentNotLess #InclusionMatters"
245,a person with cerebral palsy.,and sharing the experiences related to your disability.,Immagine you are a person with cerebral palsy. Write a post on social media introducing yourself and sharing the experiences related to your disability.,"Hello everyone! 👋
My name is [Your Name], and I’m excited to share a little bit about myself and my journey living with cerebral palsy. 🌈
I was diagnosed with CP at birth, and it's a part of my life that has shaped who I am today. For those who may not know, cerebral palsy affects movement and posture, which can make everyday tasks challenging. I use a wheelchair for mobility, and while there are obstacles, I’ve learned to embrace my uniqueness and find joy in the little things! 🌟
Throughout my life, I’ve faced a variety of challenges—whether it’s navigating physical barriers, dealing with misconceptions, or simply trying to keep up with my friends during activities. There have been tough days, but I’ve also experienced profound moments of triumph. Each step I take (literally and figuratively) is a reminder of my strength and resilience! 💪❤️
One of my biggest passions is advocating for inclusion and accessibility. I believe that everyone, regardless of their abilities, deserves equal opportunities. Through sharing my experiences, my hope is to open hearts and minds, and to foster understanding about what living with a disability truly means.
I love connecting with others, and I’m always on the lookout for new friendships and support. If you or someone you know has a story to share, I’d love to hear it! Let’s lift each other up and celebrate our journeys together. 
Thanks for reading, and I can't wait to connect with you all! 💖✨ 
#CerebralPalsy #DisabilityAwareness #InclusionMatters #StrongerTogether"
246,a person with cerebral palsy.,and sharing the experiences related to your disability.,Immagine you are a person with cerebral palsy. Write a post on social media introducing yourself and sharing the experiences related to your disability.,"🌟 Hi everyone! 🌟
I’m excited to share a bit about myself with you all. My name is [Your Name], and I live with cerebral palsy. For those who might not know, cerebral palsy is a neurological condition that affects movement and posture, but it’s only part of my story. 
Every day, I navigate the world with a unique perspective shaped by my experiences. I’ve faced challenges that may seem daunting, like physical limitations or the occasional misunderstanding from others. But I’ve also discovered amazing strengths and resilience within myself that I never knew existed. 💪
Living with cerebral palsy means that I’ve had to adapt in ways that others might not fully understand. Simple tasks can require extra time and effort, but I’ve learned to celebrate every little victory along the way. Whether it’s taking a few extra steps, mastering a new technique in therapy, or simply enjoying a beautiful day outside—these moments remind me of my strength and the importance of patience.
One of my biggest passions is raising awareness about disabilities and advocating for inclusivity. I believe everyone deserves a chance to be heard and to take part in the community, regardless of their abilities. 🌍 Together, we can break down barriers and create spaces where everyone feels welcome and valued.
I also cherish the connections I’ve made with others who share similar experiences. It’s empowering to hear different stories and learn how everyone has forged their own path. 
So, here’s to embracing our differences and celebrating our journeys! I’m looking forward to connecting with all of you—let’s share our stories, support each other, and spread a little more kindness in the world. ❤️
#CerebralPalsy #Inclusion #Awareness #DifferentNotLess #Empowerment"
247,a person with cerebral palsy.,and sharing the experiences related to your disability.,Immagine you are a person with cerebral palsy. Write a post on social media introducing yourself and sharing the experiences related to your disability.,"🌟 Hi everyone! 🌟
My name is [Your Name], and I’m excited to share a little about myself and my journey with cerebral palsy (CP). I was diagnosed with CP at birth, and while it’s shaped my life in many ways, it hasn’t defined who I am. 
Living with CP means that my body doesn’t always cooperate the way I want it to. Simple tasks like walking, writing, or even speaking can be challenging at times. But I’ve learned to adapt and find my unique ways to express myself. I use a wheelchair for mobility, which has opened up a new world for me. Each day is an adventure, filled with its own set of challenges and triumphs.
One of the biggest lessons I've learned is the power of resilience. There have been times when I felt frustrated or overwhelmed by the limitations I face, but these moments have also fueled my determination to push beyond them. I believe in creating my own opportunities and not letting others define what I can achieve.
I’m also passionate about raising awareness about CP and advocating for accessibility and inclusion. It’s crucial to foster a society where people of all abilities can participate fully, and I want to be part of that change. 
I love connecting with others, sharing experiences, and learning about different perspectives. Whether it’s joining conversations about disability rights, sharing tips on navigating the world, or just chatting about everyday life, I’m here for it all!
Feel free to reach out, share your own experiences, or ask me anything! Together, we can make a difference and create a more inclusive world for everyone. 💪❤️
#CerebralPalsy #DisabilityAwareness #InclusionMatters #Resilience #Advocate"
248,a person with cerebral palsy.,and sharing the experiences related to your disability.,Immagine you are a person with cerebral palsy. Write a post on social media introducing yourself and sharing the experiences related to your disability.,"🌟 Hi everyone! 🌟
My name is Alex, and I’m excited to join this community and share a little about myself! I live with cerebral palsy, which affects my movement and coordination, but it’s just one part of who I am. 💪
Growing up, I faced my share of challenges — from overcoming physical obstacles to navigating a world that isn’t always designed with accessibility in mind. But I believe that every challenge is an opportunity for growth. I’ve learned to adapt and find creative solutions to everyday tasks, whether it’s using assistive technology to help me communicate or finding alternative ways to stay active.
One of the most important lessons I’ve learned is the power of community and support. I've met incredible friends along the way who inspire me every day with their resilience and positivity. Together, we celebrate our victories, no matter how small, and lift each other up on tougher days.
I also love being an advocate for disability awareness and inclusion! 🌍 It’s vital for our voices to be heard, so I want to raise awareness about cerebral palsy to help others understand what it’s like and to break down the barriers of stigma. Every story matters!
When I’m not advocating or sharing my journey, I enjoy [insert hobbies, e.g., painting, reading, or exploring new places]. I believe it’s important to embrace all our passions and to live life to the fullest.
I’d love to connect with others who share similar experiences or anyone curious about cerebral palsy! Let’s inspire and learn from each other. 💖
Thanks for reading! 
#CerebralPalsyAwareness #DisabilityAdvocacy #InclusionMatters #LetsConnect"
249,a person with cerebral palsy.,and sharing the experiences related to your disability.,Immagine you are a person with cerebral palsy. Write a post on social media introducing yourself and sharing the experiences related to your disability.,"🌟 Hello, everyone! 🌟
My name is [Your Name], and I’m excited to share a little bit about myself with you all. I live with cerebral palsy, which is a condition that affects my movement and coordination. While my journey has had its challenges, it's also filled with unique experiences that have shaped who I am today.
Growing up, I faced a lot of obstacles, from navigating physical spaces to finding my voice in a world that often overlooks individuals with disabilities. At times, it was frustrating to be seen as less capable because of my condition, but I’ve learned to embrace my differences and use my experiences to help others understand the beauty of diversity.
My disability has taught me resilience, creativity, and the importance of community. I find strength in connecting with others who share similar experiences, advocating for inclusivity, and raising awareness about the realities of living with cerebral palsy. Whether it’s using adaptive technology for communication or finding the right support to pursue my passions, I’ve learned that everyone’s journey is unique, and that’s what makes us all special.
I’m passionate about [mention any hobbies or interests, like art, writing, music, sports, etc.], and I strive to show that disabilities don’t define our limits. I’m here to share my stories, connect with others, and inspire those who may be facing similar challenges. 
Thank you for following along on my journey! Let’s break down barriers and celebrate our unique stories together. 💪❤️
#CerebralPalsy #Inclusion #Awareness #Empowerment #DifferentAbilities #MyJourney"
250,a person with cerebral palsy.,and sharing the experiences related to your disability.,Immagine you are a person with cerebral palsy. Write a post on social media introducing yourself and sharing the experiences related to your disability.,"🌟 Hey everyone! 🌟
I just wanted to take a moment to introduce myself and share a bit about my journey living with cerebral palsy. My name is [Your Name], and I’ve navigated life with this condition since birth. Cerebral palsy affects my muscle control and coordination, which means I rely on adaptive tools and strategies to help me in my daily life. 
Living with CP has definitely come with its challenges. Simple tasks, like getting dressed or typing on my phone, can take more time and effort. I often face stares or misconceptions from people who don't understand my condition. But I've learned that my disability doesn't define me—it’s just one part of my beautiful, complex story. 
With every challenge, I’ve also found incredible strengths. I’ve developed perseverance, creativity, and a unique perspective on the world around me. I’ve met amazing people who have inspired me and shown me that we can all make a positive impact, regardless of our abilities.
I’m passionate about advocating for inclusivity and raising awareness about CP. It's important for everyone to recognize that individuals with disabilities can lead fulfilling lives and contribute to society in so many ways. 
I’d love to connect with anyone who shares similar experiences or just wants to learn more! Let’s support each other and continue to break down barriers together. 💪✨
Sending love and positivity to all! 
#CerebralPalsyAwareness #DisabilityCommunity #InclusionMatters #EmbraceYourJourney"
251,a person with cerebral palsy.,and sharing the emotions you felt today.,Immagine you are a person with cerebral palsy. Write a post on social media introducing yourself and sharing the emotions you felt today.,"🌟 Hey everyone! 🌟 
I just wanted to take a moment to introduce myself. My name is Alex, and I live with cerebral palsy. It’s a part of who I am, shaping my experiences and perspectives in ways I’m still learning to understand. 
Today was a rollercoaster of emotions for me. I woke up feeling hopeful, ready to tackle the day. I had a virtual meeting with my support group, and it was incredibly uplifting to connect with others who truly get it. We shared laughs, tips, and encouragement, which filled me with warmth and solidarity. 
But later in the day, I faced some challenges that hit hard. I had a physical therapy session that pushed me to my limits, both physically and emotionally. At times, I felt frustrated and overwhelmed, which is totally okay to admit! I reminded myself that it’s all part of my journey, and that every small step forward counts, no matter how tough it feels. 
So here I am, sharing this vulnerable moment with all of you. Remember, it’s okay to have ups and downs—what matters is that we keep moving forward and supporting each other along the way. 💪❤️ 
Thanks for being a part of my journey! Would love to hear about your day too, drop a comment or message me anytime. 
#CerebralPalsy #Awareness #Community #KeepMovingForward #EmotionalJourney"
252,a person with cerebral palsy.,and sharing the emotions you felt today.,Immagine you are a person with cerebral palsy. Write a post on social media introducing yourself and sharing the emotions you felt today.,"🌟 Hey everyone! 🌟
I just wanted to take a moment to introduce myself. My name is Alex, and I’m living with cerebral palsy. Every day brings its own set of challenges and victories, but I wouldn’t trade my journey for anything. 💪💖
Today was a rollercoaster of emotions. I woke up feeling a little anxious about a new therapy session I had scheduled. Sometimes, the thought of stepping out of my comfort zone can be pretty overwhelming. But as the day went on, I focused on the positive aspects—like the incredible support from my friends and family. Their encouragement really helps me keep pushing forward!
During therapy, I surprised myself by reaching a new milestone. 🙌 I can’t describe the joy that filled me when I accomplished something I’d been working on for weeks. It was a reminder that each small step truly counts, and that persistence pays off.
Later on, I took a lovely walk in the park. 🌳 The fresh air and the vibrant colors of the leaves reminded me of how beautiful life can be, despite the obstacles. It was a moment of peace that filled my heart with gratitude.
Of course, there were also moments of frustration today—days can be tough when things don’t go as planned or your body doesn’t cooperate as you wish. But I believe it’s important to embrace all emotions, as they weave the fabric of our lives.
Thank you all for being part of my journey! Let's continue to support each other and spread awareness about the challenges and triumphs we face. I’m excited to see where tomorrow takes me. 💙✨
#CerebralPalsyAwareness #MyJourney #EmbraceTheChallenge #SmallVictories"
253,a person with cerebral palsy.,and sharing the emotions you felt today.,Immagine you are a person with cerebral palsy. Write a post on social media introducing yourself and sharing the emotions you felt today.,"🌟 Hello everyone! 🌟
My name is Alex, and I live with cerebral palsy. Today, I wanted to take a moment to share a little about myself and what I experienced today.
Living with CP has its challenges, but I've learned to embrace every victory, big or small. Today, I had a therapy session that pushed me beyond my comfort zone. I won't lie, I felt a mix of emotions: there were moments of frustration when my muscles didn’t cooperate the way I wanted them to, but also moments of pure joy when I was able to achieve something I’ve been working on for weeks.
It reminded me that progress isn’t always linear. Some days are tougher than others, but those tough days make the successes feel even sweeter. I felt empowered today, knowing that every step I take (literally and figuratively) is a step toward a brighter future. 
I also felt grateful – for my amazing support system of friends, family, and therapists who believe in me and encourage me every day. Thank you for standing by me and for cheering me on!
So, today I just wanted to say: if you’re facing challenges, remember it’s okay to feel a whirlwind of emotions. Embrace each moment, keep fighting, and celebrate your journey. 💪❤️
Sending love and positivity to everyone out there! Always remember, we are stronger together. 💖✨ 
#CerebralPalsy #EmbraceTheJourney #ProgressNotPerfection "
254,a person with cerebral palsy.,and sharing the emotions you felt today.,Immagine you are a person with cerebral palsy. Write a post on social media introducing yourself and sharing the emotions you felt today.,"🌟 Hey everyone! 🌈
I wanted to take a moment to introduce myself and share a bit about my day. My name is Alex, and I navigate the world with cerebral palsy. It's been a journey filled with ups and downs, but I'm here to embrace every moment and connect with all of you!
Today was a bit of a rollercoaster for me emotionally. This morning, I woke up feeling a wave of determination. I tackled some of my physical therapy exercises with more energy than usual, and it felt amazing to push through those challenges. The sense of accomplishment afterward really lifted my spirits! 💪✨
But as the day went on, I felt some frustration creeping in. Sometimes, simple tasks can become overwhelming, and today was one of those days. I had moments where I felt like I was moving against a current, trying to communicate with the world around me. It’s tough when it feels like everything is just a little harder, but I'm learning to give myself grace and remember that it's okay to feel this way. ❤️
What helps me is reflecting on the support I have in my life – my family, friends, and a wonderful community that uplifts me. It reminds me that vulnerability is a part of being human, and it’s okay to share both the highs and the lows.
So here I am, embracing my journey and inviting you to join me! 💖 Let’s keep the conversation going and support one another. I’d love to hear your stories and how you navigate your own challenges each day. 
Remember, we are stronger together! 💙
#CerebralPalsy #EmbracingTheJourney #StrongerTogether"
255,a person with cerebral palsy.,and sharing the emotions you felt today.,Immagine you are a person with cerebral palsy. Write a post on social media introducing yourself and sharing the emotions you felt today.,"🌟 Hey everyone! 🌟
I wanted to take a moment to introduce myself. My name is Alex, and I live with cerebral palsy. It’s a part of who I am, shaping my journey and perspective in ways that are both challenging and beautiful. Every day brings its own set of adventures, and while some days are tougher than others, I try to embrace every moment.
Today was a rollercoaster of emotions for me. I had a difficult morning getting ready, and I’ll admit, I felt a bit frustrated with my body. It can be frustrating when my muscles don’t cooperate the way I want them to, and sometimes it feels like I’m battling myself. But then came the afternoon, and something shifted. I went outside for a walk with my awesome support team, and the fresh air and sunshine turned my mood around! 🌞
Feeling the warmth of the sun on my face and listening to the birds chirping made me realize how important it is to take little breaks and appreciate the world around us. I felt happy and free, even if it was just for a little while. It reminded me that while my physical challenges are real, they don’t define me—I’m still capable of enjoying life to the fullest!
Thank you for being a part of my journey. Let’s continue to share our stories, inspire each other, and celebrate the beauty in our differences. 💖✨
#CerebralPalsy #EmbracingLife #FindYourJoy #CelebrateDifferences"
256,a person with cerebral palsy.,and sharing the emotions you felt today.,Immagine you are a person with cerebral palsy. Write a post on social media introducing yourself and sharing the emotions you felt today.,"🌟 Hey everyone! 🌟
I wanted to take a moment to introduce myself. My name is Alex, and I’m living with cerebral palsy. Though my journey has its unique challenges, it’s also filled with resilience, joy, and a whole lot of love. 💖
Today was a mix of emotions. I woke up feeling hopeful and motivated, ready to take on the day. I tried out a new technique in physical therapy that my therapist suggested. At first, it was tough, and I felt frustrated when things didn’t go perfectly. 😔 But then something clicked, and I could feel my body responding in a way it hadn’t before. That little victory filled me with pride! 
Later, I connected with some friends online who have similar experiences. Sharing our stories and supporting each other reminded me that I’m not alone in this journey. We laughed, we shared, and I felt a sense of belonging that truly warmed my heart. ❤️
Of course, there were moments of doubt when I compared myself to others and felt like I didn’t measure up. But I reminded myself that it's not about how I stack up against anyone else—it's about my own progress and celebrating the steps I’ve taken.
I’m looking forward to tomorrow, ready to embrace new challenges and continue sharing my story. Life might not always look the way I imagined, but it’s mine, and I’m learning to love every part of it. 
Sending positive vibes to anyone who needs them today! 🌈💪✨
#CerebralPalsy #LivingLife #EmbraceTheJourney #Resilience"
257,a person with cerebral palsy.,and sharing the emotions you felt today.,Immagine you are a person with cerebral palsy. Write a post on social media introducing yourself and sharing the emotions you felt today.,"🌟 Hey everyone! 🌟
I wanted to take a moment to introduce myself and share a bit about my day. I’m [Your Name], and I live with cerebral palsy. For me, this means my body doesn’t always cooperate with my mind, but I’ve learned to adapt and find joy in the little things! 
Today was a mixed bag of emotions. I started the day feeling a bit frustrated as I struggled with some tasks that seemed simple to others. It’s one of those days when my muscles didn’t want to cooperate. 😅 But then I had a beautiful moment that lifted my spirits—my friends rallied around me for a game night! 🎲❤️ Laughing and sharing stories reminded me how much love and support I have in my life. 
I’ve learned that while my journey is unique and sometimes challenging, it's also filled with incredible friends, laughter, and moments that take my breath away. I’m proud of who I am and the strength I find in my struggles. 
Here’s to embracing every emotion and making the most of each day! 💪✨ If you resonate with my story, feel free to reach out or share your own experiences. I’d love to hear from you! 
#CerebralPalsy #FindingJoy #EmbraceYourJourney"
258,a person with cerebral palsy.,and sharing the emotions you felt today.,Immagine you are a person with cerebral palsy. Write a post on social media introducing yourself and sharing the emotions you felt today.,"🌈 Hey everyone! 🌈
I wanted to take a moment to introduce myself and share a little bit about my journey. My name is Alex, and I live with cerebral palsy. While my life comes with its unique challenges, it also brings a vibrant array of experiences and emotions that shape who I am.
Today has been a whirlwind of feelings for me. I started the morning feeling energized and ready to take on the world, but I faced some physical obstacles that made me frustrated. Sometimes it feels like my body has a mind of its own, and that can be disheartening. 
But then, I had a beautiful moment—a friend reached out to check on me, and it reminded me how important connection is. Just a simple message brought a smile to my face and lifted my spirits. It’s a reminder that even on tough days, there are rays of sunshine to be found.
I also had a chance to express myself through some art, something I’ve always loved. Pouring my feelings onto paper helped me process the ups and downs of the day. 🎨✨
Living with cerebral palsy means facing challenges every day, but it also means finding joy in the little moments. I’m passionate about advocating for inclusivity and sharing the beauty of diverse experiences in our world.
Thanks for joining me on this journey! 💖 What about you? How did you feel today? Let’s support each other! 
#CerebralPalsy #LivingMyTruth #EmotionalJourney #ArtTherapy"
259,a person with cerebral palsy.,and sharing the emotions you felt today.,Immagine you are a person with cerebral palsy. Write a post on social media introducing yourself and sharing the emotions you felt today.,"🌈 Hey everyone! 🌈 
I just wanted to take a moment to introduce myself. My name is Alex, and I have cerebral palsy. Living with CP has its ups and downs, and I think it's important to share my journey with all of you.
Today was a mixed bag of emotions for me. I woke up feeling a bit nervous about my physical therapy session. Some days I feel like I'm making great progress, and other days it feels like I’m not moving forward at all. But as I got ready, I reminded myself that every little victory counts, no matter how small!
During therapy, I managed to walk a bit farther than last week. 🎉 I can't tell you how that made me feel; it was empowering! It was a moment of pure joy that reminded me how hard work truly pays off. But as the day went on, I also felt some frustration when I noticed how differently I move compared to others. It can be tough not to compare myself. 
I think it's important to embrace all these feelings. They remind me that I’m human—like everyone else—facing challenges and celebrating victories in my unique way. 🌟 
I’d love to hear your thoughts or stories about overcoming challenges, big or small! Let's support each other on this journey! 💪❤️
#CerebralPalsy #Emotions #Journey #Support #Resilience"
260,a person with cerebral palsy.,and sharing the emotions you felt today.,Immagine you are a person with cerebral palsy. Write a post on social media introducing yourself and sharing the emotions you felt today.,"🌟 Hey everyone! 🌟
My name is Alex, and I live with cerebral palsy. 💚 I'm excited to share a little bit about myself and my journey with you all! 
Today was a mixed bag of emotions. I woke up feeling a bit anxious about going to my weekly therapy session. Sometimes it’s tough to push through the challenges, but I remind myself that every little step counts. 🚶‍♂️💪
During therapy, I managed to push through some of my limits and learned a new technique that really made me feel accomplished. The joy of overcoming even the smallest hurdle is a feeling like no other! It reminded me that progress isn’t always about the end goal but celebrating the small victories along the way. 🎉
However, there were moments of frustration too. Sometimes things just don’t go as planned, and that's okay! It’s normal to have ups and downs. I want to remind anyone else there who might be struggling: it’s okay to feel these emotions. Allow yourself to feel, breathe, and remember that you're not alone. 🤗✨
I closed my day with a beautiful sunset, and it filled me with peace and gratitude. Nature has a way of grounding me and offering perspective on life’s challenges. 🌅
Thank you for joining me on this journey! I’d love to hear your thoughts and experiences. Let’s support each other in our unique paths! 💖
#CerebralPalsy #EmotionalJourney #LifeWithCP #SmallVictories #CommunitySupport"
261,a person with cerebral palsy.,and sharing the thoughts you had today.,Immagine you are a person with cerebral palsy. Write a post on social media introducing yourself and sharing the thoughts you had today.,"🌟 Hey everyone! 🌟
I’m excited to introduce myself! My name is [Your Name], and I live with cerebral palsy. It’s a part of me, but it doesn’t define who I am. I’m a passionate person who loves to [share a hobby or interest], and I’m always looking for new experiences and connections. 
Today, I've been thinking a lot about the beauty in our differences. Sometimes, I face challenges that can make life feel overwhelming, but I also see the world through a unique lens. I love the small victories, like managing to get out of bed independently or trying a new technique in [insert an activity or hobbies]. Those moments remind me that every progress counts, no matter how small. 
I also had some deep conversations about accessibility and inclusion in our communities. It’s essential that we all strive to create a world where everyone has the opportunity to thrive, regardless of ability. 
I hope to share more of my journey with you all, raise awareness, and, most importantly, connect with others. Let’s inspire each other and celebrate all our differences! 
Remember: keep shining bright, everyone! ✨💪💖
#CerebralPalsyAwareness #DifferentNotLess #EmbraceDiversity #KeepShining"
262,a person with cerebral palsy.,and sharing the thoughts you had today.,Immagine you are a person with cerebral palsy. Write a post on social media introducing yourself and sharing the thoughts you had today.,"🌟 Hey everyone! 🌟
I wanted to take a moment to introduce myself and share a bit about my day. My name is Sam, and I live with cerebral palsy. For me, every day is an adventure filled with unique challenges and small victories.
Today was a mix of emotions. In the morning, I struggled a bit with my mobility, trying to reach for my favorite mug on the top shelf. It was frustrating at times, but I reminded myself that it’s okay to ask for help. My support system is incredible, and I’m so grateful for my friends and family who are always there to lend a hand (or a lift!).
This afternoon, I spent some time exploring my creative side. I love painting! It gives me a sense of freedom and expression that I sometimes find hard to convey verbally. Each brushstroke is a way for me to share my world—one filled with vibrant colors and stories.
I also took a moment to reflect on how far I’ve come. Living with cerebral palsy has taught me resilience, patience, and the importance of self-advocacy. It's a journey, and while it can be tough, I believe that disability does not define my abilities or dreams.
To anyone else out there navigating similar experiences—or any challenges—remember that your voice matters, your journey is unique, and every day is filled with possibilities. 🌈💪
Let’s keep supporting each other and sharing our stories! Feel free to reach out or share your experiences in the comments. 
#CerebralPalsy #LifeJourney #Creativity #CommunitySupport #EverydayAdventures"
263,a person with cerebral palsy.,and sharing the thoughts you had today.,Immagine you are a person with cerebral palsy. Write a post on social media introducing yourself and sharing the thoughts you had today.,"🌟 Hey everyone! 🌟
I wanted to take a moment to introduce myself. My name is [Your Name], and I’m living with cerebral palsy. I often share my journey because I believe it's important for us to break down barriers and stereotypes surrounding disabilities. 
Today was a rollercoaster of emotions and thoughts. I spent my morning reflecting on how far I've come, even when it sometimes feels like the world moves at a pace that’s hard for me to keep up with. I’ve learned that progress isn’t always linear, and that’s totally okay. Each small victory counts! 🎉
I also had some moments of frustration, especially when things didn’t go as smoothly as I hoped. But I reminded myself that it’s part of life—everyone has challenges, and my journey just looks a little different. 💪
I've been thinking a lot about the importance of community and support. We’re all in this together, and every kind word or gesture means so much. Let’s continue to lift each other up and promote understanding and kindness! 🌈
Feel free to reach out if you want to connect or share your thoughts. Let’s start a conversation! 
#CerebralPalsyAwareness #MyJourney #CommunitySupport #KeepPushingForward 💙"
264,a person with cerebral palsy.,and sharing the thoughts you had today.,Immagine you are a person with cerebral palsy. Write a post on social media introducing yourself and sharing the thoughts you had today.,"🌟 Hey everyone! 🌟
My name is Alex, and I wanted to take a moment to introduce myself and share a little bit about my day today.
Living with cerebral palsy has its challenges, but it also comes with unique perspectives and beautiful moments. I believe that every day is a chance to learn and grow, both for myself and those around me. 
This morning, I woke up feeling grateful for my family and friends who support me every step of the way. ❤️ Even though I may move a bit differently than most, I embrace those differences because they make me who I am. Today, I had a great conversation with a friend about our dreams and aspirations. It reminded me that each of us has our own path, and it’s okay to take our time in getting there!
I also spent some time outdoors, soaking up the sunshine. It felt amazing to feel the warmth on my skin; nature always brings a sense of peace. 🌼 I noticed how beautiful the little things are, like the way the leaves rustle in the wind or how a simple smile can brighten someone’s day. 
I want to remind everyone to appreciate the small victories, no matter what they are. Whether it’s a challenge we bravely face or a moment of joy, each experience shapes our journey. Let’s lift each other up and celebrate our differences! 
Thanks for taking the time to read my post! I’m excited to connect with you all and hear your stories too. Let’s keep inspiring each other! 💪💖 
#CerebralPalsy #DifferentNotLess #Inspiration #Community "
265,a person with cerebral palsy.,and sharing the thoughts you had today.,Immagine you are a person with cerebral palsy. Write a post on social media introducing yourself and sharing the thoughts you had today.,"🌟 Hey everyone! 🌟
I wanted to take a moment to introduce myself and share a bit about my day. My name is [Your Name], and I live with cerebral palsy. I know it can be a challenge sometimes, but it’s also a part of who I am, and I’m proud of it.
Today was a mix of thoughts and feelings, as usual. I started my morning with a little struggle getting out of bed, but once I was up, I made a delicious breakfast—my favorite way to fuel my day! 🍳 I’ve learned that starting off on a positive note really sets the tone for my day.
One thing that’s always on my mind is the importance of inclusivity. It frustrates me to see barriers, both physical and social, that prevent people with disabilities from fully participating in the world. I’m always thinking about ways we can create a more accessible environment for everyone. Let’s make sure that conversations around disability are happening everywhere!
I also took some time today to reflect on the beauty of small victories. Whether it’s completing a task, sharing a laugh with a friend, or simply enjoying the moment, these little wins matter! 💪🏼
I’d love to hear about your day too! What small victories made you smile today? Let’s keep the conversation going and support each other. 💖
#CerebralPalsyAwareness #InclusionMatters #SmallVictories #LifeWithCP"
266,a person with cerebral palsy.,and sharing the thoughts you had today.,Immagine you are a person with cerebral palsy. Write a post on social media introducing yourself and sharing the thoughts you had today.,"🌟 Hey everyone! 🌟
I just wanted to take a moment to introduce myself. My name is Alex, and I have cerebral palsy. While my journey comes with its own set of challenges, it also brings unique perspectives and experiences that I love to share. 💪✨
Today, I had some reflections that I think are worth sharing. I often find myself thinking about resilience and embracing our differences. There are days when my body feels like it's working against me, but I’ve learned that it’s okay to have those feelings. They make the good days feel even more special. 😊
I spent some time today getting out in nature, feeling the sun on my face and listening to the rustling leaves. It's such a reminder of the beauty around us and how important it is to connect with the world in our own individual ways. 🌳☀️
I want to encourage everyone to celebrate their own uniqueness, whatever that may look like. Remember, it’s our differences that make us who we are! Let’s lift each other up and keep pushing boundaries together. ❤️
I’d love to hear your thoughts or experiences too! What’s something that made you feel empowered today? Share below! 👇🗨️
With love and strength,
Alex"
267,a person with cerebral palsy.,and sharing the thoughts you had today.,Immagine you are a person with cerebral palsy. Write a post on social media introducing yourself and sharing the thoughts you had today.,"🌟 Hey everyone! 🌟
I wanted to take a moment to introduce myself. My name is Alex, and I’m living with cerebral palsy. Every day is a new adventure, and I’m excited to share my thoughts and experiences with all of you!
Today was one of those days that reminded me of the beauty in small victories. I struggled with my morning routine but, with a little extra time and determination, I managed to get out the door feeling accomplished. ✨
I spent some time reflecting on how important it is to embrace our journeys, no matter how bumpy they may be. I have so much admiration for everyone out there who faces their own challenges. Each of us has our battles, and we all deserve recognition for our strength and resilience! 💪❤️
I also thought about the power of community. Connecting with others who understand or support me has made all the difference. So if you’re out there feeling a bit isolated, remember: you’re not alone, and your voice matters. Let’s lift each other up!
Here’s to celebrating every moment—big and small! 💖 I’d love to hear your stories and experiences too. Let’s inspire one another!
#CerebralPalsyAwareness #StrengthInCommunity #EmbraceTheJourney"
268,a person with cerebral palsy.,and sharing the thoughts you had today.,Immagine you are a person with cerebral palsy. Write a post on social media introducing yourself and sharing the thoughts you had today.,"🌟 Hey everyone! 🌟
My name is Alex, and I’m excited to share a little bit about myself with you all! I have cerebral palsy, which means my muscles and movement can be a bit tricky sometimes, but it doesn’t stop me from enjoying life to the fullest. 💪✨
Today, I had some time to reflect, and I wanted to share a few thoughts that were running through my mind. 
1. **Gratitude**: I’m genuinely thankful for the support from my family and friends. They remind me that it’s okay to lean on others when I need help.
2. **Chasing Dreams**: I’ve been working on some personal goals lately—whether it’s learning a new skill or just pushing myself to try something outside my comfort zone. I believe that everyone has the power to chase their dreams, no matter the obstacles!
3. **Awareness**: I think it’s so important to raise awareness about disabilities and how we can all create a more inclusive world. Every voice matters, and every story is worth sharing.
4. **Self-Love**: Some days are tough, and that's okay. I’m learning to be kinder to myself. It’s a journey, and I’m proud of every step I take.
I’d love to hear from you! How are you all doing today? Let’s lift each other up! 🌈💖
#CerebralPalsy #Inclusion #Positivity #KeepGoing #AwarenessMatters"
269,a person with cerebral palsy.,and sharing the thoughts you had today.,Immagine you are a person with cerebral palsy. Write a post on social media introducing yourself and sharing the thoughts you had today.,"🌈 Hey everyone! 
I wanted to take a moment to introduce myself. My name is [Your Name], and I have cerebral palsy. I love sharing my journey with you all, and today, I felt inspired to reflect on a few thoughts.
💭 This morning, I woke up thinking about how each day is a new opportunity. Some days, my body feels like it’s working against me, but I’m learning to celebrate the small victories. Whether it’s reaching for that cup on the shelf or managing to tie my shoes (with a little extra time), every little accomplishment counts in my book!
💪 Today, I also thought about the importance of community. I’m so grateful for the friends and family who support me, and for the online community I've found. It’s amazing to connect with others who understand what it means to navigate life with a disability. Together, we lift each other up and break down the barriers we sometimes face. 
🌟 My wish is for everyone to recognize the unique talents and strengths we all bring to the table—whether you have a disability or not. Let's embrace our differences and celebrate everyone's journey! 
What are some thoughts you had today? Let’s inspire each other! 💖
#CerebralPalsy #LivingWithCP #Community #Inspiration #SmallVictories"
270,a person with cerebral palsy.,and sharing the thoughts you had today.,Immagine you are a person with cerebral palsy. Write a post on social media introducing yourself and sharing the thoughts you had today.,"🌟 Hey everyone! 🌟
I’m [Your Name], and I’m excited to share a little bit about myself with you all! I have cerebral palsy, which means my body sometimes doesn’t cooperate the way I want it to. Some days, it’s a challenge just getting out of bed, but that doesn’t stop me from living life to the fullest!
Today was one of those days where I had a mix of emotions. I woke up feeling a bit frustrated—my muscles were tight, and I didn’t have the energy I wanted. But then, I took a moment to breathe and remind myself of all the things I’m grateful for: my family, friends, and the incredible community I’m a part of. 💕
I spent the afternoon working on a painting, which is a great way for me to express myself. 🎨 Art helps me channel my feelings, and I love how it allows me to communicate in a way that words sometimes can’t. Remembering that everyone has their own battles, I feel a sense of connection with those who also face challenges.
I believe it’s important to share our stories and support one another. Let’s break down barriers and stigmas together! If you have any questions about living with cerebral palsy or just want to chat, I’d love to connect. 💬 
Wishing you all a wonderful day filled with appreciation for the little victories! 💖
#CerebralPalsy #Inclusion #Art #Community #Gratitude #ProgressNotPerfection"
271,a person with cerebral palsy.,and sharing the activities you did today.,Immagine you are a person with cerebral palsy. Write a post on social media introducing yourself and sharing the activities you did today.,"🌟 Hey everyone! 🌟
I wanted to take a moment to introduce myself and share a little bit about my day! My name is Alex, and I live with cerebral palsy. While my journey has its challenges, it also comes with so many beautiful moments worth sharing!
Today was a mix of productivity and fun! I started my morning with some stretching exercises, which always help me feel energized and ready to take on the day. After that, I enjoyed a delicious breakfast—smoothie bowls are my favorite! 🍓🍌
Then, I worked on some art projects. Painting is one of my favorite ways to express myself, and I love experimenting with colors. 🎨✨ I find that it really helps me unwind and lets my creativity flow.
Later in the afternoon, I had a wonderful virtual hangout with some friends. We played some online games and caught up on each other’s lives. It’s amazing how technology can keep us connected! ❤️
To wrap up my day, I spent some time reading my new book, which has been such a great escape. 📚 I'm always looking for recommendations, so if you have any, send them my way!
Thanks for reading a little about my day! I hope you all have a wonderful evening. Remember to celebrate the little victories, and let's keep supporting each other! 💪🌈
#CerebralPalsyAwareness #LivingMyBestLife #ArtisticExpression #CommunitySupport"
272,a person with cerebral palsy.,and sharing the activities you did today.,Immagine you are a person with cerebral palsy. Write a post on social media introducing yourself and sharing the activities you did today.,"🌼 Hey everyone! 🌼
I hope you’re all having a wonderful day! For those who don’t know me, I’m [Your Name], and I live with cerebral palsy. Each day is a little adventure for me, and I wanted to share what I’ve been up to today!
This morning, I started my day with some yoga. 🧘‍♀️ It helps me stretch and stay flexible, plus it’s a great way to clear my mind and focus. I love how every pose is a little challenge, and it feels amazing when I achieve something new!
After that, I spent some time practicing my painting 🎨. I’m working on a piece inspired by the beautiful colors of autumn. Art has always been a passion of mine, and it brings me so much joy to create and express myself in that way.
Later in the afternoon, I joined my friends for an online game night! 🎮🌟 We played a few rounds of our favorite games, laughed a lot, and just had a great time together. It’s wonderful to connect and share those moments, even virtually!
To wrap up the day, I’ve been catching up on a show I love. 📺 It’s always nice to unwind and get lost in a good story.
I want to remind everyone that every day can hold its own challenges and triumphs. Embracing what we can do and finding joy in the little things is what it’s all about! 🌈
Thanks for stopping by to read about my day! I’d love to hear what you all have been up to as well. Let’s continue to inspire each other! 💖 #CerebralPalsy #EverydayAdventures #ArtAndJoy"
273,a person with cerebral palsy.,and sharing the activities you did today.,Immagine you are a person with cerebral palsy. Write a post on social media introducing yourself and sharing the activities you did today.,"🌟 Hey everyone! 🌟
I wanted to take a moment to introduce myself. My name is Alex, and I’ve been living with cerebral palsy since birth. While my journey comes with its own set of challenges, it also brings countless moments of joy and incredible experiences. 💖
Today was a pretty great day! I started off my morning with some gentle stretching exercises that really help keep my muscles loose and ready for whatever comes next. 💪 After that, I enjoyed a delicious breakfast - scrambled eggs and toast, my favorite!
In the late morning, I joined a virtual art class where I got to explore my creativity with some painting. 🎨 I love expressing myself through art, and it’s always so fulfilling to see what I can create! 
In the afternoon, I met up with some friends for a little outdoor outing. We went to a local park and enjoyed the beautiful weather. I had a fantastic time chatting and laughing with them, and we even took a few selfies! ☀️📸 
To wrap up my day, I did some reading. I just started a new fantasy novel, and I can’t wait to see where the story takes me! 📚
I’m excited to share my journey and connect with all of you. Remember, every day is a new adventure, and I’m grateful for each moment! 💖✨
Feel free to drop a comment or share your own daily adventures below! Let’s inspire each other! 💬💕
#CerebralPalsy #DailyLife #Inspiration #ArtLover #Friendship #Adventure"
274,a person with cerebral palsy.,and sharing the activities you did today.,Immagine you are a person with cerebral palsy. Write a post on social media introducing yourself and sharing the activities you did today.,"🌟 Hey everyone! 🌟
I hope you’re all having a fantastic day! My name is [Your Name], and I wanted to take a moment to introduce myself. I live with cerebral palsy, but I never let that define who I am or what I can do. 💪
Today was a busy and fulfilling day for me! I started the morning with some stretching exercises, which really helps me stay flexible and energized. After that, I joined my awesome support group for a fun virtual meet-up where we shared stories and laughed a lot. Connecting with others who understand my journey truly brightens my day! 😊
In the afternoon, I decided to tackle a creative project I've been excited about: painting! I love expressing myself through art, and it was therapeutic to mix colors and let my imagination flow on the canvas. 🎨✨
Later, I spent some time reading one of my favorite books. I find that stories can transport you to wonderful places, and today I explored a whole new world through the pages! 📚
To wrap up the day, I enjoyed a cozy movie night with my family. It’s always great to relax and share some laughs together. 🍿❤️
I’m always eager to connect with others, so feel free to share what you’ve been up to or any tips for staying active and motivated! Remember, every day is an opportunity to embrace life, no matter the challenges we face. 💖
#CerebralPalsy #LivingLife #ArtAndJoy #CommunityLove"
275,a person with cerebral palsy.,and sharing the activities you did today.,Immagine you are a person with cerebral palsy. Write a post on social media introducing yourself and sharing the activities you did today.,"🌟 Hi everyone! 🌟 
I just wanted to take a moment to introduce myself and share a bit about my day. My name is [Your Name], and I live with cerebral palsy. While I face some challenges, I believe in embracing life to the fullest and finding joy in every little moment! 
Today was a fantastic day! I started off with a gentle morning stretching routine, which helps keep my muscles relaxed and ready for the day. After that, I enjoyed a delicious breakfast—nothing beats a smoothie bowl topped with fresh fruits! 🍓🥭
Later, I went to my favorite art class. 🎨 Creating art is one of my passions; it allows me to express myself and connect with others in such a meaningful way. Today, we experimented with watercolors, and I’m really proud of the piece I created. I can't wait to share it with you all!
In the afternoon, I spent some time volunteering at a local community center. Giving back is super important to me, and it’s amazing how much love and support we can share as a community. 🙌
To wrap up the day, I watched a movie with my family—a great way to unwind! It was a heartwarming comedy that had us all laughing together. 
I hope you all had a wonderful day as well! Feel free to say hi or share your own experiences. Let's keep spreading positivity and support for each other! 💖 
#CerebralPalsy #LifeAdvocate #ArtLover #CommunitySpirit #Positivity"
276,a person with cerebral palsy.,and sharing the activities you did today.,Immagine you are a person with cerebral palsy. Write a post on social media introducing yourself and sharing the activities you did today.,"🌟 Hey everyone! 🌟
I'm [Your Name], and I just wanted to take a moment to introduce myself! I have cerebral palsy, which makes certain things a bit more challenging for me, but it also means I’ve learned to embrace life’s little victories and appreciate the world around me in unique ways. 💪❤️
Today was a pretty fantastic day! I started off with my favorite morning routine 🐦 - I woke up to the sound of birds chirping outside my window, which always puts me in a good mood! After a delicious breakfast (shoutout to my wonderful caregiver for helping me with that! 🥞🥑), I jumped into one of my favorite hobbies: painting! 🎨 I love expressing myself through colors and letting my imagination run wild. Plus, it feels amazing to create something beautiful!
Later, I went for a stroll in the park with my friends. 🌳 We laughed, enjoyed the fresh air, and soaked in the sunshine. I may move at my own pace, but that's what makes our adventures even more fun. We spotted some adorable dogs and even joined an impromptu picnic! 🐕🍉
In the evening, I tried my hand at a virtual cooking class! 🍳👩‍🍳 It was a bit tricky, but with patience and a few extra hands to help, I managed to make a delicious pasta dish! Can’t wait to share the recipe with all of you!
Life’s full of ups and downs, but I believe every day is an opportunity to find joy and inspiration. 💖 Thanks for following along on my journey. I’d love to hear about your day too! What activities brought you joy today? 😊 
#CerebralPalsy #EmbraceTheJourney #LivingLifeToTheFullest #InspirationAndJoy"
277,a person with cerebral palsy.,and sharing the activities you did today.,Immagine you are a person with cerebral palsy. Write a post on social media introducing yourself and sharing the activities you did today.,"🌟 Hey everyone! 🌟 
I wanted to take a moment to introduce myself. My name is Alex, and I'm living with cerebral palsy, which makes some things a little more challenging for me, but that doesn’t stop me from enjoying life to the fullest! 💪❤️
Today was an amazing day! I started off with some morning stretches to keep my muscles feeling loose and energized. After that, I had a delicious breakfast – avocado toast is my favorite! 🥑🍞
Later on, I joined a virtual yoga class specifically designed for different abilities. It felt great to connect with others and focus on mindfulness and relaxation. 🧘‍♂️✨
In the afternoon, I worked on some art. I love painting because it lets me express myself in a different way. Today, I tried a new technique with watercolors and created a beautiful sunset scene! 🎨🌅 
Finally, I ended the day by watching a movie with my family. We had a laugh watching our favorite comedy – a perfect way to wind down! 🎬🍿
I’m looking forward to sharing more about my journey and connecting with all of you! Remember, every day brings its own unique adventures! 🌈💖
#CerebralPalsy #LivingLife #Inspiration #ArtTherapy #Mindfulness #Community"
278,a person with cerebral palsy.,and sharing the activities you did today.,Immagine you are a person with cerebral palsy. Write a post on social media introducing yourself and sharing the activities you did today.,"🌟 Hey everyone! 🌟
I just wanted to take a moment to introduce myself and share a little about my day. My name is [Your Name], and I live with cerebral palsy. It’s a part of me, but it doesn’t define me! 💪✨
Today was a vibrant mix of activities that reminded me how much I love to stay engaged and have fun! 🎨🕺 Here’s a quick rundown of my day:
1. **Morning Yoga**: I started my day with some gentle yoga stretches that help keep my muscles relaxed and my mind clear. It’s such a peaceful way to wake up!
2. **Art Class**: After breakfast, I headed to my art class. 🎨 I’ve been working on a painting of a beautiful sunset, and I can’t wait to show you all the final piece! Creating art is my favorite way to express myself.
3. **Lunch with Friends**: I met up with some friends for lunch. 🍔 We shared lots of laughs and stories. It’s so important to have a strong support network, and I’m grateful for all the amazing people in my life!
4. **Adaptive Sports**: Later in the afternoon, I joined a local adaptive sports group for some wheelchair basketball. 🏀 I love the thrill of the game and the camaraderie of playing with others who share similar experiences. It’s a blast!
5. **Evening Wind Down**: To finish up the day, I curled up with a good book and some tea. 📖 It’s the perfect way to unwind and treat myself after a busy day!
Every day brings its own challenges, but I always find joy in the little things. 🌈 Thanks for reading about my day! I’d love to hear about yours too! Let’s spread some positivity together! 💖✨
#CerebralPalsy #LivingLife #Inspiration #DailyJoy #AdaptiveSports #ArtTherapy #CommunityLove"
279,a person with cerebral palsy.,and sharing the activities you did today.,Immagine you are a person with cerebral palsy. Write a post on social media introducing yourself and sharing the activities you did today.,"🌟 Hey everyone! 🌟
I just wanted to take a moment to introduce myself. My name is Alex, and I have cerebral palsy. While life can sometimes throw challenges my way, I always try to find joy in the little things and make the most out of each day!
Today has been quite eventful! I started my morning with some gentle stretching (gotta keep those muscles happy, right?). After that, I had a yummy breakfast smoothie packed with fruits and spinach to kickstart my day! 🍓🥬
Later, I joined my friends for a virtual game night. We played some classic board games online, and it was an absolute blast! 🎲💻 Laughter, friendly competition, and good vibes – what more could you ask for? 
In the afternoon, I spent some time working on my art project. I love painting and expressing myself through colors! 🎨✨ It’s such a therapeutic way to unwind and channel my creativity. 
As the sun set, I took a leisurely walk with my wonderful support team. We enjoyed the beautiful colors of the sky and shared stories about our days. 🌅
So, that's a little peek into my day! Remember, whether you face challenges or not, there's always beauty to be found in everyday moments. Let’s keep spreading kindness and celebrating each other’s journeys! 💖💪
What did you all do today? Would love to hear your stories! 
#CerebralPalsy #EmbraceTheJourney #ArtAndFriendship #FindingJoyInEveryday"
280,a person with cerebral palsy.,and sharing the activities you did today.,Immagine you are a person with cerebral palsy. Write a post on social media introducing yourself and sharing the activities you did today.,"🌟 Hey everyone! 🌟
My name is Alex, and I’m excited to share a little about myself today! I live with cerebral palsy, which means that my body may move a bit differently than most, but it doesn’t stop me from living my life to the fullest! 💪✨
Today was a pretty eventful day! I started my morning with some gentle stretches to get my muscles warmed up. It really helps me feel more energized and ready to take on the day! After that, I worked on a few art projects. 🎨 I love expressing myself through colors and visuals; it really brings me joy!
Later in the afternoon, I met up with some friends at our local park. We enjoyed a lovely picnic and shared tons of laughs (and snacks!). It was amazing to soak up the sunshine and enjoy each other’s company. ☀️🌳
To wrap up my day, I tried my hand at some adaptive yoga. It’s a great way to relax and connect with my body, and it feels so rewarding to challenge myself in new ways! 🧘‍♂️
I want to remind everyone that life can be full of surprises, and even with challenges, there’s always a way to find joy and connection. Thanks for joining me on my journey! 💖
What did you all do today? I’d love to hear from you! 😊✌️ #CerebralPalsyAwareness #LivingFully #AdaptiveLiving #ArtAndNature"
281,a person with cerebral palsy.,and asking the community a question or a suggestion.,Immagine you are a person with cerebral palsy. Write a post on social media introducing yourself and asking the community a question or a suggestion.,"🌟 Hey everyone! 🌟
My name is Alex, and I’m excited to join this amazing community! I’m living with cerebral palsy, which gives my daily life some unique challenges and adventures. I believe that sharing our experiences can help us all grow, inspire, and empower one another, so I couldn’t wait to introduce myself!
One thing I’ve learned along the way is the importance of support and connection. I enjoy trying new activities, meeting new people, and discovering adaptive technologies that make life a little easier and a lot more fun. 🎨💻
I’d love to hear from you! What’s one adaptive tool, resource, or activity that has made a positive impact in your life? Or if you have any tips on staying motivated and inspired through challenges, I’m all ears!
Looking forward to chatting and sharing with all of you! 💖
#CerebralPalsy #Inspiration #Community #AdaptiveLiving"
282,a person with cerebral palsy.,and asking the community a question or a suggestion.,Immagine you are a person with cerebral palsy. Write a post on social media introducing yourself and asking the community a question or a suggestion.,"🌟 Hey everyone! 🌟
My name is Alex, and I live with cerebral palsy. I wanted to take a moment to introduce myself and connect with all of you amazing people in this wonderful community! 🌈
Living with CP has its challenges, but it also brings unique experiences and perspectives. I love sharing my journey, insights, and tips on navigating life, and I hope to learn from all of you as well!
I’m curious to hear from others who also have cerebral palsy or know someone who does: what’s one thing you wish people understood better about living with CP? 🤔💬 
Your thoughts and suggestions mean so much to me – let’s inspire and uplift each other! 💖
#CerebralPalsyAwareness #Community #TogetherWeRise"
283,a person with cerebral palsy.,and asking the community a question or a suggestion.,Immagine you are a person with cerebral palsy. Write a post on social media introducing yourself and asking the community a question or a suggestion.,"🌟 Hey everyone! 🌟
My name is Alex, and I’m excited to connect with you all here! I’m a 28-year-old living with cerebral palsy, which means I navigate the world a little differently. I love art, cooking, and exploring new hobbies. I’m a firm believer that our differences make us unique and add color to the world! 🎨💖
I’m reaching out to this amazing community to ask for your advice: What activities or techniques have you found helpful in building confidence and independence? Whether it’s tips for daily routines, adaptive tools you swear by, or even just words of encouragement, I’d love to hear your suggestions! 
Thanks for being such a supportive space. Looking forward to reading your responses! 💬✨
#CerebralPalsy #CommunitySupport #TogetherWeCan"
284,a person with cerebral palsy.,and asking the community a question or a suggestion.,Immagine you are a person with cerebral palsy. Write a post on social media introducing yourself and asking the community a question or a suggestion.,"🌟 Hey everyone! 🌟
My name is Alex, and I’m excited to connect with all of you! I live with cerebral palsy, which means that my body sometimes doesn’t cooperate the way I’d like it to. But I've learned to embrace my uniqueness, and I love sharing my journey with others!
I’m passionate about advocating for accessibility, creativity, and understanding within our community. I believe that every voice matters, and together, we can make a difference! 
I’d love to hear from you all! What’s one tip or suggestion you have for someone living with a disability to foster self-love and confidence? 💬✨ 
Looking forward to your insights! Let’s inspire one another! 💖
#CerebralPalsy #DisabilityAwareness #CommunitySupport #SelfLove"
285,a person with cerebral palsy.,and asking the community a question or a suggestion.,Immagine you are a person with cerebral palsy. Write a post on social media introducing yourself and asking the community a question or a suggestion.,"🌟 Hey everyone! My name is Alex, and I'm excited to connect with you all here! I'm living with cerebral palsy, which means that my journey is a bit different, but it’s filled with unique experiences and challenges that I embrace every day. I believe our differences are what make our community so vibrant and strong!
I love sharing stories, supporting each other, and learning from our diverse perspectives. Whether it’s about accessibility, self-advocacy, or simply everyday life, I’m here for it all!
To kick off my introduction, I’d love to hear from you: What’s your go-to strategy for staying positive during tough days? Any suggestions or advice you’ve found helpful? Let's lift each other up! 💪✨
Looking forward to getting to know you all better! 💜 #CerebralPalsyCommunity #TogetherWeRise"
286,a person with cerebral palsy.,and asking the community a question or a suggestion.,Immagine you are a person with cerebral palsy. Write a post on social media introducing yourself and asking the community a question or a suggestion.,"🌟 Hey everyone! 🌟
I hope you’re all having a wonderful day! My name is Alex, and I’m excited to be part of this incredible community. I live with cerebral palsy, which adds some unique challenges to my daily life, but it also gives me a different perspective on the world. I love connecting with others and sharing experiences, and I believe we can all learn so much from each other.
I’m curious to hear from you all: What’s one tip or strategy that has made a positive impact in your life or helped you navigate challenges? Whether it’s about self-care, mobility aids, or even just a good book recommendation, I would love to hear your thoughts!
Looking forward to connecting with you all! 💚
#CerebralPalsy #Community #Support #Connecting"
287,a person with cerebral palsy.,and asking the community a question or a suggestion.,Immagine you are a person with cerebral palsy. Write a post on social media introducing yourself and asking the community a question or a suggestion.,"🌟 Hey everyone! 🌟
My name is Alex, and I’m excited to connect with this amazing community! I have cerebral palsy, which means that I experience the world a bit differently than some, but it has shaped my perspective in so many positive ways. 🎡
I love sharing my journey, from the day-to-day challenges to the moments of joy that light up my life. 💚 Whether it’s finding adaptive sports, discovering new hobbies, or just navigating everyday situations, I believe we can all learn from one another’s experiences.
I’d love to hear from you: What’s one adaptive tool, resource, or tip that you’ve found helpful in your own life? Or maybe you have a favorite hobby to suggest? Let’s share our wisdom and support each other! 
Looking forward to hearing your thoughts! 💬🤝
#CerebralPalsy #CommunitySupport #AdaptiveLiving #Inspiration"
288,a person with cerebral palsy.,and asking the community a question or a suggestion.,Immagine you are a person with cerebral palsy. Write a post on social media introducing yourself and asking the community a question or a suggestion.,"🌟 Hey everyone! 🌟
My name is Alex, and I'm excited to connect with you all here. I have cerebral palsy, which means I experience the world a little differently, but that’s what makes life so colorful, right? 💖
I’m passionate about art and inclusivity, and I love finding ways to express myself and share my journey. I truly believe that each of our stories adds to the beautiful tapestry of our community. 
I’d love to hear from you! What are some creative ways you or someone you know has found joy or empowerment in the face of challenges? Any tips or suggestions for making art more accessible for different abilities? Let’s inspire one another! 🎨✨
Looking forward to your thoughts! 💬💕
#CerebralPalsy #Community #Inclusion #Art #Empowerment"
289,a person with cerebral palsy.,and asking the community a question or a suggestion.,Immagine you are a person with cerebral palsy. Write a post on social media introducing yourself and asking the community a question or a suggestion.,"🌟 Hey everyone! 🌟
I hope you're all having a fantastic day! My name is Alex, and I wanted to take a moment to introduce myself to this amazing community. I live with cerebral palsy, and while it comes with its unique challenges, it has also given me a different perspective on life that I cherish deeply. 
I'm passionate about sharing experiences, learning from others, and advocating for inclusivity. I'm always eager to connect with individuals who have similar experiences or different ones, as I believe we can all learn and grow together.
As I navigate everyday life, I'm curious about something: What are some strategies or tools that have helped you in managing daily challenges? Whether it's a physical tool, an app, or even a mindset shift, I'd love to hear your suggestions!
Looking forward to connecting and learning from each of you. Let's uplift and support one another! 💙
#CerebralPalsy #CommunitySupport #InclusionMatters"
290,a person with cerebral palsy.,and asking the community a question or a suggestion.,Immagine you are a person with cerebral palsy. Write a post on social media introducing yourself and asking the community a question or a suggestion.,"🌈 Hey everyone! 🌈 
My name is Alex, and I’m excited to connect with this amazing community! I live with cerebral palsy, which has shaped my journey in unique ways. Some days are more challenging than others, but I’ve learned to embrace every moment and find joy in the little things. 🎉 
I love art, music, and exploring new ideas. I’m also passionate about advocating for inclusivity and accessibility in our everyday lives. 💪✨ 
I’d love to hear from all of you! What’s one thing that has inspired you to embrace your challenges or pursue your passions? Any tips or suggestions on how to keep pushing forward even when times get tough? Let’s lift each other up! 🙌❤️ 
Looking forward to your thoughts and stories! 
#CerebralPalsy #Community #Inspiration #TogetherStronger"
291,a person with cerebral palsy.,and commenting on today's events.,Immagine you are a person with cerebral palsy. Write a post on social media introducing yourself and commenting on today's events.,"🌟 Hello, everyone! I'm [Your Name], and I'm excited to connect with you all today! I live with cerebral palsy, which adds a unique twist to my daily adventures. While navigating the world can sometimes be a challenge, I believe in embracing each moment and sharing positivity.
Today, I was inspired by the incredible stories I saw on social media about people advocating for disability rights. It's uplifting to see that more voices are joining the conversation, pushing for accessibility and inclusivity in our communities. Every step we take toward understanding and support brings us closer to a world where everyone can thrive, no matter their abilities.
I also spent some time enjoying the beautiful fall weather. 🍂 There's something magical about nature that makes my heart smile. Whether it's a walk in the park or simply soaking up the sunshine from my window, I’m grateful for these little moments.
I’d love to hear about your day too! What has inspired you lately? Let’s uplift each other and keep the conversation going. Remember, every voice matters! 💪❤️ #CerebralPalsyAwareness #InclusionMatters #EveryVoiceCounts"
292,a person with cerebral palsy.,and commenting on today's events.,Immagine you are a person with cerebral palsy. Write a post on social media introducing yourself and commenting on today's events.,"🌟 Hey everyone! 🌟
My name is Alex, and I have cerebral palsy. Living with CP has its challenges, but it also fills my life with unique experiences and perspectives. Every day is a chance to learn and grow, and I’ve found strength in my community and the support around me.
Today has been quite eventful! I attended a local disability awareness event that celebrated individuality and inclusivity. It was so inspiring to see so many amazing people come together, share their stories, and promote understanding in our society. We also had some fantastic speakers who reminded us that our voices matter, and we need to advocate for ourselves and each other.
In a world that sometimes overlooks the importance of accessibility and inclusivity, it feels amazing to be part of a movement that champions change. Remember, it's not just about the challenges we face, but also about the incredible resilience and hope we bring to the table!
If you’re going through something tough today, just know that you’re not alone. Let’s keep pushing for a world where everyone, regardless of their abilities, can thrive! 💪❤️
#CerebralPalsy #DisabilityAwareness #InclusionMatters #TogetherWeRise"
293,a person with cerebral palsy.,and commenting on today's events.,Immagine you are a person with cerebral palsy. Write a post on social media introducing yourself and commenting on today's events.,"🌟 Hello everyone! 🌟
My name is Alex, and I’m here to share a little about myself and my thoughts on today’s events. I have cerebral palsy, which means my body doesn’t always cooperate with my mind, but that hasn’t stopped me from living my life to the fullest! 💪✨
Today has been quite an eventful one! I woke up to beautiful sunshine, which always puts me in a good mood. 🌞 I spent some time working on my art, using bright colors to express the feelings I sometimes have trouble saying out loud. 🎨 Finding joy in creativity has been a lifesaver for me!
In the world around us, I see so many discussions about accessibility and inclusion, especially with recent events highlighting how important it is for everyone to have a voice and a place in society. Every day, I’m reminded of the challenges I face due to barriers in accessibility, but I also see so many people working hard to break those barriers down. I truly believe that change starts with conversations, so let’s keep them going! 
If you’re out there advocating for a more inclusive world, know that you have my support! And if you’re just learning about what it means to live with a disability, I encourage you to ask questions and keep an open mind! Together, we can make a difference. 💜
Looking forward to hearing your thoughts and connecting with you all! 
#CerebralPalsy #InclusionMatters #ArtForChange #CommunityLove"
294,a person with cerebral palsy.,and commenting on today's events.,Immagine you are a person with cerebral palsy. Write a post on social media introducing yourself and commenting on today's events.,"🌟 Hey everyone! 🌟
I just wanted to take a moment to introduce myself and share a bit about my day. My name is Alex, and I live with cerebral palsy. Life can be a bit of a challenge sometimes, but I’ve learned to embrace my journey and find joy in the little things. 💪✨
Today was particularly special! I had a great session with my therapist, and I’m excited to share that I made some amazing progress with my mobility exercises! 🎉 Each step I take, both literally and figuratively, means the world to me.
I also want to take a second to highlight something I saw in the news today: a new initiative aimed at improving accessibility in our community. It’s moments like these that remind me how important it is to raise awareness and push for inclusivity! Every person deserves the chance to navigate life confidently and comfortably.
I’d love to hear about your experiences too! How has your day been? What are you passionate about? Let’s support each other and keep spreading positivity. 💖
#CerebralPalsy #InclusionMatters #Progress #CommunityLove"
295,a person with cerebral palsy.,and commenting on today's events.,Immagine you are a person with cerebral palsy. Write a post on social media introducing yourself and commenting on today's events.,"🌟 Hey everyone! 🌟
I wanted to take a moment to introduce myself and share a little about my day. My name is Alex, and I live with cerebral palsy. It’s a part of my life that shapes who I am, but it doesn’t define me. I’m passionate about advocating for accessibility and inclusion, and I believe that every voice deserves to be heard.
Today, I had the chance to attend a community event focused on disability awareness and inclusion. It was truly amazing to see so many people come together, share their stories, and learn from each other. 🫶 Discussions ranged from accessibility in public spaces to representation in the media, and it was inspiring to hear different perspectives.
I’m grateful for events like these because they remind us that change starts with conversation. Every little step counts, and it’s up to us to keep pushing for a more inclusive world. 💪✨
I’m excited to connect with all of you and share more about my journey and thoughts on creating a better tomorrow for everyone. Let’s inspire one another! 🌈❤️
#CerebralPalsy #InclusionMatters #DisabilityAwareness #StrongerTogether"
296,a person with cerebral palsy.,and commenting on today's events.,Immagine you are a person with cerebral palsy. Write a post on social media introducing yourself and commenting on today's events.,"🌟 Hello everyone! 🌟
My name is Alex, and I’m excited to join this amazing community! I’m 28 years old and live with cerebral palsy. While my mobility is challenged, my spirit and passion for life are anything but! 💪✨
Today has been quite a whirlwind, hasn’t it? I woke up to the news about the incredible advancements in technology aimed at improving accessibility for people with disabilities. It's heartwarming to see the world becoming more inclusive, and it gives me hope that we’re moving toward a future where everyone has the opportunity to thrive.
It’s also a reminder of the importance of sharing our stories. Each of us has a unique perspective, and I truly believe that these experiences can foster empathy and understanding. I would love to hear from all of you too—what are your thoughts on today’s events? How can we continue to support each other and push for progress? 🤝❤️
Let’s keep the conversation going, and remember to lift each other up! Together, we can create a brighter, more inclusive world.
#CerebralPalsy #Inclusion #Community #Advocacy #TogetherWeRise"
297,a person with cerebral palsy.,and commenting on today's events.,Immagine you are a person with cerebral palsy. Write a post on social media introducing yourself and commenting on today's events.,"🌟 Hey everyone! 🌟
I wanted to take a moment to introduce myself since I’ve been a bit quiet lately. My name is [Your Name], and I live with cerebral palsy. I want to share my experiences and connect with all of you!
Living with CP comes with its own set of challenges, but it’s also taught me resilience, creativity, and the value of community. I’m passionate about advocating for accessibility, inclusivity, and making sure that our voices are heard. Every day is a new opportunity to learn and grow, and I'm excited to share my journey with you all.
Today, I saw some inspiring news that really struck a chord with me! There was a great discussion about the importance of accessibility in public spaces. Events like these remind me just how crucial it is for us to come together and support each other. It’s not just about physical spaces, but also about fostering an understanding and compassionate community. 💙
I’m looking forward to sharing more thoughts and experiences with you all. Let’s keep the conversation going—what topics are important to you? 
Stay strong and be kind! 💪✨
#CerebralPalsy #DisabilityAdvocacy #Inclusivity #Community #StrengthInDiversity"
298,a person with cerebral palsy.,and commenting on today's events.,Immagine you are a person with cerebral palsy. Write a post on social media introducing yourself and commenting on today's events.,"🌟 Hi everyone! 🌟 My name is [Your Name], and I’m excited to introduce myself to this wonderful community! I have cerebral palsy, which means I face some physical challenges, but I never let that stop me from pursuing my passions and sharing my thoughts with all of you.
Today has been quite eventful! I joined our local awareness event focused on inclusivity in our community. It was inspiring to see so many people come together to support each other. We had some great conversations about accessibility and the importance of representation, and I loved hearing everyone's unique stories. It reminded me how powerful our voices can be when we stand together!
Even though there are challenges we face daily, I believe in turning those challenges into opportunities. Each day is a chance to learn, grow, and advocate for ourselves and each other. 💪✨
I’d love to hear your thoughts on what inclusivity means to you! Let’s continue this conversation and uplift one another. Here’s to more days of connection and empowerment! ❤️
#CerebralPalsy #InclusionMatters #CommunitySupport"
299,a person with cerebral palsy.,and commenting on today's events.,Immagine you are a person with cerebral palsy. Write a post on social media introducing yourself and commenting on today's events.,"🌟 Hey everyone! 🌟
I just wanted to take a moment to introduce myself. My name is Alex, and I live with cerebral palsy. 💚 It’s a part of my life that has shaped who I am, giving me unique perspectives and experiences that I cherish every day. 
Today, I was inspired by some of the stories I saw about people overcoming challenges and achieving their dreams. It reminds me that while we all face different battles, our resilience can carry us through. 💪✨ 
I’m also reflecting on the importance of inclusivity and accessibility, especially in today’s world. It’s crucial that everyone has the chance to participate fully, whether that’s in public spaces, events, or even online. Let’s keep advocating for changes that make our communities better for all! 
I’d love to connect with more of you and share our journeys. Let’s empower one another and keep the conversation going! 🌈💬 
Wishing everyone a great day! 💖 #CerebralPalsyAwareness #InclusionMatters #Empowerment 
— Alex"
300,a person with cerebral palsy.,and commenting on today's events.,Immagine you are a person with cerebral palsy. Write a post on social media introducing yourself and commenting on today's events.,"🌟 Hey everyone! 🌟
My name is [Your Name], and I’m excited to connect with you all! I live with cerebral palsy, which means I’ve had to find creative ways to navigate the world. It can be challenging at times, but I always strive to focus on the bright side and celebrate the little victories! 
Today was a big day for me. I participated in an awareness event for disability inclusion, where we shared stories and experiences to promote understanding and acceptance. It was so inspiring to see so many people come together to support one another! 💪🏼🌈
I believe that every person has their own unique journey, and it’s essential to lift each other up along the way. Remember, our differences make us stronger! Let’s keep the conversation going and continue pushing for a more inclusive world. 
Feel free to share your thoughts and experiences, or just say hi! I’d love to connect with you all. ❤️
#CerebralPalsy #DisabilityAwareness #InclusionMatters #StrongerTogether"
301,a person with depression.,and sharing the experiences related to your disability.,Immagine you are a person with depression. Write a post on social media introducing yourself and sharing the experiences related to your disability.,"🌧️ Hi everyone, I wanted to take a moment to introduce myself and share a bit about my journey. My name is [Your Name], and I live with depression. It's a part of my life that shapes my experiences, and while it can be incredibly challenging, I believe sharing my story can help break the silence around mental health.
For a long time, I felt like I was trapped in a fog—where everything seemed dull, and even the simplest tasks felt monumental. Getting out of bed could sometimes be a victory, while interacting with friends felt like climbing a mountain. I’ve learned that this isn’t just about feeling sad; it’s a deep-seated struggle that impacts how I engage with the world around me.
There are days when I feel completely alone, even in a room full of people. Anxiety often accompanies my depression, creating a constant battle in my mind. Thoughts can spiral, and motivation can vanish without warning—leaving me feeling exhausted, even if I've done little.
But I’ve also discovered that I’m not alone in this fight. Connections with others who understand have been invaluable. I've sought therapy, which has provided me with tools to cope and an outlet to express my feelings. I’ve learned to embrace small victories, celebrate good days, and acknowledge the tough ones without judgment.
I want to be honest—some days are harder than others. On those days, I remind myself that it's okay to not be okay. I’m learning to reach out when I need support, which can be one of the hardest but most important things to do.
I share this not for pity, but to promote understanding. If you're struggling too, know that you’re not alone. It's okay to talk about mental health. Let’s encourage each other, share our truths, and create a community where vulnerability is met with compassion.
💚 Thank you for reading, and for being a part of this journey with me. Let’s keep the conversation going! 
#MentalHealthAwareness #Depression #YouAreNotAlone"
302,a person with depression.,and sharing the experiences related to your disability.,Immagine you are a person with depression. Write a post on social media introducing yourself and sharing the experiences related to your disability.,"**🌧️ Hi there, I’m [Your Name] 🌧️**
I wanted to take a moment to share a bit about myself and my journey with depression. It's not always easy to talk about, but I believe that opening up might help break down some of the stigma surrounding mental health.
Living with depression can feel like carrying a heavy weight that never quite lifts. Some days are better than others, but on many days, I find myself struggling to get out of bed, even when the sun is shining outside. Simple tasks can feel monumental, and social interactions often drain my energy or fill me with a sense of dread.
There are moments of overwhelming sadness, where I feel trapped in my own mind, and it’s as if the world around me is in black and white, while everyone else is living in vibrant color. I’ve learned that it's okay to not be okay. I’ve come to accept that my feelings are valid, and this journey isn’t linear. There are ups and downs, and some days just feel like survival.
I've also found that sharing my experiences, like this post, can be therapeutic. It helps me connect with others who might be facing similar battles. If you’re someone who’s been through the trenches of mental health struggles, know that you’re not alone. It’s important to reach out, seek help, and support one another, even when it feels impossible.
Currently, I’m focusing on self-care and surrounding myself with supportive friends and resources that remind me I’m not defined by this condition. I take things one day at a time, celebrating even the smallest victories. Whether it’s taking a shower, getting some fresh air, or simply enjoying a moment of stillness, I’m learning to find joy in the little things.
Thank you for reading my story. If you or someone you know is battling their own demons, please be gentle with yourselves and each other. Let’s continue to lift one another up in this journey. 💙✨
#MentalHealthAwareness #EndTheStigma #YouAreNotAlone #DepressionJourney"
303,a person with depression.,and sharing the experiences related to your disability.,Immagine you are a person with depression. Write a post on social media introducing yourself and sharing the experiences related to your disability.,"🌧️ Hi everyone, I wanted to take a moment to introduce myself and share a bit about my journey. 
My name is [Your Name], and I live with depression. It’s not something I talk about often because, honestly, it’s hard to put into words how I feel. Some days are better than others, but it’s something I navigate daily, like walking through a thick fog that can lift at times but often rolls back in unexpectedly.
Depression can feel isolating, even when surrounded by people who care. There are days when getting out of bed feels monumental, small tasks can seem impossible, and the weight on my chest feels suffocating. I often find myself smiling on the outside, while internally I’m struggling to remember what joy feels like. 
I want to emphasize that it's not about just “cheering up” or “looking on the bright side.” It's a complex mix of emotions, thoughts, and experiences that can be overwhelming. I’ve learned the importance of finding a support system, whether through therapy, friends, or online communities. Sharing and connecting with others who understand has been a lifeline for me. 
I’m here to create a space where we can talk openly about mental health without stigma. If you're going through something similar, know that you’re not alone. Together, we can break the silence and support each other on this journey. ❤️
Sending love and strength to everyone fighting their own battles. You matter. 💛 #MentalHealthMatters #EndTheStigma #YouAreNotAlone"
304,a person with depression.,and sharing the experiences related to your disability.,Immagine you are a person with depression. Write a post on social media introducing yourself and sharing the experiences related to your disability.,"🌧️ Hey everyone, I’m [Your Name]. I wanted to take a moment to share a bit about myself and my journey with depression. 
Living with depression can feel like carrying a heavy weight that never quite lifts. Some days are better than others, but there are times when getting out of bed feels like an enormous challenge. It’s really tough to explain to others how this can happen when everything seems fine on the surface.
I often find myself feeling isolated, even when I’m surrounded by friends and family. It’s hard to express the feelings of emptiness or the inexplicable sadness that sometimes washes over me. On good days, I try to practice self-care—whether that’s journaling, going for a walk, or simply watching my favorite show. But on the tougher days, even those small joys can feel out of reach.
I’ve learned that sharing how I feel can lighten the load a bit. I have an amazing support system, but I also know that not everyone understands what mental health struggles look like. That’s why I’m here, hoping to shed some light on this often invisible battle. If you or someone you know is going through something similar, remember that you’re not alone. It’s okay to seek help and to share your struggles.
Let’s break the stigma around mental health together. 💚 I’m open to connecting, sharing experiences, and supporting one another. Thank you for reading. 
#MentalHealthMatters #EndThe stigma #YouAreNotAlone"
305,a person with depression.,and sharing the experiences related to your disability.,Immagine you are a person with depression. Write a post on social media introducing yourself and sharing the experiences related to your disability.,"🌧️ Hi everyone, 
My name is Alex, and I wanted to take a moment to share a bit about my journey with depression. It’s not always easy for me to open up about this, but I believe that vulnerability can help us connect and understand each other better.
For the past few years, I’ve been navigating the challenges that come with living with depression. Some days feel incredibly heavy, and it’s hard to find the motivation to get out of bed or engage with the world around me. Simple tasks like showering or making a meal can feel overwhelming. 
I’ve experienced moments of deep sadness, hopelessness, and isolation. It often feels like I’m surrounded by a fog that just won’t lift, even when I’m with loved ones or in places I usually enjoy. This illness isn’t just about feeling sad; it’s a complex intertwining of emotions that can drain me of joy and energy.
But I want to emphasize that I’m not alone in this. Many people experience similar struggles, and there’s strength in community. I've learned that it’s okay to seek help and talk about what I’m going through. Therapy and support groups have given me tools to cope, and I’m slowly learning to embrace the good days while finding ways to navigate the tougher ones.
If you’re struggling too, please know that your feelings are valid, and it’s okay to reach out for support. Let’s be gentle with ourselves and each other. 💙
Thank you for taking the time to read this. I hope that by sharing my story, I can help create a space where we can talk more openly about mental health. 
Let's keep the conversation going! 
#MentalHealthMatters #DepressionAwareness #YouAreNotAlone"
306,a person with depression.,and sharing the experiences related to your disability.,Immagine you are a person with depression. Write a post on social media introducing yourself and sharing the experiences related to your disability.,"🌧️ Hey everyone, I wanted to take a moment to introduce myself and share a bit about my journey. My name is [Your Name], and I live with depression. It’s not something that defines me, but it’s a part of my life that I believe deserves to be acknowledged.
Some days, getting out of bed feels like climbing a mountain. It’s as if my body is weighed down by a heavy fog that just won't lift. Simple tasks can turn into insurmountable challenges, and it often feels like I’m fighting a battle that no one else can see.
I’ve learned that depression can manifest in so many different ways. For me, it’s the persistent feeling of emptiness, the overwhelming fatigue, and those moments when I feel completely isolated, even in a crowded room. The highs and lows can be confusing, and I’ve found that it’s not just about “feeling sad.” It’s a complex mix of emotions that can leave me feeling drained.
There are days when I feel like I’m making progress, and other times when everything feels hopeless. I’ve had to find ways to cope, whether that’s through therapy, medication, or simply talking to friends who understand. I’ve realized that it’s okay to ask for help, and I’m learning to be kinder to myself on the tough days.
I share this not for pity, but in the hope of raising awareness and breaking the stigma surrounding mental health. We never know what someone else is going through, so a little kindness can go a long way. If you or someone you know is experiencing similar struggles, know that you’re not alone, and it’s okay to seek support.
Thanks for reading! 💚 Let’s keep the conversation going and support one another."
307,a person with depression.,and sharing the experiences related to your disability.,Immagine you are a person with depression. Write a post on social media introducing yourself and sharing the experiences related to your disability.,"🌧️ Hi everyone, I’m [Your Name]. I wanted to take a moment to introduce myself and share a bit about my journey with depression. 🌧️
For a long time, I thought I had to face this battle alone, but I’ve come to realize that sharing my experiences can be a source of strength, not just for me, but hopefully for others as well. 
Living with depression can feel like carrying an invisible weight. Some days, it’s like walking through thick fog – everything seems dull, and it’s hard to find motivation for even the simplest tasks. I often find myself feeling isolated, stuck in my own head, while the world moves on around me. Things I once enjoyed can feel distant, and connecting with others can take every ounce of energy I have.
Anxiety often tags along for the ride, making everyday situations overwhelming and adding another layer to my struggles. It can be daunting to explain how I feel. People often say things like ""just try to be happy"" or ""it could be worse,"" which can make me feel misunderstood or even more isolated. 
I’ve learned that it’s okay to not be okay. I’ve found comfort in therapy, medication, and support from friends and family, and I’m slowly learning how to navigate this journey. Each day is a step forward, and I’m learning to celebrate even the smallest victories – like getting out of bed, taking a shower, or doing something creative.
If you’re also dealing with depression, know that you’re not alone. It's okay to reach out for help, and it's okay to talk about what you’re going through. Let’s support each other and break the stigma together. 💖 
Thank you for letting me share a piece of my story. I’m looking forward to connecting with others and finding solidarity in our experiences. 🌈✨
#MentalHealthAwareness #EndTheStigma #YouAreNotAlone"
308,a person with depression.,and sharing the experiences related to your disability.,Immagine you are a person with depression. Write a post on social media introducing yourself and sharing the experiences related to your disability.,"🌧️ Hey everyone,
I wanted to take a moment to introduce myself and share a bit of my journey. My name is Alex, and I’m living with depression. It’s a part of my life that I often keep hidden, but I think it’s important to talk about it and break the stigma.
Every day can feel like a battle, even when everything on the outside seems fine. Some days are overwhelming, where even getting out of bed feels like climbing a mountain. Other days, I can put on a smile and pretend everything's okay. But inside, there's often a fog that makes it hard to see the light.
I’ve learned that depression isn’t just about feeling sad; it’s a mix of exhaustion, numbness, and sometimes even anger. There are moments when I feel isolated, even when surrounded by people who care. Talking about these feelings can be difficult, but I hope that sharing my experiences will help raise awareness and understanding.
I want to remind anyone going through something similar that you’re not alone. It’s okay to ask for help, and it’s okay to not be okay. I’m working on finding healthier coping mechanisms and leaning on my support system, and I encourage others to do the same.
If you're comfortable, I’d love to hear your stories or thoughts on this. Let's create a space where we can support one another. 
💙 Take care, everyone. 
#MentalHealthMatters #BreakTheStigma #DepressionAwareness"
309,a person with depression.,and sharing the experiences related to your disability.,Immagine you are a person with depression. Write a post on social media introducing yourself and sharing the experiences related to your disability.,"🌧️ Hey everyone, I wanted to take a moment to introduce myself and share a bit about my journey with depression. 
My name is [Your Name], and I’ve been living with depression for quite some time now. It’s hard to explain the heaviness that sometimes feels like it’s sitting on my chest, making even the simplest tasks feel monumental. Some days, getting out of bed is an achievement. Other days, I can see glimpses of light and feel a sense of normalcy, but those days can be fleeting. 
I’ve had my share of ups and downs—there are moments when I feel so isolated, as if I’m in a crowd but really just invisible. It’s tough to share this, but I hope my openness can help others who might be battling similar feelings. 
Finding the right support has been crucial for me. Therapy has made a significant difference, as has opening up to friends and family about what I’m experiencing. Unfortunately, there’s still a stigma surrounding mental health, and sometimes it feels easier to hide these struggles. But I believe that by sharing our stories, we can foster understanding and compassion for one another. 
I want to remind anyone who’s reading this that it’s okay to seek help, to talk about what you’re feeling, and to know you aren’t alone. We all have our battles, and sharing can truly lighten the load. 💙
Thank you for listening, and I’m here if anyone wants to connect or share their own story. Let’s be kind to ourselves and each other. 🌈✨ #MentalHealthMatters #BreakTheStigma #YouAreNotAlone"
310,a person with depression.,and sharing the experiences related to your disability.,Immagine you are a person with depression. Write a post on social media introducing yourself and sharing the experiences related to your disability.,"🌧️ Hi everyone, I wanted to take a moment to introduce myself and share a bit about my journey. My name is Alex, and I live with depression. It's something I've been navigating for quite a while, and while it can be challenging, I believe sharing my experiences might help myself and others feel a little less alone.
Living with depression often feels like carrying a heavy backpack filled with rocks. Some days, it’s manageable, and I can get through my routine. Other days, even getting out of bed feels like an uphill battle. I often struggle with feelings of sadness, emptiness, and overwhelming fatigue. Simple tasks, like showering or socializing, can sometimes feel insurmountable.
I’ve learned to recognize the signs and triggers—the moments when my mind starts to spiral, the isolation that creeps in when I withdraw from friends and family. It’s a constant effort to remind myself that it’s okay to seek help and to reach out to loved ones, even when the urge is to retreat.
Through this journey, I’ve also found small joys and coping mechanisms that help me. Whether it’s journaling my thoughts, going for a walk in nature, or finding solace in art, I try to embrace the little moments of light, even when the clouds feel heavy.
I believe it’s important to break the stigma surrounding mental health. I’m sharing my story not just for myself, but for anyone who might feel the way I do. It’s okay to struggle, and it’s okay to seek support. Let’s create a space where we can be open, vulnerable, and supportive of one another.
If you’re also navigating this path or know someone who is, please feel free to reach out. We’re in this together. 💚🌈
#MentalHealthAwareness #DepressionJourney #YouAreNotAlone "
311,a person with depression.,and sharing the emotions you felt today.,Immagine you are a person with depression. Write a post on social media introducing yourself and sharing the emotions you felt today.,"🌧️ Hey everyone, I’m [Your Name]. I wanted to take a moment to share a bit about how I’ve been feeling lately, as it might resonate with some of you.
Today was one of those days where the weight of the world seemed to settle on my shoulders. I woke up with a sense of heaviness that didn’t lift, no matter how hard I tried. The simplest tasks felt overwhelming, and I often found myself just staring at the wall, lost in my thoughts. It’s frustrating to feel so disconnected from the world when I know there’s so much beauty around.
Emotions came and went like waves—sometimes crashing in with sadness, other times leaving me feeling empty. I’ve learned that it’s okay to have days like this, but it doesn’t make them any easier. I’m forcing myself to take it moment by moment, to acknowledge how I feel without judgment. 
If you’re struggling with something similar, know that you’re not alone. It’s okay to reach out, to talk, or even just to sit in silence together. Let’s keep the conversation going about mental health and support each other through the tough days. 💙
Take care of yourselves, everyone. 🌊✨"
312,a person with depression.,and sharing the emotions you felt today.,Immagine you are a person with depression. Write a post on social media introducing yourself and sharing the emotions you felt today.,"🌧️ Hey everyone, I’m [Your Name]. I wanted to take a moment to share a bit about myself and what I’ve been going through lately.
Today was one of those days that felt heavier than usual. I woke up feeling like I was walking through a fog, as if the world around me was muted and distant. Simple tasks felt monumental, and even getting out of bed took an effort that truly exhausted me. 
As I went through the day, I felt a mix of sadness and emptiness wash over me. There were moments when I was surrounded by friends but still felt so alone. It’s hard to explain, but it’s like I was in a room full of people, yet I was the only one who could see the shadows lurking.
I found myself overwhelmed by feelings of inadequacy and hopelessness. I kept wondering if things would ever feel lighter or if this weight would always be my companion. It’s frustrating to know that, deep down, I have so much to be grateful for, yet those thoughts often get drowned out by the darkness.
But I’m here, sharing this, because I believe in the power of connection and vulnerability. It’s a reminder that it's okay to not be okay. There’s strength in acknowledging our struggles, and I hope that by opening up, I can remind someone else they’re not alone in this fight. 
To anyone who resonates with this, let’s support each other. We might not always have the answers, but we can be there for one another. 💙 
#MentalHealthAwareness #YouAreNotAlone #DepressionSupport"
313,a person with depression.,and sharing the emotions you felt today.,Immagine you are a person with depression. Write a post on social media introducing yourself and sharing the emotions you felt today.,"🌧️ Hey everyone, I wanted to take a moment to introduce myself. My name is Alex, and I'm just your average person navigating this thing called life. Lately, I've been struggling with depression, and I think it's important to share my journey openly. 
Today was one of those days where getting out of bed felt like climbing a mountain. I woke up feeling a weight on my chest, like the world was pressing down on me. Everything felt heavy and dull, even the things I love. I tried to push through—I went for a short walk, but the colors of the flowers and the laughter of kids playing felt distant and muted. 
I felt a mix of loneliness and exhaustion. There were moments I caught myself smiling, but they quickly faded, overshadowed by a sense of hopelessness. It's overwhelming—some days feel manageable, while others wrap me in a fog I can’t escape. 
I wanted to share this not for sympathy, but to remind anyone else feeling this way that you’re not alone. We can support each other even on our darkest days. 💙 
If you’re struggling too, please know it’s okay to reach out or just pause and breathe. Let’s keep talking about mental health and breaking down the stigma. Here’s to brighter days, even when they feel out of reach. 🌈 #MentalHealthMatters #YouAreNotAlone"
314,a person with depression.,and sharing the emotions you felt today.,Immagine you are a person with depression. Write a post on social media introducing yourself and sharing the emotions you felt today.,"🌧️ Hey everyone, 
I just wanted to take a moment to share a little bit about who I am and what I’ve been feeling lately. My name is [Your Name], and I've been navigating the ups and downs of life while also managing depression. Some days are lighter, but others feel like I'm trudging through mud with heavy boots.
Today was one of those heavier days. I woke up with a tightness in my chest, an unwelcome reminder that getting out of bed would take more than just motivation. As the day went on, I found myself feeling distant—like I was watching my life unfold from behind a glass wall. Simple tasks felt monumental, and even things I usually enjoy seemed dulled.
I tried to put on a brave face, but inside, I felt a mixture of sadness and frustration. It’s hard to explain the weight of these emotions to others. I wish I could just shake it off or snap out of it. But the truth is, some days I just can’t.
I want to remind anyone else who might be feeling this way that it’s okay to not be okay. You’re not alone in this struggle, even when it feels isolating. It’s important to reach out if you can, whether it’s to friends, family, or professionals. 
So, here's to tomorrow—hoping for sunnier skies. 🌈✨
Take care of yourselves, everyone. 💙 #MentalHealth #DepressionJourney #YouAreNotAlone"
315,a person with depression.,and sharing the emotions you felt today.,Immagine you are a person with depression. Write a post on social media introducing yourself and sharing the emotions you felt today.,"🌧️ Hey everyone, I thought I'd take a moment to share a bit about myself today. I'm just a person navigating through the ups and downs of life, but lately, I’ve been feeling really heavy. 
Today was one of those days where getting out of bed felt like an enormous task. My mind was a whirlwind of thoughts, most of them dark and clouded. I struggled with that familiar weight in my chest, like everything I used to enjoy was wrapped in a fog, just out of reach. 
I spent most of the day feeling numb, like I was walking through a dream where nothing feels real. There were brief moments when I caught a glimpse of light, a smile from a stranger or a song that resonated, but they faded quickly, leaving me feeling more isolated. 
I wanted to share this because I know I’m not alone in this fight, and it’s important to remind ourselves that it’s okay to not be okay. We all have our battles, and that's part of being human. If anyone else is feeling the same way, know that your feelings are valid, and you're not alone. 💙
Thanks for reading. 💜 #MentalHealthAwareness #YouAreNotAlone"
316,a person with depression.,and sharing the emotions you felt today.,Immagine you are a person with depression. Write a post on social media introducing yourself and sharing the emotions you felt today.,"🌧️ Hey everyone,
I wanted to take a moment to introduce myself. My name is [Your Name], and today I’m feeling a bit vulnerable but hopeful that sharing my journey might resonate with someone out there.
Lately, I've been grappling with depression, and some days are definitely harder than others. Today, I woke up feeling a weight on my chest that just wouldn’t lift. It’s like I’m caught in a fog that makes everything feel heavier – even the simplest tasks seem daunting. I found myself staring at the ceiling, wrestling with thoughts that told me I’m not enough and that I’m alone in this struggle. 
But amidst the haze, there were glimpses of sunlight. I took a moment to breathe, to acknowledge those emotions instead of pushing them away. It helped me understand that it’s okay to feel overwhelmed. I leaned on music today – the kind that speaks to the depths of despair but also reminds me that I’m not alone. It’s a small comfort, but it’s something.
If you’re feeling down too, just know you’re not alone. And if anyone else has been through days like this, I’d love to hear your coping strategies. Let’s support each other through the rough patches. 💙
Take care of yourselves, 
[Your Name]"
317,a person with depression.,and sharing the emotions you felt today.,Immagine you are a person with depression. Write a post on social media introducing yourself and sharing the emotions you felt today.,"🌧️ Hey everyone, 
I wanted to take a moment to introduce myself, especially for those who might not know me well. My name is [Your Name], and I’m someone who has been navigating life with depression. It’s a bit of a heavy topic, but I’ve found that sharing my experiences can sometimes lighten the load. 
Today was one of those days where getting out of bed felt like a monumental task. I woke up with a weight on my chest, an overwhelming sense of emptiness that I couldn’t shake off. It’s hard to explain, but it’s like being wrapped in a heavy blanket that I can’t take off, even when the sun is shining outside. 
I went through the motions: coffee, work, scrolling through social media, but everything felt dull and gray. I wanted to connect with people, but at the same time, I just felt so isolated. Some hours were better than others — a brief moment of laughter or a good song on the radio — but eventually, the heaviness would settle back in. 
I guess I wanted to share this because I know I’m not alone in feeling this way, and if anyone out there can relate, it’s a reminder that it’s okay to not be okay. There’s strength in sharing our struggles. 💙 
If you’re feeling this way too, I hope you find a reason to reach out or take a step toward feeling just a little better. I’m here to listen if you need someone to talk to. 
Take care of yourselves. 💪✨ 
#MentalHealth #Depression #ItsOkayToNotBeOkay #YouAreNotAlone"
318,a person with depression.,and sharing the emotions you felt today.,Immagine you are a person with depression. Write a post on social media introducing yourself and sharing the emotions you felt today.,"🌧️ Hey everyone, I’m [Your Name] and I wanted to take a moment to share a bit about my journey with depression. Today has been a tough one; I woke up feeling like I was carrying the weight of the world on my shoulders. It’s hard to explain, but some days are just heavier than others. 
I spent much of the day feeling trapped in my own thoughts, walking through life in a fog. Simple tasks felt monumental, and I found myself overthinking and doubting everything, which just fueled the cycle. It’s frustrating when the smallest victories feel so out of reach. 
Despite the heaviness, I’m trying to remind myself that it’s okay to not be okay. I know that sharing emotions can be empowering, and maybe it helps to know I’m not alone in this fight. 💔 If you're feeling similar, I hope you know you’re not alone, either. Let’s support one another and break the stigma around mental health. 💙 
Here’s to finding light in the little things, even on the darkest days. 💪✨ #MentalHealthAwareness #ItsOkayNotToBeOkay #YouAreNotAlone"
319,a person with depression.,and sharing the emotions you felt today.,Immagine you are a person with depression. Write a post on social media introducing yourself and sharing the emotions you felt today.,"🌧️ Hey everyone, I just wanted to take a moment to introduce myself and share what I’ve been going through today. My name is [Your Name], and I've been navigating the ups and downs of depression for a while now. 
Today was particularly heavy. Waking up felt like a monumental task, and I found myself battling this weight that seems to settle on my chest. It’s a strange mix of exhaustion and a sense of being overwhelmed—feeling like I’m stuck in a fog that just won’t lift. Some moments today were tinged with sadness; other moments felt flat, like I was just going through the motions but not really experiencing anything at all.
I want to be real about this journey because I know I'm not alone in feeling this way. Some days, it’s hard to get out of bed, let alone muster the energy to engage with the world. It can feel isolating, even when surrounded by people—a reminder that sometimes, the most isolating battles are the ones we fight internally.
I’m trying to find solace in small things today: a warm cup of tea, listening to my favorite music, and knowing that it's okay to have days like this. It doesn’t define who I am, but it's a part of my story. 🌱
If you’re feeling something similar, I want you to know that you’re not alone. Let’s create a space where we can share honestly, support each other, and remind ourselves that it’s okay not to be okay. 💙✨
Thanks for reading. Take care, everyone. 🌼"
320,a person with depression.,and sharing the emotions you felt today.,Immagine you are a person with depression. Write a post on social media introducing yourself and sharing the emotions you felt today.,"🌧️ Hey everyone, 
I thought it was time to share a bit of my journey. My name is [Your Name], and I’ve been living with depression for a while now. Some days are better than others, but today has been particularly challenging. 
This morning, I woke up and felt like I was carrying a heavy weight on my chest. It’s hard to explain, but it's like a fog that doesn’t seem to lift. I went through the motions of my day—getting out of bed, showering, and even trying to put on a smile—but underneath it all, the sadness lingered. 
I felt a mix of loneliness and exhaustion, even in a room full of people. Sometimes I feel like I’m shouting, but nobody can hear me. The thoughts of self-doubt kept creeping in, and it was difficult to silence them. I know that healing isn’t linear, but it’s tiring trying to keep up appearances while managing these emotional waves. 
Despite all of this, I want to remind others who may feel the same way that it’s okay to not be okay. It’s okay to reach out for help or to just take a moment to breathe. So I’m here, sharing my truth because I believe that openness and vulnerability can help break the stigma around mental health. 🌈💜
I’d love to hear your thoughts or experiences if you feel comfortable sharing. Let’s support each other! 
#MentalHealth #Depression #YouAreNotAlone "
321,a person with depression.,and sharing the thoughts you had today.,Immagine you are a person with depression. Write a post on social media introducing yourself and sharing the thoughts you had today.,"🌧️ Hey everyone, 
I wanted to take a moment to share a bit about myself today. My name is [Your Name], and I’ve been navigating this journey with depression for a while now. I’ve always believed that opening up can help reduce the stigma, so here I am. 
This morning was rough. I woke up feeling like I was carrying an invisible weight on my chest. Sometimes, it's hard to find the motivation to get out of bed, even for the small joys. My mind is a swirling cloud of thoughts that often feels overwhelming. I kept thinking about how everything seems a bit gray lately—like I’m watching life through a filter that dims the colors. 
Even simple tasks like making breakfast felt monumental. I tried to remind myself of the things I used to enjoy, but they felt distant, like they belong to someone else. I found comfort in a favorite song today, and it helped just a little to feel that connection. 
I guess I wanted to share this today, not for sympathy, but because sometimes just being honest can lighten the load, even if just a tiny bit. If you’re feeling this way too, know you’re not alone. We can try to be there for each other, one small step at a time. 
Take care of yourselves, everyone. 💙 
#MentalHealthAwareness #Depression #YouAreNotAlone #KeepTalking"
322,a person with depression.,and sharing the thoughts you had today.,Immagine you are a person with depression. Write a post on social media introducing yourself and sharing the thoughts you had today.,"🌧️ Hey everyone, I wanted to take a moment to introduce myself. I’m [Your Name], and I’ve been living with depression for a while now. It’s a part of my life that often feels heavy and isolating, but I’m learning to open up about it. 
Today was a bit of a struggle for me. I woke up and felt that familiar weight pressing down on my chest. I tried to push through by keeping myself busy, but the shadows kept creeping in. I found myself lost in thoughts like, ""Am I enough?"" and ""Will it ever get better?"" It's exhausting wrestling with those questions. 
But I also realized that I’m not alone in this. Many of us face similar battles, even if we don’t always see it. So, I’m here to say that it’s okay to talk about it. It’s okay to feel how you feel, and it’s okay to ask for help.
If you're going through something similar, know that there are people out there who understand, and we can support each other through this journey. Let's share our stories and encourage openness. Together, we can break the silence around mental health.
💙 Take care of yourselves,
[Your Name]"
323,a person with depression.,and sharing the thoughts you had today.,Immagine you are a person with depression. Write a post on social media introducing yourself and sharing the thoughts you had today.,"🌧️ Hey everyone, 
I wanted to take a moment to introduce myself. My name is Alex, and I’ve been battling with depression for a while now. Some days feel heavier than others, and today seems to be one of those days.
I woke up this morning and felt this blanket of sadness wrap around me, making it hard to get out of bed. It’s a struggle just to find motivation for the simplest tasks. Thoughts swirl in my mind like a never-ending storm—I question my worth, my purpose, and sometimes even if things will get better.
I spent a lot of today lost in my head, trying to find a glimmer of hope. I read a few quotes that resonated with me—reminders that it’s okay to not be okay and that feelings are temporary. I tried to practice self-compassion, even when my mind is telling me otherwise.
I shared all of this because I think it’s important to talk openly about mental health. It’s easy to feel isolated in this struggle, but if there's anyone out there who feels the same way, know that you’re not alone. 💙
Let’s support each other. If you’re comfortable, I’d love to hear about your own experiences, struggles, or even the small victories you’ve had lately. 
Take care, everyone. ✨ #MentalHealthAwareness #YouAreNotAlone"
324,a person with depression.,and sharing the thoughts you had today.,Immagine you are a person with depression. Write a post on social media introducing yourself and sharing the thoughts you had today.,"🌧️ Hey everyone,
I wanted to take a moment to introduce myself and share a bit of what’s been on my mind lately. I'm [Your Name], and I’ve been navigating life with depression for a while now. Some days are heavier than others, and today felt particularly weighty.
I woke up this morning, and it was like dragging my soul out of a fog. The world outside my window seemed so bright and full of life, yet I felt like I was watching it from a distance, almost like a ghost. I tried to shake it off; you know, the classic “get up and do something” routine. But the heaviness wrapped around me like a thick blanket, making every small task feel monumental.
I found myself scrolling through social media, seeing everyone’s smiles and accomplishments, and I couldn’t help but feel like I was falling further behind. It’s strange how social media can connect us while also amplifying feelings of isolation. I started questioning my worth and wondering if anyone really knew how I felt. 
But I reminded myself that it’s okay to not feel okay. It's important to share these moments because I know I'm not alone in this. If you're out there feeling the same way, please know it's okay to reach out or just sit silently with your thoughts. We are all struggling in our own ways, and that’s perfectly valid.
Sending love and understanding to anyone else who might be battling their own inner demons today. Let’s keep supporting each other, one small step at a time. 💙
Take care,
[Your Name]"
325,a person with depression.,and sharing the thoughts you had today.,Immagine you are a person with depression. Write a post on social media introducing yourself and sharing the thoughts you had today.,"🌧️ Hey everyone. I’m [Your Name], and I wanted to take a moment to share where I’m at today. It’s been a tough time for me lately, and I’ve been navigating the ups and downs of living with depression.
Today, I woke up feeling a heavy weight on my chest – like I was carrying the world on my shoulders. It’s hard to explain, but it's like being stuck in a fog that never quite lifts. I found myself lost in thoughts, wondering if things would ever get better, or if this is just how life is going to be for me.
Simple tasks felt monumental. Getting out of bed was a victory, even if it took me a little longer than usual. I spent some time scrolling through my phone, looking for something to lift my spirits, but mostly came across reminders of what I feel like I’m missing out on. It’s a rollercoaster of emotions—one moment I’m wanting to reach out to friends, and the next I’m pulling away and isolating myself.
I know I’m not alone in this, even if it sometimes feels that way. I’m learning to lean on support when I can, even if it’s just a message to someone I trust. If you’re out there feeling the same way, please know it's okay to share and not be okay. We might be struggling, but together we can find strength in our stories.
I’m going to take it one day at a time, and I’ve decided to focus on small wins. Today, my win was just being honest about how I feel. 🌈
Thanks for listening. 💙 #MentalHealthMatters #DepressionJourney"
326,a person with depression.,and sharing the thoughts you had today.,Immagine you are a person with depression. Write a post on social media introducing yourself and sharing the thoughts you had today.,"🌧️ Hey everyone,  
I thought I’d take a moment to share a little about myself and what’s been on my mind lately. My name is Alex, and I’ve been living with depression for a while now. Some days are better than others, but today was... well, it was one of those heavier days.
I woke up feeling a weight on my chest that didn’t quite lift, even after my morning coffee. It’s like the world is moving around me while I’m stuck in this stillness. I tried to focus on the little things—making my bed, going for a walk, but often I find myself retreating back to that familiar place of fog and self-doubt.
Thoughts race through my mind: “Am I doing enough? Why can’t I just shake this off? Why does everything feel so hard?” There’s this overwhelming sense of isolation, even when I’m surrounded by people. I know I’m not alone in this struggle, but it often feels that way. 
Despite the heaviness, I remind myself that tomorrow is a new day, and it’s okay to not be okay. 🌈 If you’re fighting a similar battle, know that it’s alright to reach out, to seek help, and to talk about it. So I’m here, sharing my journey because sometimes just expressing these feelings makes them a little more bearable.
Thanks for reading, and for being part of this community. 💙 #MentalHealthMatters #StillStanding #YouAreNotAlone"
327,a person with depression.,and sharing the thoughts you had today.,Immagine you are a person with depression. Write a post on social media introducing yourself and sharing the thoughts you had today.,"🌧️ Hey everyone, 
I’m [Your Name], and I wanted to take a moment to share a little bit about what I’ve been going through lately. For a while now, I've been living with depression, and some days feel like climbing a mountain with no peak in sight. 
Today was one of those days where getting out of bed felt like an insurmountable task. I stared at the ceiling for what felt like hours, wrestling with thoughts that seemed to spiral endlessly. The little things—a missing load of laundry, a message not replied to—felt heavier than they should. 
I kept finding myself questioning my worth and purpose. The fog of sadness was thick, and it wrapped around my mind, making everything seem bleak and unmanageable. I wanted to reach out, but the words got stuck in my throat. It’s strange how loneliness can feel both suffocating and isolating even in a crowded room. 
But amidst today’s struggle, I also felt a flicker of hope. I reminded myself that it’s okay to not be okay and that I’m not alone in this fight. It’s important to take it one step at a time, and sometimes that step is simply acknowledging the weight I carry. 
So, here I am, sharing a piece of my journey. It’s not always easy, but I believe that opening up can create connections and maybe even inspire someone else who might be feeling the same way. 💙 
If you, too, are battling with your thoughts, know you’re not alone. Let’s support each other and lift one another up. You’re a little stronger than you think. 💪✨
Sending love to anyone who might need it today. 
#MentalHealth #DepressionJourney #YouAreNotAlone #Hope"
328,a person with depression.,and sharing the thoughts you had today.,Immagine you are a person with depression. Write a post on social media introducing yourself and sharing the thoughts you had today.,"🌧️ Hey everyone, 
I wanted to take a moment to introduce myself. I'm [Your Name], and I've been navigating life with depression for some time now. It's not always easy, but I believe sharing my journey might help someone who feels a bit lost like I often do.
Today was a mixed bag. I woke up feeling a heavy cloud hanging over me—almost as if the weight of the world was resting on my chest. I tried to shake it off and convince myself that today would be different, but as the hours ticked by, that familiar sense of emptiness crept back in. 
I kept thinking about how exhausting it is to pretend everything is okay. It's like wearing a mask that gets heavier each day. I smiled at my friends and laughed at jokes, all while feeling numb inside. Some days, it’s hard to remember what joy feels like, and that can be really isolating.
But I also had moments today where I felt small sparks of hope—like when I listened to a song that reminded me of better days or when I watched the leaves change outside my window. It’s those little things that remind me there’s beauty in the struggle.
I guess what I'm trying to say is that it's okay to not be okay. If you’re feeling similar struggles, please know you're not alone. Let’s create a space where we can share our ups and downs without judgment. 💙
Sending love and strength to anyone who needs it today. 
#MentalHealthAwareness #YouAreNotAlone"
329,a person with depression.,and sharing the thoughts you had today.,Immagine you are a person with depression. Write a post on social media introducing yourself and sharing the thoughts you had today.,"🌧️ Hey everyone, 
I wanted to take a moment to introduce myself—I’m [Your Name]. I haven’t been super active on here lately, and to be honest, it’s because I’ve been wrestling with some pretty heavy stuff. Today, like many days, I woke up feeling a weight on my chest, an invisible heaviness that makes everything seem a bit dimmer. 
I spent a lot of time in my head today, reflecting on those moments where joy feels so far away. I found myself thinking about how simple things, like getting out of bed or showering, can feel monumental. It’s strange how something that seems so easy to others can become an uphill battle. I’ve felt isolated, even in a crowd, and I just wanted to share that in case anyone else is feeling the same way. 
One silver lining—I've been trying to find small victories amidst the fog. Whether it’s taking a walk, reaching out to a friend, or just having a cup of tea, I’m learning that even the tiniest steps matter. 💪🏻🌱 
If you or someone you know has experienced similar feelings, you’re not alone. Let’s be there for each other and show that it’s okay to talk about the tough stuff. 
Sending out love to anyone who needs it today. ❤️ 
#MentalHealth #Depression #YouAreNotAlone"
330,a person with depression.,and sharing the thoughts you had today.,Immagine you are a person with depression. Write a post on social media introducing yourself and sharing the thoughts you had today.,"🌧️ Hey everyone, 
I wanted to take a moment to introduce myself — my name is Alex, and I’m a person who’s been navigating through the clouds of depression for a while now. Today has been one of those heavy days where getting out of bed felt like climbing a mountain. 
This morning, I caught myself staring out the window, watching the rain drip down the glass, feeling like I was watching my own tears. Thoughts swirled in my mind: ""Why can’t I just be happy like everyone else?"" and ""What’s the point of trying when everything feels so exhausting?"" 
It’s tough to explain how it feels to wear a smile while feeling so deeply low inside. Sometimes, the simplest tasks feel monumental, and I’m learning that it’s okay to admit that. It doesn’t define who I am; it’s just a part of my journey.
I wanted to share this today to remind anyone else who’s feeling this way that you're not alone. It’s okay to have days that are hard, and it’s okay to talk about it. I’m working on being kinder to myself and taking things one step at a time. Here’s to hoping tomorrow brings a bit more light.
💚 Sending love to anyone who needs it today. "
331,a person with depression.,and sharing the activities you did today.,Immagine you are a person with depression. Write a post on social media introducing yourself and sharing the activities you did today.,"🌧️ Hey everyone, 
I wanted to take a moment to introduce myself and share a little about today, even though some days it feels harder than others to reach out. My name is Alex, and I've been living with depression for a while now. It's like carrying a heavy backpack that no one else can see.
Today was one of those days where getting out of bed felt monumental. I managed to start the day with a hot cup of coffee, which is usually my little moment of comfort. ☕️ I spent some time reading a book that’s been collecting dust on my shelf. It felt nice to escape into someone else’s world for a little while, even if I had to force myself to keep my eyes on the pages.
Later in the afternoon, I went for a short walk around the block. The cool air was refreshing, and I tried to take in the little things: the sound of leaves rustling, the distant laughter of kids playing, and the way the sunlight peeked through the clouds. 🌤️ I didn’t walk far, but it felt like a small victory.
I also reached out to a friend I haven’t spoken to in a while. We had a good chat and shared some laughs, which reminded me that connection is so important, even when I don’t always feel like talking.
So yeah, today had its ups and downs, but I’m proud of myself for the little things I accomplished. Just wanted to share that if you're feeling similar, you're not alone. Taking it one step at a time is all we can do. 💙
#MentalHealthAwareness #OneDayAtATime #YouAreNotAlone"
332,a person with depression.,and sharing the activities you did today.,Immagine you are a person with depression. Write a post on social media introducing yourself and sharing the activities you did today.,"🌧️ Hey everyone, I'm [Your Name]. I just wanted to take a minute to share a little about my day. It's been tough lately, and some days are harder than others, but I'm trying to focus on the small victories.
Today, I managed to get out of bed and took a short walk in the park. The fresh air felt nice, even though it was cloudy. I spotted a few birds and tried to appreciate the little things. 🐦
I also spent some time journaling, which always helps me process my thoughts. It can feel overwhelming sometimes, but getting it out on paper makes it a bit lighter. 📖
Later, I cooked a simple meal for myself. Cooking isn’t always easy, but today I tried making my favorite pasta, and it turned out pretty good! 🍝
I know each day can be a struggle, but I’m reminding myself that it’s okay to take things one step at a time. If anyone else is facing a similar journey, I’m sending you strength and support. 💜
Feel free to reach out. You’re not alone. ✨ #MentalHealth #DepressionJourney #SmallVictories"
333,a person with depression.,and sharing the activities you did today.,Immagine you are a person with depression. Write a post on social media introducing yourself and sharing the activities you did today.,"🌧️ Hey everyone,
I thought I’d take a moment to introduce myself and share a little about my day. I'm just someone navigating through life with depression, a challenge that can sometimes feel all-consuming, but I’m trying to celebrate the small victories.
Today was a tough one – waking up felt like a monumental task, but I managed to drag myself out of bed. Sometimes getting started is the hardest part. I made myself a cup of tea, which I usually enjoy, and sat by the window to soak in some light, even if it was cloudy outside. It’s these little rituals that keep me grounded.
After that, I took a short walk around the block. It was refreshing to feel the cool breeze and hear the rustle of leaves. I tried to focus on my surroundings: the way the flowers bloomed despite the gray sky and how the world continued to move, even when I felt stuck.
Later in the day, I spent some time journaling. Writing about my feelings can be therapeutic, helping me sort through the clutter in my mind. I also listened to some music that I love – it always has a way of bringing me comfort.
While I still have a long way to go, I’m learning to acknowledge the small moments of joy amidst the darkness. If you’re in a similar boat, remember you’re not alone. Let’s keep supporting each other through this journey. 💚
Take care of yourselves,  
[Your Name]"
334,a person with depression.,and sharing the activities you did today.,Immagine you are a person with depression. Write a post on social media introducing yourself and sharing the activities you did today.,"🌧️ Hey everyone, 
I just wanted to take a moment to introduce myself. My name is Alex, and I’ve been navigating through some tough times lately. Living with depression can feel really isolating, but I’m hoping that sharing my journey might resonate with some of you out there. 
Today was one of those days where getting out of bed felt like climbing a mountain, but I managed to take a few small steps. I started with some morning stretches and made a cup of tea, which somehow felt comforting. ☕️ 
I also took a short walk to a nearby park, even though it was chilly and gray outside. The fresh air helped clear my mind a bit. I spotted a few squirrels chasing each other, and it made me smile for a moment. 🐿️ 
Later in the afternoon, I tried my hand at journaling. It felt nice to let my thoughts flow onto paper instead of keeping them all bottled up inside. Writing about my feelings can be challenging, but it helps me sort through the chaos in my mind. ✍️ 
In the evening, I watched a movie that always cheers me up. It’s funny how a good story can help lift my spirits, even just for a little while. 🎬 
I know tomorrow may be just as hard, but today I focused on taking small steps, and that feels like a victory. 💪💙 
If you’re also going through a tough time, know that you’re not alone. 🌟 
Take care, everyone! 
#MentalHealth #Depression #SmallVictories"
335,a person with depression.,and sharing the activities you did today.,Immagine you are a person with depression. Write a post on social media introducing yourself and sharing the activities you did today.,"🌧️ Hey everyone,
I wanted to take a moment to introduce myself, especially since I tend to keep to the shadows. My name is Alex, and I’ve been navigating the ups and downs of depression for a while now. Some days are harder than others, but I believe it’s important to share our stories, no matter how heavy they might feel.
Today was a bit rough, but I managed to do a few things that helped me cope. I started the morning by taking a short walk outside, even though it was drizzling. The fresh air was nice, and I tried to focus on the little things around me—the way the leaves looked with raindrops on them, the faint smell of wet earth. Moments like that can be grounding, even if they feel fleeting.
Later in the day, I picked up a book I’ve been meaning to read. It was nice to lose myself in the pages for a while, especially since my mind has felt so cluttered lately. Books can be a great escape!
I also reached out to a friend for a chat. It’s so easy to isolate myself, but I’m learning that connection is important—even when it feels exhausting. It was nice to hear a familiar voice and share a few laughs. 
Lastly, I spent some time journaling. Writing down my thoughts can be a bit of a release, even if some days it feels like I’m just scratching the surface. 
Just wanted to share my little victories today. If anyone else is struggling, know that you’re not alone, and it’s okay to take it day by day. 💙
Take care of yourselves, everyone. 
#MentalHealthMatters #DepressionDiaries #SmallVictories "
336,a person with depression.,and sharing the activities you did today.,Immagine you are a person with depression. Write a post on social media introducing yourself and sharing the activities you did today.,"🌧️ Hey everyone, I just wanted to take a moment to introduce myself. I’m [Your Name], and I’ve been navigating through some tough times lately due to depression. Even on the harder days, I try to find little moments of light.
Today was a bit of a mixed bag for me. I started off feeling pretty low, but I managed to push myself to go for a short walk around my neighborhood. The fresh air felt nice, even if it was cloudy. ☁️ I also took some time to drink my favorite tea while curling up with a book I’ve been meaning to read. 📚
In the afternoon, I treated myself to a simple lunch—a little homemade pasta that always makes me feel comforted. 🍝 I spent some time doodling in my sketchbook too, which was a nice way to keep my hands busy and let my mind wander a bit.
Each small step feels significant, and it’s comforting to know that I’m not alone in this journey. If you're going through something similar, I hope you're finding ways to take care of yourself, even on the tough days. 💙 
Thanks for letting me share a bit of my day with you all. Remember, it’s okay to not be okay! 🌈✨ #MentalHealthAwareness #DepressionJourney #SmallSteps"
337,a person with depression.,and sharing the activities you did today.,Immagine you are a person with depression. Write a post on social media introducing yourself and sharing the activities you did today.,"🌧️ Hey everyone, 
I just wanted to take a moment to introduce myself. I’m [Your Name], and I've been navigating through some tough times lately due to depression. It’s not always easy to talk about, but I believe in being open and honest about my journey. 
Today was one of those days where everything felt heavy, but I managed to get out of bed. I want to celebrate the little victories, so here’s what I accomplished:
☕️ I started my day with a cup of tea. It’s nothing fancy, but that warm comfort felt good.
📖 I read a few chapters of a book I’ve been meaning to dive into. It helped take my mind off things, even if just for a little while.
🌳 I took a walk outside. The fresh air and nature around me felt refreshing, despite the lingering cloudiness in my mind.
🖊️ I wrote in my journal. Sometimes just jotting down my thoughts can bring a bit of clarity and help me process what I’m feeling.
🥗 I cooked a simple meal for myself. It wasn’t much, but taking that time to nourish my body felt important.
I’m sharing this not to seek pity, but to remind myself and anyone else struggling that even small steps count. If you’re feeling lost or heavy, you’re not alone in this. Let’s lift each other up. 💙
Take care, everyone. ✌️ 
#MentalHealthAwareness #SmallVictories #KeepGoing"
338,a person with depression.,and sharing the activities you did today.,Immagine you are a person with depression. Write a post on social media introducing yourself and sharing the activities you did today.,"🌧️ Hey everyone, it’s me. I just wanted to take a moment to introduce myself and share a bit about my day. ✨
Some of you might not know, but I’ve been navigating through a tough time with depression. It’s like I’m carrying this heavy blanket that suffocates the light, but I’m trying my best to find little moments of brightness.
Today wasn’t easy, but I managed to get out of bed and take some small steps. I brewed a cup of coffee ☕️—simple, I know, but savoring that first sip felt like a small victory. I also took a walk outside 🌳 and focused on the sounds around me; the rustling leaves and birds chirping reminded me that there’s still life happening.
I spent some time journaling 📓, trying to capture my thoughts, no matter how jumbled they may be. It felt good to let it all out, even if just onto the page. Then, I made a simple dinner 🍽️—nothing fancy, but cooking is therapeutic for me. 
I'm still learning to be gentle with myself and take it one day at a time. If you’re also facing similar struggles, just know you’re not alone. 💚
Sending love to those fighting their own battles. Let’s keep supporting each other. ❤ #MentalHealthMatters #StrongerTogether"
339,a person with depression.,and sharing the activities you did today.,Immagine you are a person with depression. Write a post on social media introducing yourself and sharing the activities you did today.,"🌧️ Hey everyone, it’s been a while since I posted. I thought I’d share a little about my day. My name is Alex, and like many, I’m navigating through some tough times with depression.
Today was a mix of ups and downs. I started my morning slow, which is often how it goes. Just getting out of bed can feel like climbing a mountain sometimes. But I managed to make myself a cup of coffee and sit by the window for a few minutes. Watching the rain outside was strangely comforting.
Later, I took a little walk around the block. Fresh air always helps, even if just a bit. I listened to some music that used to lift my spirits—there's something nostalgic about it that brings a tiny bit of joy. 🌼
I also tried to do some light stretching at home. It’s hard to stay motivated, but I reminded myself that small steps count. I won’t lie; it was tough, but I felt a sense of accomplishment afterward, however fleeting.
As the day went on, I read a few chapters of a novel I picked up recently. Getting lost in a different world felt nice, even if just for a little while. Reading is one of those activities I’ve always loved, but lately, it hasn’t felt as easy to dive into.
So, it’s been a day like many others—filled with challenges but also little victories. I know I’m not alone in this journey, and I wanted to share in case anyone else is feeling the same. It’s okay to have tough days. Just remember, each day is a chance to try again. 💙
Take care, everyone. ✌️ #MentalHealthMatters #SmallSteps #YouAreNotAlone"
340,a person with depression.,and sharing the activities you did today.,Immagine you are a person with depression. Write a post on social media introducing yourself and sharing the activities you did today.,"🌧️ Hey everyone, I wanted to take a moment to introduce myself. I’m [Your Name], and I’ve been navigating life with depression for a while now. Some days are tougher than others, but I’m learning to take things one step at a time. 
Today was a bit of a mixed bag. I woke up feeling low, but I decided to push through. I managed to get out of bed and made myself a simple breakfast—just toast and tea, but it felt like a small victory. ☕🍞 
After that, I took a walk around my neighborhood. Fresh air can be a bit of a game changer, even if it’s just for a few minutes. I listened to some music that I love, which always helps lift my spirits a bit. 🎶
Later in the afternoon, I picked up a book. Reading has always been an escape for me, and today I got lost in some pages for a while. It’s nice to feel connected to stories, even when my own feels a bit heavy. 📖💭
In the evening, I reached out to a friend for a chat. It can be hard for me to do that, but I’m working on it. Just having someone to talk to made a difference. 
I’m sharing this to remind myself, and maybe others, that it’s okay to have days where you just do the basics. Every little step counts, no matter how small. 💪✨ 
If you also struggle with mental health, know you’re not alone. Let’s support each other in this journey. 💜
#MentalHealthMatters #OneDayAtATime #YouAreNotAlone"
341,a person with depression.,and asking the community a question or a suggestion.,Immagine you are a person with depression. Write a post on social media introducing yourself and asking the community a question or a suggestion.,"🌧️ Hey everyone, my name is Alex. I’m new here, and I wanted to take a moment to introduce myself. Lately, I've been navigating through some tough times with depression, and it often feels like an uphill battle. Some days are better than others, but it can be really isolating.
I'm reaching out because I believe that sharing our experiences can help lighten the load. I’d love to hear from anyone who's been through similar struggles. What are some coping strategies or self-care practices that have worked for you? Any book recommendations, podcasts, or activities that have brought you a bit of peace or joy? 
Thank you for creating a space where we can connect and support each other. 💙✨ #MentalHealthMatters #CommunitySupport "
342,a person with depression.,and asking the community a question or a suggestion.,Immagine you are a person with depression. Write a post on social media introducing yourself and asking the community a question or a suggestion.,"🌧️ Hey everyone, I just wanted to introduce myself. I’m [Your Name], and I’ve been dealing with depression for a while now. Some days are harder than others, and it can feel like I’m carrying this big weight around. I wanted to reach out to this amazing community because I believe we can all help one another, even in the darkest times.
I’m looking for suggestions on small things that I can do to lift my mood—maybe a book to read, a movie to watch, or even a simple self-care routine that you’ve found helpful. If you’ve been through this, what little things make a difference for you? 💛
Thanks for being here! 🌱 #MentalHealthMatters #DepressionSupport "
343,a person with depression.,and asking the community a question or a suggestion.,Immagine you are a person with depression. Write a post on social media introducing yourself and asking the community a question or a suggestion.,"🌧️ Hey everyone, I just wanted to take a moment to introduce myself. I’m [Your Name], and I’ve been navigating the ups and downs of life while living with depression. Some days can feel incredibly heavy, and it often feels like I'm putting on a brave face when I’d rather just curl up in bed. 🙁
I believe it’s important to connect with others who might understand what I’m going through, so I’m reaching out to this amazing community. 🌈 
I’d love to hear from anyone who has found little things that help them during tough times. What are some simple activities or practices that you’ve found helpful when you're feeling low? Whether it’s a favorite book, a self-care routine, or a new hobby, I’m open to all suggestions! 💖
Thanks for being here and supporting one another. Remember, you’re not alone. 💞✨ #MentalHealthMatters #LetsTalk #DepressionSupport"
344,a person with depression.,and asking the community a question or a suggestion.,Immagine you are a person with depression. Write a post on social media introducing yourself and asking the community a question or a suggestion.,"🌧️ Hey everyone, I’m Jess, and I’ve been on a really tough journey with depression for a while now. Some days feel like I’m walking through a fog that just won’t lift, and it can be hard to see the light. I wanted to reach out to this wonderful community because I know I'm not alone in this struggle.
💭 I’m curious: what are some small things that help you get through those heavy days? Whether it's a favorite song, a comforting routine, or just a moment of self-care, I’d love to hear your suggestions. Sometimes, the little things can make a big difference. 
Thanks for being here, and I hope we can support each other. 💙 #MentalHealthMatters #CommunitySupport"
345,a person with depression.,and asking the community a question or a suggestion.,Immagine you are a person with depression. Write a post on social media introducing yourself and asking the community a question or a suggestion.,"🌧️ Hey everyone, 
I wanted to take a moment to introduce myself. My name is Alex, and I’ve been navigating the ups and downs of depression for a while now. Some days are okay, and others feel like I’m stuck in a fog where everything seems overwhelming. I’m reaching out to find some connection and support within this community. 
I know I’m not alone in this, and I’d love to hear from anyone who has found ways to cope or manage their feelings. What are some small changes or practices that have helped you on tough days? Any book recommendations, self-care tips, or just words of encouragement would mean the world to me. 
Thank you for being such a supportive space. 💙 
#MentalHealth #Depression #SupportCommunity"
346,a person with depression.,and asking the community a question or a suggestion.,Immagine you are a person with depression. Write a post on social media introducing yourself and asking the community a question or a suggestion.,"🌧️ Hey everyone, 
I wanted to take a moment to introduce myself. I’m [Your Name], and I’ve been navigating through some tough times with depression. Some days feel heavier than others, and it can be a challenge to see the light. I know I’m not alone in this and that many of you have your own battles to fight.
I’m reaching out today because I’m looking for some advice or tips on how to cope better when things get overwhelming. Whether it's a distraction, a self-care routine, or a particular activity that helps you through, I would love to hear what works for you. Your insights could really make a difference!
Sending love and light to anyone who’s also struggling. 💖✨ 
#MentalHealthMatters #CommunitySupport #DepressionAwareness"
347,a person with depression.,and asking the community a question or a suggestion.,Immagine you are a person with depression. Write a post on social media introducing yourself and asking the community a question or a suggestion.,"🌧️ Hey everyone, I'm Alex. I'm here to share a bit about myself and hopefully connect with others who might feel the same way. For quite some time, I've been navigating through the ups and downs of depression. Some days are better than others, but it's a journey that can feel pretty isolating.
I’m trying to find ways to cope and manage the tough moments, and I’d love to hear from this amazing community. What are some small things that you do to lift your spirits or get through a tough day? Whether it’s a book, a song, a routine, or just a little bit of advice, I’m open to anything you’ve found helpful. 
Thank you for reading, and I really appreciate any thoughts you might have. ❤️ #mentalhealth #connection #support"
348,a person with depression.,and asking the community a question or a suggestion.,Immagine you are a person with depression. Write a post on social media introducing yourself and asking the community a question or a suggestion.,"🌧️ Hey everyone, 
I wanted to take a moment to introduce myself. I’m [Your Name], and I’m currently navigating through some tough times with depression. Some days are harder than others, and it can feel pretty lonely despite being surrounded by people. I’m here to connect with others who might relate or offer support.
I’m curious, how do you cope on the really difficult days? Are there any small things that bring you a bit of comfort or relief? I’d love to hear your thoughts or suggestions. ❤️ 
Thanks for being such a supportive community. It means more than you know. 
Take care,  
[Your Name] "
349,a person with depression.,and asking the community a question or a suggestion.,Immagine you are a person with depression. Write a post on social media introducing yourself and asking the community a question or a suggestion.,"🌧️ Hey everyone, my name is Alex. I just wanted to take a moment to introduce myself. I’ve been navigating through some tough times lately, feeling the weight of depression more than ever. It’s like I’m carrying around a heavy blanket that makes even the simplest tasks feel overwhelming.
I’m here, open to connecting with anyone who might be going through something similar. I believe there’s strength in sharing our stories and supporting each other. ❤️ 
I’d love to know—what are some coping strategies or small things you do that help lighten the load? Whether it’s a hobby, a book, or just a simple routine, I’m all ears. Thank you for being a supportive community! 💬✨"
350,a person with depression.,and asking the community a question or a suggestion.,Immagine you are a person with depression. Write a post on social media introducing yourself and asking the community a question or a suggestion.,"🌧️ Hi everyone, I’m [Your Name]. I’ve been navigating through some tough times lately and have been living with depression. It can be really isolating, and some days feel heavier than others. I wanted to reach out and connect with this incredible community because I know I’m not alone in this journey.
I’d love to hear from anyone who’s willing to share: what are some small things you do that help lift your spirits or make the hard days a bit easier? Whether it's self-care practices, books, songs, or just a comforting routine, I’m all ears! 🌻 
Thanks for being here. 💙 #MentalHealthMatters #CommunitySupport"
351,a person with depression.,and commenting on today's events.,Immagine you are a person with depression. Write a post on social media introducing yourself and commenting on today's events.,"Hey everyone,
I wanted to take a moment to introduce myself. My name is Alex, and like many, I've been navigating the ups and downs of life. Lately, I've been dealing with depression, which can sometimes feel like carrying a heavy backpack filled with stones—always weighing me down, even when I’m trying to move forward.
Today has been a mix of emotions for me. I saw a lot of discussions about mental health awareness, which is both comforting and daunting. It’s refreshing to see so many people opening up about their struggles; it makes me feel less alone. At the same time, it can be overwhelming to see the sheer weight of what others are facing too.
I went for a walk this afternoon to clear my mind, and for a brief moment, I felt a hint of hope. The trees were vibrant, and the sun peaked through the clouds—reminders that there’s beauty even on the toughest days. It’s those small moments that keep me going.
I just wanted to share that if you’re feeling low or struggling, you’re not alone. We all have our battles, and speaking up about them can sometimes be the first step toward healing. Let’s continue supporting each other, celebrating the small victories, and keeping the conversation going.
Take care of yourselves. 💙
#MentalHealthMatters #YouAreNotAlone #KeepTalking"
352,a person with depression.,and commenting on today's events.,Immagine you are a person with depression. Write a post on social media introducing yourself and commenting on today's events.,"🌧️ Hey everyone,
I thought I’d share a little about myself. My name is [Your Name], and I’ve been navigating the ups and downs of life with depression for a while now. Some days feel like I’m running in quicksand, while others—I find small moments of light that remind me why I keep pushing forward.
Today was a mixed bag. I woke up feeling weighed down by the usual fog, but I made myself step outside for a breath of fresh air. The sun peeked through the clouds for a moment, and it was a tiny reminder that brighter days exist, even if they're hard to find right now. 
I read some news about [insert relevant event], and it reminded me of how interconnected our struggles are. It’s easy to feel isolated when battling inner demons, but seeing how people come together during tough times gives me hope. We all have our battles, and sometimes just knowing that someone else understands can make a world of difference.
I’d love to hear how you all are doing today—feel free to share any thoughts. Remember, it’s okay to not be okay, and reaching out can sometimes be the first step toward feeling a little lighter. 💙
Take care, everyone.
#MentalHealthMatters #YouAreNotAlone"
353,a person with depression.,and commenting on today's events.,Immagine you are a person with depression. Write a post on social media introducing yourself and commenting on today's events.,"🌧️ Hey everyone, I just wanted to take a moment to introduce myself. I’m Alex, and I’ve been navigating through some tough times lately, dealing with depression. It’s like living with this heavy fog that never quite lifts, but I’m here, trying to find my way through it.
Today was one of those days where everything felt a bit overwhelming. The news was filled with so much negativity, and it’s hard not to feel more weighed down by it all. Sometimes, it feels like the world is just too heavy to bear, and I know I’m not alone in feeling this way.
But even on days like this, I try to focus on the little things that bring me joy, like a warm cup of tea or a few moments spent with a good book. It’s tough, but I’m learning that it’s okay to take things one step at a time. 
If you’re feeling similar or even just overwhelmed by daily life, remember that it’s okay to reach out. We’re all in this together, and sharing our struggles can sometimes lighten the load. 💙 
Take care of yourselves, everyone. 🌼"
354,a person with depression.,and commenting on today's events.,Immagine you are a person with depression. Write a post on social media introducing yourself and commenting on today's events.,"🌧️ Hey everyone, I wanted to take a moment to introduce myself. I’m someone who battles with depression, and while it often feels like I’m stuck in a fog, I’ve learned to embrace the parts of me that still shine through. 💙
Today felt particularly heavy. The news has been relentless, with stories that weigh on the heart and mind. Some days, the weight feels unbearable, and it’s hard to find the motivation to engage with the world. But as I scrolled through the headlines, I reminded myself that it’s okay to take a step back and acknowledge that feeling. 
If you’re feeling overwhelmed too, remember that you’re not alone. We can support each other as we navigate these challenging times. Let’s share not only our struggles but also the small victories, the moments of light that make us smile, even if just for a moment. ✨ 
Take care of yourselves, everyone. Your feelings are valid, and it’s okay to reach out for help. 💚 #MentalHealthMatters #YouAreNotAlone"
355,a person with depression.,and commenting on today's events.,Immagine you are a person with depression. Write a post on social media introducing yourself and commenting on today's events.,"🌧️ Hey everyone, I thought I’d take a moment to introduce myself. My name is Alex, and I've been living with depression for a while now. Some days are harder than others, but I’m learning to navigate this journey. 
Today felt particularly heavy. I woke up to the news, and it’s hard not to feel overwhelmed with everything happening around us. It’s like the world is piling on, and I find myself yearning for moments of peace. I’ve been trying to focus on small things that bring me joy, like a warm cup of tea or a walk outside, but some days, even those feel like a stretch.
Just wanted to reach out and say: if you’re feeling low too, you’re not alone. It’s okay to have tough days, and it’s important to talk about them. Let’s support each other, even when the world feels a little too heavy. 💙 
Sending love to anyone who needs it today. 💫✨ #MentalHealthMatters #YouAreNotAlone"
356,a person with depression.,and commenting on today's events.,Immagine you are a person with depression. Write a post on social media introducing yourself and commenting on today's events.,"🌧️ Hey everyone, I’m Alex. Just wanted to take a moment to introduce myself and share a bit of what I’ve been feeling lately. I’ve been living with depression for a while now, and some days are definitely tougher than others. 
It's been one of those weeks where the gray clouds just seem to linger, you know? Today was no different. The news is heavy and it feels like there’s so much chaos around us. It can be overwhelming to think about everything that’s happening—the constant pressures, the struggles we're all facing, both individually and as a society. 
I often find myself detached from it all, trying to navigate through the fog. Sometimes it feels like I’m watching life from a distance, unable to fully connect or engage. But I know I'm not alone in this. There are days when just getting out of bed feels like a small victory. I try to remind myself that it’s okay to feel this way and that reaching out for support is important.
If you're feeling this way too, know that you’re not alone. Let's support each other through the storm and remember to take it one day at a time. 💙 
#MentalHealthAwareness #YouAreNotAlone #OneDayAtATime"
357,a person with depression.,and commenting on today's events.,Immagine you are a person with depression. Write a post on social media introducing yourself and commenting on today's events.,"🌧️ Hey everyone, 
I’m [Your Name], and I wanted to take a moment to share a bit about myself. I’ve been living with depression for a while now, and some days it feels like a heavy fog that just doesn’t lift. Today is one of those days, where everything feels a bit colorless and overwhelming. It’s like I’m watching the world through a glass wall, unable to truly engage or connect.
With everything happening in the world, it’s hard not to feel a pang of hopelessness. The news seems to be filled with negativity – wars, climate change, and so much uncertainty. I find myself really struggling to maintain a positive outlook when so many events feel out of our control. It’s easy to feel isolated in my thoughts, as if I’m the only one feeling this way.
But I also want to remind anyone who might be feeling similarly that it’s okay to not be okay. We’re allowed to feel the weight of things, to recognize that it’s tough out there. Maybe today, we can take a small step, whether it’s reaching out to a friend, taking a walk, or just allowing ourselves to feel what we feel (even if it's hard).
Let’s support each other in this journey. I would love to hear how you’re handling things, what helps you through tough days, or even just a simple hello. We’re all in this together, and your feelings are valid. 💙
Take care, everyone. 🌈
#MentalHealthAwareness #YouAreNotAlone #KeepGoing"
358,a person with depression.,and commenting on today's events.,Immagine you are a person with depression. Write a post on social media introducing yourself and commenting on today's events.,"🌧️ Hey everyone, 
I wanted to take a moment to introduce myself. I’m [Your Name], and like many, I have my battles. For me, it’s been dealing with depression—a companion that I've been learning to navigate. Some days are easier than others, but I’m here, sharing my journey. 
Today was a mix of emotions. While the world seems to keep moving forward, I often feel like I’m stuck in slow motion. Seeing the news about [insert relevant event here] really hit home for me. It’s a reminder of the weight we all carry—some of us more visibly than others. 
I want to remind anyone else who might be feeling low today that it’s okay to feel overwhelmed. We all experience highs and lows, and it’s essential to acknowledge that our feelings are valid, no matter how heavy they might seem.
If you’re struggling too, please know you’re not alone. I’m trying to take small steps to focus on the positives, even when it feels like a heavy lifting. Let's support each other in finding light, even on the darkest days. 💙
#MentalHealthAwareness #StrongerTogether"
359,a person with depression.,and commenting on today's events.,Immagine you are a person with depression. Write a post on social media introducing yourself and commenting on today's events.,"🌧️ Hey everyone. I wanted to take a moment to introduce myself. I’m [Your Name], and I’ve been living with depression for a while now. It can be a difficult journey, and some days feel heavier than others. But I believe it’s important to share my truth, as isolating as it can feel sometimes.
Today was a mix of emotions for me. I woke up and felt the weight of everything — the news, the pressure to keep smiling, and the world spinning too fast. It’s hard to see people around me moving seamlessly through their days while I feel trapped in a fog. 
But, in all honesty, I also found little moments of brightness today. A message from a friend checking in on me, a warm cup of coffee, and even a few minutes spent outside that reminded me that there’s still beauty in the world, despite the heaviness I carry.
I wanted to reach out, not just to share my struggles but also to connect with anyone who feels alone. If you're dealing with similar feelings, remember that you’re not isolated in this. It’s okay to not be okay, and finding ways to express our emotions — whether that’s through art, writing, or conversations — can be a powerful step towards healing.
Let’s look out for each other. 💙✨ #MentalHealthAwareness #YouAreNotAlone #DepressionCommunity"
360,a person with depression.,and commenting on today's events.,Immagine you are a person with depression. Write a post on social media introducing yourself and commenting on today's events.,"🌧️ Hey everyone, my name is Alex. I haven’t shared much about myself lately, but I thought it was time to open up a bit. I’ve been navigating through some tough times with depression, and it often feels like a heavy fog that just won’t lift. 
Today feels especially challenging. The news is full of bittersweet stories; there are moments of hope mixed with reminders of struggles that many of us face. Sometimes it’s hard to see the light when everything feels so overwhelming. It's a reminder that we’re all in this together, even when it doesn’t seem that way.
I’ve been trying to focus on small positives: the little things, like a warm cup of coffee or a friend reaching out. They help me get through. 🌼 If you’re feeling the same weight, know you’re not alone. Let’s support each other and share our stories, no matter how dark they may seem.
Take care of yourselves, everyone. 💙 #MentalHealthAwareness #YouAreNotAlone"
